{
  "R_to": [
    [
      0.026913021172532248,
      0.1307705952079084,
      -0.9910472948958269
    ],
    [
      -0.9994016862561033,
      -0.018025848956485346,
      -0.029518439624334536
    ],
    [
      -0.021724612765808393,
      0.9912487680690288,
      0.13020722330887907
    ]
  ],
  "t_to": [
    [
      0.3251381278498562
    ],
    [
      0.39787534423800214
    ],
    [
      -0.3142493235891642
    ]
  ],
  "num_frames": 15,
  "board_config": {
    "cols": 7,
    "rows": 11,
    "square_len_m": 0.0765,
    "marker_len_m": 0.0573,
    "dict_id": "DICT_6X6_250"
  },
  "timestamp": "2025-09-01 17:48:01",
  "video_source": "20250901_cali2.mp4"
}