{
  "R_to": [
    [
      0.005261455983726793,
      0.12699413206875937,
      -0.9918895137569677
    ],
    [
      -0.999986104575048,
      0.0009937644171816862,
      -0.005177169989900254
    ],
    [
      0.00032823429510769886,
      0.9919029704826907,
      0.12699759607906708
    ]
  ],
  "t_to": [
    [
      0.26719590981273494
    ],
    [
      0.3957434193170882
    ],
    [
      -0.275100549868902
    ]
  ],
  "num_frames": 15,
  "board_config": {
    "cols": 7,
    "rows": 11,
    "square_len_m": 0.0765,
    "marker_len_m": 0.0573,
    "dict_id": "DICT_6X6_250"
  },
  "timestamp": "2025-09-01 17:40:27",
  "video_source": "20250901_cali3.mp4"
}