{"img_format": "PNG", "img_res_x": 640, "img_res_y": 400, "cam_mat_intr": {"f_x": 1111.111111111111, "f_y": 1111.111111111111, "c_x": 319.5, "c_y": 199.5}, "is_stereo": false}