{
  "frame": 200,
  "object_rotation_in_cam": [
    [
      0.5483575883168545,
      -0.1633657255124148,
      -0.8201314498683278
    ],
    [
      -0.47133809474624977,
      0.7497272283888612,
      -0.4644884104618023
    ],
    [
      0.6907563649915202,
      0.6412649395843801,
      0.3341181250449351
    ]
  ],
  "object_translation_in_cam": [
    -0.049161551254415944,
    -0.008097443592766452,
    0.712366640670834
  ],
  "raw_rvec": [
    0.7279681602757756,
    -0.9946867652905352,
    -0.2027523398754009
  ],
  "refined_raw_rvec": [
    0.7279681602757756,
    -0.9946867652905352,
    -0.2027523398754009
  ],
  "num_inliers": 13,
  "total_matches": 32,
  "inlier_ratio": 0.40625,
  "reprojection_errors": [
    1.299730658531189,
    0.354169636964798,
    3.274648427963257,
    3.3987314701080322,
    0.6698692440986633,
    3.460355520248413,
    1.316369652748108,
    3.4462108612060547,
    3.535383939743042,
    3.0570991039276123,
    2.210570812225342,
    1.4407302141189575,
    3.0562596321105957
  ],
  "mean_reprojection_error": 2.3477022647857666,
  "std_reprojection_error": 1.130591630935669,
  "inliers": [
    3,
    4,
    12,
    14,
    16,
    17,
    18,
    19,
    20,
    22,
    23,
    24,
    31
  ],
  "mkpts0": [
    [
      727.625,
      126.375
    ],
    [
      727.625,
      143.875
    ],
    [
      636.375,
      157.625
    ],
    [
      663.875,
      165.125
    ],
    [
      656.375,
      171.375
    ],
    [
      356.375,
      195.125
    ],
    [
      745.125,
      201.375
    ],
    [
      805.125,
      212.625
    ],
    [
      793.875,
      220.125
    ],
    [
      425.125,
      242.625
    ],
    [
      413.875,
      248.875
    ],
    [
      436.375,
      260.125
    ],
    [
      478.875,
      281.375
    ],
    [
      590.125,
      283.875
    ],
    [
      522.625,
      286.375
    ],
    [
      386.375,
      288.875
    ],
    [
      511.375,
      292.625
    ],
    [
      597.625,
      297.625
    ],
    [
      430.125,
      311.375
    ],
    [
      575.125,
      312.625
    ],
    [
      540.125,
      313.875
    ],
    [
      518.875,
      327.625
    ],
    [
      586.375,
      330.125
    ],
    [
      602.625,
      347.625
    ],
    [
      611.375,
      352.625
    ],
    [
      636.375,
      357.625
    ],
    [
      617.625,
      368.875
    ],
    [
      650.125,
      376.375
    ],
    [
      496.375,
      377.625
    ],
    [
      516.375,
      388.875
    ],
    [
      595.125,
      388.875
    ],
    [
      702.625,
      391.375
    ]
  ],
  "mkpts1": [
    [
      762.625,
      36.375
    ],
    [
      758.875,
      61.375
    ],
    [
      592.625,
      65.125
    ],
    [
      635.125,
      85.125
    ],
    [
      625.125,
      92.625
    ],
    [
      133.875,
      90.125
    ],
    [
      771.375,
      156.375
    ],
    [
      865.125,
      183.875
    ],
    [
      852.625,
      192.625
    ],
    [
      256.375,
      186.375
    ],
    [
      238.875,
      193.875
    ],
    [
      281.375,
      217.625
    ],
    [
      362.625,
      258.875
    ],
    [
      553.875,
      282.625
    ],
    [
      435.125,
      276.375
    ],
    [
      198.875,
      263.875
    ],
    [
      417.625,
      286.375
    ],
    [
      561.375,
      303.875
    ],
    [
      281.375,
      311.375
    ],
    [
      525.125,
      326.375
    ],
    [
      477.625,
      330.125
    ],
    [
      445.125,
      353.875
    ],
    [
      556.375,
      363.875
    ],
    [
      586.375,
      397.625
    ],
    [
      603.875,
      408.875
    ],
    [
      645.125,
      418.875
    ],
    [
      617.625,
      437.625
    ],
    [
      672.625,
      456.375
    ],
    [
      406.375,
      441.375
    ],
    [
      426.375,
      455.125
    ],
    [
      586.375,
      473.875
    ],
    [
      766.375,
      490.125
    ]
  ],
  "mpts3D": [
    [
      0.20600000023841858,
      -0.07000000029802322,
      -0.0020000000949949026
    ],
    [
      0.20600000023841858,
      -0.054999999701976776,
      -0.0020000000949949026
    ],
    [
      0.23000000417232513,
      -0.0,
      0.11299999803304672
    ],
    [
      0.23000000417232513,
      -0.0,
      0.07000000029802322
    ],
    [
      0.21699999272823334,
      0.0,
      0.07000000029802322
    ],
    [
      -0.0,
      -0.02500000037252903,
      0.23999999463558197
    ],
    [
      0.21699999272823334,
      -0.0,
      -0.027000000700354576
    ],
    [
      0.23000000417232513,
      0.0,
      -0.07000000029802322
    ],
    [
      0.21699999272823334,
      -0.0,
      -0.07000000029802322
    ],
    [
      -0.0,
      -0.0,
      0.15600000321865082
    ],
    [
      -0.014000000432133675,
      0.0,
      0.15600000321865082
    ],
    [
      -0.01899999938905239,
      -0.0,
      0.12800000607967377
    ],
    [
      -0.01899999938905239,
      -0.0,
      0.07400000095367432
    ],
    [
      0.02500000037252903,
      -0.014000000432133675,
      -0.010999999940395355
    ],
    [
      0.0,
      0.0,
      0.041999999433755875
    ],
    [
      -0.07400000095367432,
      -0.0,
      0.12800000607967377
    ],
    [
      -0.014000000432133675,
      0.0,
      0.041999999433755875
    ],
    [
      0.02500000037252903,
      0.0,
      -0.014999999664723873
    ],
    [
      -0.07400000095367432,
      -0.0,
      0.07400000095367432
    ],
    [
      0.0,
      -0.0,
      -0.014999999664723873
    ],
    [
      -0.03500000014901161,
      -0.017999999225139618,
      -0.009999999776482582
    ],
    [
      -0.05700000002980232,
      -0.017999999225139618,
      -0.009999999776482582
    ],
    [
      -0.014000000432133675,
      0.0,
      -0.041999999433755875
    ],
    [
      -0.023000000044703484,
      0.0,
      -0.06499999761581421
    ],
    [
      -0.023000000044703484,
      -0.0,
      -0.07500000298023224
    ],
    [
      -0.017000000923871994,
      -0.0,
      -0.09200000017881393
    ],
    [
      -0.03700000047683716,
      -0.0,
      -0.09700000286102295
    ],
    [
      -0.028999999165534973,
      -0.0,
      -0.12700000405311584
    ],
    [
      -0.09000000357627869,
      -0.0,
      -0.014999999664723873
    ],
    [
      -0.09000000357627869,
      -0.0,
      -0.041999999433755875
    ],
    [
      -0.052000001072883606,
      -0.0,
      -0.09700000286102295
    ],
    [
      -0.014000000432133675,
      0.0,
      -0.15600000321865082
    ]
  ],
  "mconf": [
    0.9891512989997864,
    0.9681195020675659,
    0.9397422671318054,
    0.6696797609329224,
    0.9892721772193909,
    0.9324349761009216,
    0.9861306548118591,
    0.3786328434944153,
    0.9835228323936462,
    0.9761829376220703,
    0.9985994696617126,
    0.9994708299636841,
    0.9982078075408936,
    0.9259703159332275,
    0.9958667755126953,
    0.9989153146743774,
    0.9992688894271851,
    0.9830052256584167,
    0.999774158000946,
    0.8009532690048218,
    0.9971060156822205,
    0.9996854066848755,
    0.9986048936843872,
    0.9989045262336731,
    0.9992206692695618,
    0.9997828006744385,
    0.9996705055236816,
    0.9995795488357544,
    0.9535507559776306,
    0.5014666318893433,
    0.9998146891593933,
    0.1431051343679428
  ],
  "coverage_score": 0.8949645376549995,
  "pose_estimation_failed": false,
  "tracking_method": "loosely_coupled",
  "kf_translation_vector": [
    -0.03639160644104401,
    -0.01807458777049472,
    0.705860054315149
  ],
  "kf_quaternion": [
    0.4497706513381954,
    -0.4696825092258553,
    -0.13013524694223066,
    0.7484447335811807
  ],