{
  "frame": 114,
  "object_rotation_in_cam": [
    [
      0.6037510003393407,
      -0.21957362419176665,
      -0.7663368405267609
    ],
    [
      -0.5471438991471714,
      0.5849952623436598,
      -0.5986769551782518
    ],
    [
      0.5797570898361445,
      0.7807483375549162,
      0.23305310594360082
    ]
  ],
  "object_translation_in_cam": [
    -0.004817780773238728,
    -0.042611473035968156,
    0.686070894681139
  ],
  "raw_rvec": [
    0.9583939007142467,
    -0.9352360141897349,
    -0.2275885147433472
  ],
  "refined_raw_rvec": [
    0.9583939007142467,
    -0.9352360141897349,
    -0.2275885147433472
  ],
  "num_inliers": 12,
  "total_matches": 24,
  "inlier_ratio": 0.5,
  "reprojection_errors": [
    1.3556830883026123,
    2.3919661045074463,
    1.535881519317627,
    3.018526315689087,
    2.9515938758850098,
    2.431593894958496,
    2.257352113723755,
    2.771061420440674,
    1.3233405351638794,
    2.5575714111328125,
    2.6005806922912598,
    2.839679479598999
  ],
  "mean_reprojection_error": 2.336236000061035,
  "std_reprojection_error": 0.5810917615890503,
  "inliers": [
    0,
    3,
    6,
    9,
    10,
    11,
    12,
    14,
    15,
    16,
    18,
    19
  ],
  "mkpts0": [
    [
      745.125,
      201.375
    ],
    [
      805.125,
      212.625
    ],
    [
      793.875,
      220.125
    ],
    [
      705.125,
      223.875
    ],
    [
      425.125,
      242.625
    ],
    [
      413.875,
      248.875
    ],
    [
      436.375,
      260.125
    ],
    [
      478.875,
      281.375
    ],
    [
      590.125,
      283.875
    ],
    [
      522.625,
      286.375
    ],
    [
      386.375,
      288.875
    ],
    [
      511.375,
      292.625
    ],
    [
      597.625,
      297.625
    ],
    [
      430.125,
      311.375
    ],
    [
      575.125,
      312.625
    ],
    [
      540.125,
      313.875
    ],
    [
      518.875,
      327.625
    ],
    [
      586.375,
      330.125
    ],
    [
      602.625,
      347.625
    ],
    [
      611.375,
      352.625
    ],
    [
      636.375,
      357.625
    ],
    [
      617.625,
      368.875
    ],
    [
      650.125,
      376.375
    ],
    [
      595.125,
      388.875
    ]
  ],
  "mkpts1": [
    [
      872.625,
      63.875
    ],
    [
      968.875,
      107.625
    ],
    [
      955.125,
      117.625
    ],
    [
      806.375,
      92.625
    ],
    [
      340.125,
      60.125
    ],
    [
      321.375,
      67.625
    ],
    [
      366.375,
      102.625
    ],
    [
      451.375,
      161.375
    ],
    [
      646.375,
      208.875
    ],
    [
      525.125,
      188.875
    ],
    [
      281.375,
      153.875
    ],
    [
      506.375,
      198.875
    ],
    [
      652.625,
      230.125
    ],
    [
      368.875,
      220.125
    ],
    [
      616.375,
      256.375
    ],
    [
      571.375,
      266.375
    ],
    [
      538.875,
      292.625
    ],
    [
      645.125,
      302.625
    ],
    [
      676.375,
      347.625
    ],
    [
      693.875,
      362.625
    ],
    [
      733.875,
      377.625
    ],
    [
      706.375,
      397.625
    ],
    [
      760.125,
      422.625
    ],
    [
      675.125,
      436.375
    ]
  ],
  "mpts3D": [
    [
      0.21699999272823334,
      -0.0,
      -0.027000000700354576
    ],
    [
      0.23000000417232513,
      0.0,
      -0.07000000029802322
    ],
    [
      0.21699999272823334,
      -0.0,
      -0.07000000029802322
    ],
    [
      0.17000000178813934,
      -0.0,
      -0.014999999664723873
    ],
    [
      -0.0,
      -0.0,
      0.15600000321865082
    ],
    [
      -0.014000000432133675,
      0.0,
      0.15600000321865082
    ],
    [
      -0.01899999938905239,
      -0.0,
      0.12800000607967377
    ],
    [
      -0.01899999938905239,
      -0.0,
      0.07400000095367432
    ],
    [
      0.02500000037252903,
      -0.014000000432133675,
      -0.010999999940395355
    ],
    [
      0.0,
      0.0,
      0.041999999433755875
    ],
    [
      -0.07400000095367432,
      -0.0,
      0.12800000607967377
    ],
    [
      -0.014000000432133675,
      0.0,
      0.041999999433755875
    ],
    [
      0.02500000037252903,
      0.0,
      -0.014999999664723873
    ],
    [
      -0.07400000095367432,
      -0.0,
      0.07400000095367432
    ],
    [
      0.0,
      -0.0,
      -0.014999999664723873
    ],
    [
      -0.03500000014901161,
      -0.017999999225139618,
      -0.009999999776482582
    ],
    [
      -0.05700000002980232,
      -0.017999999225139618,
      -0.009999999776482582
    ],
    [
      -0.014000000432133675,
      0.0,
      -0.041999999433755875
    ],
    [
      -0.023000000044703484,
      0.0,
      -0.06499999761581421
    ],
    [
      -0.023000000044703484,
      -0.0,
      -0.07500000298023224
    ],
    [
      -0.017000000923871994,
      -0.0,
      -0.09200000017881393
    ],
    [
      -0.03700000047683716,
      -0.0,
      -0.09700000286102295
    ],
    [
      -0.028999999165534973,
      -0.0,
      -0.12700000405311584
    ],
    [
      -0.052000001072883606,
      -0.0,
      -0.09700000286102295
    ]
  ],
  "mconf": [
    0.9702816009521484,
    0.7458420991897583,
    0.931246817111969,
    0.6476932764053345,
    0.8817522525787354,
    0.9908527731895447,
    0.9968046545982361,
    0.9947797656059265,
    0.935870885848999,
    0.9434667825698853,
    0.9966402053833008,
    0.9940555095672607,
    0.9725090265274048,
    0.9992302060127258,
    0.9853277802467346,
    0.9938226938247681,
    0.9980964064598083,
    0.9990451335906982,
    0.9976326823234558,
    0.9976804852485657,
    0.9996846914291382,
    0.9994763135910034,
    0.9994232654571533,
    0.9992882013320923
  ],
  "coverage_score": 0.7854752972273344,
  "pose_estimation_failed": false,
  "tracking_method": "loosely_coupled",
  "kf_translation_vector": [
    -0.0021288186021719245,
    -0.043637369279618275,
    0.7647118391496592
  ],
  "kf_quaternion": [
    0.43755086327755144,
    -0.42701092173252214,
    -0.1214775918502506,
    0.7819553116671537
  ],
  "kf_rotation_matrix": [
    [
      0.6058097347988116,
      -0.18369789847434004,
      -0.7741121671431763
    ],
    [
      -0.5636580912576921,
      0.5875848734466669,
      -0.5805459263972146
    ],
    [
      0.5615016664113555,
      0.788034960260505,
      0.25242182953242265
    ]
  ],
  "position_diff": 0.08224014304111524,
  "orientation_diff": 2.069639587921413,
  "timestamp": 1741869951.6421266,
  "image_file": "webcam_000114"
}