{
  "frame": 16,
  "object_rotation_in_cam": [
    [
      0.6397674049618192,
      -0.22897607639892817,
      -0.7336672433640281
    ],
    [
      -0.5361000335994522,
      0.5510643585765467,
      -0.6394723032949006
    ],
    [
      0.5507217278472731,
      0.8024325698422088,
      0.22979893240253052
    ]
  ],
  "object_translation_in_cam": [
    -0.017497001852017587,
    -0.046724223394038526,
    0.6504988826822927
  ],
  "raw_rvec": [
    1.0021151205926104,
    -0.8926425263914356,
    -0.21344928305656466
  ],
  "refined_raw_rvec": [
    1.0021151205926104,
    -0.8926425263914356,
    -0.21344928305656466
  ],
  "num_inliers": 15,
  "total_matches": 27,
  "inlier_ratio": 0.5555555555555556,
  "reprojection_errors": [
    1.870064616203308,
    0.4709233343601227,
    2.416058301925659,
    0.8102748990058899,
    3.235994577407837,
    2.9301557540893555,
    2.6595959663391113,
    3.3429689407348633,
    3.1345632076263428,
    3.7613210678100586,
    1.409057855606079,
    1.3537925481796265,
    2.599442481994629,
    2.9256513118743896,
    3.589750289916992
  ],
  "mean_reprojection_error": 2.433974266052246,
  "std_reprojection_error": 0.9882563352584839,
  "inliers": [
    0,
    3,
    4,
    7,
    9,
    10,
    11,
    12,
    13,
    15,
    16,
    17,
    18,
    20,
    21
  ],
  "mkpts0": [
    [
      745.125,
      201.375
    ],
    [
      805.125,
      212.625
    ],
    [
      793.875,
      220.125
    ],
    [
      705.125,
      223.875
    ],
    [
      835.125,
      225.125
    ],
    [
      425.125,
      242.625
    ],
    [
      413.875,
      248.875
    ],
    [
      436.375,
      260.125
    ],
    [
      478.875,
      281.375
    ],
    [
      590.125,
      283.875
    ],
    [
      522.625,
      286.375
    ],
    [
      386.375,
      288.875
    ],
    [
      511.375,
      292.625
    ],
    [
      597.625,
      297.625
    ],
    [
      430.125,
      311.375
    ],
    [
      575.125,
      312.625
    ],
    [
      540.125,
      313.875
    ],
    [
      518.875,
      327.625
    ],
    [
      586.375,
      330.125
    ],
    [
      470.125,
      338.875
    ],
    [
      602.625,
      347.625
    ],
    [
      611.375,
      352.625
    ],
    [
      636.375,
      357.625
    ],
    [
      617.625,
      368.875
    ],
    [
      650.125,
      376.375
    ],
    [
      595.125,
      388.875
    ],
    [
      702.625,
      391.375
    ]
  ],
  "mkpts1": [
    [
      877.625,
      48.875
    ],
    [
      976.375,
      97.625
    ],
    [
      962.625,
      108.875
    ],
    [
      806.375,
      76.375
    ],
    [
      1028.875,
      131.375
    ],
    [
      306.375,
      22.625
    ],
    [
      285.125,
      30.125
    ],
    [
      331.375,
      67.625
    ],
    [
      417.625,
      135.125
    ],
    [
      623.875,
      193.875
    ],
    [
      495.125,
      167.625
    ],
    [
      233.875,
      120.125
    ],
    [
      473.875,
      177.625
    ],
    [
      628.875,
      217.625
    ],
    [
      322.625,
      196.375
    ],
    [
      586.375,
      245.125
    ],
    [
      536.375,
      252.625
    ],
    [
      500.125,
      281.375
    ],
    [
      615.125,
      297.625
    ],
    [
      406.375,
      295.125
    ],
    [
      643.875,
      346.375
    ],
    [
      661.375,
      362.625
    ],
    [
      703.875,
      380.125
    ],
    [
      672.625,
      403.875
    ],
    [
      728.875,
      432.625
    ],
    [
      633.875,
      443.875
    ],
    [
      821.375,
      483.875
    ]
  ],
  "mpts3D": [
    [
      0.21699999272823334,
      -0.0,
      -0.027000000700354576
    ],
    [
      0.23000000417232513,
      0.0,
      -0.07000000029802322
    ],
    [
      0.21699999272823334,
      -0.0,
      -0.07000000029802322
    ],
    [
      0.17000000178813934,
      -0.0,
      -0.014999999664723873
    ],
    [
      0.23000000417232513,
      -0.0,
      -0.11299999803304672
    ],
    [
      -0.0,
      -0.0,
      0.15600000321865082
    ],
    [
      -0.014000000432133675,
      0.0,
      0.15600000321865082
    ],
    [
      -0.01899999938905239,
      -0.0,
      0.12800000607967377
    ],
    [
      -0.01899999938905239,
      -0.0,
      0.07400000095367432
    ],
    [
      0.02500000037252903,
      -0.014000000432133675,
      -0.010999999940395355
    ],
    [
      0.0,
      0.0,
      0.041999999433755875
    ],
    [
      -0.07400000095367432,
      -0.0,
      0.12800000607967377
    ],
    [
      -0.014000000432133675,
      0.0,
      0.041999999433755875
    ],
    [
      0.02500000037252903,
      0.0,
      -0.014999999664723873
    ],
    [
      -0.07400000095367432,
      -0.0,
      0.07400000095367432
    ],
    [
      0.0,
      -0.0,
      -0.014999999664723873
    ],
    [
      -0.03500000014901161,
      -0.017999999225139618,
      -0.009999999776482582
    ],
    [
      -0.05700000002980232,
      -0.017999999225139618,
      -0.009999999776482582
    ],
    [
      -0.014000000432133675,
      0.0,
      -0.041999999433755875
    ],
    [
      -0.10000000149011612,
      -0.029999999329447746,
      0.0
    ],
    [
      -0.023000000044703484,
      0.0,
      -0.06499999761581421
    ],
    [
      -0.023000000044703484,
      -0.0,
      -0.07500000298023224
    ],
    [
      -0.017000000923871994,
      -0.0,
      -0.09200000017881393
    ],
    [
      -0.03700000047683716,
      -0.0,
      -0.09700000286102295
    ],
    [
      -0.028999999165534973,
      -0.0,
      -0.12700000405311584
    ],
    [
      -0.052000001072883606,
      -0.0,
      -0.09700000286102295
    ],
    [
      -0.014000000432133675,
      0.0,
      -0.15600000321865082
    ]
  ],
  "mconf": [
    0.9789754748344421,
    0.7281948328018188,
    0.9976232051849365,
    0.3273617625236511,
    0.5704754590988159,
    0.7496139407157898,
    0.9885173439979553,
    0.9943638443946838,
    0.9908562898635864,
    0.9310545921325684,
    0.761210560798645,
    0.9939725995063782,
    0.9880232810974121,
    0.9199768304824829,
    0.9931660890579224,
    0.9410687685012817,
    0.9940658807754517,
    0.9976744651794434,
    0.9976993203163147,
    0.9862556457519531,
    0.9963706731796265,
    0.994545042514801,
    0.9995924830436707,
    0.9996855854988098,
    0.9991066455841064,
    0.9992387890815735,
    0.1994815319776535
  ],
  "coverage_score": 0.7742903032614272,
  "pose_estimation_failed": false,
  "tracking_method": "loosely_coupled",
  "kf_translation_vector": [
    0.00545803517264,
    -0.03413301473969777,
    0.6338842934978105
  ],
  "kf_quaternion": [
    0.46035337053655134,
    -0.4120550752487373,
    -0.10020020868642085,
    0.7799008317578536
  ],
  "kf_rotation_matrix": [
    [
      0.6403410662819102,
      -0.2230894332811968,
      -0.7349791994275897
    ],
    [
      -0.5356743376685973,
      0.5560693848296687,
      -0.6354839441075308
    ],
    [
      0.5504691842385511,
      0.8006359622284203,
      0.23657077839478813
    ]
  ],
  "position_diff": 0.031060071365960392,
  "orientation_diff": 0.4576827992054994,
  "timestamp": 1741869938.4840086,
  "image_file": "webcam_000016"
}