{
  "frame": 41,
  "object_rotation_in_cam": [
    [
      0.6283530678168835,
      -0.21137299972680443,
      -0.7486613901835751
    ],
    [
      -0.4675751220248153,
      0.6665241207772985,
      -0.5806195843110428
    ],
    [
      0.6217281780879728,
      0.7148895379067605,
      0.31997971992435464
    ]
  ],
  "object_translation_in_cam": [
    -0.004496743001579213,
    0.0043064162035904826,
    0.7216094320327621
  ],
  "raw_rvec": [
    0.8565560145298412,
    -0.906064964592818,
    -0.1693939973297823
  ],
  "refined_raw_rvec": [
    0.8565560145298412,
    -0.906064964592818,
    -0.1693939973297823
  ],
  "num_inliers": 15,
  "total_matches": 34,
  "inlier_ratio": 0.4411764705882353,
  "reprojection_errors": [
    1.2988029718399048,
    2.2069168090820312,
    3.2063446044921875,
    1.941421389579773,
    1.5187551975250244,
    1.8104380369186401,
    3.191316604614258,
    3.4379336833953857,
    2.0988588333129883,
    2.8583314418792725,
    3.468827486038208,
    2.149394989013672,
    0.8163828253746033,
    4.045454978942871,
    3.0637691020965576
  ],
  "mean_reprojection_error": 2.4741969108581543,
  "std_reprojection_error": 0.8950751423835754,
  "inliers": [
    9,
    13,
    16,
    17,
    19,
    20,
    21,
    22,
    23,
    24,
    25,
    27,
    28,
    29,
    33
  ],
  "mkpts0": [
    [
      727.625,
      126.375
    ],
    [
      727.625,
      143.875
    ],
    [
      636.375,
      157.625
    ],
    [
      663.875,
      165.125
    ],
    [
      656.375,
      171.375
    ],
    [
      356.375,
      195.125
    ],
    [
      745.125,
      201.375
    ],
    [
      805.125,
      212.625
    ],
    [
      793.875,
      220.125
    ],
    [
      705.125,
      223.875
    ],
    [
      835.125,
      225.125
    ],
    [
      425.125,
      242.625
    ],
    [
      413.875,
      248.875
    ],
    [
      436.375,
      260.125
    ],
    [
      478.875,
      281.375
    ],
    [
      590.125,
      283.875
    ],
    [
      522.625,
      286.375
    ],
    [
      386.375,
      288.875
    ],
    [
      350.125,
      290.125
    ],
    [
      511.375,
      292.625
    ],
    [
      597.625,
      297.625
    ],
    [
      430.125,
      311.375
    ],
    [
      575.125,
      312.625
    ],
    [
      540.125,
      313.875
    ],
    [
      518.875,
      327.625
    ],
    [
      586.375,
      330.125
    ],
    [
      470.125,
      338.875
    ],
    [
      602.625,
      347.625
    ],
    [
      611.375,
      352.625
    ],
    [
      636.375,
      357.625
    ],
    [
      617.625,
      368.875
    ],
    [
      650.125,
      376.375
    ],
    [
      595.125,
      388.875
    ],
    [
      702.625,
      391.375
    ]
  ],
  "mkpts1": [
    [
      877.625,
      73.875
    ],
    [
      870.125,
      96.375
    ],
    [
      698.875,
      63.875
    ],
    [
      740.125,
      90.125
    ],
    [
      728.875,
      98.875
    ],
    [
      250.125,
      61.375
    ],
    [
      868.875,
      185.125
    ],
    [
      960.125,
      226.375
    ],
    [
      946.375,
      235.125
    ],
    [
      805.125,
      210.125
    ],
    [
      1008.875,
      253.875
    ],
    [
      363.875,
      172.625
    ],
    [
      345.125,
      180.125
    ],
    [
      385.125,
      211.375
    ],
    [
      461.375,
      265.125
    ],
    [
      646.375,
      311.375
    ],
    [
      531.375,
      291.375
    ],
    [
      303.875,
      255.125
    ],
    [
      243.875,
      238.875
    ],
    [
      513.875,
      300.125
    ],
    [
      651.375,
      331.375
    ],
    [
      382.625,
      317.625
    ],
    [
      615.125,
      355.125
    ],
    [
      571.375,
      361.375
    ],
    [
      538.875,
      383.875
    ],
    [
      641.375,
      398.875
    ],
    [
      458.875,
      396.375
    ],
    [
      668.875,
      438.875
    ],
    [
      685.125,
      453.875
    ],
    [
      723.875,
      468.875
    ],
    [
      695.125,
      486.375
    ],
    [
      746.375,
      511.375
    ],
    [
      662.625,
      521.375
    ],
    [
      832.625,
      555.125
    ]
  ],
  "mpts3D": [
    [
      0.20600000023841858,
      -0.07000000029802322,
      -0.0020000000949949026
    ],
    [
      0.20600000023841858,
      -0.054999999701976776,
      -0.0020000000949949026
    ],
    [
      0.23000000417232513,
      -0.0,
      0.11299999803304672
    ],
    [
      0.23000000417232513,
      -0.0,
      0.07000000029802322
    ],
    [
      0.21699999272823334,
      0.0,
      0.07000000029802322
    ],
    [
      -0.0,
      -0.02500000037252903,
      0.23999999463558197
    ],
    [
      0.21699999272823334,
      -0.0,
      -0.027000000700354576
    ],
    [
      0.23000000417232513,
      0.0,
      -0.07000000029802322
    ],
    [
      0.21699999272823334,
      -0.0,
      -0.07000000029802322
    ],
    [
      0.17000000178813934,
      -0.0,
      -0.014999999664723873
    ],
    [
      0.23000000417232513,
      -0.0,
      -0.11299999803304672
    ],
    [
      -0.0,
      -0.0,
      0.15600000321865082
    ],
    [
      -0.014000000432133675,
      0.0,
      0.15600000321865082
    ],
    [
      -0.01899999938905239,
      -0.0,
      0.12800000607967377
    ],
    [
      -0.01899999938905239,
      -0.0,
      0.07400000095367432
    ],
    [
      0.02500000037252903,
      -0.014000000432133675,
      -0.010999999940395355
    ],
    [
      0.0,
      0.0,
      0.041999999433755875
    ],
    [
      -0.07400000095367432,
      -0.0,
      0.12800000607967377
    ],
    [
      -0.07999999821186066,
      -0.0,
      0.15600000321865082
    ],
    [
      -0.014000000432133675,
      0.0,
      0.041999999433755875
    ],
    [
      0.02500000037252903,
      0.0,
      -0.014999999664723873
    ],
    [
      -0.07400000095367432,
      -0.0,
      0.07400000095367432
    ],
    [
      0.0,
      -0.0,
      -0.014999999664723873
    ],
    [
      -0.03500000014901161,
      -0.017999999225139618,
      -0.009999999776482582
    ],
    [
      -0.05700000002980232,
      -0.017999999225139618,
      -0.009999999776482582
    ],
    [
      -0.014000000432133675,
      0.0,
      -0.041999999433755875
    ],
    [
      -0.10000000149011612,
      -0.029999999329447746,
      0.0
    ],
    [
      -0.023000000044703484,
      0.0,
      -0.06499999761581421
    ],
    [
      -0.023000000044703484,
      -0.0,
      -0.07500000298023224
    ],
    [
      -0.017000000923871994,
      -0.0,
      -0.09200000017881393
    ],
    [
      -0.03700000047683716,
      -0.0,
      -0.09700000286102295
    ],
    [
      -0.028999999165534973,
      -0.0,
      -0.12700000405311584
    ],
    [
      -0.052000001072883606,
      -0.0,
      -0.09700000286102295
    ],
    [
      -0.014000000432133675,
      0.0,
      -0.15600000321865082
    ]
  ],
  "mconf": [
    0.9085469841957092,
    0.7273038625717163,
    0.7734250426292419,
    0.8430188894271851,
    0.9633159041404724,
    0.6745728850364685,
    0.9718279838562012,
    0.7680495381355286,
    0.9966391921043396,
    0.32736438512802124,
    0.5710365176200867,
    0.8988097310066223,
    0.992728054523468,
    0.9957478642463684,
    0.9837191700935364,
    0.9636134505271912,
    0.452647864818573,
    0.991412878036499,
    0.13585136830806732,
    0.8062811493873596,
    0.9154746532440186,
    0.9961955547332764,
    0.9588497877120972,
    0.9939459562301636,
    0.9992266893386841,
    0.9982200264930725,
    0.9953125715255737,
    0.9950528740882874,
    0.9838109016418457,
    0.999062716960907,
    0.9992222785949707,
    0.9987825751304626,
    0.9986602067947388,
    0.14075912535190582
  ],
  "coverage_score": 0.7097781492858065,
  "pose_estimation_failed": false,
  "tracking_method": "loosely_coupled",