{
  "frame": 50,
  "object_rotation_in_cam": [
    [
      0.7033560910553354,
      -0.1433505670279247,
      -0.6962333115473084
    ],
    [
      -0.45406667595623107,
      0.6629793845056522,
      -0.5952157503851572
    ],
    [
      0.5469128476836304,
      0.7347849689897576,
      0.401219872869357
    ]
  ],
  "object_translation_in_cam": [
    0.026570738176991064,
    0.013646216930191787,
    0.7183046028949613
  ],
  "raw_rvec": [
    0.8475478021677358,
    -0.7921994173992902,
    -0.19800497201540376
  ],
  "refined_raw_rvec": [
    0.8475478021677358,
    -0.7921994173992902,
    -0.19800497201540376
  ],
  "num_inliers": 15,
  "total_matches": 35,
  "inlier_ratio": 0.42857142857142855,
  "reprojection_errors": [
    1.2662982940673828,
    1.769548773765564,
    1.6842682361602783,
    3.2334799766540527,
    3.330551862716675,
    0.6931833624839783,
    0.8698508143424988,
    3.366933822631836,
    2.6803369522094727,
    1.828439712524414,
    1.2844024896621704,
    2.42327618598938,
    3.1178343296051025,
    1.119641661643982,
    1.357265591621399
  ],
  "mean_reprojection_error": 2.001687526702881,
  "std_reprojection_error": 0.9113232493400574,
  "inliers": [
    7,
    10,
    14,
    15,
    17,
    18,
    19,
    20,
    21,
    22,
    23,
    24,
    25,
    27,
    28
  ],
  "mkpts0": [
    [
      751.375,
      76.375
    ],
    [
      727.625,
      126.375
    ],
    [
      727.625,
      143.875
    ],
    [
      636.375,
      157.625
    ],
    [
      663.875,
      165.125
    ],
    [
      656.375,
      171.375
    ],
    [
      356.375,
      195.125
    ],
    [
      745.125,
      201.375
    ],
    [
      805.125,
      212.625
    ],
    [
      793.875,
      220.125
    ],
    [
      705.125,
      223.875
    ],
    [
      835.125,
      225.125
    ],
    [
      425.125,
      242.625
    ],
    [
      413.875,
      248.875
    ],
    [
      436.375,
      260.125
    ],
    [
      478.875,
      281.375
    ],
    [
      590.125,
      283.875
    ],
    [
      522.625,
      286.375
    ],
    [
      386.375,
      288.875
    ],
    [
      511.375,
      292.625
    ],
    [
      597.625,
      297.625
    ],
    [
      430.125,
      311.375
    ],
    [
      575.125,
      312.625
    ],
    [
      540.125,
      313.875
    ],
    [
      518.875,
      327.625
    ],
    [
      586.375,
      330.125
    ],
    [
      470.125,
      338.875
    ],
    [
      602.625,
      347.625
    ],
    [
      611.375,
      352.625
    ],
    [
      636.375,
      357.625
    ],
    [
      617.625,
      368.875
    ],
    [
      650.125,
      376.375
    ],
    [
      715.125,
      383.875
    ],
    [
      595.125,
      388.875
    ],
    [
      702.625,
      391.375
    ]
  ],
  "mkpts1": [
    [
      1018.875,
      15.125
    ],
    [
      967.625,
      91.375
    ],
    [
      958.875,
      113.875
    ],
    [
      787.625,
      80.125
    ],
    [
      828.875,
      106.375
    ],
    [
      816.375,
      115.125
    ],
    [
      335.125,
      77.625
    ],
    [
      956.375,
      206.375
    ],
    [
      1051.375,
      248.875
    ],
    [
      1037.625,
      258.875
    ],
    [
      886.375,
      230.125
    ],
    [
      1101.375,
      278.875
    ],
    [
      438.875,
      187.625
    ],
    [
      421.375,
      195.125
    ],
    [
      457.625,
      226.375
    ],
    [
      530.125,
      282.625
    ],
    [
      712.625,
      332.625
    ],
    [
      597.625,
      308.875
    ],
    [
      373.875,
      270.125
    ],
    [
      578.875,
      318.875
    ],
    [
      717.625,
      352.625
    ],
    [
      445.125,
      332.625
    ],
    [
      678.875,
      375.125
    ],
    [
      628.875,
      380.125
    ],
    [
      595.125,
      403.875
    ],
    [
      701.375,
      420.125
    ],
    [
      510.125,
      415.125
    ],
    [
      725.125,
      462.625
    ],
    [
      741.375,
      477.625
    ],
    [
      781.375,
      495.125
    ],
    [
      751.375,
      512.625
    ],
    [
      801.375,
      540.125
    ],
    [
      906.375,
      573.875
    ],
    [
      713.875,
      546.375
    ],
    [
      890.125,
      587.625
    ]
  ],
  "mpts3D": [
    [
      0.24300000071525574,
      -0.10400000214576721,
      0.0
    ],
    [
      0.20600000023841858,
      -0.07000000029802322,
      -0.0020000000949949026
    ],
    [
      0.20600000023841858,
      -0.054999999701976776,
      -0.0020000000949949026
    ],
    [
      0.23000000417232513,
      -0.0,
      0.11299999803304672
    ],
    [
      0.23000000417232513,
      -0.0,
      0.07000000029802322
    ],
    [
      0.21699999272823334,
      0.0,
      0.07000000029802322
    ],
    [
      -0.0,
      -0.02500000037252903,
      0.23999999463558197
    ],
    [
      0.21699999272823334,
      -0.0,
      -0.027000000700354576
    ],
    [
      0.23000000417232513,
      0.0,
      -0.07000000029802322
    ],
    [
      0.21699999272823334,
      -0.0,
      -0.07000000029802322
    ],
    [
      0.17000000178813934,
      -0.0,
      -0.014999999664723873
    ],
    [
      0.23000000417232513,
      -0.0,
      -0.11299999803304672
    ],
    [
      -0.0,
      -0.0,
      0.15600000321865082
    ],
    [
      -0.014000000432133675,
      0.0,
      0.15600000321865082
    ],
    [
      -0.01899999938905239,
      -0.0,
      0.12800000607967377
    ],
    [
      -0.01899999938905239,
      -0.0,
      0.07400000095367432
    ],
    [
      0.02500000037252903,
      -0.014000000432133675,
      -0.010999999940395355
    ],
    [
      0.0,
      0.0,
      0.041999999433755875
    ],
    [
      -0.07400000095367432,
      -0.0,
      0.12800000607967377
    ],
    [
      -0.014000000432133675,
      0.0,
      0.041999999433755875
    ],
    [
      0.02500000037252903,
      0.0,
      -0.014999999664723873
    ],
    [
      -0.07400000095367432,
      -0.0,
      0.07400000095367432
    ],
    [
      0.0,
      -0.0,
      -0.014999999664723873
    ],
    [
      -0.03500000014901161,
      -0.017999999225139618,
      -0.009999999776482582
    ],
    [
      -0.05700000002980232,
      -0.017999999225139618,
      -0.009999999776482582
    ],
    [
      -0.014000000432133675,
      0.0,
      -0.041999999433755875
    ],
    [
      -0.10000000149011612,
      -0.029999999329447746,
      0.0
    ],
    [
      -0.023000000044703484,
      0.0,
      -0.06499999761581421
    ],
    [
      -0.023000000044703484,
      -0.0,
      -0.07500000298023224
    ],
    [
      -0.017000000923871994,
      -0.0,
      -0.09200000017881393
    ],
    [
      -0.03700000047683716,
      -0.0,
      -0.09700000286102295
    ],
    [
      -0.028999999165534973,
      -0.0,
      -0.12700000405311584
    ],
    [
      0.0,
      0.0,
      -0.15600000321865082
    ],
    [
      -0.052000001072883606,
      -0.0,
      -0.09700000286102295
    ],
    [
      -0.014000000432133675,
      0.0,
      -0.15600000321865082
    ]
  ],
  "mconf": [
    0.8152627348899841,
    0.9601966142654419,
    0.6609166264533997,
    0.8732273578643799,
    0.8653419017791748,
    0.9839397072792053,
    0.8837928175926208,
    0.9389877319335938,
    0.6365875005722046,
    0.9987241625785828,
    0.3802019953727722,
    0.4807456433773041,
    0.8093590140342712,
    0.9888060092926025,
    0.9957422018051147,
    0.967836320400238,
    0.88409423828125,
    0.8775379061698914,
    0.9893573522567749,
    0.9768143892288208,
    0.9575522541999817,
    0.9717276096343994,
    0.9751966595649719,
    0.9957603216171265,
    0.9989162087440491,
    0.998559832572937,
    0.9927909970283508,
    0.9977156519889832,
    0.991416335105896,
    0.999208927154541,
    0.9992703199386597,
    0.9987494945526123,
    0.2487463802099228,
    0.9978678822517395,
    0.9948441982269287
  ],