{
  "frame": 57,
  "object_rotation_in_cam": [
    [
      0.38696400052969115,
      -0.2769522901878909,
      -0.879520489388246
    ],
    [
      -0.45151988009998834,
      0.774740384831489,
      -0.44261397852490914
    ],
    [
      0.8039829974374766,
      0.5683966617344255,
      0.17474717382725172
    ]
  ],
  "object_translation_in_cam": [
    -0.04268605750898446,
    0.013639005617504706,
    0.7253551762484769
  ],
  "raw_rvec": [
    0.7188452073336293,
    -1.1969986910560122,
    -0.1241204299609596
  ],
  "refined_raw_rvec": [
    0.7188452073336293,
    -1.1969986910560122,
    -0.1241204299609596
  ],
  "num_inliers": 12,
  "total_matches": 28,
  "inlier_ratio": 0.42857142857142855,
  "reprojection_errors": [
    2.582934856414795,
    2.7653629779815674,
    3.0784292221069336,
    3.444192409515381,
    2.891148328781128,
    3.0251047611236572,
    2.64276385307312,
    0.5327202677726746,
    3.040780544281006,
    2.636885166168213,
    3.6466212272644043,
    1.530893325805664
  ],
  "mean_reprojection_error": 2.65148663520813,
  "std_reprojection_error": 0.8120134472846985,
  "inliers": [
    3,
    5,
    8,
    9,
    11,
    12,
    13,
    14,
    20,
    21,
    25,
    27
  ],
  "mkpts0": [
    [
      727.625,
      143.875
    ],
    [
      636.375,
      157.625
    ],
    [
      356.375,
      195.125
    ],
    [
      745.125,
      201.375
    ],
    [
      793.875,
      220.125
    ],
    [
      705.125,
      223.875
    ],
    [
      425.125,
      242.625
    ],
    [
      413.875,
      248.875
    ],
    [
      436.375,
      260.125
    ],
    [
      478.875,
      281.375
    ],
    [
      590.125,
      283.875
    ],
    [
      522.625,
      286.375
    ],
    [
      386.375,
      288.875
    ],
    [
      511.375,
      292.625
    ],
    [
      597.625,
      297.625
    ],
    [
      430.125,
      311.375
    ],
    [
      575.125,
      312.625
    ],
    [
      540.125,
      313.875
    ],
    [
      518.875,
      327.625
    ],
    [
      586.375,
      330.125
    ],
    [
      602.625,
      347.625
    ],
    [
      611.375,
      352.625
    ],
    [
      636.375,
      357.625
    ],
    [
      617.625,
      368.875
    ],
    [
      650.125,
      376.375
    ],
    [
      715.125,
      383.875
    ],
    [
      595.125,
      388.875
    ],
    [
      702.625,
      391.375
    ]
  ],
  "mkpts1": [
    [
      715.125,
      128.875
    ],
    [
      527.625,
      116.375
    ],
    [
      100.125,
      128.875
    ],
    [
      712.625,
      208.875
    ],
    [
      793.875,
      246.375
    ],
    [
      663.875,
      233.875
    ],
    [
      240.125,
      230.125
    ],
    [
      226.375,
      237.625
    ],
    [
      276.375,
      262.625
    ],
    [
      370.125,
      303.875
    ],
    [
      560.125,
      326.375
    ],
    [
      443.875,
      321.375
    ],
    [
      208.875,
      307.625
    ],
    [
      428.875,
      331.375
    ],
    [
      566.375,
      346.375
    ],
    [
      306.375,
      356.375
    ],
    [
      540.125,
      368.875
    ],
    [
      510.125,
      373.875
    ],
    [
      486.375,
      396.375
    ],
    [
      577.625,
      405.125
    ],
    [
      616.375,
      436.375
    ],
    [
      635.125,
      446.375
    ],
    [
      675.125,
      457.625
    ],
    [
      655.125,
      475.125
    ],
    [
      708.875,
      490.125
    ],
    [
      802.625,
      505.125
    ],
    [
      636.375,
      508.875
    ],
    [
      795.125,
      518.875
    ]
  ],
  "mpts3D": [
    [
      0.20600000023841858,
      -0.054999999701976776,
      -0.0020000000949949026
    ],
    [
      0.23000000417232513,
      -0.0,
      0.11299999803304672
    ],
    [
      -0.0,
      -0.02500000037252903,
      0.23999999463558197
    ],
    [
      0.21699999272823334,
      -0.0,
      -0.027000000700354576
    ],
    [
      0.21699999272823334,
      -0.0,
      -0.07000000029802322
    ],
    [
      0.17000000178813934,
      -0.0,
      -0.014999999664723873
    ],
    [
      -0.0,
      -0.0,
      0.15600000321865082
    ],
    [
      -0.014000000432133675,
      0.0,
      0.15600000321865082
    ],
    [
      -0.01899999938905239,
      -0.0,
      0.12800000607967377
    ],
    [
      -0.01899999938905239,
      -0.0,
      0.07400000095367432
    ],
    [
      0.02500000037252903,
      -0.014000000432133675,
      -0.010999999940395355
    ],
    [
      0.0,
      0.0,
      0.041999999433755875
    ],
    [
      -0.07400000095367432,
      -0.0,
      0.12800000607967377
    ],
    [
      -0.014000000432133675,
      0.0,
      0.041999999433755875
    ],
    [
      0.02500000037252903,
      0.0,
      -0.014999999664723873
    ],
    [
      -0.07400000095367432,
      -0.0,
      0.07400000095367432
    ],
    [
      0.0,
      -0.0,
      -0.014999999664723873
    ],
    [
      -0.03500000014901161,
      -0.017999999225139618,
      -0.009999999776482582
    ],
    [
      -0.05700000002980232,
      -0.017999999225139618,
      -0.009999999776482582
    ],
    [
      -0.014000000432133675,
      0.0,
      -0.041999999433755875
    ],
    [
      -0.023000000044703484,
      0.0,
      -0.06499999761581421
    ],
    [
      -0.023000000044703484,
      -0.0,
      -0.07500000298023224
    ],
    [
      -0.017000000923871994,
      -0.0,
      -0.09200000017881393
    ],
    [
      -0.03700000047683716,
      -0.0,
      -0.09700000286102295
    ],
    [
      -0.028999999165534973,
      -0.0,
      -0.12700000405311584
    ],
    [
      0.0,
      0.0,
      -0.15600000321865082
    ],
    [
      -0.052000001072883606,
      -0.0,
      -0.09700000286102295
    ],
    [
      -0.014000000432133675,
      0.0,
      -0.15600000321865082
    ]
  ],
  "mconf": [
    0.17378109693527222,
    0.3275432884693146,
    0.9683295488357544,
    0.6757929921150208,
    0.6967300772666931,
    0.9281982183456421,
    0.8201044201850891,
    0.9965468645095825,
    0.9958301782608032,
    0.9970049262046814,
    0.9743548631668091,
    0.5896450877189636,
    0.9955206513404846,
    0.9712112545967102,
    0.9540917873382568,
    0.9992921352386475,
    0.8044422268867493,
    0.9956201314926147,
    0.9971120357513428,
    0.9985156059265137,
    0.9979041814804077,
    0.9993619918823242,
    0.9998353123664856,
    0.9995742440223694,
    0.9996698498725891,
    0.9787706732749939,
    0.9998378753662109,
    0.9996694326400757
  ],
  "coverage_score": 0.7854752972273344,
  "pose_estimation_failed": false,
  "tracking_method": "loosely_coupled",
  "kf_translation_vector": [
    -0.029631696119396884,
    -0.02839967401724287,
    0.7299793992478439
  ],
  "kf_quaternion": [
    0.4558569290725177,
    -0.4686154364248648,
    -0.1145756738379989,
    0.7479748979247068
  ],
  "kf_rotation_matrix": [
    [
      0.534543975417804,
      -0.25584373164196955,
      -0.8054853960960695
    ],
    [
      -0.5986426434164964,
      0.5581337503622841,
      -0.5745552211840399
    ],
    [
      0.5965649368072512,
      0.7893229387811072,
      0.1451880659218141
    ]
  ],
  "position_diff": 0.04657151906533419,
  "orientation_diff": 18.481038076120246,
  "timestamp": 1741869614.7186768,
  "image_file": "webcam_000057"
}