{
  "frame": 64,
  "object_rotation_in_cam": [
    [
      0.7495427622200472,
      -0.08331226804422279,
      -0.6566922518172946
    ],
    [
      -0.44941732485824826,
      0.6643242190186991,
      -0.597241492314835
    ],
    [
      0.48601411061902033,
      0.7427869129289522,
      0.4604974335006435
    ]
  ],
  "object_translation_in_cam": [
    0.0035363392383183094,
    0.011534912380628289,
    0.701134345337966
  ],
  "raw_rvec": [
    0.8331349762320769,
    -0.7104540727518553,
    -0.22761825541429906
  ],
  "refined_raw_rvec": [
    0.8331349762320769,
    -0.7104540727518553,
    -0.22761825541429906
  ],
  "num_inliers": 20,
  "total_matches": 35,
  "inlier_ratio": 0.5714285714285714,
  "reprojection_errors": [
    3.082257032394409,
    0.3070599436759949,
    2.734123468399048,
    2.7584619522094727,
    3.7082436084747314,
    4.047129154205322,
    2.802312135696411,
    0.6191191077232361,
    1.3983477354049683,
    2.9001030921936035,
    2.3746659755706787,
    2.879936456680298,
    2.400111436843872,
    2.0398659706115723,
    3.7619662284851074,
    1.0205912590026855,
    1.4862737655639648,
    1.5785648822784424,
    3.097816228866577,
    0.678787112236023
  ],
  "mean_reprojection_error": 2.2837870121002197,
  "std_reprojection_error": 1.0701589584350586,
  "inliers": [
    3,
    4,
    9,
    12,
    13,
    14,
    15,
    16,
    18,
    19,
    20,
    21,
    22,
    23,
    24,
    25,
    26,
    27,
    28,
    34
  ],
  "mkpts0": [
    [
      727.625,
      126.375
    ],
    [
      727.625,
      143.875
    ],
    [
      636.375,
      157.625
    ],
    [
      663.875,
      165.125
    ],
    [
      656.375,
      171.375
    ],
    [
      356.375,
      195.125
    ],
    [
      745.125,
      201.375
    ],
    [
      805.125,
      212.625
    ],
    [
      793.875,
      220.125
    ],
    [
      705.125,
      223.875
    ],
    [
      425.125,
      242.625
    ],
    [
      413.875,
      248.875
    ],
    [
      436.375,
      260.125
    ],
    [
      478.875,
      281.375
    ],
    [
      590.125,
      283.875
    ],
    [
      522.625,
      286.375
    ],
    [
      386.375,
      288.875
    ],
    [
      350.125,
      290.125
    ],
    [
      511.375,
      292.625
    ],
    [
      597.625,
      297.625
    ],
    [
      430.125,
      311.375
    ],
    [
      575.125,
      312.625
    ],
    [
      540.125,
      313.875
    ],
    [
      518.875,
      327.625
    ],
    [
      586.375,
      330.125
    ],
    [
      470.125,
      338.875
    ],
    [
      602.625,
      347.625
    ],
    [
      611.375,
      352.625
    ],
    [
      636.375,
      357.625
    ],
    [
      617.625,
      368.875
    ],
    [
      650.125,
      376.375
    ],
    [
      496.375,
      377.625
    ],
    [
      715.125,
      383.875
    ],
    [
      595.125,
      388.875
    ],
    [
      702.625,
      391.375
    ]
  ],
  "mkpts1": [
    [
      958.875,
      80.125
    ],
    [
      951.375,
      103.875
    ],
    [
      788.875,
      70.125
    ],
    [
      826.375,
      96.375
    ],
    [
      813.875,
      106.375
    ],
    [
      315.125,
      71.375
    ],
    [
      947.625,
      198.875
    ],
    [
      1042.625,
      243.875
    ],
    [
      1025.125,
      252.625
    ],
    [
      871.375,
      225.125
    ],
    [
      408.875,
      182.625
    ],
    [
      388.875,
      188.875
    ],
    [
      421.375,
      220.125
    ],
    [
      485.125,
      276.375
    ],
    [
      668.875,
      327.625
    ],
    [
      555.125,
      303.875
    ],
    [
      327.625,
      265.125
    ],
    [
      268.875,
      250.125
    ],
    [
      532.625,
      313.875
    ],
    [
      673.875,
      348.875
    ],
    [
      392.625,
      327.625
    ],
    [
      630.125,
      371.375
    ],
    [
      572.625,
      377.625
    ],
    [
      535.125,
      400.125
    ],
    [
      648.875,
      417.625
    ],
    [
      443.875,
      412.625
    ],
    [
      668.875,
      461.375
    ],
    [
      682.625,
      476.375
    ],
    [
      722.625,
      493.875
    ],
    [
      687.625,
      512.625
    ],
    [
      740.125,
      540.125
    ],
    [
      482.625,
      482.625
    ],
    [
      847.625,
      576.375
    ],
    [
      646.375,
      547.625
    ],
    [
      828.875,
      590.125
    ]
  ],
  "mpts3D": [
    [
      0.20600000023841858,
      -0.07000000029802322,
      -0.0020000000949949026
    ],
    [
      0.20600000023841858,
      -0.054999999701976776,
      -0.0020000000949949026
    ],
    [
      0.23000000417232513,
      -0.0,
      0.11299999803304672
    ],
    [
      0.23000000417232513,
      -0.0,
      0.07000000029802322
    ],
    [
      0.21699999272823334,
      0.0,
      0.07000000029802322
    ],
    [
      -0.0,
      -0.02500000037252903,
      0.23999999463558197
    ],
    [
      0.21699999272823334,
      -0.0,
      -0.027000000700354576
    ],
    [
      0.23000000417232513,
      0.0,
      -0.07000000029802322
    ],
    [
      0.21699999272823334,
      -0.0,
      -0.07000000029802322
    ],
    [
      0.17000000178813934,
      -0.0,
      -0.014999999664723873
    ],
    [
      -0.0,
      -0.0,
      0.15600000321865082
    ],
    [
      -0.014000000432133675,
      0.0,
      0.15600000321865082
    ],
    [
      -0.01899999938905239,
      -0.0,
      0.12800000607967377
    ],
    [
      -0.01899999938905239,
      -0.0,
      0.07400000095367432
    ],
    [
      0.02500000037252903,
      -0.014000000432133675,
      -0.010999999940395355
    ],
    [
      0.0,
      0.0,
      0.041999999433755875
    ],
    [
      -0.07400000095367432,
      -0.0,
      0.12800000607967377
    ],
    [
      -0.07999999821186066,
      -0.0,
      0.15600000321865082
    ],
    [
      -0.014000000432133675,
      0.0,
      0.041999999433755875
    ],
    [
      0.02500000037252903,
      0.0,
      -0.014999999664723873
    ],
    [
      -0.07400000095367432,
      -0.0,
      0.07400000095367432
    ],
    [
      0.0,
      -0.0,
      -0.014999999664723873
    ],
    [
      -0.03500000014901161,
      -0.017999999225139618,
      -0.009999999776482582
    ],
    [
      -0.05700000002980232,
      -0.017999999225139618,
      -0.009999999776482582
    ],
    [
      -0.014000000432133675,
      0.0,
      -0.041999999433755875
    ],
    [
      -0.10000000149011612,
      -0.029999999329447746,
      0.0
    ],
    [
      -0.023000000044703484,
      0.0,
      -0.06499999761581421
    ],
    [
      -0.023000000044703484,
      -0.0,
      -0.07500000298023224
    ],
    [
      -0.017000000923871994,
      -0.0,
      -0.09200000017881393
    ],
    [
      -0.03700000047683716,
      -0.0,
      -0.09700000286102295
    ],
    [
      -0.028999999165534973,
      -0.0,
      -0.12700000405311584
    ],
    [
      -0.09000000357627869,
      -0.0,
      -0.014999999664723873
    ],
    [
      0.0,
      0.0,
      -0.15600000321865082
    ],
    [
      -0.052000001072883606,
      -0.0,
      -0.09700000286102295
    ],
    [
      -0.014000000432133675,
      0.0,
      -0.15600000321865082
    ]
  ],