{
  "frame": 37,
  "object_rotation_in_cam": [
    [
      0.44763425642635135,
      -0.23698708033920152,
      -0.8622416692702394
    ],
    [
      -0.46023505168570694,
      0.7656667338129898,
      -0.4493752885195217
    ],
    [
      0.7666859002704319,
      0.5979896123549719,
      0.23366889789201353
    ]
  ],
  "object_translation_in_cam": [
    -0.02588135628998054,
    0.025777830141309837,
    0.7207634855641741
  ],
  "raw_rvec": [
    0.722849276901108,
    -1.1242205221729598,
    -0.15407680219446113
  ],
  "refined_raw_rvec": [
    0.722849276901108,
    -1.1242205221729598,
    -0.15407680219446113
  ],
  "num_inliers": 13,
  "total_matches": 26,
  "inlier_ratio": 0.5,
  "reprojection_errors": [
    2.2546300888061523,
    1.3855353593826294,
    1.8097329139709473,
    1.273820400238037,
    2.4527673721313477,
    1.827638864517212,
    3.317809581756592,
    2.8731794357299805,
    3.6771981716156006,
    2.7601606845855713,
    2.6161961555480957,
    3.2847843170166016,
    1.6162842512130737
  ],
  "mean_reprojection_error": 2.3961336612701416,
  "std_reprojection_error": 0.7477233409881592,
  "inliers": [
    0,
    1,
    6,
    9,
    11,
    12,
    14,
    15,
    16,
    18,
    19,
    20,
    25
  ],
  "mkpts0": [
    [
      751.375,
      76.375
    ],
    [
      636.375,
      157.625
    ],
    [
      356.375,
      195.125
    ],
    [
      705.125,
      223.875
    ],
    [
      425.125,
      242.625
    ],
    [
      413.875,
      248.875
    ],
    [
      436.375,
      260.125
    ],
    [
      478.875,
      281.375
    ],
    [
      590.125,
      283.875
    ],
    [
      522.625,
      286.375
    ],
    [
      386.375,
      288.875
    ],
    [
      511.375,
      292.625
    ],
    [
      597.625,
      297.625
    ],
    [
      430.125,
      311.375
    ],
    [
      575.125,
      312.625
    ],
    [
      540.125,
      313.875
    ],
    [
      518.875,
      327.625
    ],
    [
      586.375,
      330.125
    ],
    [
      602.625,
      347.625
    ],
    [
      611.375,
      352.625
    ],
    [
      636.375,
      357.625
    ],
    [
      617.625,
      368.875
    ],
    [
      650.125,
      376.375
    ],
    [
      715.125,
      383.875
    ],
    [
      595.125,
      388.875
    ],
    [
      702.625,
      391.375
    ]
  ],
  "mkpts1": [
    [
      792.625,
      42.625
    ],
    [
      571.375,
      122.625
    ],
    [
      147.625,
      146.375
    ],
    [
      700.125,
      246.375
    ],
    [
      281.375,
      247.625
    ],
    [
      267.625,
      256.375
    ],
    [
      316.375,
      282.625
    ],
    [
      390.125,
      326.375
    ],
    [
      593.875,
      348.875
    ],
    [
      478.875,
      342.625
    ],
    [
      250.125,
      331.375
    ],
    [
      463.875,
      353.875
    ],
    [
      600.125,
      368.875
    ],
    [
      343.875,
      382.625
    ],
    [
      575.125,
      395.125
    ],
    [
      542.625,
      401.375
    ],
    [
      520.125,
      426.375
    ],
    [
      611.375,
      431.375
    ],
    [
      647.625,
      465.125
    ],
    [
      667.625,
      476.375
    ],
    [
      705.125,
      486.375
    ],
    [
      686.375,
      505.125
    ],
    [
      738.875,
      521.375
    ],
    [
      833.875,
      537.625
    ],
    [
      667.625,
      541.375
    ],
    [
      825.125,
      551.375
    ]
  ],
  "mpts3D": [
    [
      0.24300000071525574,
      -0.10400000214576721,
      0.0
    ],
    [
      0.23000000417232513,
      -0.0,
      0.11299999803304672
    ],
    [
      -0.0,
      -0.02500000037252903,
      0.23999999463558197
    ],
    [
      0.17000000178813934,
      -0.0,
      -0.014999999664723873
    ],
    [
      -0.0,
      -0.0,
      0.15600000321865082
    ],
    [
      -0.014000000432133675,
      0.0,
      0.15600000321865082
    ],
    [
      -0.01899999938905239,
      -0.0,
      0.12800000607967377
    ],
    [
      -0.01899999938905239,
      -0.0,
      0.07400000095367432
    ],
    [
      0.02500000037252903,
      -0.014000000432133675,
      -0.010999999940395355
    ],
    [
      0.0,
      0.0,
      0.041999999433755875
    ],
    [
      -0.07400000095367432,
      -0.0,
      0.12800000607967377
    ],
    [
      -0.014000000432133675,
      0.0,
      0.041999999433755875
    ],
    [
      0.02500000037252903,
      0.0,
      -0.014999999664723873
    ],
    [
      -0.07400000095367432,
      -0.0,
      0.07400000095367432
    ],
    [
      0.0,
      -0.0,
      -0.014999999664723873
    ],
    [
      -0.03500000014901161,
      -0.017999999225139618,
      -0.009999999776482582
    ],
    [
      -0.05700000002980232,
      -0.017999999225139618,
      -0.009999999776482582
    ],
    [
      -0.014000000432133675,
      0.0,
      -0.041999999433755875
    ],
    [
      -0.023000000044703484,
      0.0,
      -0.06499999761581421
    ],
    [
      -0.023000000044703484,
      -0.0,
      -0.07500000298023224
    ],
    [
      -0.017000000923871994,
      -0.0,
      -0.09200000017881393
    ],
    [
      -0.03700000047683716,
      -0.0,
      -0.09700000286102295
    ],
    [
      -0.028999999165534973,
      -0.0,
      -0.12700000405311584
    ],
    [
      0.0,
      0.0,
      -0.15600000321865082
    ],
    [
      -0.052000001072883606,
      -0.0,
      -0.09700000286102295
    ],
    [
      -0.014000000432133675,
      0.0,
      -0.15600000321865082
    ]
  ],
  "mconf": [
    0.4321528375148773,
    0.49227333068847656,
    0.9548928141593933,
    0.2636451721191406,
    0.555652916431427,
    0.9895145297050476,
    0.9973258972167969,
    0.7613241076469421,
    0.6125534176826477,
    0.6739798784255981,
    0.991838812828064,
    0.9293513894081116,
    0.9787570238113403,
    0.9959940910339355,
    0.9934335350990295,
    0.9952065348625183,
    0.998249351978302,
    0.9958959817886353,
    0.9952042698860168,
    0.9914557933807373,
    0.9996851682662964,
    0.9993446469306946,
    0.9996293187141418,
    0.99580317735672,
    0.9997236132621765,
    0.9995123744010925
  ],
  "coverage_score": 0.7854752972273343,
  "pose_estimation_failed": false,
  "tracking_method": "loosely_coupled",
  "kf_translation_vector": [
    -0.015991929632396745,
    -0.060453323364038705,
    0.72407615023581
  ],
  "kf_quaternion": [
    0.4585697903487667,
    -0.47376856431539655,
    -0.1114758503532507,
    0.7435255406736448
  ],
  "kf_rotation_matrix": [
    [
      0.5262329645090953,
      -0.2687416186119851,
      -0.8067569705244447
    ],
    [
      -0.6002821862358053,
      0.5545737643350156,
      -0.5762891954559384
    ],
    [
      0.6022791412226821,
      0.7875442097667287,
      0.1305141896920322
    ]
  ],
  "position_diff": 0.09039299637452802,
  "orientation_diff": 16.472243925477475,
  "timestamp": 1741869612.0347738,
  "image_file": "webcam_000037"
}