{
  "frame": 19,
  "kf_translation_vector": [
    0.005447003793146243,
    -0.0329456779802835,
    0.6316720741531482
  ],
  "kf_quaternion": [
    0.45964757125292327,
    -0.41308512290867433,
    -0.09796199559509174,
    0.7800565613414462
  ],
  "kf_rotation_matrix": [
    [
      0.6395282573011053,
      -0.22691535207926858,
      -0.7345155077356453
    ],
    [
      -0.5325789417834812,
      0.5582551153206321,
      -0.6361689217394504
    ],
    [
      0.5544035343341513,
      0.7980354937025604,
      0.2361695829456285
    ]
  ],
  "pose_estimation_failed": false,
  "num_correspondences": 3,
  "tracking_method": "tracking",
  "avg_reprojection_error": 2.348001718521118,
  "timestamp": 1741869938.8847866,
  "image_file": "webcam_000019"
}