{
  "frame": 51,
  "object_rotation_in_cam": [
    [
      0.7165776055814155,
      -0.1335736518237287,
      -0.6845981410416468
    ],
    [
      -0.433894060842669,
      0.6831126132931202,
      -0.5874462541588823
    ],
    [
      0.5461249666007437,
      0.7179938976748459,
      0.43154638656466515
    ]
  ],
  "object_translation_in_cam": [
    0.02822359468186711,
    0.011400033577685292,
    0.703820996631528
  ],
  "raw_rvec": [
    0.8196676388820139,
    -0.7727538503712732,
    -0.18856699039236297
  ],
  "refined_raw_rvec": [
    0.8196676388820139,
    -0.7727538503712732,
    -0.18856699039236297
  ],
  "num_inliers": 16,
  "total_matches": 32,
  "inlier_ratio": 0.5,
  "reprojection_errors": [
    2.8963680267333984,
    1.4396809339523315,
    3.90201473236084,
    0.11479239910840988,
    1.3785669803619385,
    2.066175937652588,
    3.1984963417053223,
    1.6614958047866821,
    2.8685009479522705,
    2.5590264797210693,
    2.9086716175079346,
    0.3570038378238678,
    2.098675012588501,
    1.216025471687317,
    4.28736686706543,
    2.5635459423065186
  ],
  "mean_reprojection_error": 2.219775438308716,
  "std_reprojection_error": 1.124269962310791,
  "inliers": [
    2,
    6,
    7,
    11,
    14,
    15,
    17,
    18,
    20,
    21,
    22,
    24,
    25,
    26,
    27,
    31
  ],
  "mkpts0": [
    [
      727.625,
      126.375
    ],
    [
      727.625,
      143.875
    ],
    [
      636.375,
      157.625
    ],
    [
      656.375,
      171.375
    ],
    [
      356.375,
      195.125
    ],
    [
      745.125,
      201.375
    ],
    [
      805.125,
      212.625
    ],
    [
      793.875,
      220.125
    ],
    [
      705.125,
      223.875
    ],
    [
      425.125,
      242.625
    ],
    [
      413.875,
      248.875
    ],
    [
      436.375,
      260.125
    ],
    [
      478.875,
      281.375
    ],
    [
      590.125,
      283.875
    ],
    [
      522.625,
      286.375
    ],
    [
      386.375,
      288.875
    ],
    [
      350.125,
      290.125
    ],
    [
      511.375,
      292.625
    ],
    [
      597.625,
      297.625
    ],
    [
      430.125,
      311.375
    ],
    [
      575.125,
      312.625
    ],
    [
      540.125,
      313.875
    ],
    [
      518.875,
      327.625
    ],
    [
      586.375,
      330.125
    ],
    [
      470.125,
      338.875
    ],
    [
      602.625,
      347.625
    ],
    [
      611.375,
      352.625
    ],
    [
      636.375,
      357.625
    ],
    [
      617.625,
      368.875
    ],
    [
      650.125,
      376.375
    ],
    [
      595.125,
      388.875
    ],
    [
      702.625,
      391.375
    ]
  ],
  "mkpts1": [
    [
      971.375,
      82.625
    ],
    [
      965.125,
      105.125
    ],
    [
      793.875,
      71.375
    ],
    [
      821.375,
      107.625
    ],
    [
      338.875,
      68.875
    ],
    [
      963.875,
      198.875
    ],
    [
      1057.625,
      241.375
    ],
    [
      1043.875,
      251.375
    ],
    [
      893.875,
      223.875
    ],
    [
      443.875,
      181.375
    ],
    [
      425.125,
      188.875
    ],
    [
      461.375,
      220.125
    ],
    [
      532.625,
      275.125
    ],
    [
      716.375,
      325.125
    ],
    [
      602.625,
      302.625
    ],
    [
      376.375,
      263.875
    ],
    [
      308.875,
      243.875
    ],
    [
      581.375,
      311.375
    ],
    [
      721.375,
      346.375
    ],
    [
      448.875,
      326.375
    ],
    [
      682.625,
      370.125
    ],
    [
      632.625,
      375.125
    ],
    [
      597.625,
      397.625
    ],
    [
      705.125,
      415.125
    ],
    [
      512.625,
      408.875
    ],
    [
      728.875,
      457.625
    ],
    [
      743.875,
      472.625
    ],
    [
      785.125,
      490.125
    ],
    [
      753.875,
      507.625
    ],
    [
      805.125,
      535.125
    ],
    [
      716.375,
      542.625
    ],
    [
      893.875,
      583.875
    ]
  ],
  "mpts3D": [
    [
      0.20600000023841858,
      -0.07000000029802322,
      -0.0020000000949949026
    ],
    [
      0.20600000023841858,
      -0.054999999701976776,
      -0.0020000000949949026
    ],
    [
      0.23000000417232513,
      -0.0,
      0.11299999803304672
    ],
    [
      0.21699999272823334,
      0.0,
      0.07000000029802322
    ],
    [
      -0.0,
      -0.02500000037252903,
      0.23999999463558197
    ],
    [
      0.21699999272823334,
      -0.0,
      -0.027000000700354576
    ],
    [
      0.23000000417232513,
      0.0,
      -0.07000000029802322
    ],
    [
      0.21699999272823334,
      -0.0,
      -0.07000000029802322
    ],
    [
      0.17000000178813934,
      -0.0,
      -0.014999999664723873
    ],
    [
      -0.0,
      -0.0,
      0.15600000321865082
    ],
    [
      -0.014000000432133675,
      0.0,
      0.15600000321865082
    ],
    [
      -0.01899999938905239,
      -0.0,
      0.12800000607967377
    ],
    [
      -0.01899999938905239,
      -0.0,
      0.07400000095367432
    ],
    [
      0.02500000037252903,
      -0.014000000432133675,
      -0.010999999940395355
    ],
    [
      0.0,
      0.0,
      0.041999999433755875
    ],
    [
      -0.07400000095367432,
      -0.0,
      0.12800000607967377
    ],
    [
      -0.07999999821186066,
      -0.0,
      0.15600000321865082
    ],
    [
      -0.014000000432133675,
      0.0,
      0.041999999433755875
    ],
    [
      0.02500000037252903,
      0.0,
      -0.014999999664723873
    ],
    [
      -0.07400000095367432,
      -0.0,
      0.07400000095367432
    ],
    [
      0.0,
      -0.0,
      -0.014999999664723873
    ],
    [
      -0.03500000014901161,
      -0.017999999225139618,
      -0.009999999776482582
    ],
    [
      -0.05700000002980232,
      -0.017999999225139618,
      -0.009999999776482582
    ],
    [
      -0.014000000432133675,
      0.0,
      -0.041999999433755875
    ],
    [
      -0.10000000149011612,
      -0.029999999329447746,
      0.0
    ],
    [
      -0.023000000044703484,
      0.0,
      -0.06499999761581421
    ],
    [
      -0.023000000044703484,
      -0.0,
      -0.07500000298023224
    ],
    [
      -0.017000000923871994,
      -0.0,
      -0.09200000017881393
    ],
    [
      -0.03700000047683716,
      -0.0,
      -0.09700000286102295
    ],
    [
      -0.028999999165534973,
      -0.0,
      -0.12700000405311584
    ],
    [
      -0.052000001072883606,
      -0.0,
      -0.09700000286102295
    ],
    [
      -0.014000000432133675,
      0.0,
      -0.15600000321865082
    ]
  ],
  "mconf": [
    0.7124494910240173,
    0.4662756621837616,
    0.22546212375164032,
    0.7260637283325195,
    0.5491299629211426,
    0.9889631271362305,
    0.7340197563171387,
    0.9464949369430542,
    0.7170076966285706,
    0.7258908748626709,
    0.9894222617149353,
    0.9962710738182068,
    0.982219934463501,
    0.9730278849601746,
    0.8521177768707275,
    0.9953218698501587,
    0.32318446040153503,
    0.9620692729949951,
    0.8988287448883057,
    0.9878295063972473,
    0.9642305374145508,
    0.9967989921569824,
    0.9992250800132751,
    0.9986280798912048,
    0.9934098720550537,
    0.9969855546951294,
    0.9892730712890625,
    0.9988173246383667,
    0.9993224740028381,
    0.9984115958213806,
    0.9987208247184753,
    0.17507199943065643
  ],
  "coverage_score": 0.88792947412232,
  "pose_estimation_failed": false,
  "tracking_method": "loosely_coupled",
  "kf_translation_vector": [
    0.019440558968112188,
    -0.029665509124325983,
    0.7394100340354818
  ],
  "kf_quaternion": [
    0.4589516880307218,
    -0.4106486777720941,
    -0.09868267055561467,
    0.7816602471853062
  ],