{
  "frame": 174,
  "object_rotation_in_cam": [
    [
      0.6172945138868323,
      -0.11113079034893256,
      -0.7788436496252897
    ],
    [
      -0.37780022117693335,
      0.8264828271192888,
      -0.41736450418736853
    ],
    [
      0.690082948640147,
      0.5518841218166448,
      0.4681980778290221
    ]
  ],
  "object_translation_in_cam": [
    -0.0205669941751981,
    -0.0007094539852945004,
    0.7167396929880112
  ],
  "raw_rvec": [
    0.5975209754756071,
    -0.9055617210583433,
    -0.16439598072457023
  ],
  "refined_raw_rvec": [
    0.5975209754756071,
    -0.9055617210583433,
    -0.16439598072457023
  ],
  "num_inliers": 13,
  "total_matches": 31,
  "inlier_ratio": 0.41935483870967744,
  "reprojection_errors": [
    0.9452728629112244,
    1.6898317337036133,
    3.9134507179260254,
    2.1851136684417725,
    0.9590440392494202,
    2.768515110015869,
    3.463428497314453,
    2.6926064491271973,
    2.9445974826812744,
    4.193538188934326,
    2.9064579010009766,
    2.473424196243286,
    1.2294315099716187
  ],
  "mean_reprojection_error": 2.489593505859375,
  "std_reprojection_error": 1.0162930488586426,
  "inliers": [
    5,
    11,
    13,
    14,
    15,
    16,
    17,
    18,
    19,
    20,
    21,
    22,
    23
  ],
  "mkpts0": [
    [
      751.375,
      76.375
    ],
    [
      727.625,
      126.375
    ],
    [
      727.625,
      143.875
    ],
    [
      636.375,
      157.625
    ],
    [
      656.375,
      171.375
    ],
    [
      745.125,
      201.375
    ],
    [
      805.125,
      212.625
    ],
    [
      793.875,
      220.125
    ],
    [
      705.125,
      223.875
    ],
    [
      425.125,
      242.625
    ],
    [
      413.875,
      248.875
    ],
    [
      436.375,
      260.125
    ],
    [
      590.125,
      283.875
    ],
    [
      522.625,
      286.375
    ],
    [
      386.375,
      288.875
    ],
    [
      511.375,
      292.625
    ],
    [
      597.625,
      297.625
    ],
    [
      430.125,
      311.375
    ],
    [
      575.125,
      312.625
    ],
    [
      540.125,
      313.875
    ],
    [
      518.875,
      327.625
    ],
    [
      586.375,
      330.125
    ],
    [
      602.625,
      347.625
    ],
    [
      611.375,
      352.625
    ],
    [
      636.375,
      357.625
    ],
    [
      617.625,
      368.875
    ],
    [
      650.125,
      376.375
    ],
    [
      496.375,
      377.625
    ],
    [
      715.125,
      383.875
    ],
    [
      595.125,
      388.875
    ],
    [
      702.625,
      391.375
    ]
  ],
  "mkpts1": [
    [
      865.125,
      13.875
    ],
    [
      827.625,
      85.125
    ],
    [
      822.625,
      110.125
    ],
    [
      661.375,
      125.125
    ],
    [
      692.625,
      148.875
    ],
    [
      835.125,
      206.375
    ],
    [
      930.125,
      230.125
    ],
    [
      917.625,
      238.875
    ],
    [
      780.125,
      232.625
    ],
    [
      328.875,
      212.625
    ],
    [
      311.375,
      218.875
    ],
    [
      350.125,
      240.125
    ],
    [
      613.875,
      300.125
    ],
    [
      495.125,
      293.875
    ],
    [
      267.625,
      273.875
    ],
    [
      478.875,
      302.625
    ],
    [
      620.125,
      322.625
    ],
    [
      343.875,
      317.625
    ],
    [
      583.875,
      340.125
    ],
    [
      536.375,
      335.125
    ],
    [
      502.625,
      355.125
    ],
    [
      612.625,
      372.625
    ],
    [
      640.125,
      402.625
    ],
    [
      657.625,
      413.875
    ],
    [
      700.125,
      425.125
    ],
    [
      671.375,
      440.125
    ],
    [
      727.625,
      458.875
    ],
    [
      458.875,
      437.625
    ],
    [
      836.375,
      481.375
    ],
    [
      637.625,
      470.125
    ],
    [
      820.125,
      493.875
    ]
  ],
  "mpts3D": [
    [
      0.24300000071525574,
      -0.10400000214576721,
      0.0
    ],
    [
      0.20600000023841858,
      -0.07000000029802322,
      -0.0020000000949949026
    ],
    [
      0.20600000023841858,
      -0.054999999701976776,
      -0.0020000000949949026
    ],
    [
      0.23000000417232513,
      -0.0,
      0.11299999803304672
    ],
    [
      0.21699999272823334,
      0.0,
      0.07000000029802322
    ],
    [
      0.21699999272823334,
      -0.0,
      -0.027000000700354576
    ],
    [
      0.23000000417232513,
      0.0,
      -0.07000000029802322
    ],
    [
      0.21699999272823334,
      -0.0,
      -0.07000000029802322
    ],
    [
      0.17000000178813934,
      -0.0,
      -0.014999999664723873
    ],
    [
      -0.0,
      -0.0,
      0.15600000321865082
    ],
    [
      -0.014000000432133675,
      0.0,
      0.15600000321865082
    ],
    [
      -0.01899999938905239,
      -0.0,
      0.12800000607967377
    ],
    [
      0.02500000037252903,
      -0.014000000432133675,
      -0.010999999940395355
    ],
    [
      0.0,
      0.0,
      0.041999999433755875
    ],
    [
      -0.07400000095367432,
      -0.0,
      0.12800000607967377
    ],
    [
      -0.014000000432133675,
      0.0,
      0.041999999433755875
    ],
    [
      0.02500000037252903,
      0.0,
      -0.014999999664723873
    ],
    [
      -0.07400000095367432,
      -0.0,
      0.07400000095367432
    ],
    [
      0.0,
      -0.0,
      -0.014999999664723873
    ],
    [
      -0.03500000014901161,
      -0.017999999225139618,
      -0.009999999776482582
    ],
    [
      -0.05700000002980232,
      -0.017999999225139618,
      -0.009999999776482582
    ],
    [
      -0.014000000432133675,
      0.0,
      -0.041999999433755875
    ],
    [
      -0.023000000044703484,
      0.0,
      -0.06499999761581421
    ],
    [
      -0.023000000044703484,
      -0.0,
      -0.07500000298023224
    ],
    [
      -0.017000000923871994,
      -0.0,
      -0.09200000017881393
    ],
    [
      -0.03700000047683716,
      -0.0,
      -0.09700000286102295
    ],
    [
      -0.028999999165534973,
      -0.0,
      -0.12700000405311584
    ],
    [
      -0.09000000357627869,
      -0.0,
      -0.014999999664723873
    ],
    [
      0.0,
      0.0,
      -0.15600000321865082
    ],
    [
      -0.052000001072883606,
      -0.0,
      -0.09700000286102295
    ],
    [
      -0.014000000432133675,
      0.0,
      -0.15600000321865082
    ]
  ],
  "mconf": [
    0.8222277760505676,
    0.9985043406486511,
    0.9898287653923035,
    0.7269567847251892,
    0.9967331886291504,
    0.9961290955543518,
    0.8319023251533508,
    0.992493748664856,
    0.9576361775398254,
    0.9966056942939758,
    0.9995129704475403,
    0.9992842078208923,
    0.9564499258995056,
    0.8106544613838196,
    0.999289333820343,
    0.9960176944732666,
    0.9638160467147827,
    0.999682605266571,
    0.9740865230560303,
    0.9733216166496277,
    0.9957765936851501,
    0.9947981834411621,
    0.9986879825592041,
    0.9997334480285645,
    0.999863862991333,
    0.9997810125350952,
    0.9998043179512024,
    0.9939365983009338,
    0.9817357063293457,
    0.9999284148216248,
    0.9988978505134583
  ],
  "coverage_score": 0.7474594241169754,
  "pose_estimation_failed": false,
  "tracking_method": "loosely_coupled",
  "kf_translation_vector": [
    -0.007196803892854577,
    -0.01687776614493875,
    0.6806220998053539
  ],
  "kf_quaternion": [
    0.45202670709097775,
    -0.47062646050009954,
    -0.1331050355561073,
    0.7459662460616051
  ],
  "kf_rotation_matrix": [
    [
      0.5215875683735113,
      -0.22688773100811252,
      -0.8224769699123484
    ],
    [
      -0.6240551858308558,
      0.5559098111721896,
      -0.5491078280994695
    ],
    [
      0.5818088462337296,
      0.7996788351335122,
      0.1483651815072713
    ]
  ],
  "position_diff": 0.043761541953220205,
  "orientation_diff": 24.20060764379893,
  "timestamp": 1741869630.4421978,
  "image_file": "webcam_000174"
}