{
  "frame": 26,
  "object_rotation_in_cam": [
    [
      0.6808478768881995,
      -0.12826360868471182,
      -0.7211065214127567
    ],
    [
      -0.5041122047783579,
      0.632171793219293,
      -0.5884128727784655
    ],
    [
      0.5313351612027329,
      0.7641382535543414,
      0.36575357267508274
    ]
  ],
  "object_translation_in_cam": [
    0.03794090244729799,
    -0.03604685327773785,
    0.6723334251070328
  ],
  "raw_rvec": [
    0.8803736321085731,
    -0.8152125355275206,
    -0.2446393243285457
  ],
  "refined_raw_rvec": [
    0.8803736321085731,
    -0.8152125355275206,
    -0.2446393243285457
  ],
  "num_inliers": 16,
  "total_matches": 27,
  "inlier_ratio": 0.5925925925925926,
  "reprojection_errors": [
    2.0431907176971436,
    3.9124045372009277,
    3.571161985397339,
    1.7440680265426636,
    2.0338587760925293,
    1.7493456602096558,
    2.0779500007629395,
    2.671173334121704,
    2.655789852142334,
    2.5855236053466797,
    3.962348461151123,
    1.7743635177612305,
    3.1400327682495117,
    2.1610236167907715,
    3.901912212371826,
    1.1634291410446167
  ],
  "mean_reprojection_error": 2.571723461151123,
  "std_reprojection_error": 0.8588216304779053,
  "inliers": [
    6,
    7,
    9,
    10,
    11,
    12,
    13,
    14,
    15,
    16,
    17,
    18,
    19,
    20,
    24,
    26
  ],
  "mkpts0": [
    [
      745.125,
      201.375
    ],
    [
      805.125,
      212.625
    ],
    [
      793.875,
      220.125
    ],
    [
      705.125,
      223.875
    ],
    [
      425.125,
      242.625
    ],
    [
      413.875,
      248.875
    ],
    [
      436.375,
      260.125
    ],
    [
      478.875,
      281.375
    ],
    [
      590.125,
      283.875
    ],
    [
      522.625,
      286.375
    ],
    [
      386.375,
      288.875
    ],
    [
      511.375,
      292.625
    ],
    [
      597.625,
      297.625
    ],
    [
      430.125,
      311.375
    ],
    [
      575.125,
      312.625
    ],
    [
      540.125,
      313.875
    ],
    [
      518.875,
      327.625
    ],
    [
      586.375,
      330.125
    ],
    [
      470.125,
      338.875
    ],
    [
      602.625,
      347.625
    ],
    [
      611.375,
      352.625
    ],
    [
      636.375,
      357.625
    ],
    [
      617.625,
      368.875
    ],
    [
      650.125,
      376.375
    ],
    [
      715.125,
      383.875
    ],
    [
      595.125,
      388.875
    ],
    [
      702.625,
      391.375
    ]
  ],
  "mkpts1": [
    [
      986.375,
      78.875
    ],
    [
      1087.625,
      120.125
    ],
    [
      1073.875,
      130.125
    ],
    [
      992.625,
      153.875
    ],
    [
      440.125,
      80.125
    ],
    [
      422.625,
      88.875
    ],
    [
      463.875,
      120.125
    ],
    [
      545.125,
      176.375
    ],
    [
      741.375,
      221.375
    ],
    [
      618.875,
      202.625
    ],
    [
      378.875,
      170.125
    ],
    [
      598.875,
      212.625
    ],
    [
      747.625,
      243.875
    ],
    [
      460.125,
      233.875
    ],
    [
      708.875,
      268.875
    ],
    [
      660.125,
      276.375
    ],
    [
      625.125,
      301.375
    ],
    [
      736.375,
      315.125
    ],
    [
      538.875,
      316.375
    ],
    [
      765.125,
      357.625
    ],
    [
      782.625,
      372.625
    ],
    [
      825.125,
      388.875
    ],
    [
      796.375,
      407.625
    ],
    [
      851.375,
      435.125
    ],
    [
      961.375,
      465.125
    ],
    [
      760.125,
      446.375
    ],
    [
      945.125,
      480.125
    ]
  ],
  "mpts3D": [
    [
      0.21699999272823334,
      -0.0,
      -0.027000000700354576
    ],
    [
      0.23000000417232513,
      0.0,
      -0.07000000029802322
    ],
    [
      0.21699999272823334,
      -0.0,
      -0.07000000029802322
    ],
    [
      0.17000000178813934,
      -0.0,
      -0.014999999664723873
    ],
    [
      -0.0,
      -0.0,
      0.15600000321865082
    ],
    [
      -0.014000000432133675,
      0.0,
      0.15600000321865082
    ],
    [
      -0.01899999938905239,
      -0.0,
      0.12800000607967377
    ],
    [
      -0.01899999938905239,
      -0.0,
      0.07400000095367432
    ],
    [
      0.02500000037252903,
      -0.014000000432133675,
      -0.010999999940395355
    ],
    [
      0.0,
      0.0,
      0.041999999433755875
    ],
    [
      -0.07400000095367432,
      -0.0,
      0.12800000607967377
    ],
    [
      -0.014000000432133675,
      0.0,
      0.041999999433755875
    ],
    [
      0.02500000037252903,
      0.0,
      -0.014999999664723873
    ],
    [
      -0.07400000095367432,
      -0.0,
      0.07400000095367432
    ],
    [
      0.0,
      -0.0,
      -0.014999999664723873
    ],
    [
      -0.03500000014901161,
      -0.017999999225139618,
      -0.009999999776482582
    ],
    [
      -0.05700000002980232,
      -0.017999999225139618,
      -0.009999999776482582
    ],
    [
      -0.014000000432133675,
      0.0,
      -0.041999999433755875
    ],
    [
      -0.10000000149011612,
      -0.029999999329447746,
      0.0
    ],
    [
      -0.023000000044703484,
      0.0,
      -0.06499999761581421
    ],
    [
      -0.023000000044703484,
      -0.0,
      -0.07500000298023224
    ],
    [
      -0.017000000923871994,
      -0.0,
      -0.09200000017881393
    ],
    [
      -0.03700000047683716,
      -0.0,
      -0.09700000286102295
    ],
    [
      -0.028999999165534973,
      -0.0,
      -0.12700000405311584
    ],
    [
      0.0,
      0.0,
      -0.15600000321865082
    ],
    [
      -0.052000001072883606,
      -0.0,
      -0.09700000286102295
    ],
    [
      -0.014000000432133675,
      0.0,
      -0.15600000321865082
    ]
  ],
  "mconf": [
    0.9648638367652893,
    0.690405547618866,
    0.9835247993469238,
    0.21873359382152557,
    0.8885689973831177,
    0.9860956072807312,
    0.996253252029419,
    0.9970993399620056,
    0.9818027019500732,
    0.9018768072128296,
    0.9947807788848877,
    0.9874866604804993,
    0.9457937479019165,
    0.9979121685028076,
    0.9753555655479431,
    0.9980712532997131,
    0.9994579553604126,
    0.997397780418396,
    0.9972269535064697,
    0.9985582232475281,
    0.9971694946289062,
    0.9996089339256287,
    0.9990796446800232,
    0.9994143843650818,
    0.5274299383163452,
    0.9991143941879272,
    0.9981894493103027
  ],
  "coverage_score": 0.6625056054120886,
  "pose_estimation_failed": false,
  "tracking_method": "loosely_coupled",
  "kf_translation_vector": [
    0.0325328100312271,
    -0.038730510145394935,
    0.7580891440093411
  ],
  "kf_quaternion": [
    0.40052766272028123,
    -0.43138669243679933,
    -0.20532944252461097,
    0.781871429978612
  ],
  "kf_rotation_matrix": [
    [
      0.5434906832419415,
      -0.02448215761383049,
      -0.8390581035826895
    ],
    [
      -0.6666470569875458,
      0.5948348228567222,
      -0.4491694946530274
    ],
    [
      0.5100976167745265,
      0.8034750509353628,
      0.30696622596853385
    ]
  ],
  "position_diff": 0.09591298147406503,
  "orientation_diff": 12.244320163932374,
  "timestamp": 1741869977.9994256,
  "image_file": "webcam_000026"
}