{
  "frame": 135,
  "object_rotation_in_cam": [
    [
      0.6561009986023134,
      -0.15494943062801697,
      -0.7385947153758281
    ],
    [
      -0.4967023041838465,
      0.6481680733828241,
      -0.5772044435602134
    ],
    [
      0.5681710135615023,
      0.7455661088027347,
      0.34829998098369735
    ]
  ],
  "object_translation_in_cam": [
    0.028300146125928433,
    -0.00840116157213177,
    0.6912243547319622
  ],
  "raw_rvec": [
    0.8664988250554787,
    -0.8560146479858088,
    -0.22386986379948282
  ],
  "refined_raw_rvec": [
    0.8664988250554787,
    -0.8560146479858088,
    -0.22386986379948282
  ],
  "num_inliers": 14,
  "total_matches": 29,
  "inlier_ratio": 0.4827586206896552,
  "reprojection_errors": [
    1.0934796333312988,
    4.896135330200195,
    2.9363739490509033,
    1.6412956714630127,
    3.1315231323242188,
    0.5224546194076538,
    3.6958072185516357,
    1.2058202028274536,
    3.2200281620025635,
    2.212334394454956,
    3.7653510570526123,
    2.877171754837036,
    1.002394199371338,
    1.745263934135437
  ],
  "mean_reprojection_error": 2.424673557281494,
  "std_reprojection_error": 1.2288060188293457,
  "inliers": [
    0,
    1,
    5,
    10,
    13,
    14,
    15,
    16,
    17,
    19,
    20,
    22,
    23,
    28
  ],
  "mkpts0": [
    [
      727.625,
      126.375
    ],
    [
      727.625,
      143.875
    ],
    [
      656.375,
      171.375
    ],
    [
      356.375,
      195.125
    ],
    [
      745.125,
      201.375
    ],
    [
      793.875,
      220.125
    ],
    [
      705.125,
      223.875
    ],
    [
      835.125,
      225.125
    ],
    [
      425.125,
      242.625
    ],
    [
      413.875,
      248.875
    ],
    [
      436.375,
      260.125
    ],
    [
      478.875,
      281.375
    ],
    [
      590.125,
      283.875
    ],
    [
      522.625,
      286.375
    ],
    [
      386.375,
      288.875
    ],
    [
      511.375,
      292.625
    ],
    [
      597.625,
      297.625
    ],
    [
      430.125,
      311.375
    ],
    [
      575.125,
      312.625
    ],
    [
      540.125,
      313.875
    ],
    [
      518.875,
      327.625
    ],
    [
      586.375,
      330.125
    ],
    [
      602.625,
      347.625
    ],
    [
      611.375,
      352.625
    ],
    [
      636.375,
      357.625
    ],
    [
      617.625,
      368.875
    ],
    [
      650.125,
      376.375
    ],
    [
      595.125,
      388.875
    ],
    [
      702.625,
      391.375
    ]
  ],
  "mkpts1": [
    [
      953.875,
      20.125
    ],
    [
      945.125,
      43.875
    ],
    [
      792.625,
      48.875
    ],
    [
      301.375,
      27.625
    ],
    [
      940.125,
      137.625
    ],
    [
      1023.875,
      188.875
    ],
    [
      875.125,
      167.625
    ],
    [
      1036.375,
      178.875
    ],
    [
      418.875,
      141.375
    ],
    [
      401.375,
      150.125
    ],
    [
      443.875,
      182.625
    ],
    [
      523.875,
      237.625
    ],
    [
      715.125,
      281.375
    ],
    [
      596.375,
      262.625
    ],
    [
      361.375,
      232.625
    ],
    [
      576.375,
      273.875
    ],
    [
      720.125,
      302.625
    ],
    [
      443.875,
      295.125
    ],
    [
      683.875,
      328.875
    ],
    [
      640.125,
      337.625
    ],
    [
      608.875,
      363.875
    ],
    [
      712.625,
      373.875
    ],
    [
      742.625,
      416.375
    ],
    [
      758.875,
      431.375
    ],
    [
      801.375,
      447.625
    ],
    [
      772.625,
      465.125
    ],
    [
      826.375,
      491.375
    ],
    [
      740.125,
      503.875
    ],
    [
      916.375,
      533.875
    ]
  ],
  "mpts3D": [
    [
      0.20600000023841858,
      -0.07000000029802322,
      -0.0020000000949949026
    ],
    [
      0.20600000023841858,
      -0.054999999701976776,
      -0.0020000000949949026
    ],
    [
      0.21699999272823334,
      0.0,
      0.07000000029802322
    ],
    [
      -0.0,
      -0.02500000037252903,
      0.23999999463558197
    ],
    [
      0.21699999272823334,
      -0.0,
      -0.027000000700354576
    ],
    [
      0.21699999272823334,
      -0.0,
      -0.07000000029802322
    ],
    [
      0.17000000178813934,
      -0.0,
      -0.014999999664723873
    ],
    [
      0.23000000417232513,
      -0.0,
      -0.11299999803304672
    ],
    [
      -0.0,
      -0.0,
      0.15600000321865082
    ],
    [
      -0.014000000432133675,
      0.0,
      0.15600000321865082
    ],
    [
      -0.01899999938905239,
      -0.0,
      0.12800000607967377
    ],
    [
      -0.01899999938905239,
      -0.0,
      0.07400000095367432
    ],
    [
      0.02500000037252903,
      -0.014000000432133675,
      -0.010999999940395355
    ],
    [
      0.0,
      0.0,
      0.041999999433755875
    ],
    [
      -0.07400000095367432,
      -0.0,
      0.12800000607967377
    ],
    [
      -0.014000000432133675,
      0.0,
      0.041999999433755875
    ],
    [
      0.02500000037252903,
      0.0,
      -0.014999999664723873
    ],
    [
      -0.07400000095367432,
      -0.0,
      0.07400000095367432
    ],
    [
      0.0,
      -0.0,
      -0.014999999664723873
    ],
    [
      -0.03500000014901161,
      -0.017999999225139618,
      -0.009999999776482582
    ],
    [
      -0.05700000002980232,
      -0.017999999225139618,
      -0.009999999776482582
    ],
    [
      -0.014000000432133675,
      0.0,
      -0.041999999433755875
    ],
    [
      -0.023000000044703484,
      0.0,
      -0.06499999761581421
    ],
    [
      -0.023000000044703484,
      -0.0,
      -0.07500000298023224
    ],
    [
      -0.017000000923871994,
      -0.0,
      -0.09200000017881393
    ],
    [
      -0.03700000047683716,
      -0.0,
      -0.09700000286102295
    ],
    [
      -0.028999999165534973,
      -0.0,
      -0.12700000405311584
    ],
    [
      -0.052000001072883606,
      -0.0,
      -0.09700000286102295
    ],
    [
      -0.014000000432133675,
      0.0,
      -0.15600000321865082
    ]
  ],
  "mconf": [
    0.46420660614967346,
    0.3494946360588074,
    0.842084527015686,
    0.7970109581947327,
    0.9669173359870911,
    0.3340117633342743,
    0.9184060096740723,
    0.13761527836322784,
    0.9230874180793762,
    0.9951692819595337,
    0.9976965188980103,
    0.9902555346488953,
    0.871576726436615,
    0.46642807126045227,
    0.9895383715629578,
    0.7058345675468445,
    0.9448204636573792,
    0.9969757199287415,
    0.9584352970123291,
    0.9931945204734802,
    0.9986578226089478,
    0.9974976181983948,
    0.9935965538024902,
    0.9923746585845947,
    0.9988653659820557,
    0.9951711297035217,
    0.9976812601089478,
    0.9990476965904236,
    0.3867430090904236
  ],
  "coverage_score": 0.7883106100537457,
  "pose_estimation_failed": false,
  "tracking_method": "loosely_coupled",
  "kf_translation_vector": [
    0.007602517643517243,
    -0.04513770909789609,
    0.8112351617329066
  ],
  "kf_quaternion": [
    0.42009381176487803,
    -0.43087643849671176,
    -0.12432170241031909,
    0.7889301606448095
  ],
  "kf_rotation_matrix": [
    [
      0.5977792181163789,
      -0.16585476958709885,
      -0.7843163913838479
    ],
    [
      -0.5581793322039358,
      0.6161306072533106,
      -0.5557147720782984
    ],
    [
      0.5754092799812488,
      0.7699839415279239,
      0.2757333681304892
    ]
  ],
  "position_diff": 0.1288578414648834,
  "orientation_diff": 5.224849156401795,
  "timestamp": 1741869954.4648283,
  "image_file": "webcam_000135"
}