{
  "frame": 62,
  "object_rotation_in_cam": [
    [
      0.6803744371150913,
      -0.13245197658426744,
      -0.7207961564958871
    ],
    [
      -0.5307073769379004,
      0.5892350115230577,
      -0.6092222757410595
    ],
    [
      0.5054110261796987,
      0.7970311004561508,
      0.33060719823022794
    ]
  ],
  "object_translation_in_cam": [
    0.009002258804767406,
    -0.020341798236864175,
    0.720034614793947
  ],
  "raw_rvec": [
    0.9331655858427278,
    -0.8136900243968238,
    -0.26427544301512146
  ],
  "refined_raw_rvec": [
    0.9331655858427278,
    -0.8136900243968238,
    -0.26427544301512146
  ],
  "num_inliers": 15,
  "total_matches": 28,
  "inlier_ratio": 0.5357142857142857,
  "reprojection_errors": [
    1.1335723400115967,
    1.4928005933761597,
    3.5253684520721436,
    2.9656496047973633,
    2.4994261264801025,
    1.404242992401123,
    1.5163218975067139,
    2.1597254276275635,
    2.712833881378174,
    1.1077455282211304,
    2.401183605194092,
    1.5367940664291382,
    0.9605523943901062,
    3.690056562423706,
    1.853078842163086
  ],
  "mean_reprojection_error": 2.0639569759368896,
  "std_reprojection_error": 0.8448951244354248,
  "inliers": [
    2,
    5,
    10,
    12,
    13,
    14,
    15,
    16,
    17,
    18,
    19,
    21,
    22,
    23,
    27
  ],
  "mkpts0": [
    [
      727.625,
      143.875
    ],
    [
      656.375,
      171.375
    ],
    [
      745.125,
      201.375
    ],
    [
      805.125,
      212.625
    ],
    [
      793.875,
      220.125
    ],
    [
      705.125,
      223.875
    ],
    [
      835.125,
      225.125
    ],
    [
      425.125,
      242.625
    ],
    [
      413.875,
      248.875
    ],
    [
      436.375,
      260.125
    ],
    [
      478.875,
      281.375
    ],
    [
      590.125,
      283.875
    ],
    [
      522.625,
      286.375
    ],
    [
      386.375,
      288.875
    ],
    [
      511.375,
      292.625
    ],
    [
      597.625,
      297.625
    ],
    [
      430.125,
      311.375
    ],
    [
      575.125,
      312.625
    ],
    [
      540.125,
      313.875
    ],
    [
      518.875,
      327.625
    ],
    [
      586.375,
      330.125
    ],
    [
      602.625,
      347.625
    ],
    [
      611.375,
      352.625
    ],
    [
      636.375,
      357.625
    ],
    [
      617.625,
      368.875
    ],
    [
      650.125,
      376.375
    ],
    [
      595.125,
      388.875
    ],
    [
      702.625,
      391.375
    ]
  ],
  "mkpts1": [
    [
      917.625,
      22.625
    ],
    [
      816.375,
      33.875
    ],
    [
      918.875,
      115.125
    ],
    [
      1012.625,
      156.375
    ],
    [
      997.625,
      166.375
    ],
    [
      850.125,
      145.125
    ],
    [
      1062.625,
      185.125
    ],
    [
      398.875,
      121.375
    ],
    [
      380.125,
      130.125
    ],
    [
      417.625,
      161.375
    ],
    [
      491.375,
      215.125
    ],
    [
      673.875,
      260.125
    ],
    [
      561.375,
      240.125
    ],
    [
      335.125,
      210.125
    ],
    [
      541.375,
      251.375
    ],
    [
      680.125,
      280.125
    ],
    [
      408.875,
      272.625
    ],
    [
      642.625,
      306.375
    ],
    [
      592.625,
      315.125
    ],
    [
      558.875,
      341.375
    ],
    [
      665.125,
      351.375
    ],
    [
      690.125,
      393.875
    ],
    [
      705.125,
      408.875
    ],
    [
      745.125,
      423.875
    ],
    [
      715.125,
      443.875
    ],
    [
      765.125,
      467.625
    ],
    [
      680.125,
      478.875
    ],
    [
      852.625,
      511.375
    ]
  ],
  "mpts3D": [
    [
      0.20600000023841858,
      -0.054999999701976776,
      -0.0020000000949949026
    ],
    [
      0.21699999272823334,
      0.0,
      0.07000000029802322
    ],
    [
      0.21699999272823334,
      -0.0,
      -0.027000000700354576
    ],
    [
      0.23000000417232513,
      0.0,
      -0.07000000029802322
    ],
    [
      0.21699999272823334,
      -0.0,
      -0.07000000029802322
    ],
    [
      0.17000000178813934,
      -0.0,
      -0.014999999664723873
    ],
    [
      0.23000000417232513,
      -0.0,
      -0.11299999803304672
    ],
    [
      -0.0,
      -0.0,
      0.15600000321865082
    ],
    [
      -0.014000000432133675,
      0.0,
      0.15600000321865082
    ],
    [
      -0.01899999938905239,
      -0.0,
      0.12800000607967377
    ],
    [
      -0.01899999938905239,
      -0.0,
      0.07400000095367432
    ],
    [
      0.02500000037252903,
      -0.014000000432133675,
      -0.010999999940395355
    ],
    [
      0.0,
      0.0,
      0.041999999433755875
    ],
    [
      -0.07400000095367432,
      -0.0,
      0.12800000607967377
    ],
    [
      -0.014000000432133675,
      0.0,
      0.041999999433755875
    ],
    [
      0.02500000037252903,
      0.0,
      -0.014999999664723873
    ],
    [
      -0.07400000095367432,
      -0.0,
      0.07400000095367432
    ],
    [
      0.0,
      -0.0,
      -0.014999999664723873
    ],
    [
      -0.03500000014901161,
      -0.017999999225139618,
      -0.009999999776482582
    ],
    [
      -0.05700000002980232,
      -0.017999999225139618,
      -0.009999999776482582
    ],
    [
      -0.014000000432133675,
      0.0,
      -0.041999999433755875
    ],
    [
      -0.023000000044703484,
      0.0,
      -0.06499999761581421
    ],
    [
      -0.023000000044703484,
      -0.0,
      -0.07500000298023224
    ],
    [
      -0.017000000923871994,
      -0.0,
      -0.09200000017881393
    ],
    [
      -0.03700000047683716,
      -0.0,
      -0.09700000286102295
    ],
    [
      -0.028999999165534973,
      -0.0,
      -0.12700000405311584
    ],
    [
      -0.052000001072883606,
      -0.0,
      -0.09700000286102295
    ],
    [
      -0.014000000432133675,
      0.0,
      -0.15600000321865082
    ]
  ],
  "mconf": [
    0.781248927116394,
    0.3089768886566162,
    0.9876295924186707,
    0.9058142900466919,
    0.994096577167511,
    0.5685951709747314,
    0.2447167932987213,
    0.955725908279419,
    0.9949898719787598,
    0.9974347949028015,
    0.9656227231025696,
    0.9529878497123718,
    0.9467942714691162,
    0.9941256642341614,
    0.9879077672958374,
    0.8693491220474243,
    0.998295783996582,
    0.9411824345588684,
    0.9912214279174805,
    0.9979661107063293,
    0.9989376664161682,
    0.998710036277771,
    0.9947437047958374,
    0.9996816515922546,
    0.9997040033340454,
    0.9994680285453796,
    0.9995575547218323,
    0.29605233669281006
  ],
  "coverage_score": 0.7631174549747612,
  "pose_estimation_failed": false,
  "tracking_method": "loosely_coupled",
  "kf_translation_vector": [
    -0.010314819316954039,
    -0.01545631087479272,
    0.6475312323771698
  ],
  "kf_quaternion": [
    0.45372551040589243,
    -0.5186914683152043,
    -0.08515038093762939,
    0.7196122112152534
  ],
  "kf_rotation_matrix": [
    [
      0.4474171466463881,
      -0.3481365945842984,
      -0.8237832290099456
    ],
    [
      -0.593237610233693,
      0.573765147666178,
      -0.5646792834236316
    ],
    [
      0.6692436288012173,
      0.7413463878881834,
      0.0501846438078597
    ]
  ],
  "position_diff": 0.07739824667890473,
  "orientation_diff": 19.36958324938969,
  "timestamp": 1741869679.1171548,
  "image_file": "webcam_000062"
}