{
  "frame": 124,
  "object_rotation_in_cam": [
    [
      0.6169351697401776,
      -0.21730002414741884,
      -0.7564203169159257
    ],
    [
      -0.5366244422669972,
      0.5869116902497047,
      -0.606274587798193
    ],
    [
      0.575695409308857,
      0.7799457464168684,
      0.24547795898398242
    ]
  ],
  "object_translation_in_cam": [
    -0.0017498336658552604,
    -0.036437948979578735,
    0.6857788420667005
  ],
  "raw_rvec": [
    0.956120139741341,
    -0.918802475243505,
    -0.2202481811437249
  ],
  "refined_raw_rvec": [
    0.956120139741341,
    -0.918802475243505,
    -0.2202481811437249
  ],
  "num_inliers": 13,
  "total_matches": 26,
  "inlier_ratio": 0.5,
  "reprojection_errors": [
    1.3424063920974731,
    2.3778326511383057,
    2.350985050201416,
    3.0725209712982178,
    2.4135901927948,
    2.007779359817505,
    1.7874773740768433,
    2.749457836151123,
    0.49146267771720886,
    2.511791467666626,
    2.8766026496887207,
    1.7801592350006104,
    3.177497625350952
  ],
  "mean_reprojection_error": 2.2261202335357666,
  "std_reprojection_error": 0.7180545926094055,
  "inliers": [
    0,
    2,
    6,
    9,
    10,
    12,
    13,
    15,
    16,
    17,
    19,
    20,
    25
  ],
  "mkpts0": [
    [
      745.125,
      201.375
    ],
    [
      793.875,
      220.125
    ],
    [
      705.125,
      223.875
    ],
    [
      835.125,
      225.125
    ],
    [
      425.125,
      242.625
    ],
    [
      413.875,
      248.875
    ],
    [
      436.375,
      260.125
    ],
    [
      478.875,
      281.375
    ],
    [
      590.125,
      283.875
    ],
    [
      522.625,
      286.375
    ],
    [
      386.375,
      288.875
    ],
    [
      350.125,
      290.125
    ],
    [
      511.375,
      292.625
    ],
    [
      597.625,
      297.625
    ],
    [
      430.125,
      311.375
    ],
    [
      575.125,
      312.625
    ],
    [
      540.125,
      313.875
    ],
    [
      518.875,
      327.625
    ],
    [
      586.375,
      330.125
    ],
    [
      602.625,
      347.625
    ],
    [
      611.375,
      352.625
    ],
    [
      636.375,
      357.625
    ],
    [
      617.625,
      368.875
    ],
    [
      650.125,
      376.375
    ],
    [
      595.125,
      388.875
    ],
    [
      702.625,
      391.375
    ]
  ],
  "mkpts1": [
    [
      882.625,
      78.875
    ],
    [
      965.125,
      132.625
    ],
    [
      816.375,
      107.625
    ],
    [
      977.625,
      122.625
    ],
    [
      351.375,
      71.375
    ],
    [
      332.625,
      80.125
    ],
    [
      376.375,
      113.875
    ],
    [
      460.125,
      173.875
    ],
    [
      653.875,
      222.625
    ],
    [
      532.625,
      201.375
    ],
    [
      290.125,
      165.125
    ],
    [
      225.125,
      146.375
    ],
    [
      513.875,
      211.375
    ],
    [
      658.875,
      242.625
    ],
    [
      376.375,
      231.375
    ],
    [
      622.625,
      270.125
    ],
    [
      577.625,
      278.875
    ],
    [
      543.875,
      305.125
    ],
    [
      650.125,
      316.375
    ],
    [
      680.125,
      360.125
    ],
    [
      697.625,
      376.375
    ],
    [
      736.375,
      390.125
    ],
    [
      711.375,
      411.375
    ],
    [
      763.875,
      437.625
    ],
    [
      677.625,
      450.125
    ],
    [
      851.375,
      481.375
    ]
  ],
  "mpts3D": [
    [
      0.21699999272823334,
      -0.0,
      -0.027000000700354576
    ],
    [
      0.21699999272823334,
      -0.0,
      -0.07000000029802322
    ],
    [
      0.17000000178813934,
      -0.0,
      -0.014999999664723873
    ],
    [
      0.23000000417232513,
      -0.0,
      -0.11299999803304672
    ],
    [
      -0.0,
      -0.0,
      0.15600000321865082
    ],
    [
      -0.014000000432133675,
      0.0,
      0.15600000321865082
    ],
    [
      -0.01899999938905239,
      -0.0,
      0.12800000607967377
    ],
    [
      -0.01899999938905239,
      -0.0,
      0.07400000095367432
    ],
    [
      0.02500000037252903,
      -0.014000000432133675,
      -0.010999999940395355
    ],
    [
      0.0,
      0.0,
      0.041999999433755875
    ],
    [
      -0.07400000095367432,
      -0.0,
      0.12800000607967377
    ],
    [
      -0.07999999821186066,
      -0.0,
      0.15600000321865082
    ],
    [
      -0.014000000432133675,
      0.0,
      0.041999999433755875
    ],
    [
      0.02500000037252903,
      0.0,
      -0.014999999664723873
    ],
    [
      -0.07400000095367432,
      -0.0,
      0.07400000095367432
    ],
    [
      0.0,
      -0.0,
      -0.014999999664723873
    ],
    [
      -0.03500000014901161,
      -0.017999999225139618,
      -0.009999999776482582
    ],
    [
      -0.05700000002980232,
      -0.017999999225139618,
      -0.009999999776482582
    ],
    [
      -0.014000000432133675,
      0.0,
      -0.041999999433755875
    ],
    [
      -0.023000000044703484,
      0.0,
      -0.06499999761581421
    ],
    [
      -0.023000000044703484,
      -0.0,
      -0.07500000298023224
    ],
    [
      -0.017000000923871994,
      -0.0,
      -0.09200000017881393
    ],
    [
      -0.03700000047683716,
      -0.0,
      -0.09700000286102295
    ],
    [
      -0.028999999165534973,
      -0.0,
      -0.12700000405311584
    ],
    [
      -0.052000001072883606,
      -0.0,
      -0.09700000286102295
    ],
    [
      -0.014000000432133675,
      0.0,
      -0.15600000321865082
    ]
  ],
  "mconf": [
    0.9840625524520874,
    0.4155804216861725,
    0.6510696411132812,
    0.13596421480178833,
    0.8404294848442078,
    0.993242621421814,
    0.996340811252594,
    0.9963328242301941,
    0.8043699264526367,
    0.8712661862373352,
    0.9935871958732605,
    0.5224536061286926,
    0.9805862307548523,
    0.9422170519828796,
    0.9986866116523743,
    0.9767988324165344,
    0.9889886379241943,
    0.998191237449646,
    0.9987967610359192,
    0.9967884421348572,
    0.9934349060058594,
    0.9995532035827637,
    0.9994982481002808,
    0.9969284534454346,
    0.9991167187690735,
    0.1604972779750824
  ],
  "coverage_score": 0.769742378465751,
  "pose_estimation_failed": false,
  "tracking_method": "loosely_coupled",
  "kf_translation_vector": [
    0.00200277924284045,
    -0.0450876168338349,
    0.7863385720461036
  ],
  "kf_quaternion": [
    0.42171205790218497,
    -0.42977016788717004,
    -0.12068633543120817,
    0.7892346618429299
  ],
  "kf_rotation_matrix": [
    [
      0.6014648224688393,
      -0.171978845583108,
      -0.7801687919959561
    ],
    [
      -0.552978202115556,
      0.6151874973201802,
      -0.5619247735471188
    ],
    [
      0.5765892604944833,
      0.7693943201069494,
      0.2749130860282758
    ]
  ],
  "position_diff": 0.10149553360896243,
  "orientation_diff": 3.340132138646191,
  "timestamp": 1741869952.9838398,
  "image_file": "webcam_000124"
}