{
  "frame": 112,
  "object_rotation_in_cam": [
    [
      0.8408818409537664,
      -0.13996942995633843,
      -0.522806166979601
    ],
    [
      -0.0935201677421463,
      0.9138713929402793,
      -0.3950861366725925
    ],
    [
      0.533077581389131,
      0.3811136783731218,
      0.7553678947223155
    ]
  ],
  "object_translation_in_cam": [
    -0.002802789242609776,
    0.011693191491956087,
    0.6077802025325177
  ],
  "raw_rvec": [
    0.4232572858118642,
    -0.5757673228008771,
    0.025328514992733756
  ],
  "refined_raw_rvec": [
    0.4232572858118642,
    -0.5757673228008771,
    0.025328514992733756
  ],
  "num_inliers": 9,
  "total_matches": 27,
  "inlier_ratio": 0.3333333333333333,
  "reprojection_errors": [
    0.4016636908054352,
    0.7984338998794556,
    3.837125778198242,
    1.039241909980774,
    1.8102202415466309,
    1.9041557312011719,
    2.6575818061828613,
    3.5489823818206787,
    3.786506414413452
  ],
  "mean_reprojection_error": 2.1982126235961914,
  "std_reprojection_error": 1.2477314472198486,
  "inliers": [
    0,
    1,
    7,
    11,
    13,
    17,
    20,
    21,
    26
  ],
  "mkpts0": [
    [
      727.625,
      126.375
    ],
    [
      727.625,
      143.875
    ],
    [
      356.375,
      195.125
    ],
    [
      745.125,
      201.375
    ],
    [
      705.125,
      223.875
    ],
    [
      425.125,
      242.625
    ],
    [
      413.875,
      248.875
    ],
    [
      436.375,
      260.125
    ],
    [
      478.875,
      281.375
    ],
    [
      590.125,
      283.875
    ],
    [
      522.625,
      286.375
    ],
    [
      386.375,
      288.875
    ],
    [
      350.125,
      290.125
    ],
    [
      430.125,
      311.375
    ],
    [
      575.125,
      312.625
    ],
    [
      540.125,
      313.875
    ],
    [
      518.875,
      327.625
    ],
    [
      586.375,
      330.125
    ],
    [
      470.125,
      338.875
    ],
    [
      602.625,
      347.625
    ],
    [
      611.375,
      352.625
    ],
    [
      636.375,
      357.625
    ],
    [
      617.625,
      368.875
    ],
    [
      650.125,
      376.375
    ],
    [
      715.125,
      383.875
    ],
    [
      595.125,
      388.875
    ],
    [
      702.625,
      391.375
    ]
  ],
  "mkpts1": [
    [
      992.625,
      177.625
    ],
    [
      983.875,
      207.625
    ],
    [
      348.875,
      146.375
    ],
    [
      988.875,
      326.375
    ],
    [
      922.625,
      346.375
    ],
    [
      397.625,
      218.875
    ],
    [
      393.875,
      231.375
    ],
    [
      420.125,
      252.625
    ],
    [
      471.375,
      288.875
    ],
    [
      661.375,
      340.125
    ],
    [
      518.875,
      300.125
    ],
    [
      312.625,
      258.875
    ],
    [
      262.625,
      258.875
    ],
    [
      361.375,
      302.625
    ],
    [
      611.375,
      372.625
    ],
    [
      543.875,
      342.625
    ],
    [
      495.125,
      348.875
    ],
    [
      623.875,
      402.625
    ],
    [
      390.125,
      328.875
    ],
    [
      635.125,
      431.375
    ],
    [
      650.125,
      443.875
    ],
    [
      693.875,
      465.125
    ],
    [
      647.625,
      468.875
    ],
    [
      706.375,
      500.125
    ],
    [
      830.125,
      553.875
    ],
    [
      590.125,
      485.125
    ],
    [
      805.125,
      557.625
    ]
  ],
  "mpts3D": [
    [
      0.20600000023841858,
      -0.07000000029802322,
      -0.0020000000949949026
    ],
    [
      0.20600000023841858,
      -0.054999999701976776,
      -0.0020000000949949026
    ],
    [
      -0.0,
      -0.02500000037252903,
      0.23999999463558197
    ],
    [
      0.21699999272823334,
      -0.0,
      -0.027000000700354576
    ],
    [
      0.17000000178813934,
      -0.0,
      -0.014999999664723873
    ],
    [
      -0.0,
      -0.0,
      0.15600000321865082
    ],
    [
      -0.014000000432133675,
      0.0,
      0.15600000321865082
    ],
    [
      -0.01899999938905239,
      -0.0,
      0.12800000607967377
    ],
    [
      -0.01899999938905239,
      -0.0,
      0.07400000095367432
    ],
    [
      0.02500000037252903,
      -0.014000000432133675,
      -0.010999999940395355
    ],
    [
      0.0,
      0.0,
      0.041999999433755875
    ],
    [
      -0.07400000095367432,
      -0.0,
      0.12800000607967377
    ],
    [
      -0.07999999821186066,
      -0.0,
      0.15600000321865082
    ],
    [
      -0.07400000095367432,
      -0.0,
      0.07400000095367432
    ],
    [
      0.0,
      -0.0,
      -0.014999999664723873
    ],
    [
      -0.03500000014901161,
      -0.017999999225139618,
      -0.009999999776482582
    ],
    [
      -0.05700000002980232,
      -0.017999999225139618,
      -0.009999999776482582
    ],
    [
      -0.014000000432133675,
      0.0,
      -0.041999999433755875
    ],
    [
      -0.10000000149011612,
      -0.029999999329447746,
      0.0
    ],
    [
      -0.023000000044703484,
      0.0,
      -0.06499999761581421
    ],
    [
      -0.023000000044703484,
      -0.0,
      -0.07500000298023224
    ],
    [
      -0.017000000923871994,
      -0.0,
      -0.09200000017881393
    ],
    [
      -0.03700000047683716,
      -0.0,
      -0.09700000286102295
    ],
    [
      -0.028999999165534973,
      -0.0,
      -0.12700000405311584
    ],
    [
      0.0,
      0.0,
      -0.15600000321865082
    ],
    [
      -0.052000001072883606,
      -0.0,
      -0.09700000286102295
    ],
    [
      -0.014000000432133675,
      0.0,
      -0.15600000321865082
    ]
  ],
  "mconf": [
    0.5870977640151978,
    0.48449113965034485,
    0.978611409664154,
    0.3763554096221924,
    0.17722776532173157,
    0.4516869783401489,
    0.987907350063324,
    0.9347987174987793,
    0.511252224445343,
    0.5984931588172913,
    0.19983232021331787,
    0.9837930798530579,
    0.11857237666845322,
    0.9924249649047852,
    0.611480712890625,
    0.7976093292236328,
    0.923289954662323,
    0.8070968389511108,
    0.7778761982917786,
    0.9314653873443604,
    0.7927230596542358,
    0.9814983606338501,
    0.9004788994789124,
    0.9944199919700623,
    0.1305578202009201,
    0.9846917986869812,
    0.9367294311523438
  ],
  "coverage_score": 0.7652465283787413,
  "pose_estimation_failed": false,
  "tracking_method": "loosely_coupled",
  "kf_translation_vector": [
    -0.02120421841772528,
    -0.011820383391871386,
    0.65379572050793
  ],
  "kf_quaternion": [
    0.4497347575704214,
    -0.4719710200702636,
    -0.13013333162535654,
    0.7470256488548396
  ],
  "kf_rotation_matrix": [
    [
      0.5206173444278397,
      -0.23009767159298106,
      -0.8221998797180603
    ],
    [
      -0.618949417573277,
      0.5616079276663185,
      -0.5490884756285133
    ],
    [
      0.5880979503166164,
      0.7947651207179589,
      0.14996400809381827
    ]
  ],
  "position_diff": 0.057798585595676064,
  "orientation_diff": 44.84934725789784,
  "timestamp": 1741869622.1104996,
  "image_file": "webcam_000112"
}