{
  "frame": 8,
  "object_rotation_in_cam": [
    [
      0.48322552451933265,
      -0.3031661023892137,
      -0.8213302665889943
    ],
    [
      -0.6124229396509158,
      0.5533544999320009,
      -0.5645679236321667
    ],
    [
      0.6256446558889053,
      0.7758151273126465,
      0.08172914284706143
    ]
  ],
  "object_translation_in_cam": [
    -0.005095682856120281,
    -0.060841118997938474,
    0.7008219263609692
  ],
  "raw_rvec": [
    1.0148434870671075,
    -1.0955473325263563,
    -0.23414746023891087
  ],
  "refined_raw_rvec": [
    1.0148434870671075,
    -1.0955473325263563,
    -0.23414746023891087
  ],
  "num_inliers": 13,
  "total_matches": 27,
  "inlier_ratio": 0.48148148148148145,
  "reprojection_errors": [
    1.2525904178619385,
    2.186445713043213,
    4.288808345794678,
    3.0507476329803467,
    2.1463544368743896,
    0.45972681045532227,
    0.4480275511741638,
    3.862860918045044,
    2.6093270778656006,
    1.9061744213104248,
    1.2429224252700806,
    2.720811367034912,
    2.9846277236938477
  ],
  "mean_reprojection_error": 2.243032693862915,
  "std_reprojection_error": 1.1396117210388184,
  "inliers": [
    3,
    6,
    7,
    8,
    9,
    10,
    12,
    13,
    14,
    15,
    16,
    17,
    18
  ],
  "mkpts0": [
    [
      656.375,
      171.375
    ],
    [
      745.125,
      201.375
    ],
    [
      793.875,
      220.125
    ],
    [
      705.125,
      223.875
    ],
    [
      425.125,
      242.625
    ],
    [
      413.875,
      248.875
    ],
    [
      436.375,
      260.125
    ],
    [
      478.875,
      281.375
    ],
    [
      590.125,
      283.875
    ],
    [
      522.625,
      286.375
    ],
    [
      386.375,
      288.875
    ],
    [
      350.125,
      290.125
    ],
    [
      511.375,
      292.625
    ],
    [
      597.625,
      297.625
    ],
    [
      430.125,
      311.375
    ],
    [
      575.125,
      312.625
    ],
    [
      540.125,
      313.875
    ],
    [
      518.875,
      327.625
    ],
    [
      586.375,
      330.125
    ],
    [
      602.625,
      347.625
    ],
    [
      611.375,
      352.625
    ],
    [
      636.375,
      357.625
    ],
    [
      617.625,
      368.875
    ],
    [
      650.125,
      376.375
    ],
    [
      715.125,
      383.875
    ],
    [
      595.125,
      388.875
    ],
    [
      702.625,
      391.375
    ]
  ],
  "mkpts1": [
    [
      682.625,
      30.125
    ],
    [
      822.625,
      12.625
    ],
    [
      905.125,
      63.875
    ],
    [
      765.125,
      45.125
    ],
    [
      316.375,
      31.375
    ],
    [
      298.875,
      41.375
    ],
    [
      351.375,
      75.125
    ],
    [
      446.375,
      132.625
    ],
    [
      643.875,
      168.875
    ],
    [
      522.625,
      155.125
    ],
    [
      278.875,
      133.875
    ],
    [
      205.125,
      120.125
    ],
    [
      506.375,
      168.875
    ],
    [
      647.625,
      188.875
    ],
    [
      377.625,
      198.875
    ],
    [
      620.125,
      221.375
    ],
    [
      586.375,
      233.875
    ],
    [
      560.125,
      262.625
    ],
    [
      655.125,
      266.375
    ],
    [
      691.375,
      310.125
    ],
    [
      710.125,
      322.625
    ],
    [
      750.125,
      335.125
    ],
    [
      727.625,
      357.625
    ],
    [
      780.125,
      378.875
    ],
    [
      876.375,
      397.625
    ],
    [
      705.125,
      398.875
    ],
    [
      866.375,
      415.125
    ]
  ],
  "mpts3D": [
    [
      0.21699999272823334,
      0.0,
      0.07000000029802322
    ],
    [
      0.21699999272823334,
      -0.0,
      -0.027000000700354576
    ],
    [
      0.21699999272823334,
      -0.0,
      -0.07000000029802322
    ],
    [
      0.17000000178813934,
      -0.0,
      -0.014999999664723873
    ],
    [
      -0.0,
      -0.0,
      0.15600000321865082
    ],
    [
      -0.014000000432133675,
      0.0,
      0.15600000321865082
    ],
    [
      -0.01899999938905239,
      -0.0,
      0.12800000607967377
    ],
    [
      -0.01899999938905239,
      -0.0,
      0.07400000095367432
    ],
    [
      0.02500000037252903,
      -0.014000000432133675,
      -0.010999999940395355
    ],
    [
      0.0,
      0.0,
      0.041999999433755875
    ],
    [
      -0.07400000095367432,
      -0.0,
      0.12800000607967377
    ],
    [
      -0.07999999821186066,
      -0.0,
      0.15600000321865082
    ],
    [
      -0.014000000432133675,
      0.0,
      0.041999999433755875
    ],
    [
      0.02500000037252903,
      0.0,
      -0.014999999664723873
    ],
    [
      -0.07400000095367432,
      -0.0,
      0.07400000095367432
    ],
    [
      0.0,
      -0.0,
      -0.014999999664723873
    ],
    [
      -0.03500000014901161,
      -0.017999999225139618,
      -0.009999999776482582
    ],
    [
      -0.05700000002980232,
      -0.017999999225139618,
      -0.009999999776482582
    ],
    [
      -0.014000000432133675,
      0.0,
      -0.041999999433755875
    ],
    [
      -0.023000000044703484,
      0.0,
      -0.06499999761581421
    ],
    [
      -0.023000000044703484,
      -0.0,
      -0.07500000298023224
    ],
    [
      -0.017000000923871994,
      -0.0,
      -0.09200000017881393
    ],
    [
      -0.03700000047683716,
      -0.0,
      -0.09700000286102295
    ],
    [
      -0.028999999165534973,
      -0.0,
      -0.12700000405311584
    ],
    [
      0.0,
      0.0,
      -0.15600000321865082
    ],
    [
      -0.052000001072883606,
      -0.0,
      -0.09700000286102295
    ],
    [
      -0.014000000432133675,
      0.0,
      -0.15600000321865082
    ]
  ],
  "mconf": [
    0.1265173703432083,
    0.6177593469619751,
    0.8151636719703674,
    0.6439779996871948,
    0.9543132185935974,
    0.9908325672149658,
    0.9928808212280273,
    0.9983040690422058,
    0.9216949343681335,
    0.8866803646087646,
    0.9935910105705261,
    0.3122773766517639,
    0.9858517646789551,
    0.9888949394226074,
    0.9986426830291748,
    0.9947625994682312,
    0.9927956461906433,
    0.9989248514175415,
    0.9977763295173645,
    0.9983645677566528,
    0.9989669322967529,
    0.9998803734779358,
    0.9995279908180237,
    0.9993148446083069,
    0.9799730777740479,
    0.998444676399231,
    0.9997422695159912
  ],
  "coverage_score": 0.769742378465751,
  "pose_estimation_failed": false,
  "tracking_method": "loosely_coupled",
  "kf_translation_vector": [
    -0.009402632458925139,
    -0.09279666831763304,
    0.6751127158631957
  ],
  "kf_quaternion": [
    0.453141059119582,
    -0.4904783078028589,
    -0.1168461538128003,
    0.7351470509047716
  ],
  "kf_rotation_matrix": [
    [
      0.4915560118279989,
      -0.27271350897584473,
      -0.827042942813633
    ],
    [
      -0.6163099305160267,
      0.5620203137582778,
      -0.5516296189205013
    ],
    [
      0.6152517832425053,
      0.7808716341020007,
      0.10818842022965502
    ]
  ],
  "position_diff": 0.04138602018469981,
  "orientation_diff": 1.8776764169948392,
  "timestamp": 1741869608.1412995,
  "image_file": "webcam_000008"
}