{
  "frame": 121,
  "object_rotation_in_cam": [
    [
      0.8709151559505456,
      -0.08753456944020842,
      -0.48357469980195833
    ],
    [
      -0.0834784811783932,
      0.943356735911562,
      -0.3211065430514178
    ],
    [
      0.4842913733650285,
      0.320024636494131,
      0.8142764258659425
    ]
  ],
  "object_translation_in_cam": [
    0.0016828873339015404,
    0.020818088756386195,
    0.6350492040226282
  ],
  "raw_rvec": [
    0.342013644966702,
    -0.5163115039235625,
    0.002163734310525017
  ],
  "refined_raw_rvec": [
    0.342013644966702,
    -0.5163115039235625,
    0.002163734310525017
  ],
  "num_inliers": 10,
  "total_matches": 26,
  "inlier_ratio": 0.38461538461538464,
  "reprojection_errors": [
    1.6624138355255127,
    0.6660038232803345,
    2.226274013519287,
    2.5040249824523926,
    3.343791961669922,
    3.3563852310180664,
    0.6143399477005005,
    2.9120075702667236,
    2.2314059734344482,
    1.4665796756744385
  ],
  "mean_reprojection_error": 2.0983223915100098,
  "std_reprojection_error": 0.9400815963745117,
  "inliers": [
    1,
    2,
    15,
    16,
    17,
    18,
    19,
    20,
    22,
    23
  ],
  "mkpts0": [
    [
      751.375,
      76.375
    ],
    [
      727.625,
      126.375
    ],
    [
      727.625,
      143.875
    ],
    [
      356.375,
      195.125
    ],
    [
      425.125,
      242.625
    ],
    [
      413.875,
      248.875
    ],
    [
      436.375,
      260.125
    ],
    [
      478.875,
      281.375
    ],
    [
      590.125,
      283.875
    ],
    [
      386.375,
      288.875
    ],
    [
      350.125,
      290.125
    ],
    [
      511.375,
      292.625
    ],
    [
      597.625,
      297.625
    ],
    [
      430.125,
      311.375
    ],
    [
      575.125,
      312.625
    ],
    [
      540.125,
      313.875
    ],
    [
      518.875,
      327.625
    ],
    [
      586.375,
      330.125
    ],
    [
      470.125,
      338.875
    ],
    [
      602.625,
      347.625
    ],
    [
      611.375,
      352.625
    ],
    [
      636.375,
      357.625
    ],
    [
      617.625,
      368.875
    ],
    [
      650.125,
      376.375
    ],
    [
      595.125,
      388.875
    ],
    [
      702.625,
      391.375
    ]
  ],
  "mkpts1": [
    [
      1057.625,
      135.125
    ],
    [
      996.375,
      201.375
    ],
    [
      987.625,
      231.375
    ],
    [
      355.125,
      156.375
    ],
    [
      420.125,
      240.125
    ],
    [
      398.875,
      240.125
    ],
    [
      425.125,
      261.375
    ],
    [
      476.375,
      298.875
    ],
    [
      665.125,
      352.625
    ],
    [
      318.875,
      263.875
    ],
    [
      263.875,
      258.875
    ],
    [
      515.125,
      325.125
    ],
    [
      667.625,
      381.375
    ],
    [
      366.375,
      307.625
    ],
    [
      615.125,
      383.875
    ],
    [
      548.875,
      351.375
    ],
    [
      500.125,
      356.375
    ],
    [
      627.625,
      412.625
    ],
    [
      395.125,
      333.875
    ],
    [
      638.875,
      440.125
    ],
    [
      652.625,
      452.625
    ],
    [
      696.375,
      473.875
    ],
    [
      651.375,
      477.625
    ],
    [
      710.125,
      508.875
    ],
    [
      592.625,
      490.125
    ],
    [
      807.625,
      567.625
    ]
  ],
  "mpts3D": [
    [
      0.24300000071525574,
      -0.10400000214576721,
      0.0
    ],
    [
      0.20600000023841858,
      -0.07000000029802322,
      -0.0020000000949949026
    ],
    [
      0.20600000023841858,
      -0.054999999701976776,
      -0.0020000000949949026
    ],
    [
      -0.0,
      -0.02500000037252903,
      0.23999999463558197
    ],
    [
      -0.0,
      -0.0,
      0.15600000321865082
    ],
    [
      -0.014000000432133675,
      0.0,
      0.15600000321865082
    ],
    [
      -0.01899999938905239,
      -0.0,
      0.12800000607967377
    ],
    [
      -0.01899999938905239,
      -0.0,
      0.07400000095367432
    ],
    [
      0.02500000037252903,
      -0.014000000432133675,
      -0.010999999940395355
    ],
    [
      -0.07400000095367432,
      -0.0,
      0.12800000607967377
    ],
    [
      -0.07999999821186066,
      -0.0,
      0.15600000321865082
    ],
    [
      -0.014000000432133675,
      0.0,
      0.041999999433755875
    ],
    [
      0.02500000037252903,
      0.0,
      -0.014999999664723873
    ],
    [
      -0.07400000095367432,
      -0.0,
      0.07400000095367432
    ],
    [
      0.0,
      -0.0,
      -0.014999999664723873
    ],
    [
      -0.03500000014901161,
      -0.017999999225139618,
      -0.009999999776482582
    ],
    [
      -0.05700000002980232,
      -0.017999999225139618,
      -0.009999999776482582
    ],
    [
      -0.014000000432133675,
      0.0,
      -0.041999999433755875
    ],
    [
      -0.10000000149011612,
      -0.029999999329447746,
      0.0
    ],
    [
      -0.023000000044703484,
      0.0,
      -0.06499999761581421
    ],
    [
      -0.023000000044703484,
      -0.0,
      -0.07500000298023224
    ],
    [
      -0.017000000923871994,
      -0.0,
      -0.09200000017881393
    ],
    [
      -0.03700000047683716,
      -0.0,
      -0.09700000286102295
    ],
    [
      -0.028999999165534973,
      -0.0,
      -0.12700000405311584
    ],
    [
      -0.052000001072883606,
      -0.0,
      -0.09700000286102295
    ],
    [
      -0.014000000432133675,
      0.0,
      -0.15600000321865082
    ]
  ],
  "mconf": [
    0.35657399892807007,
    0.9483540058135986,
    0.6535542011260986,
    0.9918567538261414,
    0.6519080400466919,
    0.9943757653236389,
    0.9871256351470947,
    0.9779272079467773,
    0.7380205988883972,
    0.9896525144577026,
    0.148036926984787,
    0.6172434687614441,
    0.22800695896148682,
    0.9909276962280273,
    0.2469380646944046,
    0.6103810667991638,
    0.843512773513794,
    0.8417872190475464,
    0.8698068857192993,
    0.9508119225502014,
    0.6101673245429993,
    0.9605854749679565,
    0.940475344657898,
    0.9949911236763,
    0.987140417098999,
    0.8164932727813721
  ],
  "coverage_score": 0.38210225325431013,
  "pose_estimation_failed": false,
  "tracking_method": "loosely_coupled",
  "kf_translation_vector": [
    -0.017289070158993083,
    -0.005939520971263517,
    0.6526638231771158
  ],
  "kf_quaternion": [
    0.44978279408180377,
    -0.47132525948920523,
    -0.13175295476170595,
    0.7471205370132445
  ],
  "kf_rotation_matrix": [
    [
      0.5209873173579864,
      -0.22711730763947688,
      -0.8227939861974709
    ],
    [
      -0.6208586608980667,
      0.5606731941190511,
      -0.5478869341243685
    ],
    [
      0.5857531377124565,
      0.7962809164904908,
      0.1510958758307981
    ]
  ],
  "position_diff": 0.03931503875795384,
  "orientation_diff": 49.84119684358313,
  "timestamp": 1741869623.3183985,
  "image_file": "webcam_000121"
}