{
  "frame": 137,
  "object_rotation_in_cam": [
    [
      0.6229838126539433,
      -0.17672130167866337,
      -0.762010991196423
    ],
    [
      -0.5185927519329053,
      0.6359887917002494,
      -0.571471621757645
    ],
    [
      0.5856216584227503,
      0.7511909466737838,
      0.30456433609589273
    ]
  ],
  "object_translation_in_cam": [
    0.023934327367745447,
    -0.012089018525617556,
    0.6939978761465643
  ],
  "raw_rvec": [
    0.8858069735154283,
    -0.9025298116551523,
    -0.2289564412790292
  ],
  "refined_raw_rvec": [
    0.8858069735154283,
    -0.9025298116551523,
    -0.2289564412790292
  ],
  "num_inliers": 13,
  "total_matches": 31,
  "inlier_ratio": 0.41935483870967744,
  "reprojection_errors": [
    2.8309266567230225,
    2.0328173637390137,
    2.2754948139190674,
    1.188031792640686,
    2.697314739227295,
    3.516423225402832,
    2.3373594284057617,
    0.8037849068641663,
    1.7192057371139526,
    2.673968553543091,
    0.8134376406669617,
    3.479766607284546,
    4.350301742553711
  ],
  "mean_reprojection_error": 2.3629872798919678,
  "std_reprojection_error": 1.0265324115753174,
  "inliers": [
    2,
    7,
    10,
    14,
    17,
    18,
    20,
    21,
    22,
    24,
    25,
    26,
    30
  ],
  "mkpts0": [
    [
      727.625,
      126.375
    ],
    [
      727.625,
      143.875
    ],
    [
      656.375,
      171.375
    ],
    [
      356.375,
      195.125
    ],
    [
      745.125,
      201.375
    ],
    [
      805.125,
      212.625
    ],
    [
      793.875,
      220.125
    ],
    [
      705.125,
      223.875
    ],
    [
      835.125,
      225.125
    ],
    [
      425.125,
      242.625
    ],
    [
      413.875,
      248.875
    ],
    [
      436.375,
      260.125
    ],
    [
      478.875,
      281.375
    ],
    [
      590.125,
      283.875
    ],
    [
      522.625,
      286.375
    ],
    [
      386.375,
      288.875
    ],
    [
      350.125,
      290.125
    ],
    [
      511.375,
      292.625
    ],
    [
      597.625,
      297.625
    ],
    [
      430.125,
      311.375
    ],
    [
      575.125,
      312.625
    ],
    [
      540.125,
      313.875
    ],
    [
      518.875,
      327.625
    ],
    [
      586.375,
      330.125
    ],
    [
      602.625,
      347.625
    ],
    [
      611.375,
      352.625
    ],
    [
      636.375,
      357.625
    ],
    [
      617.625,
      368.875
    ],
    [
      650.125,
      376.375
    ],
    [
      595.125,
      388.875
    ],
    [
      702.625,
      391.375
    ]
  ],
  "mkpts1": [
    [
      940.125,
      23.875
    ],
    [
      936.375,
      36.375
    ],
    [
      785.125,
      42.625
    ],
    [
      292.625,
      20.125
    ],
    [
      932.625,
      131.375
    ],
    [
      1028.875,
      171.375
    ],
    [
      1016.375,
      181.375
    ],
    [
      867.625,
      160.125
    ],
    [
      1081.375,
      200.125
    ],
    [
      411.375,
      133.875
    ],
    [
      395.125,
      142.625
    ],
    [
      437.625,
      175.125
    ],
    [
      500.125,
      230.125
    ],
    [
      708.875,
      275.125
    ],
    [
      588.875,
      255.125
    ],
    [
      355.125,
      225.125
    ],
    [
      292.625,
      208.875
    ],
    [
      571.375,
      266.375
    ],
    [
      713.875,
      295.125
    ],
    [
      437.625,
      287.625
    ],
    [
      677.625,
      320.125
    ],
    [
      633.875,
      330.125
    ],
    [
      601.375,
      355.125
    ],
    [
      706.375,
      365.125
    ],
    [
      735.125,
      407.625
    ],
    [
      752.625,
      422.625
    ],
    [
      793.875,
      437.625
    ],
    [
      766.375,
      456.375
    ],
    [
      820.125,
      482.625
    ],
    [
      735.125,
      495.125
    ],
    [
      908.875,
      525.125
    ]
  ],
  "mpts3D": [
    [
      0.20600000023841858,
      -0.07000000029802322,
      -0.0020000000949949026
    ],
    [
      0.20600000023841858,
      -0.054999999701976776,
      -0.0020000000949949026
    ],
    [
      0.21699999272823334,
      0.0,
      0.07000000029802322
    ],
    [
      -0.0,
      -0.02500000037252903,
      0.23999999463558197
    ],
    [
      0.21699999272823334,
      -0.0,
      -0.027000000700354576
    ],
    [
      0.23000000417232513,
      0.0,
      -0.07000000029802322
    ],
    [
      0.21699999272823334,
      -0.0,
      -0.07000000029802322
    ],
    [
      0.17000000178813934,
      -0.0,
      -0.014999999664723873
    ],
    [
      0.23000000417232513,
      -0.0,
      -0.11299999803304672
    ],
    [
      -0.0,
      -0.0,
      0.15600000321865082
    ],
    [
      -0.014000000432133675,
      0.0,
      0.15600000321865082
    ],
    [
      -0.01899999938905239,
      -0.0,
      0.12800000607967377
    ],
    [
      -0.01899999938905239,
      -0.0,
      0.07400000095367432
    ],
    [
      0.02500000037252903,
      -0.014000000432133675,
      -0.010999999940395355
    ],
    [
      0.0,
      0.0,
      0.041999999433755875
    ],
    [
      -0.07400000095367432,
      -0.0,
      0.12800000607967377
    ],
    [
      -0.07999999821186066,
      -0.0,
      0.15600000321865082
    ],
    [
      -0.014000000432133675,
      0.0,
      0.041999999433755875
    ],
    [
      0.02500000037252903,
      0.0,
      -0.014999999664723873
    ],
    [
      -0.07400000095367432,
      -0.0,
      0.07400000095367432
    ],
    [
      0.0,
      -0.0,
      -0.014999999664723873
    ],
    [
      -0.03500000014901161,
      -0.017999999225139618,
      -0.009999999776482582
    ],
    [
      -0.05700000002980232,
      -0.017999999225139618,
      -0.009999999776482582
    ],
    [
      -0.014000000432133675,
      0.0,
      -0.041999999433755875
    ],
    [
      -0.023000000044703484,
      0.0,
      -0.06499999761581421
    ],
    [
      -0.023000000044703484,
      -0.0,
      -0.07500000298023224
    ],
    [
      -0.017000000923871994,
      -0.0,
      -0.09200000017881393
    ],
    [
      -0.03700000047683716,
      -0.0,
      -0.09700000286102295
    ],
    [
      -0.028999999165534973,
      -0.0,
      -0.12700000405311584
    ],
    [
      -0.052000001072883606,
      -0.0,
      -0.09700000286102295
    ],
    [
      -0.014000000432133675,
      0.0,
      -0.15600000321865082
    ]
  ],
  "mconf": [
    0.28320038318634033,
    0.41529154777526855,
    0.5160326957702637,
    0.19426196813583374,
    0.9940841794013977,
    0.6556369662284851,
    0.9838197827339172,
    0.21022585034370422,
    0.3349718451499939,
    0.822424054145813,
    0.9925195574760437,
    0.9966676235198975,
    0.5745404958724976,
    0.8842194676399231,
    0.100124292075634,
    0.9879149198532104,
    0.22231867909431458,
    0.2926604151725769,
    0.8633411526679993,
    0.9957919716835022,
    0.9034904837608337,
    0.9514369964599609,
    0.9919641017913818,
    0.9963878989219666,
    0.9951596856117249,
    0.9946994781494141,
    0.9990124702453613,
    0.9984565377235413,
    0.9969393014907837,
    0.998256504535675,
    0.28543344140052795
  ],
  "coverage_score": 0.8429078545765152,
  "pose_estimation_failed": false,
  "tracking_method": "loosely_coupled",
  "kf_translation_vector": [
    0.00883486592325055,
    -0.04471345096153404,
    0.8143880926455105
  ],
  "kf_quaternion": [
    0.41969163831006157,
    -0.43109545544264666,
    -0.12536469124357882,
    0.7888595129797927
  ],
  "kf_rotation_matrix": [
    [
      0.5968808049721984,
      -0.1640640573669497,
      -0.7853765273650817
    ],
    [
      -0.5596445744840364,
      0.6162852458440372,
      -0.5540671854617782
    ],
    [
      0.5749184767480711,
      0.7702437801340878,
      0.27603127405862704
    ]
  ],
  "position_diff": 0.12757535246637133,
  "orientation_diff": 2.8341037838888767,
  "timestamp": 1741869954.732601,