{
  "frame": 31,
  "object_rotation_in_cam": [
    [
      0.6190810758771157,
      -0.21749159974970758,
      -0.7546098498755142
    ],
    [
      -0.47546882894412235,
      0.6609569102915813,
      -0.5805732989384815
    ],
    [
      0.6250344104074094,
      0.7182154041623721,
      0.30577543889354913
    ]
  ],
  "object_translation_in_cam": [
    -0.014561327936216128,
    0.0159790063277621,
    0.72246443528732
  ],
  "raw_rvec": [
    0.8649600023388798,
    -0.9188077319675259,
    -0.17180622547349908
  ],
  "refined_raw_rvec": [
    0.8649600023388798,
    -0.9188077319675259,
    -0.17180622547349908
  ],
  "num_inliers": 13,
  "total_matches": 30,
  "inlier_ratio": 0.43333333333333335,
  "reprojection_errors": [
    2.0967538356781006,
    2.2239789962768555,
    1.6814913749694824,
    2.674186944961548,
    2.6423327922821045,
    1.40934157371521,
    2.0976967811584473,
    3.394324779510498,
    2.119840383529663,
    1.9165288209915161,
    1.1854053735733032,
    3.4712283611297607,
    2.0589711666107178
  ],
  "mean_reprojection_error": 2.2286217212677,
  "std_reprojection_error": 0.6506837010383606,
  "inliers": [
    0,
    7,
    9,
    15,
    16,
    17,
    18,
    19,
    20,
    23,
    24,
    25,
    29
  ],
  "mkpts0": [
    [
      751.375,
      76.375
    ],
    [
      727.625,
      126.375
    ],
    [
      727.625,
      143.875
    ],
    [
      636.375,
      157.625
    ],
    [
      663.875,
      165.125
    ],
    [
      656.375,
      171.375
    ],
    [
      356.375,
      195.125
    ],
    [
      745.125,
      201.375
    ],
    [
      793.875,
      220.125
    ],
    [
      705.125,
      223.875
    ],
    [
      835.125,
      225.125
    ],
    [
      425.125,
      242.625
    ],
    [
      413.875,
      248.875
    ],
    [
      436.375,
      260.125
    ],
    [
      590.125,
      283.875
    ],
    [
      386.375,
      288.875
    ],
    [
      511.375,
      292.625
    ],
    [
      597.625,
      297.625
    ],
    [
      430.125,
      311.375
    ],
    [
      575.125,
      312.625
    ],
    [
      540.125,
      313.875
    ],
    [
      518.875,
      327.625
    ],
    [
      586.375,
      330.125
    ],
    [
      602.625,
      347.625
    ],
    [
      611.375,
      352.625
    ],
    [
      636.375,
      357.625
    ],
    [
      617.625,
      368.875
    ],
    [
      650.125,
      376.375
    ],
    [
      595.125,
      388.875
    ],
    [
      702.625,
      391.375
    ]
  ],
  "mkpts1": [
    [
      900.125,
      17.625
    ],
    [
      853.875,
      91.375
    ],
    [
      846.375,
      113.875
    ],
    [
      675.125,
      82.625
    ],
    [
      717.625,
      108.875
    ],
    [
      706.375,
      117.625
    ],
    [
      226.375,
      86.375
    ],
    [
      845.125,
      203.875
    ],
    [
      923.875,
      253.875
    ],
    [
      783.875,
      230.125
    ],
    [
      983.875,
      272.625
    ],
    [
      341.375,
      197.625
    ],
    [
      323.875,
      205.125
    ],
    [
      363.875,
      236.375
    ],
    [
      625.125,
      335.125
    ],
    [
      282.625,
      282.625
    ],
    [
      491.375,
      325.125
    ],
    [
      630.125,
      355.125
    ],
    [
      360.125,
      343.875
    ],
    [
      595.125,
      380.125
    ],
    [
      550.125,
      386.375
    ],
    [
      518.875,
      410.125
    ],
    [
      620.125,
      422.625
    ],
    [
      647.625,
      463.875
    ],
    [
      663.875,
      477.625
    ],
    [
      702.625,
      492.625
    ],
    [
      675.125,
      511.375
    ],
    [
      727.625,
      536.375
    ],
    [
      643.875,
      547.625
    ],
    [
      812.625,
      578.875
    ]
  ],
  "mpts3D": [
    [
      0.24300000071525574,
      -0.10400000214576721,
      0.0
    ],
    [
      0.20600000023841858,
      -0.07000000029802322,
      -0.0020000000949949026
    ],
    [
      0.20600000023841858,
      -0.054999999701976776,
      -0.0020000000949949026
    ],
    [
      0.23000000417232513,
      -0.0,
      0.11299999803304672
    ],
    [
      0.23000000417232513,
      -0.0,
      0.07000000029802322
    ],
    [
      0.21699999272823334,
      0.0,
      0.07000000029802322
    ],
    [
      -0.0,
      -0.02500000037252903,
      0.23999999463558197
    ],
    [
      0.21699999272823334,
      -0.0,
      -0.027000000700354576
    ],
    [
      0.21699999272823334,
      -0.0,
      -0.07000000029802322
    ],
    [
      0.17000000178813934,
      -0.0,
      -0.014999999664723873
    ],
    [
      0.23000000417232513,
      -0.0,
      -0.11299999803304672
    ],
    [
      -0.0,
      -0.0,
      0.15600000321865082
    ],
    [
      -0.014000000432133675,
      0.0,
      0.15600000321865082
    ],
    [
      -0.01899999938905239,
      -0.0,
      0.12800000607967377
    ],
    [
      0.02500000037252903,
      -0.014000000432133675,
      -0.010999999940395355
    ],
    [
      -0.07400000095367432,
      -0.0,
      0.12800000607967377
    ],
    [
      -0.014000000432133675,
      0.0,
      0.041999999433755875
    ],
    [
      0.02500000037252903,
      0.0,
      -0.014999999664723873
    ],
    [
      -0.07400000095367432,
      -0.0,
      0.07400000095367432
    ],
    [
      0.0,
      -0.0,
      -0.014999999664723873
    ],
    [
      -0.03500000014901161,
      -0.017999999225139618,
      -0.009999999776482582
    ],
    [
      -0.05700000002980232,
      -0.017999999225139618,
      -0.009999999776482582
    ],
    [
      -0.014000000432133675,
      0.0,
      -0.041999999433755875
    ],
    [
      -0.023000000044703484,
      0.0,
      -0.06499999761581421
    ],
    [
      -0.023000000044703484,
      -0.0,
      -0.07500000298023224
    ],
    [
      -0.017000000923871994,
      -0.0,
      -0.09200000017881393
    ],
    [
      -0.03700000047683716,
      -0.0,
      -0.09700000286102295
    ],
    [
      -0.028999999165534973,
      -0.0,
      -0.12700000405311584
    ],
    [
      -0.052000001072883606,
      -0.0,
      -0.09700000286102295
    ],
    [
      -0.014000000432133675,
      0.0,
      -0.15600000321865082
    ]
  ],
  "mconf": [
    0.9030266404151917,
    0.9665204286575317,
    0.7828115820884705,
    0.6283679008483887,
    0.7458844184875488,
    0.9397118091583252,
    0.5395509004592896,
    0.9935874342918396,
    0.9232410192489624,
    0.7349153161048889,
    0.1880379319190979,
    0.8262057304382324,
    0.9905188679695129,
    0.9912238121032715,
    0.9231133460998535,
    0.9874605536460876,
    0.27916863560676575,
    0.9633392691612244,
    0.9916191697120667,
    0.9867492914199829,
    0.9942620992660522,
    0.9975957870483398,
    0.998746931552887,
    0.9943211078643799,
    0.9939687848091125,
    0.9989876747131348,
    0.9990050792694092,
    0.9961486458778381,
    0.9979678392410278,
    0.48851221799850464
  ],
  "coverage_score": 0.769742378465751,
  "pose_estimation_failed": false,
  "tracking_method": "loosely_coupled",
  "kf_translation_vector": [
    0.01107934571264445,
    -0.0342263663689432,
    0.6727378195375935
  ],
  "kf_quaternion": [
    0.45968309185614253,
    -0.4127025628878805,
    -0.0977335430488496,
    0.7802667519576052
  ],
  "kf_rotation_matrix": [
    [
      0.6402494982977874,
      -0.2269083118664407,
      -0.7338890910317128
    ],
    [
      -0.5319412486345794,
      0.5582792192493917,
      -0.6366810986320972
    ],
    [
      0.5541832620447105,
      0.7980206334175901,
      0.23673609929470452
    ]
  ],
  "position_diff": 0.07532085644865825,
  "orientation_diff": 7.476579699330213,
  "timestamp": 1741869940.4959743,
  "image_file": "webcam_000031"
}