{
  "frame": 136,
  "object_rotation_in_cam": [
    [
      0.8201557605151388,
      -0.22829265457588235,
      -0.5246208081657944
    ],
    [
      -0.1784959034654879,
      0.7690820045374065,
      -0.6137198731854494
    ],
    [
      0.5435841617816635,
      0.5969885544660147,
      0.5900177326968273
    ]
  ],
  "object_translation_in_cam": [
    0.0024293751087246136,
    -0.004587995524444964,
    0.6244436942054339
  ],
  "raw_rvec": [
    0.7046807248908461,
    -0.6217380133503764,
    0.028983700673291805
  ],
  "refined_raw_rvec": [
    0.7046807248908461,
    -0.6217380133503764,
    0.028983700673291805
  ],
  "num_inliers": 9,
  "total_matches": 24,
  "inlier_ratio": 0.375,
  "reprojection_errors": [
    1.7474336624145508,
    0.3449656069278717,
    3.411099672317505,
    2.889808177947998,
    2.0639517307281494,
    1.9782559871673584,
    1.5353232622146606,
    2.005478858947754,
    0.5915307402610779
  ],
  "mean_reprojection_error": 1.840872049331665,
  "std_reprojection_error": 0.9166543483734131,
  "inliers": [
    6,
    8,
    10,
    11,
    12,
    13,
    14,
    15,
    16
  ],
  "mkpts0": [
    [
      727.625,
      126.375
    ],
    [
      727.625,
      143.875
    ],
    [
      356.375,
      195.125
    ],
    [
      425.125,
      242.625
    ],
    [
      413.875,
      248.875
    ],
    [
      436.375,
      260.125
    ],
    [
      478.875,
      281.375
    ],
    [
      590.125,
      283.875
    ],
    [
      386.375,
      288.875
    ],
    [
      430.125,
      311.375
    ],
    [
      575.125,
      312.625
    ],
    [
      540.125,
      313.875
    ],
    [
      518.875,
      327.625
    ],
    [
      586.375,
      330.125
    ],
    [
      470.125,
      338.875
    ],
    [
      602.625,
      347.625
    ],
    [
      611.375,
      352.625
    ],
    [
      636.375,
      357.625
    ],
    [
      650.125,
      376.375
    ],
    [
      496.375,
      377.625
    ],
    [
      715.125,
      383.875
    ],
    [
      516.375,
      388.875
    ],
    [
      595.125,
      388.875
    ],
    [
      702.625,
      391.375
    ]
  ],
  "mkpts1": [
    [
      1028.875,
      147.625
    ],
    [
      1015.125,
      175.125
    ],
    [
      362.625,
      18.875
    ],
    [
      428.875,
      133.875
    ],
    [
      406.375,
      133.875
    ],
    [
      433.875,
      165.125
    ],
    [
      490.125,
      223.875
    ],
    [
      678.875,
      308.875
    ],
    [
      323.875,
      172.625
    ],
    [
      376.375,
      237.625
    ],
    [
      626.375,
      341.375
    ],
    [
      563.875,
      316.375
    ],
    [
      515.125,
      325.125
    ],
    [
      637.625,
      385.125
    ],
    [
      410.125,
      301.375
    ],
    [
      651.375,
      427.625
    ],
    [
      663.875,
      445.125
    ],
    [
      706.375,
      472.625
    ],
    [
      717.625,
      521.375
    ],
    [
      432.625,
      397.625
    ],
    [
      837.625,
      591.375
    ],
    [
      460.125,
      435.125
    ],
    [
      605.125,
      498.875
    ],
    [
      811.375,
      598.875
    ]
  ],
  "mpts3D": [
    [
      0.20600000023841858,
      -0.07000000029802322,
      -0.0020000000949949026
    ],
    [
      0.20600000023841858,
      -0.054999999701976776,
      -0.0020000000949949026
    ],
    [
      -0.0,
      -0.02500000037252903,
      0.23999999463558197
    ],
    [
      -0.0,
      -0.0,
      0.15600000321865082
    ],
    [
      -0.014000000432133675,
      0.0,
      0.15600000321865082
    ],
    [
      -0.01899999938905239,
      -0.0,
      0.12800000607967377
    ],
    [
      -0.01899999938905239,
      -0.0,
      0.07400000095367432
    ],
    [
      0.02500000037252903,
      -0.014000000432133675,
      -0.010999999940395355
    ],
    [
      -0.07400000095367432,
      -0.0,
      0.12800000607967377
    ],
    [
      -0.07400000095367432,
      -0.0,
      0.07400000095367432
    ],
    [
      0.0,
      -0.0,
      -0.014999999664723873
    ],
    [
      -0.03500000014901161,
      -0.017999999225139618,
      -0.009999999776482582
    ],
    [
      -0.05700000002980232,
      -0.017999999225139618,
      -0.009999999776482582
    ],
    [
      -0.014000000432133675,
      0.0,
      -0.041999999433755875
    ],
    [
      -0.10000000149011612,
      -0.029999999329447746,
      0.0
    ],
    [
      -0.023000000044703484,
      0.0,
      -0.06499999761581421
    ],
    [
      -0.023000000044703484,
      -0.0,
      -0.07500000298023224
    ],
    [
      -0.017000000923871994,
      -0.0,
      -0.09200000017881393
    ],
    [
      -0.028999999165534973,
      -0.0,
      -0.12700000405311584
    ],
    [
      -0.09000000357627869,
      -0.0,
      -0.014999999664723873
    ],
    [
      0.0,
      0.0,
      -0.15600000321865082
    ],
    [
      -0.09000000357627869,
      -0.0,
      -0.041999999433755875
    ],
    [
      -0.052000001072883606,
      -0.0,
      -0.09700000286102295
    ],
    [
      -0.014000000432133675,
      0.0,
      -0.15600000321865082
    ]
  ],
  "mconf": [
    0.3618265390396118,
    0.12776592373847961,
    0.9966998100280762,
    0.9705626368522644,
    0.9994982481002808,
    0.9992728233337402,
    0.9971992373466492,
    0.3987729847431183,
    0.999051570892334,
    0.9979100227355957,
    0.880121648311615,
    0.43824076652526855,
    0.8289662599563599,
    0.993622362613678,
    0.931935727596283,
    0.9902153611183167,
    0.7991402745246887,
    0.9541071057319641,
    0.9274206757545471,
    0.9068259000778198,
    0.15757989883422852,
    0.321376234292984,
    0.6608046293258667,
    0.6448528170585632
  ],
  "coverage_score": 0.43156028428331555,
  "pose_estimation_failed": false,
  "tracking_method": "loosely_coupled",
  "kf_translation_vector": [
    -0.01078994213004693,
    -0.005403809930283041,
    0.6439690720295711
  ],
  "kf_quaternion": [
    0.4495386978363603,
    -0.47181058788628755,
    -0.13458752842994914,
    0.7464555750325018
  ],
  "kf_rotation_matrix": [
    [
      0.5185619326990267,
      -0.22326701275485694,
      -0.82537589192499
    ],
    [
      -0.6251214564603804,
      0.5596023126774143,
      -0.5441216925642114
    ],
    [
      0.583366682823336,
      0.7981209762069983,
      0.15061945661197051
    ]
  ],
  "position_diff": 0.024899298886677752,
  "orientation_diff": 33.48880252121121,
  "timestamp": 1741869625.3343494,
  "image_file": "webcam_000136"
}