{
  "frame": 73,
  "object_rotation_in_cam": [
    [
      0.6958994029599053,
      -0.12109305189133232,
      -0.707856266302482
    ],
    [
      -0.5270602536340394,
      0.5833839026658914,
      -0.6179568845393144
    ],
    [
      0.48778223624817374,
      0.8031187302597025,
      0.34215317491844777
    ]
  ],
  "object_translation_in_cam": [
    0.017615228621627097,
    -0.021883395259167195,
    0.7202703801982357
  ],
  "raw_rvec": [
    0.9380482147934166,
    -0.7892377795917214,
    -0.2679778647199461
  ],
  "refined_raw_rvec": [
    0.9380482147934166,
    -0.7892377795917214,
    -0.2679778647199461
  ],
  "num_inliers": 17,
  "total_matches": 29,
  "inlier_ratio": 0.5862068965517241,
  "reprojection_errors": [
    0.8373082280158997,
    1.2402745485305786,
    3.2207815647125244,
    3.665663003921509,
    3.2862956523895264,
    2.7631053924560547,
    0.1344461292028427,
    2.3084020614624023,
    2.569711923599243,
    3.243419647216797,
    2.3512277603149414,
    0.4712912142276764,
    1.0296512842178345,
    3.6995160579681396,
    0.6482666730880737,
    1.3253716230392456,
    2.1792609691619873
  ],
  "mean_reprojection_error": 2.057293653488159,
  "std_reprojection_error": 1.1485440731048584,
  "inliers": [
    3,
    6,
    9,
    10,
    11,
    12,
    13,
    14,
    15,
    16,
    17,
    18,
    19,
    20,
    21,
    22,
    28
  ],
  "mkpts0": [
    [
      727.625,
      143.875
    ],
    [
      663.875,
      165.125
    ],
    [
      656.375,
      171.375
    ],
    [
      745.125,
      201.375
    ],
    [
      805.125,
      212.625
    ],
    [
      793.875,
      220.125
    ],
    [
      705.125,
      223.875
    ],
    [
      425.125,
      242.625
    ],
    [
      413.875,
      248.875
    ],
    [
      436.375,
      260.125
    ],
    [
      478.875,
      281.375
    ],
    [
      590.125,
      283.875
    ],
    [
      522.625,
      286.375
    ],
    [
      386.375,
      288.875
    ],
    [
      511.375,
      292.625
    ],
    [
      597.625,
      297.625
    ],
    [
      430.125,
      311.375
    ],
    [
      575.125,
      312.625
    ],
    [
      540.125,
      313.875
    ],
    [
      518.875,
      327.625
    ],
    [
      586.375,
      330.125
    ],
    [
      602.625,
      347.625
    ],
    [
      611.375,
      352.625
    ],
    [
      636.375,
      357.625
    ],
    [
      617.625,
      368.875
    ],
    [
      650.125,
      376.375
    ],
    [
      715.125,
      383.875
    ],
    [
      595.125,
      388.875
    ],
    [
      702.625,
      391.375
    ]
  ],
  "mkpts1": [
    [
      942.625,
      18.875
    ],
    [
      868.875,
      30.125
    ],
    [
      853.875,
      37.625
    ],
    [
      942.625,
      112.625
    ],
    [
      1037.625,
      155.125
    ],
    [
      1022.625,
      166.375
    ],
    [
      871.375,
      141.375
    ],
    [
      418.875,
      115.125
    ],
    [
      400.125,
      122.625
    ],
    [
      437.625,
      155.125
    ],
    [
      511.375,
      211.375
    ],
    [
      693.875,
      257.625
    ],
    [
      580.125,
      236.375
    ],
    [
      352.625,
      203.875
    ],
    [
      558.875,
      246.375
    ],
    [
      698.875,
      277.625
    ],
    [
      426.375,
      266.375
    ],
    [
      660.125,
      302.625
    ],
    [
      610.125,
      312.625
    ],
    [
      576.375,
      337.625
    ],
    [
      682.625,
      348.875
    ],
    [
      706.375,
      392.625
    ],
    [
      722.625,
      407.625
    ],
    [
      761.375,
      421.375
    ],
    [
      731.375,
      441.375
    ],
    [
      781.375,
      466.375
    ],
    [
      885.125,
      497.625
    ],
    [
      693.875,
      478.875
    ],
    [
      867.625,
      511.375
    ]
  ],
  "mpts3D": [
    [
      0.20600000023841858,
      -0.054999999701976776,
      -0.0020000000949949026
    ],
    [
      0.23000000417232513,
      -0.0,
      0.07000000029802322
    ],
    [
      0.21699999272823334,
      0.0,
      0.07000000029802322
    ],
    [
      0.21699999272823334,
      -0.0,
      -0.027000000700354576
    ],
    [
      0.23000000417232513,
      0.0,
      -0.07000000029802322
    ],
    [
      0.21699999272823334,
      -0.0,
      -0.07000000029802322
    ],
    [
      0.17000000178813934,
      -0.0,
      -0.014999999664723873
    ],
    [
      -0.0,
      -0.0,
      0.15600000321865082
    ],
    [
      -0.014000000432133675,
      0.0,
      0.15600000321865082
    ],
    [
      -0.01899999938905239,
      -0.0,
      0.12800000607967377
    ],
    [
      -0.01899999938905239,
      -0.0,
      0.07400000095367432
    ],
    [
      0.02500000037252903,
      -0.014000000432133675,
      -0.010999999940395355
    ],
    [
      0.0,
      0.0,
      0.041999999433755875
    ],
    [
      -0.07400000095367432,
      -0.0,
      0.12800000607967377
    ],
    [
      -0.014000000432133675,
      0.0,
      0.041999999433755875
    ],
    [
      0.02500000037252903,
      0.0,
      -0.014999999664723873
    ],
    [
      -0.07400000095367432,
      -0.0,
      0.07400000095367432
    ],
    [
      0.0,
      -0.0,
      -0.014999999664723873
    ],
    [
      -0.03500000014901161,
      -0.017999999225139618,
      -0.009999999776482582
    ],
    [
      -0.05700000002980232,
      -0.017999999225139618,
      -0.009999999776482582
    ],
    [
      -0.014000000432133675,
      0.0,
      -0.041999999433755875
    ],
    [
      -0.023000000044703484,
      0.0,
      -0.06499999761581421
    ],
    [
      -0.023000000044703484,
      -0.0,
      -0.07500000298023224
    ],
    [
      -0.017000000923871994,
      -0.0,
      -0.09200000017881393
    ],
    [
      -0.03700000047683716,
      -0.0,
      -0.09700000286102295
    ],
    [
      -0.028999999165534973,
      -0.0,
      -0.12700000405311584
    ],
    [
      0.0,
      0.0,
      -0.15600000321865082
    ],
    [
      -0.052000001072883606,
      -0.0,
      -0.09700000286102295
    ],
    [
      -0.014000000432133675,
      0.0,
      -0.15600000321865082
    ]
  ],
  "mconf": [
    0.8716151118278503,
    0.11340825259685516,
    0.16064617037773132,
    0.9896268248558044,
    0.8665276169776917,
    0.9958637952804565,
    0.5835827589035034,
    0.9007672667503357,
    0.9925902485847473,
    0.9969722032546997,
    0.9716957807540894,
    0.8476420044898987,
    0.8054855465888977,
    0.9944252371788025,
    0.981338381767273,
    0.9254187941551208,
    0.9955795407295227,
    0.9731674790382385,
    0.9898375272750854,
    0.9980536699295044,
    0.99873948097229,
    0.9988780617713928,
    0.9913336634635925,
    0.9997536540031433,
    0.9997547268867493,
    0.9994559288024902,
    0.2117491513490677,
    0.9995287656784058,
    0.9050537347793579
  ],
  "coverage_score": 0.782798115178801,
  "pose_estimation_failed": false,
  "tracking_method": "loosely_coupled",
  "kf_translation_vector": [
    -0.01022787965700872,
    -0.01651828487960389,
    0.6492549412975159
  ],
  "kf_quaternion": [
    0.458081646195793,
    -0.5155266468722194,
    -0.08084806299864793,
    0.7196228682390556
  ],
  "kf_rotation_matrix": [
    [
      0.4553917341481053,
      -0.3559463601407292,
      -0.8160395561320223
    ],
    [
      -0.5886668200873648,
      0.5672495922558379,
      -0.5759333945985559
    ],
    [
      0.667899500971375,
      0.7426507178937836,
      0.048786963566476604
    ]
  ],
  "position_diff": 0.07949490290975508,
  "orientation_diff": 20.484978047685242,
  "timestamp": 1741869680.59717,
  "image_file": "webcam_000073"
}