{
  "frame": 10,
  "object_rotation_in_cam": [
    [
      0.6478750316442204,
      -0.16072840050309675,
      -0.7445967530440327
    ],
    [
      -0.49402219669781045,
      0.6553882676912259,
      -0.5713215274629198
    ],
    [
      0.5798275713881413,
      0.7379922762769338,
      0.34520629718143847
    ]
  ],
  "object_translation_in_cam": [
    0.022009029024491766,
    -0.016408577177341475,
    0.6836068719733523
  ],
  "raw_rvec": [
    0.8585446404270515,
    -0.8684529271321931,
    -0.21854776264728965
  ],
  "refined_raw_rvec": [
    0.8585446404270515,
    -0.8684529271321931,
    -0.21854776264728965
  ],
  "num_inliers": 15,
  "total_matches": 30,
  "inlier_ratio": 0.5,
  "reprojection_errors": [
    2.521756887435913,
    3.039419651031494,
    4.005916595458984,
    2.473238229751587,
    2.140056848526001,
    2.9014410972595215,
    1.7021453380584717,
    3.8192710876464844,
    2.3674204349517822,
    2.4910175800323486,
    3.6588945388793945,
    3.1795246601104736,
    0.7802032232284546,
    0.9334729909896851,
    2.0914480686187744
  ],
  "mean_reprojection_error": 2.540348529815674,
  "std_reprojection_error": 0.9166737198829651,
  "inliers": [
    1,
    2,
    7,
    10,
    13,
    14,
    15,
    16,
    18,
    19,
    20,
    21,
    22,
    23,
    24
  ],
  "mkpts0": [
    [
      727.625,
      143.875
    ],
    [
      663.875,
      165.125
    ],
    [
      656.375,
      171.375
    ],
    [
      356.375,
      195.125
    ],
    [
      745.125,
      201.375
    ],
    [
      805.125,
      212.625
    ],
    [
      793.875,
      220.125
    ],
    [
      705.125,
      223.875
    ],
    [
      425.125,
      242.625
    ],
    [
      413.875,
      248.875
    ],
    [
      436.375,
      260.125
    ],
    [
      478.875,
      281.375
    ],
    [
      590.125,
      283.875
    ],
    [
      522.625,
      286.375
    ],
    [
      386.375,
      288.875
    ],
    [
      511.375,
      292.625
    ],
    [
      597.625,
      297.625
    ],
    [
      430.125,
      311.375
    ],
    [
      575.125,
      312.625
    ],
    [
      540.125,
      313.875
    ],
    [
      518.875,
      327.625
    ],
    [
      586.375,
      330.125
    ],
    [
      602.625,
      347.625
    ],
    [
      611.375,
      352.625
    ],
    [
      636.375,
      357.625
    ],
    [
      617.625,
      368.875
    ],
    [
      650.125,
      376.375
    ],
    [
      496.375,
      377.625
    ],
    [
      595.125,
      388.875
    ],
    [
      702.625,
      391.375
    ]
  ],
  "mkpts1": [
    [
      946.375,
      32.625
    ],
    [
      808.875,
      33.875
    ],
    [
      795.125,
      41.375
    ],
    [
      291.375,
      11.375
    ],
    [
      945.125,
      128.875
    ],
    [
      1043.875,
      168.875
    ],
    [
      1031.375,
      178.875
    ],
    [
      877.625,
      156.375
    ],
    [
      408.875,
      125.125
    ],
    [
      390.125,
      133.875
    ],
    [
      431.375,
      165.125
    ],
    [
      511.375,
      220.125
    ],
    [
      706.375,
      265.125
    ],
    [
      585.125,
      246.375
    ],
    [
      345.125,
      212.625
    ],
    [
      565.125,
      256.375
    ],
    [
      712.625,
      286.375
    ],
    [
      426.375,
      275.125
    ],
    [
      673.875,
      311.375
    ],
    [
      625.125,
      318.875
    ],
    [
      591.375,
      343.875
    ],
    [
      701.375,
      357.625
    ],
    [
      730.125,
      400.125
    ],
    [
      747.625,
      415.125
    ],
    [
      787.625,
      430.125
    ],
    [
      760.125,
      450.125
    ],
    [
      815.125,
      476.375
    ],
    [
      543.875,
      430.125
    ],
    [
      723.875,
      487.625
    ],
    [
      907.625,
      521.375
    ]
  ],
  "mpts3D": [
    [
      0.20600000023841858,
      -0.054999999701976776,
      -0.0020000000949949026
    ],
    [
      0.23000000417232513,
      -0.0,
      0.07000000029802322
    ],
    [
      0.21699999272823334,
      0.0,
      0.07000000029802322
    ],
    [
      -0.0,
      -0.02500000037252903,
      0.23999999463558197
    ],
    [
      0.21699999272823334,
      -0.0,
      -0.027000000700354576
    ],
    [
      0.23000000417232513,
      0.0,
      -0.07000000029802322
    ],
    [
      0.21699999272823334,
      -0.0,
      -0.07000000029802322
    ],
    [
      0.17000000178813934,
      -0.0,
      -0.014999999664723873
    ],
    [
      -0.0,
      -0.0,
      0.15600000321865082
    ],
    [
      -0.014000000432133675,
      0.0,
      0.15600000321865082
    ],
    [
      -0.01899999938905239,
      -0.0,
      0.12800000607967377
    ],
    [
      -0.01899999938905239,
      -0.0,
      0.07400000095367432
    ],
    [
      0.02500000037252903,
      -0.014000000432133675,
      -0.010999999940395355
    ],
    [
      0.0,
      0.0,
      0.041999999433755875
    ],
    [
      -0.07400000095367432,
      -0.0,
      0.12800000607967377
    ],
    [
      -0.014000000432133675,
      0.0,
      0.041999999433755875
    ],
    [
      0.02500000037252903,
      0.0,
      -0.014999999664723873
    ],
    [
      -0.07400000095367432,
      -0.0,
      0.07400000095367432
    ],
    [
      0.0,
      -0.0,
      -0.014999999664723873
    ],
    [
      -0.03500000014901161,
      -0.017999999225139618,
      -0.009999999776482582
    ],
    [
      -0.05700000002980232,
      -0.017999999225139618,
      -0.009999999776482582
    ],
    [
      -0.014000000432133675,
      0.0,
      -0.041999999433755875
    ],
    [
      -0.023000000044703484,
      0.0,
      -0.06499999761581421
    ],
    [
      -0.023000000044703484,
      -0.0,
      -0.07500000298023224
    ],
    [
      -0.017000000923871994,
      -0.0,
      -0.09200000017881393
    ],
    [
      -0.03700000047683716,
      -0.0,
      -0.09700000286102295
    ],
    [
      -0.028999999165534973,
      -0.0,
      -0.12700000405311584
    ],
    [
      -0.09000000357627869,
      -0.0,
      -0.014999999664723873
    ],
    [
      -0.052000001072883606,
      -0.0,
      -0.09700000286102295
    ],
    [
      -0.014000000432133675,
      0.0,
      -0.15600000321865082
    ]
  ],
  "mconf": [
    0.7691364884376526,
    0.9581098556518555,
    0.9927757978439331,
    0.9243265390396118,
    0.960541844367981,
    0.6695709824562073,
    0.996658444404602,
    0.4622730016708374,
    0.9248230457305908,
    0.9945780038833618,
    0.9964243769645691,
    0.9923673868179321,
    0.9648970365524292,
    0.6794502139091492,
    0.9953565001487732,
    0.8261322379112244,
    0.8058120608329773,
    0.9974408149719238,
    0.7954840064048767,
    0.9909202456474304,
    0.9981797933578491,
    0.9961170554161072,
    0.9923006296157837,
    0.9878720641136169,
    0.9992786049842834,
    0.9990277886390686,
    0.9982543587684631,
    0.4679524898529053,
    0.9983242154121399,
    0.2489369958639145
  ],
  "coverage_score": 0.916963608820915,
  "pose_estimation_failed": false,
  "tracking_method": "loosely_coupled",
  "kf_translation_vector": [
    0.036499090043323135,
    -0.0495765112335197,
    0.7423065500570818
  ],
  "kf_quaternion": [
    0.43346415619162715,
    -0.4037637616959082,
    -0.14260861889030196,
    0.7929353264021293
  ],
  "kf_rotation_matrix": [
    [
      0.6332752131187409,
      -0.12387541299347127,
      -0.7639485496452691
    ],
    [
      -0.576193060063625,
      0.5835432142305625,
      -0.5722576995200499
    ],
    [
      0.5166856510335169,
      0.8025784691736757,
      0.29816730007650105
    ]
  ],
  "position_diff": 0.07230894490705574,
  "orientation_diff": 6.154667212615147,
  "timestamp": 1741869975.8514528,
  "image_file": "webcam_000010"
}