{
  "frame": 160,
  "object_rotation_in_cam": [
    [
      0.6766550311081098,
      -0.18192733956075946,
      -0.7134706805443563
    ],
    [
      -0.31979396067752763,
      0.8002125124003707,
      -0.5073379127485607
    ],
    [
      0.663226802527056,
      0.5714563658917717,
      0.48328855799771087
    ]
  ],
  "object_translation_in_cam": [
    0.002180527343564054,
    -0.026193611311409785,
    0.6703198202912649
  ],
  "raw_rvec": [
    0.6579644017037103,
    -0.8396577120502909,
    -0.08408584534980598
  ],
  "refined_raw_rvec": [
    0.6579644017037103,
    -0.8396577120502909,
    -0.08408584534980598
  ],
  "num_inliers": 13,
  "total_matches": 34,
  "inlier_ratio": 0.38235294117647056,
  "reprojection_errors": [
    3.2949931621551514,
    1.44496750831604,
    1.5039610862731934,
    3.411498785018921,
    3.750032663345337,
    1.8550740480422974,
    2.613189697265625,
    2.845649480819702,
    3.9628610610961914,
    2.8581631183624268,
    1.4204610586166382,
    3.0659372806549072,
    2.540144920349121
  ],
  "mean_reprojection_error": 2.6589951515197754,
  "std_reprojection_error": 0.8369238972663879,
  "inliers": [
    0,
    7,
    8,
    13,
    16,
    17,
    20,
    21,
    23,
    26,
    27,
    28,
    33
  ],
  "mkpts0": [
    [
      727.625,
      126.375
    ],
    [
      727.625,
      143.875
    ],
    [
      636.375,
      157.625
    ],
    [
      663.875,
      165.125
    ],
    [
      656.375,
      171.375
    ],
    [
      356.375,
      195.125
    ],
    [
      745.125,
      201.375
    ],
    [
      805.125,
      212.625
    ],
    [
      793.875,
      220.125
    ],
    [
      705.125,
      223.875
    ],
    [
      835.125,
      225.125
    ],
    [
      425.125,
      242.625
    ],
    [
      413.875,
      248.875
    ],
    [
      436.375,
      260.125
    ],
    [
      478.875,
      281.375
    ],
    [
      590.125,
      283.875
    ],
    [
      522.625,
      286.375
    ],
    [
      386.375,
      288.875
    ],
    [
      350.125,
      290.125
    ],
    [
      511.375,
      292.625
    ],
    [
      597.625,
      297.625
    ],
    [
      430.125,
      311.375
    ],
    [
      575.125,
      312.625
    ],
    [
      540.125,
      313.875
    ],
    [
      518.875,
      327.625
    ],
    [
      586.375,
      330.125
    ],
    [
      602.625,
      347.625
    ],
    [
      611.375,
      352.625
    ],
    [
      636.375,
      357.625
    ],
    [
      617.625,
      368.875
    ],
    [
      650.125,
      376.375
    ],
    [
      715.125,
      383.875
    ],
    [
      595.125,
      388.875
    ],
    [
      702.625,
      391.375
    ]
  ],
  "mkpts1": [
    [
      906.375,
      42.625
    ],
    [
      897.625,
      68.875
    ],
    [
      722.625,
      65.125
    ],
    [
      765.125,
      88.875
    ],
    [
      752.625,
      93.875
    ],
    [
      265.125,
      22.625
    ],
    [
      896.375,
      171.375
    ],
    [
      991.375,
      210.125
    ],
    [
      980.125,
      216.375
    ],
    [
      836.375,
      192.625
    ],
    [
      1046.375,
      237.625
    ],
    [
      371.375,
      125.125
    ],
    [
      352.625,
      128.875
    ],
    [
      392.625,
      156.375
    ],
    [
      467.625,
      202.625
    ],
    [
      661.375,
      247.625
    ],
    [
      542.625,
      230.125
    ],
    [
      305.125,
      182.625
    ],
    [
      243.875,
      168.875
    ],
    [
      521.375,
      233.875
    ],
    [
      666.375,
      272.625
    ],
    [
      381.375,
      237.625
    ],
    [
      626.375,
      286.375
    ],
    [
      580.125,
      276.375
    ],
    [
      543.875,
      293.875
    ],
    [
      655.125,
      323.875
    ],
    [
      682.625,
      358.875
    ],
    [
      700.125,
      372.625
    ],
    [
      741.375,
      388.875
    ],
    [
      712.625,
      401.375
    ],
    [
      767.625,
      426.375
    ],
    [
      878.875,
      462.625
    ],
    [
      675.125,
      428.875
    ],
    [
      861.375,
      472.625
    ]
  ],
  "mpts3D": [
    [
      0.20600000023841858,
      -0.07000000029802322,
      -0.0020000000949949026
    ],
    [
      0.20600000023841858,
      -0.054999999701976776,
      -0.0020000000949949026
    ],
    [
      0.23000000417232513,
      -0.0,
      0.11299999803304672
    ],
    [
      0.23000000417232513,
      -0.0,
      0.07000000029802322
    ],
    [
      0.21699999272823334,
      0.0,
      0.07000000029802322
    ],
    [
      -0.0,
      -0.02500000037252903,
      0.23999999463558197
    ],
    [
      0.21699999272823334,
      -0.0,
      -0.027000000700354576
    ],
    [
      0.23000000417232513,
      0.0,
      -0.07000000029802322
    ],
    [
      0.21699999272823334,
      -0.0,
      -0.07000000029802322
    ],
    [
      0.17000000178813934,
      -0.0,
      -0.014999999664723873
    ],
    [
      0.23000000417232513,
      -0.0,
      -0.11299999803304672
    ],
    [
      -0.0,
      -0.0,
      0.15600000321865082
    ],
    [
      -0.014000000432133675,
      0.0,
      0.15600000321865082
    ],
    [
      -0.01899999938905239,
      -0.0,
      0.12800000607967377
    ],
    [
      -0.01899999938905239,
      -0.0,
      0.07400000095367432
    ],
    [
      0.02500000037252903,
      -0.014000000432133675,
      -0.010999999940395355
    ],
    [
      0.0,
      0.0,
      0.041999999433755875
    ],
    [
      -0.07400000095367432,
      -0.0,
      0.12800000607967377
    ],
    [
      -0.07999999821186066,
      -0.0,
      0.15600000321865082
    ],
    [
      -0.014000000432133675,
      0.0,
      0.041999999433755875
    ],
    [
      0.02500000037252903,
      0.0,
      -0.014999999664723873
    ],
    [
      -0.07400000095367432,
      -0.0,
      0.07400000095367432
    ],
    [
      0.0,
      -0.0,
      -0.014999999664723873
    ],
    [
      -0.03500000014901161,
      -0.017999999225139618,
      -0.009999999776482582
    ],
    [
      -0.05700000002980232,
      -0.017999999225139618,
      -0.009999999776482582
    ],
    [
      -0.014000000432133675,
      0.0,
      -0.041999999433755875
    ],
    [
      -0.023000000044703484,
      0.0,
      -0.06499999761581421
    ],
    [
      -0.023000000044703484,
      -0.0,
      -0.07500000298023224
    ],
    [
      -0.017000000923871994,
      -0.0,
      -0.09200000017881393
    ],
    [
      -0.03700000047683716,
      -0.0,
      -0.09700000286102295
    ],
    [
      -0.028999999165534973,
      -0.0,
      -0.12700000405311584
    ],
    [
      0.0,
      0.0,
      -0.15600000321865082
    ],
    [
      -0.052000001072883606,
      -0.0,
      -0.09700000286102295
    ],
    [
      -0.014000000432133675,
      0.0,
      -0.15600000321865082
    ]
  ],
  "mconf": [
    0.9614709615707397,
    0.8507226705551147,
    0.9815764427185059,
    0.8926057815551758,
    0.9961370825767517,
    0.9652923345565796,
    0.9739341139793396,
    0.8451206088066101,
    0.9877761602401733,
    0.9763131141662598,
    0.896142303943634,
    0.983050525188446,
    0.9991740584373474,
    0.9995361566543579,
    0.9997003078460693,
    0.9971112608909607,
    0.6727014183998108,
    0.9987025856971741,
    0.6893109679222107,
    0.9989151358604431,
    0.9126991033554077,
    0.9994890689849854,
    0.9194912910461426,
    0.9933691024780273,
    0.9982573986053467,
    0.9966424107551575,
    0.9978147149085999,
    0.998447060585022,
    0.9998918771743774,
    0.9998997449874878,
    0.9998199343681335,
    0.9869987964630127,
    0.9999008774757385,
    0.9992105960845947
  ],
  "coverage_score": 0.7772925846688996,
  "pose_estimation_failed": false,
  "tracking_method": "loosely_coupled",
  "kf_translation_vector": [
    -0.0010479838056760104,
    -0.014166505892785343,
    0.6598505505408714
  ],