{
  "frame": 146,
  "object_rotation_in_cam": [
    [
      0.6242891087965111,
      -0.16394327421572746,
      -0.7637969046006176
    ],
    [
      -0.521008005423609,
      0.6411407881783748,
      -0.5634617538205453
    ],
    [
      0.5820771142405193,
      0.7497073379482417,
      0.3148414529632184
    ]
  ],
  "object_translation_in_cam": [
    0.021398733230700448,
    -0.018617199535631436,
    0.6876879356715413
  ],
  "raw_rvec": [
    0.8757527616524682,
    -0.8975636848479525,
    -0.2381265492799586
  ],
  "refined_raw_rvec": [
    0.8757527616524682,
    -0.8975636848479525,
    -0.2381265492799586
  ],
  "num_inliers": 14,
  "total_matches": 27,
  "inlier_ratio": 0.5185185185185185,
  "reprojection_errors": [
    1.1562646627426147,
    0.46588316559791565,
    3.539193630218506,
    1.3641915321350098,
    3.7244532108306885,
    2.706756591796875,
    3.838754415512085,
    2.6595494747161865,
    2.4859843254089355,
    1.3950201272964478,
    1.3567776679992676,
    2.0734784603118896,
    1.552753210067749,
    0.7911878824234009
  ],
  "mean_reprojection_error": 2.079303503036499,
  "std_reprojection_error": 1.0597360134124756,
  "inliers": [
    3,
    5,
    7,
    8,
    11,
    12,
    14,
    15,
    17,
    18,
    19,
    21,
    22,
    23
  ],
  "mkpts0": [
    [
      727.625,
      126.375
    ],
    [
      727.625,
      143.875
    ],
    [
      663.875,
      165.125
    ],
    [
      745.125,
      201.375
    ],
    [
      793.875,
      220.125
    ],
    [
      705.125,
      223.875
    ],
    [
      835.125,
      225.125
    ],
    [
      425.125,
      242.625
    ],
    [
      413.875,
      248.875
    ],
    [
      436.375,
      260.125
    ],
    [
      478.875,
      281.375
    ],
    [
      590.125,
      283.875
    ],
    [
      522.625,
      286.375
    ],
    [
      386.375,
      288.875
    ],
    [
      511.375,
      292.625
    ],
    [
      597.625,
      297.625
    ],
    [
      430.125,
      311.375
    ],
    [
      575.125,
      312.625
    ],
    [
      540.125,
      313.875
    ],
    [
      518.875,
      327.625
    ],
    [
      586.375,
      330.125
    ],
    [
      602.625,
      347.625
    ],
    [
      611.375,
      352.625
    ],
    [
      636.375,
      357.625
    ],
    [
      617.625,
      368.875
    ],
    [
      650.125,
      376.375
    ],
    [
      595.125,
      388.875
    ]
  ],
  "mkpts1": [
    [
      937.625,
      10.125
    ],
    [
      932.625,
      21.375
    ],
    [
      832.625,
      40.125
    ],
    [
      928.875,
      116.375
    ],
    [
      1011.375,
      167.625
    ],
    [
      863.875,
      145.125
    ],
    [
      1025.125,
      157.625
    ],
    [
      406.375,
      118.875
    ],
    [
      388.875,
      127.625
    ],
    [
      431.375,
      158.875
    ],
    [
      511.375,
      215.125
    ],
    [
      703.875,
      258.875
    ],
    [
      585.125,
      241.375
    ],
    [
      350.125,
      210.125
    ],
    [
      565.125,
      251.375
    ],
    [
      708.875,
      280.125
    ],
    [
      432.625,
      272.625
    ],
    [
      672.625,
      306.375
    ],
    [
      628.875,
      315.125
    ],
    [
      597.625,
      341.375
    ],
    [
      701.375,
      351.375
    ],
    [
      730.125,
      393.875
    ],
    [
      747.625,
      408.875
    ],
    [
      787.625,
      422.625
    ],
    [
      762.625,
      443.875
    ],
    [
      815.125,
      467.625
    ],
    [
      728.875,
      481.375
    ]
  ],
  "mpts3D": [
    [
      0.20600000023841858,
      -0.07000000029802322,
      -0.0020000000949949026
    ],
    [
      0.20600000023841858,
      -0.054999999701976776,
      -0.0020000000949949026
    ],
    [
      0.23000000417232513,
      -0.0,
      0.07000000029802322
    ],
    [
      0.21699999272823334,
      -0.0,
      -0.027000000700354576
    ],
    [
      0.21699999272823334,
      -0.0,
      -0.07000000029802322
    ],
    [
      0.17000000178813934,
      -0.0,
      -0.014999999664723873
    ],
    [
      0.23000000417232513,
      -0.0,
      -0.11299999803304672
    ],
    [
      -0.0,
      -0.0,
      0.15600000321865082
    ],
    [
      -0.014000000432133675,
      0.0,
      0.15600000321865082
    ],
    [
      -0.01899999938905239,
      -0.0,
      0.12800000607967377
    ],
    [
      -0.01899999938905239,
      -0.0,
      0.07400000095367432
    ],
    [
      0.02500000037252903,
      -0.014000000432133675,
      -0.010999999940395355
    ],
    [
      0.0,
      0.0,
      0.041999999433755875
    ],
    [
      -0.07400000095367432,
      -0.0,
      0.12800000607967377
    ],
    [
      -0.014000000432133675,
      0.0,
      0.041999999433755875
    ],
    [
      0.02500000037252903,
      0.0,
      -0.014999999664723873
    ],
    [
      -0.07400000095367432,
      -0.0,
      0.07400000095367432
    ],
    [
      0.0,
      -0.0,
      -0.014999999664723873
    ],
    [
      -0.03500000014901161,
      -0.017999999225139618,
      -0.009999999776482582
    ],
    [
      -0.05700000002980232,
      -0.017999999225139618,
      -0.009999999776482582
    ],
    [
      -0.014000000432133675,
      0.0,
      -0.041999999433755875
    ],
    [
      -0.023000000044703484,
      0.0,
      -0.06499999761581421
    ],
    [
      -0.023000000044703484,
      -0.0,
      -0.07500000298023224
    ],
    [
      -0.017000000923871994,
      -0.0,
      -0.09200000017881393
    ],
    [
      -0.03700000047683716,
      -0.0,
      -0.09700000286102295
    ],
    [
      -0.028999999165534973,
      -0.0,
      -0.12700000405311584
    ],
    [
      -0.052000001072883606,
      -0.0,
      -0.09700000286102295
    ]
  ],
  "mconf": [
    0.582618772983551,
    0.4309130907058716,
    0.11151838302612305,
    0.9883731603622437,
    0.3035300374031067,
    0.7443675994873047,
    0.22738465666770935,
    0.8656401634216309,
    0.9878636598587036,
    0.9965187311172485,
    0.9954298138618469,
    0.8923680782318115,
    0.8963735103607178,
    0.9824063181877136,
    0.9851877689361572,
    0.9381255507469177,
    0.9948842525482178,
    0.9497327208518982,
    0.9869586825370789,
    0.9961901307106018,
    0.9977225661277771,
    0.9948565363883972,
    0.9937933683395386,
    0.9991030693054199,
    0.9992168545722961,
    0.9951174855232239,
    0.9992009401321411
  ],
  "coverage_score": 0.7474594241169754,
  "pose_estimation_failed": false,
  "tracking_method": "loosely_coupled",
  "kf_translation_vector": [
    0.01447412412101025,
    -0.04180143200383197,
    0.8203102265977813
  ],
  "kf_quaternion": [
    0.4170565153039691,
    -0.43273454716688764,
    -0.13141664944156714,
    0.7883744915840005
  ],
  "kf_rotation_matrix": [
    [
      0.5909409518756419,
      -0.15373845620778975,
      -0.791930096965102
    ],
    [
      -0.5681605929644631,
      0.6175870545841249,
      -0.5438563878565508
    ],
    [
      0.5726974174890089,
      0.7713304850016955,
      0.2776093494615578
    ]
  ],
  "position_diff": 0.13828333949751184,
  "orientation_diff": 3.3529083816012957,
  "timestamp": 1741869955.9398077,
  "image_file": "webcam_000146"
}