{
  "frame": 177,
  "object_rotation_in_cam": [
    [
      0.5915273525634414,
      -0.12003632630997066,
      -0.7972996121504715
    ],
    [
      -0.4461067231820639,
      0.7749832603784647,
      -0.4476491233822827
    ],
    [
      0.6716280091695458,
      0.6204774182024443,
      0.4048747840997034
    ]
  ],
  "object_translation_in_cam": [
    -0.023698999452441263,
    0.00229721539923412,
    0.7024451446373162
  ],
  "raw_rvec": [
    0.6800554599504719,
    -0.9352377365968647,
    -0.2076026997626055
  ],
  "refined_raw_rvec": [
    0.6800554599504719,
    -0.9352377365968647,
    -0.2076026997626055
  ],
  "num_inliers": 13,
  "total_matches": 34,
  "inlier_ratio": 0.38235294117647056,
  "reprojection_errors": [
    1.5382243394851685,
    2.1697041988372803,
    3.3036789894104004,
    2.7544565200805664,
    1.150199055671692,
    1.4056954383850098,
    4.10704231262207,
    2.9062857627868652,
    1.8758572340011597,
    1.6500482559204102,
    2.4695045948028564,
    2.224846124649048,
    0.6208993792533875
  ],
  "mean_reprojection_error": 2.1674184799194336,
  "std_reprojection_error": 0.9111940264701843,
  "inliers": [
    3,
    4,
    6,
    11,
    12,
    16,
    19,
    20,
    23,
    24,
    26,
    27,
    28
  ],
  "mkpts0": [
    [
      727.625,
      126.375
    ],
    [
      727.625,
      143.875
    ],
    [
      636.375,
      157.625
    ],
    [
      663.875,
      165.125
    ],
    [
      656.375,
      171.375
    ],
    [
      356.375,
      195.125
    ],
    [
      745.125,
      201.375
    ],
    [
      805.125,
      212.625
    ],
    [
      793.875,
      220.125
    ],
    [
      705.125,
      223.875
    ],
    [
      835.125,
      225.125
    ],
    [
      425.125,
      242.625
    ],
    [
      413.875,
      248.875
    ],
    [
      436.375,
      260.125
    ],
    [
      478.875,
      281.375
    ],
    [
      590.125,
      283.875
    ],
    [
      522.625,
      286.375
    ],
    [
      386.375,
      288.875
    ],
    [
      350.125,
      290.125
    ],
    [
      511.375,
      292.625
    ],
    [
      597.625,
      297.625
    ],
    [
      430.125,
      311.375
    ],
    [
      575.125,
      312.625
    ],
    [
      540.125,
      313.875
    ],
    [
      518.875,
      327.625
    ],
    [
      586.375,
      330.125
    ],
    [
      602.625,
      347.625
    ],
    [
      611.375,
      352.625
    ],
    [
      636.375,
      357.625
    ],
    [
      617.625,
      368.875
    ],
    [
      650.125,
      376.375
    ],
    [
      496.375,
      377.625
    ],
    [
      595.125,
      388.875
    ],
    [
      702.625,
      391.375
    ]
  ],
  "mkpts1": [
    [
      825.125,
      66.375
    ],
    [
      818.875,
      91.375
    ],
    [
      652.625,
      90.125
    ],
    [
      696.375,
      111.375
    ],
    [
      683.875,
      118.875
    ],
    [
      202.625,
      105.125
    ],
    [
      827.625,
      186.375
    ],
    [
      922.625,
      215.125
    ],
    [
      910.125,
      223.875
    ],
    [
      768.875,
      212.625
    ],
    [
      976.375,
      237.625
    ],
    [
      317.625,
      201.375
    ],
    [
      300.125,
      208.875
    ],
    [
      338.875,
      232.625
    ],
    [
      416.375,
      275.125
    ],
    [
      606.375,
      303.875
    ],
    [
      487.625,
      293.875
    ],
    [
      256.375,
      275.125
    ],
    [
      196.375,
      266.375
    ],
    [
      471.375,
      303.875
    ],
    [
      613.875,
      325.125
    ],
    [
      336.375,
      325.125
    ],
    [
      576.375,
      347.625
    ],
    [
      530.125,
      348.875
    ],
    [
      497.625,
      371.375
    ],
    [
      606.375,
      383.875
    ],
    [
      635.125,
      418.875
    ],
    [
      652.625,
      431.375
    ],
    [
      693.875,
      442.625
    ],
    [
      665.125,
      460.125
    ],
    [
      720.125,
      480.125
    ],
    [
      455.125,
      456.375
    ],
    [
      632.625,
      495.125
    ],
    [
      811.375,
      516.375
    ]
  ],
  "mpts3D": [
    [
      0.20600000023841858,
      -0.07000000029802322,
      -0.0020000000949949026
    ],
    [
      0.20600000023841858,
      -0.054999999701976776,
      -0.0020000000949949026
    ],
    [
      0.23000000417232513,
      -0.0,
      0.11299999803304672
    ],
    [
      0.23000000417232513,
      -0.0,
      0.07000000029802322
    ],
    [
      0.21699999272823334,
      0.0,
      0.07000000029802322
    ],
    [
      -0.0,
      -0.02500000037252903,
      0.23999999463558197
    ],
    [
      0.21699999272823334,
      -0.0,
      -0.027000000700354576
    ],
    [
      0.23000000417232513,
      0.0,
      -0.07000000029802322
    ],
    [
      0.21699999272823334,
      -0.0,
      -0.07000000029802322
    ],
    [
      0.17000000178813934,
      -0.0,
      -0.014999999664723873
    ],
    [
      0.23000000417232513,
      -0.0,
      -0.11299999803304672
    ],
    [
      -0.0,
      -0.0,
      0.15600000321865082
    ],
    [
      -0.014000000432133675,
      0.0,
      0.15600000321865082
    ],
    [
      -0.01899999938905239,
      -0.0,
      0.12800000607967377
    ],
    [
      -0.01899999938905239,
      -0.0,
      0.07400000095367432
    ],
    [
      0.02500000037252903,
      -0.014000000432133675,
      -0.010999999940395355
    ],
    [
      0.0,
      0.0,
      0.041999999433755875
    ],
    [
      -0.07400000095367432,
      -0.0,
      0.12800000607967377
    ],
    [
      -0.07999999821186066,
      -0.0,
      0.15600000321865082
    ],
    [
      -0.014000000432133675,
      0.0,
      0.041999999433755875
    ],
    [
      0.02500000037252903,
      0.0,
      -0.014999999664723873
    ],
    [
      -0.07400000095367432,
      -0.0,
      0.07400000095367432
    ],
    [
      0.0,
      -0.0,
      -0.014999999664723873
    ],
    [
      -0.03500000014901161,
      -0.017999999225139618,
      -0.009999999776482582
    ],
    [
      -0.05700000002980232,
      -0.017999999225139618,
      -0.009999999776482582
    ],
    [
      -0.014000000432133675,
      0.0,
      -0.041999999433755875
    ],
    [
      -0.023000000044703484,
      0.0,
      -0.06499999761581421
    ],
    [
      -0.023000000044703484,
      -0.0,
      -0.07500000298023224
    ],
    [
      -0.017000000923871994,
      -0.0,
      -0.09200000017881393
    ],
    [
      -0.03700000047683716,
      -0.0,
      -0.09700000286102295
    ],
    [
      -0.028999999165534973,
      -0.0,
      -0.12700000405311584
    ],
    [
      -0.09000000357627869,
      -0.0,
      -0.014999999664723873
    ],
    [
      -0.052000001072883606,
      -0.0,
      -0.09700000286102295
    ],
    [
      -0.014000000432133675,
      0.0,
      -0.15600000321865082
    ]
  ],
  "mconf": [
    0.9877852201461792,
    0.9687120318412781,
    0.9300190806388855,
    0.9055973291397095,
    0.9953931570053101,
    0.9660714268684387,
    0.9933597445487976,
    0.5887422561645508,
    0.9966785311698914,
    0.9183505773544312,
    0.48038166761398315,
    0.9894974231719971,
    0.9988701343536377,
    0.9991927146911621,
    0.9977709650993347,
    0.9898298382759094,
    0.9928067326545715,
    0.9990572929382324,
    0.14253103733062744,
    0.9994586110115051,
    0.9689576029777527,
    0.9998211860656738,
    0.8853157162666321,
    0.9976474642753601,
    0.9996031522750854,
    0.9978243112564087,
    0.998661994934082,
    0.9992457628250122,
    0.9997212886810303,
    0.9994127750396729,
    0.9994188547134399,
    0.9419645071029663,
    0.9996234774589539,
    0.3336600363254547
  ],
  "coverage_score": 0.9292776059351572,
  "pose_estimation_failed": false,
  "tracking_method": "loosely_coupled",
  "kf_translation_vector": [
    -0.009645981785345882,
    -0.015126342105415812,
    0.6848267636265474
  ],