{
  "frame": 95,
  "object_rotation_in_cam": [
    [
      0.8037638072736001,
      -0.17034790786073187,
      -0.5700397638801336
    ],
    [
      -0.22921873611922536,
      0.7955009358984906,
      -0.5609251572148735
    ],
    [
      0.5490195926640067,
      0.5815151341728753,
      0.6003479287870916
    ]
  ],
  "object_translation_in_cam": [
    -0.01374154660648467,
    -0.011116766544220929,
    0.62300524489317
  ],
  "raw_rvec": [
    0.6621647801180421,
    -0.648613059563031,
    -0.03412186119748962
  ],
  "refined_raw_rvec": [
    0.6621647801180421,
    -0.648613059563031,
    -0.03412186119748962
  ],
  "num_inliers": 13,
  "total_matches": 32,
  "inlier_ratio": 0.40625,
  "reprojection_errors": [
    1.3128262758255005,
    2.4663608074188232,
    2.7359132766723633,
    1.8033337593078613,
    2.9338972568511963,
    2.413090229034424,
    3.666027545928955,
    2.7803051471710205,
    3.44024920463562,
    2.5147619247436523,
    1.817417025566101,
    2.7117815017700195,
    2.3990659713745117
  ],
  "mean_reprojection_error": 2.538079261779785,
  "std_reprojection_error": 0.6184296011924744,
  "inliers": [
    2,
    3,
    9,
    13,
    15,
    18,
    19,
    20,
    21,
    22,
    23,
    24,
    25
  ],
  "mkpts0": [
    [
      727.625,
      126.375
    ],
    [
      727.625,
      143.875
    ],
    [
      663.875,
      165.125
    ],
    [
      656.375,
      171.375
    ],
    [
      356.375,
      195.125
    ],
    [
      745.125,
      201.375
    ],
    [
      793.875,
      220.125
    ],
    [
      705.125,
      223.875
    ],
    [
      425.125,
      242.625
    ],
    [
      413.875,
      248.875
    ],
    [
      436.375,
      260.125
    ],
    [
      478.875,
      281.375
    ],
    [
      590.125,
      283.875
    ],
    [
      522.625,
      286.375
    ],
    [
      386.375,
      288.875
    ],
    [
      511.375,
      292.625
    ],
    [
      597.625,
      297.625
    ],
    [
      430.125,
      311.375
    ],
    [
      575.125,
      312.625
    ],
    [
      540.125,
      313.875
    ],
    [
      518.875,
      327.625
    ],
    [
      586.375,
      330.125
    ],
    [
      470.125,
      338.875
    ],
    [
      602.625,
      347.625
    ],
    [
      611.375,
      352.625
    ],
    [
      636.375,
      357.625
    ],
    [
      617.625,
      368.875
    ],
    [
      650.125,
      376.375
    ],
    [
      496.375,
      377.625
    ],
    [
      715.125,
      383.875
    ],
    [
      595.125,
      388.875
    ],
    [
      702.625,
      391.375
    ]
  ],
  "mkpts1": [
    [
      983.875,
      95.125
    ],
    [
      972.625,
      123.875
    ],
    [
      846.375,
      140.125
    ],
    [
      831.375,
      143.875
    ],
    [
      312.625,
      13.875
    ],
    [
      968.875,
      241.375
    ],
    [
      1050.125,
      301.375
    ],
    [
      891.375,
      261.375
    ],
    [
      386.375,
      127.625
    ],
    [
      365.125,
      130.125
    ],
    [
      393.875,
      160.125
    ],
    [
      451.375,
      215.125
    ],
    [
      640.125,
      285.125
    ],
    [
      518.875,
      248.875
    ],
    [
      282.625,
      175.125
    ],
    [
      495.125,
      255.125
    ],
    [
      645.125,
      313.875
    ],
    [
      336.375,
      237.625
    ],
    [
      590.125,
      322.625
    ],
    [
      523.875,
      302.625
    ],
    [
      473.875,
      313.875
    ],
    [
      602.625,
      363.875
    ],
    [
      367.625,
      298.875
    ],
    [
      616.375,
      405.125
    ],
    [
      630.125,
      420.125
    ],
    [
      672.625,
      445.125
    ],
    [
      630.125,
      453.875
    ],
    [
      683.875,
      490.125
    ],
    [
      397.625,
      391.375
    ],
    [
      807.625,
      548.875
    ],
    [
      571.375,
      476.375
    ],
    [
      781.375,
      557.625
    ]
  ],
  "mpts3D": [
    [
      0.20600000023841858,
      -0.07000000029802322,
      -0.0020000000949949026
    ],
    [
      0.20600000023841858,
      -0.054999999701976776,
      -0.0020000000949949026
    ],
    [
      0.23000000417232513,
      -0.0,
      0.07000000029802322
    ],
    [
      0.21699999272823334,
      0.0,
      0.07000000029802322
    ],
    [
      -0.0,
      -0.02500000037252903,
      0.23999999463558197
    ],
    [
      0.21699999272823334,
      -0.0,
      -0.027000000700354576
    ],
    [
      0.21699999272823334,
      -0.0,
      -0.07000000029802322
    ],
    [
      0.17000000178813934,
      -0.0,
      -0.014999999664723873
    ],
    [
      -0.0,
      -0.0,
      0.15600000321865082
    ],
    [
      -0.014000000432133675,
      0.0,
      0.15600000321865082
    ],
    [
      -0.01899999938905239,
      -0.0,
      0.12800000607967377
    ],
    [
      -0.01899999938905239,
      -0.0,
      0.07400000095367432
    ],
    [
      0.02500000037252903,
      -0.014000000432133675,
      -0.010999999940395355
    ],
    [
      0.0,
      0.0,
      0.041999999433755875
    ],
    [
      -0.07400000095367432,
      -0.0,
      0.12800000607967377
    ],
    [
      -0.014000000432133675,
      0.0,
      0.041999999433755875
    ],
    [
      0.02500000037252903,
      0.0,
      -0.014999999664723873
    ],
    [
      -0.07400000095367432,
      -0.0,
      0.07400000095367432
    ],
    [
      0.0,
      -0.0,
      -0.014999999664723873
    ],
    [
      -0.03500000014901161,
      -0.017999999225139618,
      -0.009999999776482582
    ],
    [
      -0.05700000002980232,
      -0.017999999225139618,
      -0.009999999776482582
    ],
    [
      -0.014000000432133675,
      0.0,
      -0.041999999433755875
    ],
    [
      -0.10000000149011612,
      -0.029999999329447746,
      0.0
    ],
    [
      -0.023000000044703484,
      0.0,
      -0.06499999761581421
    ],
    [
      -0.023000000044703484,
      -0.0,
      -0.07500000298023224
    ],
    [
      -0.017000000923871994,
      -0.0,
      -0.09200000017881393
    ],
    [
      -0.03700000047683716,
      -0.0,
      -0.09700000286102295
    ],
    [
      -0.028999999165534973,
      -0.0,
      -0.12700000405311584
    ],
    [
      -0.09000000357627869,
      -0.0,
      -0.014999999664723873
    ],
    [
      0.0,
      0.0,
      -0.15600000321865082
    ],
    [
      -0.052000001072883606,
      -0.0,
      -0.09700000286102295
    ],
    [
      -0.014000000432133675,
      0.0,
      -0.15600000321865082
    ]
  ],
  "mconf": [
    0.9971056580543518,
    0.9920219779014587,
    0.9011056423187256,
    0.9320237636566162,
    0.9923612475395203,
    0.7098782062530518,
    0.2516339123249054,
    0.5365889668464661,
    0.9652070999145508,
    0.9989056587219238,
    0.9972918629646301,
    0.9707434773445129,
    0.9839314222335815,
    0.5656722187995911,
    0.9985656142234802,
    0.5922921299934387,
    0.9515420198440552,
    0.9928116798400879,
    0.9920238852500916,
    0.9938768744468689,
    0.9971653819084167,
    0.9975433945655823,
    0.9872021675109863,
    0.9936516284942627,
    0.9944881796836853,
    0.9975809454917908,
    0.9980043768882751,
    0.9962297677993774,
    0.9853407740592957,
    0.9042533040046692,
    0.9971449375152588,
    0.9946585893630981
  ],
  "coverage_score": 0.6854752972273345,
  "pose_estimation_failed": false,
  "tracking_method": "loosely_coupled",
  "kf_translation_vector": [
    -0.028781992392676387,
    -0.0188582590364328,
    0.6692912438432836
  ],
  "kf_quaternion": [
    0.4505418474467227,
    -0.4717687490970221,
    -0.1256849850666511,
    0.7474286424826927
  ],