{
  "frame": 53,
  "object_rotation_in_cam": [
    [
      0.6995603484065471,
      -0.09486349937458996,
      -0.7082487101461727
    ],
    [
      -0.5107872883290786,
      0.6267395944339192,
      -0.5884673541074584
    ],
    [
      0.49971158183369835,
      0.7734328653834238,
      0.38998709943541654
    ]
  ],
  "object_translation_in_cam": [
    0.011134762899635534,
    -0.03529987988676184,
    0.7113687294833365
  ],
  "raw_rvec": [
    0.8784896215238257,
    -0.7791911364210713,
    -0.268290383327771
  ],
  "refined_raw_rvec": [
    0.8784896215238257,
    -0.7791911364210713,
    -0.268290383327771
  ],
  "num_inliers": 14,
  "total_matches": 25,
  "inlier_ratio": 0.56,
  "reprojection_errors": [
    1.8466261625289917,
    2.1865949630737305,
    1.5951327085494995,
    3.5211145877838135,
    2.8679304122924805,
    2.247600555419922,
    2.391979217529297,
    2.2597665786743164,
    2.5997159481048584,
    2.6134321689605713,
    3.8089346885681152,
    1.4366581439971924,
    1.796567440032959,
    2.266366720199585
  ],
  "mean_reprojection_error": 2.388458490371704,
  "std_reprojection_error": 0.649014413356781,
  "inliers": [
    1,
    2,
    6,
    8,
    9,
    10,
    11,
    12,
    13,
    14,
    17,
    19,
    20,
    24
  ],
  "mkpts0": [
    [
      745.125,
      201.375
    ],
    [
      805.125,
      212.625
    ],
    [
      793.875,
      220.125
    ],
    [
      705.125,
      223.875
    ],
    [
      425.125,
      242.625
    ],
    [
      413.875,
      248.875
    ],
    [
      436.375,
      260.125
    ],
    [
      478.875,
      281.375
    ],
    [
      590.125,
      283.875
    ],
    [
      522.625,
      286.375
    ],
    [
      386.375,
      288.875
    ],
    [
      511.375,
      292.625
    ],
    [
      597.625,
      297.625
    ],
    [
      430.125,
      311.375
    ],
    [
      575.125,
      312.625
    ],
    [
      540.125,
      313.875
    ],
    [
      518.875,
      327.625
    ],
    [
      586.375,
      330.125
    ],
    [
      470.125,
      338.875
    ],
    [
      602.625,
      347.625
    ],
    [
      611.375,
      352.625
    ],
    [
      636.375,
      357.625
    ],
    [
      650.125,
      376.375
    ],
    [
      595.125,
      388.875
    ],
    [
      702.625,
      391.375
    ]
  ],
  "mkpts1": [
    [
      926.375,
      80.125
    ],
    [
      1021.375,
      120.125
    ],
    [
      1006.375,
      130.125
    ],
    [
      832.625,
      135.125
    ],
    [
      402.625,
      92.625
    ],
    [
      383.875,
      101.375
    ],
    [
      421.375,
      131.375
    ],
    [
      477.625,
      185.125
    ],
    [
      680.125,
      227.625
    ],
    [
      565.125,
      210.125
    ],
    [
      338.875,
      182.625
    ],
    [
      545.125,
      220.125
    ],
    [
      686.375,
      247.625
    ],
    [
      412.625,
      242.625
    ],
    [
      647.625,
      272.625
    ],
    [
      597.625,
      283.875
    ],
    [
      563.875,
      308.875
    ],
    [
      671.375,
      317.625
    ],
    [
      478.875,
      326.375
    ],
    [
      695.125,
      360.125
    ],
    [
      711.375,
      373.875
    ],
    [
      751.375,
      388.875
    ],
    [
      771.375,
      432.625
    ],
    [
      685.125,
      445.125
    ],
    [
      857.625,
      475.125
    ]
  ],
  "mpts3D": [
    [
      0.21699999272823334,
      -0.0,
      -0.027000000700354576
    ],
    [
      0.23000000417232513,
      0.0,
      -0.07000000029802322
    ],
    [
      0.21699999272823334,
      -0.0,
      -0.07000000029802322
    ],
    [
      0.17000000178813934,
      -0.0,
      -0.014999999664723873
    ],
    [
      -0.0,
      -0.0,
      0.15600000321865082
    ],
    [
      -0.014000000432133675,
      0.0,
      0.15600000321865082
    ],
    [
      -0.01899999938905239,
      -0.0,
      0.12800000607967377
    ],
    [
      -0.01899999938905239,
      -0.0,
      0.07400000095367432
    ],
    [
      0.02500000037252903,
      -0.014000000432133675,
      -0.010999999940395355
    ],
    [
      0.0,
      0.0,
      0.041999999433755875
    ],
    [
      -0.07400000095367432,
      -0.0,
      0.12800000607967377
    ],
    [
      -0.014000000432133675,
      0.0,
      0.041999999433755875
    ],
    [
      0.02500000037252903,
      0.0,
      -0.014999999664723873
    ],
    [
      -0.07400000095367432,
      -0.0,
      0.07400000095367432
    ],
    [
      0.0,
      -0.0,
      -0.014999999664723873
    ],
    [
      -0.03500000014901161,
      -0.017999999225139618,
      -0.009999999776482582
    ],
    [
      -0.05700000002980232,
      -0.017999999225139618,
      -0.009999999776482582
    ],
    [
      -0.014000000432133675,
      0.0,
      -0.041999999433755875
    ],
    [
      -0.10000000149011612,
      -0.029999999329447746,
      0.0
    ],
    [
      -0.023000000044703484,
      0.0,
      -0.06499999761581421
    ],
    [
      -0.023000000044703484,
      -0.0,
      -0.07500000298023224
    ],
    [
      -0.017000000923871994,
      -0.0,
      -0.09200000017881393
    ],
    [
      -0.028999999165534973,
      -0.0,
      -0.12700000405311584
    ],
    [
      -0.052000001072883606,
      -0.0,
      -0.09700000286102295
    ],
    [
      -0.014000000432133675,
      0.0,
      -0.15600000321865082
    ]
  ],
  "mconf": [
    0.9741268754005432,
    0.9178058505058289,
    0.9912375211715698,
    0.6942345499992371,
    0.8642926216125488,
    0.9948021173477173,
    0.9970658421516418,
    0.46218615770339966,
    0.9748764038085938,
    0.828650951385498,
    0.9957900047302246,
    0.9911922216415405,
    0.9464429616928101,
    0.989475667476654,
    0.9742513298988342,
    0.9890950322151184,
    0.9976184964179993,
    0.9966983795166016,
    0.9971288442611694,
    0.9976731538772583,
    0.9941275119781494,
    0.9993484616279602,
    0.9992826581001282,
    0.9989567399024963,
    0.1826886534690857
  ],
  "coverage_score": 0.792481250360578,
  "pose_estimation_failed": false,
  "tracking_method": "loosely_coupled",
  "kf_translation_vector": [
    -0.008783541540189123,
    -0.01469965002148046,
    0.6534182210893814
  ],
  "kf_quaternion": [
    0.4507394244896074,
    -0.5210052721008954,
    -0.08841126856627979,
    0.7194240232605182
  ],
  "kf_rotation_matrix": [
    [
      0.44147390806714615,
      -0.34246485193857945,
      -0.8293483066134566
    ],
    [
      -0.5968856140726562,
      0.5780348376025572,
      -0.556420066344568
    ],
    [
      0.6699465293656124,
      0.7406710144892077,
      0.05077495530769882
    ]
  ],
  "position_diff": 0.06594697264670378,
  "orientation_diff": 22.28344432502439,
  "timestamp": 1741869677.9091434,
  "image_file": "webcam_000053"
}