{
  "frame": 162,
  "object_rotation_in_cam": [
    [
      0.6395401548814919,
      -0.20764310455956847,
      -0.7401842550493907
    ],
    [
      -0.3474963299595194,
      0.7807687713323548,
      -0.51927490443582
    ],
    [
      0.685736604651394,
      0.5893084649324403,
      0.42717776416867553
    ]
  ],
  "object_translation_in_cam": [
    -0.004376906139041743,
    -0.02704836669630435,
    0.6875059269841665
  ],
  "raw_rvec": [
    0.6934731178254618,
    -0.8919832388542572,
    -0.08748503264244241
  ],
  "refined_raw_rvec": [
    0.6934731178254618,
    -0.8919832388542572,
    -0.08748503264244241
  ],
  "num_inliers": 15,
  "total_matches": 33,
  "inlier_ratio": 0.45454545454545453,
  "reprojection_errors": [
    2.3755764961242676,
    1.8811535835266113,
    3.0043299198150635,
    2.997788190841675,
    2.242617607116699,
    2.573286771774292,
    1.0786229372024536,
    2.5443241596221924,
    3.210240125656128,
    2.4078922271728516,
    4.27944278717041,
    2.710360527038574,
    3.1091911792755127,
    1.618497610092163,
    2.896085739135742
  ],
  "mean_reprojection_error": 2.595294237136841,
  "std_reprojection_error": 0.7251166105270386,
  "inliers": [
    4,
    10,
    13,
    14,
    16,
    17,
    18,
    20,
    21,
    22,
    23,
    24,
    25,
    26,
    32
  ],
  "mkpts0": [
    [
      727.625,
      126.375
    ],
    [
      727.625,
      143.875
    ],
    [
      636.375,
      157.625
    ],
    [
      663.875,
      165.125
    ],
    [
      656.375,
      171.375
    ],
    [
      356.375,
      195.125
    ],
    [
      745.125,
      201.375
    ],
    [
      805.125,
      212.625
    ],
    [
      793.875,
      220.125
    ],
    [
      705.125,
      223.875
    ],
    [
      835.125,
      225.125
    ],
    [
      425.125,
      242.625
    ],
    [
      413.875,
      248.875
    ],
    [
      436.375,
      260.125
    ],
    [
      478.875,
      281.375
    ],
    [
      590.125,
      283.875
    ],
    [
      522.625,
      286.375
    ],
    [
      386.375,
      288.875
    ],
    [
      511.375,
      292.625
    ],
    [
      597.625,
      297.625
    ],
    [
      430.125,
      311.375
    ],
    [
      575.125,
      312.625
    ],
    [
      540.125,
      313.875
    ],
    [
      518.875,
      327.625
    ],
    [
      586.375,
      330.125
    ],
    [
      602.625,
      347.625
    ],
    [
      611.375,
      352.625
    ],
    [
      636.375,
      357.625
    ],
    [
      617.625,
      368.875
    ],
    [
      650.125,
      376.375
    ],
    [
      715.125,
      383.875
    ],
    [
      595.125,
      388.875
    ],
    [
      702.625,
      391.375
    ]
  ],
  "mkpts1": [
    [
      893.875,
      43.875
    ],
    [
      886.375,
      71.375
    ],
    [
      710.125,
      66.375
    ],
    [
      752.625,
      90.125
    ],
    [
      741.375,
      95.125
    ],
    [
      255.125,
      23.875
    ],
    [
      883.875,
      172.625
    ],
    [
      975.125,
      210.125
    ],
    [
      965.125,
      217.625
    ],
    [
      823.875,
      195.125
    ],
    [
      1027.625,
      238.875
    ],
    [
      360.125,
      126.375
    ],
    [
      342.625,
      130.125
    ],
    [
      381.375,
      156.375
    ],
    [
      457.625,
      203.875
    ],
    [
      651.375,
      248.875
    ],
    [
      528.875,
      227.625
    ],
    [
      293.875,
      183.875
    ],
    [
      510.125,
      236.375
    ],
    [
      655.125,
      272.625
    ],
    [
      370.125,
      238.875
    ],
    [
      616.375,
      288.875
    ],
    [
      570.125,
      277.625
    ],
    [
      533.875,
      295.125
    ],
    [
      643.875,
      325.125
    ],
    [
      671.375,
      358.875
    ],
    [
      688.875,
      372.625
    ],
    [
      731.375,
      388.875
    ],
    [
      701.375,
      401.375
    ],
    [
      756.375,
      426.375
    ],
    [
      866.375,
      461.375
    ],
    [
      663.875,
      428.875
    ],
    [
      850.125,
      471.375
    ]
  ],
  "mpts3D": [
    [
      0.20600000023841858,
      -0.07000000029802322,
      -0.0020000000949949026
    ],
    [
      0.20600000023841858,
      -0.054999999701976776,
      -0.0020000000949949026
    ],
    [
      0.23000000417232513,
      -0.0,
      0.11299999803304672
    ],
    [
      0.23000000417232513,
      -0.0,
      0.07000000029802322
    ],
    [
      0.21699999272823334,
      0.0,
      0.07000000029802322
    ],
    [
      -0.0,
      -0.02500000037252903,
      0.23999999463558197
    ],
    [
      0.21699999272823334,
      -0.0,
      -0.027000000700354576
    ],
    [
      0.23000000417232513,
      0.0,
      -0.07000000029802322
    ],
    [
      0.21699999272823334,
      -0.0,
      -0.07000000029802322
    ],
    [
      0.17000000178813934,
      -0.0,
      -0.014999999664723873
    ],
    [
      0.23000000417232513,
      -0.0,
      -0.11299999803304672
    ],
    [
      -0.0,
      -0.0,
      0.15600000321865082
    ],
    [
      -0.014000000432133675,
      0.0,
      0.15600000321865082
    ],
    [
      -0.01899999938905239,
      -0.0,
      0.12800000607967377
    ],
    [
      -0.01899999938905239,
      -0.0,
      0.07400000095367432
    ],
    [
      0.02500000037252903,
      -0.014000000432133675,
      -0.010999999940395355
    ],
    [
      0.0,
      0.0,
      0.041999999433755875
    ],
    [
      -0.07400000095367432,
      -0.0,
      0.12800000607967377
    ],
    [
      -0.014000000432133675,
      0.0,
      0.041999999433755875
    ],
    [
      0.02500000037252903,
      0.0,
      -0.014999999664723873
    ],
    [
      -0.07400000095367432,
      -0.0,
      0.07400000095367432
    ],
    [
      0.0,
      -0.0,
      -0.014999999664723873
    ],
    [
      -0.03500000014901161,
      -0.017999999225139618,
      -0.009999999776482582
    ],
    [
      -0.05700000002980232,
      -0.017999999225139618,
      -0.009999999776482582
    ],
    [
      -0.014000000432133675,
      0.0,
      -0.041999999433755875
    ],
    [
      -0.023000000044703484,
      0.0,
      -0.06499999761581421
    ],
    [
      -0.023000000044703484,
      -0.0,
      -0.07500000298023224
    ],
    [
      -0.017000000923871994,
      -0.0,
      -0.09200000017881393
    ],
    [
      -0.03700000047683716,
      -0.0,
      -0.09700000286102295
    ],
    [
      -0.028999999165534973,
      -0.0,
      -0.12700000405311584
    ],
    [
      0.0,
      0.0,
      -0.15600000321865082
    ],
    [
      -0.052000001072883606,
      -0.0,
      -0.09700000286102295
    ],
    [
      -0.014000000432133675,
      0.0,
      -0.15600000321865082
    ]
  ],
  "mconf": [
    0.9893507361412048,
    0.9266396760940552,
    0.9284496903419495,
    0.9177721738815308,
    0.9941413402557373,
    0.9883840084075928,
    0.9832196831703186,
    0.6396886110305786,
    0.9924775958061218,
    0.8453158736228943,
    0.7013675570487976,
    0.972080647945404,
    0.9993228912353516,
    0.9994617700576782,
    0.9992746710777283,
    0.9836313724517822,
    0.9624274969100952,
    0.9989641308784485,
    0.9930823445320129,
    0.978877604007721,
    0.9993099570274353,
    0.9846458435058594,
    0.996116578578949,
    0.9989621639251709,
    0.9983722567558289,
    0.9987300634384155,
    0.9994650483131409,
    0.9999277591705322,
    0.999949038028717,
    0.9999042749404907,
    0.9907060861587524,
    0.9999351501464844,
    0.9997496008872986
  ],
  "coverage_score": 0.8071654175796328,
  "pose_estimation_failed": false,
  "tracking_method": "loosely_coupled",
  "kf_translation_vector": [
    -0.0014988453169591455,
    -0.01571602402296739,
    0.6631287921971207
  ],
  "kf_quaternion": [
    0.45164986965998677,
    -0.4715870917891938,
    -0.13461916247112687,
    0.7453158331804711
  ],