{
  "frame": 151,
  "object_rotation_in_cam": [
    [
      0.615963264522276,
      -0.19649257213860263,
      -0.7628760881384451
    ],
    [
      -0.5366607308178254,
      0.6042619650270757,
      -0.5889505391963699
    ],
    [
      0.5767014103998171,
      0.7721775357493723,
      0.2667533252405462
    ]
  ],
  "object_translation_in_cam": [
    0.021445574735170825,
    -0.02217185689051562,
    0.7086884197759676
  ],
  "raw_rvec": [
    0.9296127512690916,
    -0.9148943048610335,
    -0.2323254245538493
  ],
  "refined_raw_rvec": [
    0.9296127512690916,
    -0.9148943048610335,
    -0.2323254245538493
  ],
  "num_inliers": 15,
  "total_matches": 28,
  "inlier_ratio": 0.5357142857142857,
  "reprojection_errors": [
    1.249211072921753,
    1.5071148872375488,
    1.7000107765197754,
    3.5271341800689697,
    3.7511868476867676,
    2.838777542114258,
    1.223455786705017,
    0.3429403007030487,
    2.992631435394287,
    1.5914924144744873,
    1.5136064291000366,
    3.258744478225708,
    2.344825506210327,
    3.0396857261657715,
    2.4175992012023926
  ],
  "mean_reprojection_error": 2.2198946475982666,
  "std_reprojection_error": 0.9650551676750183,
  "inliers": [
    1,
    6,
    9,
    10,
    11,
    12,
    13,
    15,
    17,
    18,
    19,
    20,
    21,
    22,
    23
  ],
  "mkpts0": [
    [
      727.625,
      143.875
    ],
    [
      656.375,
      171.375
    ],
    [
      745.125,
      201.375
    ],
    [
      805.125,
      212.625
    ],
    [
      793.875,
      220.125
    ],
    [
      705.125,
      223.875
    ],
    [
      835.125,
      225.125
    ],
    [
      425.125,
      242.625
    ],
    [
      413.875,
      248.875
    ],
    [
      436.375,
      260.125
    ],
    [
      478.875,
      281.375
    ],
    [
      590.125,
      283.875
    ],
    [
      522.625,
      286.375
    ],
    [
      386.375,
      288.875
    ],
    [
      350.125,
      290.125
    ],
    [
      511.375,
      292.625
    ],
    [
      597.625,
      297.625
    ],
    [
      430.125,
      311.375
    ],
    [
      575.125,
      312.625
    ],
    [
      540.125,
      313.875
    ],
    [
      518.875,
      327.625
    ],
    [
      586.375,
      330.125
    ],
    [
      602.625,
      347.625
    ],
    [
      611.375,
      352.625
    ],
    [
      636.375,
      357.625
    ],
    [
      617.625,
      368.875
    ],
    [
      650.125,
      376.375
    ],
    [
      595.125,
      388.875
    ]
  ],
  "mkpts1": [
    [
      930.125,
      15.125
    ],
    [
      777.625,
      20.125
    ],
    [
      926.375,
      110.125
    ],
    [
      1022.625,
      151.375
    ],
    [
      1010.125,
      161.375
    ],
    [
      861.375,
      138.875
    ],
    [
      1073.875,
      178.875
    ],
    [
      405.125,
      113.875
    ],
    [
      386.375,
      122.625
    ],
    [
      428.875,
      155.125
    ],
    [
      511.375,
      212.625
    ],
    [
      702.625,
      255.125
    ],
    [
      582.625,
      236.375
    ],
    [
      348.875,
      206.375
    ],
    [
      285.125,
      190.125
    ],
    [
      565.125,
      247.625
    ],
    [
      707.625,
      275.125
    ],
    [
      431.375,
      270.125
    ],
    [
      671.375,
      301.375
    ],
    [
      627.625,
      311.375
    ],
    [
      596.375,
      337.625
    ],
    [
      700.125,
      347.625
    ],
    [
      730.125,
      388.875
    ],
    [
      746.375,
      403.875
    ],
    [
      786.375,
      418.875
    ],
    [
      761.375,
      437.625
    ],
    [
      812.625,
      462.625
    ],
    [
      728.875,
      476.375
    ]
  ],
  "mpts3D": [
    [
      0.20600000023841858,
      -0.054999999701976776,
      -0.0020000000949949026
    ],
    [
      0.21699999272823334,
      0.0,
      0.07000000029802322
    ],
    [
      0.21699999272823334,
      -0.0,
      -0.027000000700354576
    ],
    [
      0.23000000417232513,
      0.0,
      -0.07000000029802322
    ],
    [
      0.21699999272823334,
      -0.0,
      -0.07000000029802322
    ],
    [
      0.17000000178813934,
      -0.0,
      -0.014999999664723873
    ],
    [
      0.23000000417232513,
      -0.0,
      -0.11299999803304672
    ],
    [
      -0.0,
      -0.0,
      0.15600000321865082
    ],
    [
      -0.014000000432133675,
      0.0,
      0.15600000321865082
    ],
    [
      -0.01899999938905239,
      -0.0,
      0.12800000607967377
    ],
    [
      -0.01899999938905239,
      -0.0,
      0.07400000095367432
    ],
    [
      0.02500000037252903,
      -0.014000000432133675,
      -0.010999999940395355
    ],
    [
      0.0,
      0.0,
      0.041999999433755875
    ],
    [
      -0.07400000095367432,
      -0.0,
      0.12800000607967377
    ],
    [
      -0.07999999821186066,
      -0.0,
      0.15600000321865082
    ],
    [
      -0.014000000432133675,
      0.0,
      0.041999999433755875
    ],
    [
      0.02500000037252903,
      0.0,
      -0.014999999664723873
    ],
    [
      -0.07400000095367432,
      -0.0,
      0.07400000095367432
    ],
    [
      0.0,
      -0.0,
      -0.014999999664723873
    ],
    [
      -0.03500000014901161,
      -0.017999999225139618,
      -0.009999999776482582
    ],
    [
      -0.05700000002980232,
      -0.017999999225139618,
      -0.009999999776482582
    ],
    [
      -0.014000000432133675,
      0.0,
      -0.041999999433755875
    ],
    [
      -0.023000000044703484,
      0.0,
      -0.06499999761581421
    ],
    [
      -0.023000000044703484,
      -0.0,
      -0.07500000298023224
    ],
    [
      -0.017000000923871994,
      -0.0,
      -0.09200000017881393
    ],
    [
      -0.03700000047683716,
      -0.0,
      -0.09700000286102295
    ],
    [
      -0.028999999165534973,
      -0.0,
      -0.12700000405311584
    ],
    [
      -0.052000001072883606,
      -0.0,
      -0.09700000286102295
    ]
  ],
  "mconf": [
    0.3771209418773651,
    0.17022408545017242,
    0.971213161945343,
    0.5375645756721497,
    0.9468154907226562,
    0.6188666224479675,
    0.3172543942928314,
    0.8990367650985718,
    0.9930440783500671,
    0.9973316788673401,
    0.9942864775657654,
    0.9033082723617554,
    0.2724754214286804,
    0.9911625385284424,
    0.4495411813259125,
    0.6755562424659729,
    0.8549973368644714,
    0.9980061650276184,
    0.9106878042221069,
    0.9863413572311401,
    0.9969183802604675,
    0.998012363910675,
    0.997713565826416,
    0.9959560632705688,
    0.9995763897895813,
    0.9990771412849426,
    0.9990893006324768,
    0.9991300106048584
  ],
  "coverage_score": 0.880247514883099,
  "pose_estimation_failed": false,
  "tracking_method": "loosely_coupled",
  "kf_translation_vector": [
    0.017374500919367285,
    -0.040013723761578524,
    0.8189538167085105
  ],
  "kf_quaternion": [
    0.41518938203570077,
    -0.4340201901021053,
    -0.135246228748291,
    0.7880055261468096
  ],
  "kf_rotation_matrix": [
    [
      0.5866698643861947,
      -0.14725159775068328,
      -0.7963262127928196
    ],
    [
      -0.5735507003273586,
      0.6186524693083557,
      -0.5369438670593701
    ],
    [
      0.5717150202461717,
      0.7717422427070745,
      0.2784885032570905
    ]
  ],
  "position_diff": 0.11520136126904994,
  "orientation_diff": 3.7162594294207323,
  "timestamp": 1741869956.6078396,
  "image_file": "webcam_000151"
}