{
  "frame": 46,
  "object_rotation_in_cam": [
    [
      0.6933146457903185,
      -0.11299674994063963,
      -0.7117208275970978
    ],
    [
      -0.5067900240170111,
      0.6256908195262578,
      -0.5930218123453784
    ],
    [
      0.5123267253320701,
      0.771843723083509,
      0.3765349832978405
    ]
  ],
  "object_translation_in_cam": [
    0.001441854474649686,
    -0.011509300645483916,
    0.7139989943064831
  ],
  "raw_rvec": [
    0.8847975910073584,
    -0.793509908483295,
    -0.25528327239077525
  ],
  "refined_raw_rvec": [
    0.8847975910073584,
    -0.793509908483295,
    -0.25528327239077525
  ],
  "num_inliers": 16,
  "total_matches": 29,
  "inlier_ratio": 0.5517241379310345,
  "reprojection_errors": [
    2.1277971267700195,
    3.8522350788116455,
    2.744109630584717,
    3.7709343433380127,
    4.020524024963379,
    1.4030461311340332,
    3.664280414581299,
    0.5818924307823181,
    2.6171517372131348,
    2.069826126098633,
    2.899906873703003,
    2.206794261932373,
    1.86381196975708,
    1.3343838453292847,
    2.641829252243042,
    2.2746901512145996
  ],
  "mean_reprojection_error": 2.504575729370117,
  "std_reprojection_error": 0.951003909111023,
  "inliers": [
    0,
    1,
    9,
    10,
    12,
    13,
    14,
    15,
    16,
    18,
    19,
    21,
    22,
    23,
    24,
    28
  ],
  "mkpts0": [
    [
      727.625,
      126.375
    ],
    [
      727.625,
      143.875
    ],
    [
      745.125,
      201.375
    ],
    [
      805.125,
      212.625
    ],
    [
      793.875,
      220.125
    ],
    [
      705.125,
      223.875
    ],
    [
      835.125,
      225.125
    ],
    [
      425.125,
      242.625
    ],
    [
      413.875,
      248.875
    ],
    [
      436.375,
      260.125
    ],
    [
      478.875,
      281.375
    ],
    [
      590.125,
      283.875
    ],
    [
      522.625,
      286.375
    ],
    [
      386.375,
      288.875
    ],
    [
      511.375,
      292.625
    ],
    [
      597.625,
      297.625
    ],
    [
      430.125,
      311.375
    ],
    [
      575.125,
      312.625
    ],
    [
      540.125,
      313.875
    ],
    [
      518.875,
      327.625
    ],
    [
      586.375,
      330.125
    ],
    [
      470.125,
      338.875
    ],
    [
      602.625,
      347.625
    ],
    [
      611.375,
      352.625
    ],
    [
      636.375,
      357.625
    ],
    [
      650.125,
      376.375
    ],
    [
      715.125,
      383.875
    ],
    [
      595.125,
      388.875
    ],
    [
      702.625,
      391.375
    ]
  ],
  "mkpts1": [
    [
      903.875,
      22.625
    ],
    [
      896.375,
      45.125
    ],
    [
      898.875,
      136.375
    ],
    [
      991.375,
      177.625
    ],
    [
      977.625,
      187.625
    ],
    [
      830.125,
      163.875
    ],
    [
      1056.375,
      218.875
    ],
    [
      381.375,
      138.875
    ],
    [
      362.625,
      147.625
    ],
    [
      401.375,
      178.875
    ],
    [
      473.875,
      233.875
    ],
    [
      657.625,
      278.875
    ],
    [
      545.125,
      258.875
    ],
    [
      317.625,
      228.875
    ],
    [
      523.875,
      268.875
    ],
    [
      663.875,
      297.625
    ],
    [
      392.625,
      290.125
    ],
    [
      625.125,
      323.875
    ],
    [
      575.125,
      332.625
    ],
    [
      542.625,
      357.625
    ],
    [
      648.875,
      368.875
    ],
    [
      458.875,
      375.125
    ],
    [
      673.875,
      410.125
    ],
    [
      688.875,
      423.875
    ],
    [
      726.375,
      438.875
    ],
    [
      748.875,
      482.625
    ],
    [
      850.125,
      512.625
    ],
    [
      662.625,
      495.125
    ],
    [
      833.875,
      526.375
    ]
  ],
  "mpts3D": [
    [
      0.20600000023841858,
      -0.07000000029802322,
      -0.0020000000949949026
    ],
    [
      0.20600000023841858,
      -0.054999999701976776,
      -0.0020000000949949026
    ],
    [
      0.21699999272823334,
      -0.0,
      -0.027000000700354576
    ],
    [
      0.23000000417232513,
      0.0,
      -0.07000000029802322
    ],
    [
      0.21699999272823334,
      -0.0,
      -0.07000000029802322
    ],
    [
      0.17000000178813934,
      -0.0,
      -0.014999999664723873
    ],
    [
      0.23000000417232513,
      -0.0,
      -0.11299999803304672
    ],
    [
      -0.0,
      -0.0,
      0.15600000321865082
    ],
    [
      -0.014000000432133675,
      0.0,
      0.15600000321865082
    ],
    [
      -0.01899999938905239,
      -0.0,
      0.12800000607967377
    ],
    [
      -0.01899999938905239,
      -0.0,
      0.07400000095367432
    ],
    [
      0.02500000037252903,
      -0.014000000432133675,
      -0.010999999940395355
    ],
    [
      0.0,
      0.0,
      0.041999999433755875
    ],
    [
      -0.07400000095367432,
      -0.0,
      0.12800000607967377
    ],
    [
      -0.014000000432133675,
      0.0,
      0.041999999433755875
    ],
    [
      0.02500000037252903,
      0.0,
      -0.014999999664723873
    ],
    [
      -0.07400000095367432,
      -0.0,
      0.07400000095367432
    ],
    [
      0.0,
      -0.0,
      -0.014999999664723873
    ],
    [
      -0.03500000014901161,
      -0.017999999225139618,
      -0.009999999776482582
    ],
    [
      -0.05700000002980232,
      -0.017999999225139618,
      -0.009999999776482582
    ],
    [
      -0.014000000432133675,
      0.0,
      -0.041999999433755875
    ],
    [
      -0.10000000149011612,
      -0.029999999329447746,
      0.0
    ],
    [
      -0.023000000044703484,
      0.0,
      -0.06499999761581421
    ],
    [
      -0.023000000044703484,
      -0.0,
      -0.07500000298023224
    ],
    [
      -0.017000000923871994,
      -0.0,
      -0.09200000017881393
    ],
    [
      -0.028999999165534973,
      -0.0,
      -0.12700000405311584
    ],
    [
      0.0,
      0.0,
      -0.15600000321865082
    ],
    [
      -0.052000001072883606,
      -0.0,
      -0.09700000286102295
    ],
    [
      -0.014000000432133675,
      0.0,
      -0.15600000321865082
    ]
  ],
  "mconf": [
    0.8627083897590637,
    0.7941874265670776,
    0.9893473982810974,
    0.684320867061615,
    0.9661317467689514,
    0.40106165409088135,
    0.23466841876506805,
    0.9261147975921631,
    0.9945642352104187,
    0.997247040271759,
    0.9672017693519592,
    0.9253035187721252,
    0.939653217792511,
    0.9954994916915894,
    0.9873450994491577,
    0.9398587942123413,
    0.9938654899597168,
    0.9534367918968201,
    0.9938896894454956,
    0.9980683922767639,
    0.9980372786521912,
    0.9801082015037537,
    0.9985256195068359,
    0.9923540949821472,
    0.999451756477356,
    0.9992644190788269,
    0.5320707559585571,
    0.9992775321006775,
    0.971112847328186
  ],
  "coverage_score": 0.7653094974242585,
  "pose_estimation_failed": false,
  "tracking_method": "loosely_coupled",
  "kf_translation_vector": [
    -0.0035888700912476454,
    -0.012385149630862144,
    0.7003927882468314
  ],
  "kf_quaternion": [
    0.4359465262660691,
    -0.5247880465778036,
    -0.066222548422337,
    0.7281227276263611
  ],
  "kf_rotation_matrix": [
    [
      0.44042416049900845,
      -0.36112276668781756,
      -0.8219591876902892
    ],
    [
      -0.5539953370383808,
      0.6111304006339975,
      -0.5653395439562502
    ],
    [
      0.7064812279094717,
      0.7043507512600992,
      0.06909626481120101
    ]
  ],
  "position_diff": 0.014694662355432738,
  "orientation_diff": 21.480138438437773,
  "timestamp": 1741869676.9695017,
  "image_file": "webcam_000046"
}