{
  "frame": 160,
  "object_rotation_in_cam": [
    [
      0.6103530382251495,
      -0.18409207817491016,
      -0.7704409617112604
    ],
    [
      -0.5570195159931857,
      0.59178661488527,
      -0.582681612242355
    ],
    [
      0.563203717612061,
      0.7847921439437806,
      0.2586558780930329
    ]
  ],
  "object_translation_in_cam": [
    0.023370440710914278,
    -0.04592786071849595,
    0.6927411300879971
  ],
  "raw_rvec": [
    0.9403505193566983,
    -0.9170877767604338,
    -0.2564455136695468
  ],
  "refined_raw_rvec": [
    0.9403505193566983,
    -0.9170877767604338,
    -0.2564455136695468
  ],
  "num_inliers": 14,
  "total_matches": 25,
  "inlier_ratio": 0.56,
  "reprojection_errors": [
    0.7530865669250488,
    0.5360402464866638,
    1.8801363706588745,
    2.7291853427886963,
    1.4212740659713745,
    1.489503026008606,
    2.6449215412139893,
    2.7802481651306152,
    3.9455628395080566,
    3.2131149768829346,
    3.3377809524536133,
    0.8108287453651428,
    0.9441578984260559,
    3.578087091445923
  ],
  "mean_reprojection_error": 2.147423505783081,
  "std_reprojection_error": 1.1220463514328003,
  "inliers": [
    0,
    3,
    6,
    7,
    10,
    12,
    13,
    14,
    15,
    16,
    18,
    19,
    20,
    21
  ],
  "mkpts0": [
    [
      745.125,
      201.375
    ],
    [
      805.125,
      212.625
    ],
    [
      793.875,
      220.125
    ],
    [
      705.125,
      223.875
    ],
    [
      425.125,
      242.625
    ],
    [
      413.875,
      248.875
    ],
    [
      436.375,
      260.125
    ],
    [
      478.875,
      281.375
    ],
    [
      590.125,
      283.875
    ],
    [
      522.625,
      286.375
    ],
    [
      386.375,
      288.875
    ],
    [
      350.125,
      290.125
    ],
    [
      511.375,
      292.625
    ],
    [
      597.625,
      297.625
    ],
    [
      430.125,
      311.375
    ],
    [
      575.125,
      312.625
    ],
    [
      540.125,
      313.875
    ],
    [
      518.875,
      327.625
    ],
    [
      586.375,
      330.125
    ],
    [
      602.625,
      347.625
    ],
    [
      611.375,
      352.625
    ],
    [
      636.375,
      357.625
    ],
    [
      617.625,
      368.875
    ],
    [
      650.125,
      376.375
    ],
    [
      595.125,
      388.875
    ]
  ],
  "mkpts1": [
    [
      927.625,
      51.375
    ],
    [
      1026.375,
      91.375
    ],
    [
      1013.875,
      102.625
    ],
    [
      862.625,
      82.625
    ],
    [
      400.125,
      63.875
    ],
    [
      382.625,
      73.875
    ],
    [
      426.375,
      105.125
    ],
    [
      511.375,
      162.625
    ],
    [
      705.125,
      202.625
    ],
    [
      583.875,
      186.375
    ],
    [
      346.375,
      158.875
    ],
    [
      282.625,
      142.625
    ],
    [
      566.375,
      197.625
    ],
    [
      711.375,
      223.875
    ],
    [
      431.375,
      221.375
    ],
    [
      675.125,
      251.375
    ],
    [
      631.375,
      261.375
    ],
    [
      600.125,
      287.625
    ],
    [
      705.125,
      296.375
    ],
    [
      736.375,
      338.875
    ],
    [
      753.875,
      352.625
    ],
    [
      793.875,
      367.625
    ],
    [
      766.375,
      387.625
    ],
    [
      820.125,
      411.375
    ],
    [
      736.375,
      426.375
    ]
  ],
  "mpts3D": [
    [
      0.21699999272823334,
      -0.0,
      -0.027000000700354576
    ],
    [
      0.23000000417232513,
      0.0,
      -0.07000000029802322
    ],
    [
      0.21699999272823334,
      -0.0,
      -0.07000000029802322
    ],
    [
      0.17000000178813934,
      -0.0,
      -0.014999999664723873
    ],
    [
      -0.0,
      -0.0,
      0.15600000321865082
    ],
    [
      -0.014000000432133675,
      0.0,
      0.15600000321865082
    ],
    [
      -0.01899999938905239,
      -0.0,
      0.12800000607967377
    ],
    [
      -0.01899999938905239,
      -0.0,
      0.07400000095367432
    ],
    [
      0.02500000037252903,
      -0.014000000432133675,
      -0.010999999940395355
    ],
    [
      0.0,
      0.0,
      0.041999999433755875
    ],
    [
      -0.07400000095367432,
      -0.0,
      0.12800000607967377
    ],
    [
      -0.07999999821186066,
      -0.0,
      0.15600000321865082
    ],
    [
      -0.014000000432133675,
      0.0,
      0.041999999433755875
    ],
    [
      0.02500000037252903,
      0.0,
      -0.014999999664723873
    ],
    [
      -0.07400000095367432,
      -0.0,
      0.07400000095367432
    ],
    [
      0.0,
      -0.0,
      -0.014999999664723873
    ],
    [
      -0.03500000014901161,
      -0.017999999225139618,
      -0.009999999776482582
    ],
    [
      -0.05700000002980232,
      -0.017999999225139618,
      -0.009999999776482582
    ],
    [
      -0.014000000432133675,
      0.0,
      -0.041999999433755875
    ],
    [
      -0.023000000044703484,
      0.0,
      -0.06499999761581421
    ],
    [
      -0.023000000044703484,
      -0.0,
      -0.07500000298023224
    ],
    [
      -0.017000000923871994,
      -0.0,
      -0.09200000017881393
    ],
    [
      -0.03700000047683716,
      -0.0,
      -0.09700000286102295
    ],
    [
      -0.028999999165534973,
      -0.0,
      -0.12700000405311584
    ],
    [
      -0.052000001072883606,
      -0.0,
      -0.09700000286102295
    ]
  ],
  "mconf": [
    0.974920928478241,
    0.31140148639678955,
    0.9141568541526794,
    0.6111165285110474,
    0.9522098302841187,
    0.9949601292610168,
    0.9974406957626343,
    0.9924356937408447,
    0.9412965774536133,
    0.653184175491333,
    0.9937995076179504,
    0.2688053846359253,
    0.96147620677948,
    0.9444884657859802,
    0.9972168207168579,
    0.9882252216339111,
    0.9937268495559692,
    0.9983250498771667,
    0.9981840252876282,
    0.9946444034576416,
    0.9971886873245239,
    0.9996601343154907,
    0.9993252754211426,
    0.9993631839752197,
    0.9994155764579773
  ],
  "coverage_score": 0.7742903032614272,
  "pose_estimation_failed": false,
  "tracking_method": "loosely_coupled",
  "kf_translation_vector": [
    0.022900911096692563,
    -0.03902740469710067,
    0.8106443097801745
  ],
  "kf_quaternion": [
    0.41171224690000513,
    -0.437015000763204,
    -0.14223566378538535,
    0.7869434101687471
  ],
  "kf_rotation_matrix": [
    [
      0.5775738101109353,
      -0.13598601917267927,
      -0.8049324794437761
    ],
    [
      -0.5837116924002254,
      0.6205240834001601,
      -0.5236702417320045
    ],
    [
      0.5706918205381973,
      0.7723067166029045,
      0.2790218297209721
    ]
  ],
  "position_diff": 0.12265204474133687,
  "orientation_diff": 3.9980273912303774,
  "timestamp": 1741869957.822019,
  "image_file": "webcam_000160"
}