{
  "frame": 70,
  "object_rotation_in_cam": [
    [
      0.609108275425253,
      -0.13939802956316033,
      -0.7807402245064501
    ],
    [
      -0.37512898018445867,
      0.8167072022218149,
      -0.4384832882388831
    ],
    [
      0.6987598707955702,
      0.5599620837100703,
      0.4451708748029618
    ]
  ],
  "object_translation_in_cam": [
    -0.0180399612873482,
    -0.013901482302557566,
    0.6618876914738978
  ],
  "raw_rvec": [
    0.621238978201418,
    -0.9205542469090827,
    -0.1466732772856315
  ],
  "refined_raw_rvec": [
    0.621238978201418,
    -0.9205542469090827,
    -0.1466732772856315
  ],
  "num_inliers": 13,
  "total_matches": 36,
  "inlier_ratio": 0.3611111111111111,
  "reprojection_errors": [
    0.8220335841178894,
    1.2920310497283936,
    2.546860694885254,
    2.0283522605895996,
    2.6167404651641846,
    3.1298861503601074,
    1.5641981363296509,
    2.040877342224121,
    3.4949445724487305,
    1.5428375005722046,
    3.3880813121795654,
    3.0994842052459717,
    3.2185909748077393
  ],
  "mean_reprojection_error": 2.368070363998413,
  "std_reprojection_error": 0.8476464748382568,
  "inliers": [
    6,
    12,
    15,
    18,
    19,
    21,
    22,
    23,
    24,
    25,
    26,
    27,
    35
  ],
  "mkpts0": [
    [
      727.625,
      126.375
    ],
    [
      727.625,
      143.875
    ],
    [
      636.375,
      157.625
    ],
    [
      663.875,
      165.125
    ],
    [
      656.375,
      171.375
    ],
    [
      356.375,
      195.125
    ],
    [
      745.125,
      201.375
    ],
    [
      805.125,
      212.625
    ],
    [
      793.875,
      220.125
    ],
    [
      705.125,
      223.875
    ],
    [
      835.125,
      225.125
    ],
    [
      413.875,
      248.875
    ],
    [
      436.375,
      260.125
    ],
    [
      478.875,
      281.375
    ],
    [
      590.125,
      283.875
    ],
    [
      522.625,
      286.375
    ],
    [
      386.375,
      288.875
    ],
    [
      350.125,
      290.125
    ],
    [
      511.375,
      292.625
    ],
    [
      597.625,
      297.625
    ],
    [
      430.125,
      311.375
    ],
    [
      575.125,
      312.625
    ],
    [
      540.125,
      313.875
    ],
    [
      518.875,
      327.625
    ],
    [
      586.375,
      330.125
    ],
    [
      470.125,
      338.875
    ],
    [
      602.625,
      347.625
    ],
    [
      611.375,
      352.625
    ],
    [
      636.375,
      357.625
    ],
    [
      617.625,
      368.875
    ],
    [
      650.125,
      376.375
    ],
    [
      496.375,
      377.625
    ],
    [
      715.125,
      383.875
    ],
    [
      516.375,
      388.875
    ],
    [
      595.125,
      388.875
    ],
    [
      702.625,
      391.375
    ]
  ],
  "mkpts1": [
    [
      847.625,
      46.375
    ],
    [
      841.375,
      73.875
    ],
    [
      665.125,
      86.375
    ],
    [
      708.875,
      106.375
    ],
    [
      697.625,
      112.625
    ],
    [
      195.125,
      72.625
    ],
    [
      850.125,
      177.625
    ],
    [
      965.125,
      206.375
    ],
    [
      936.375,
      216.375
    ],
    [
      791.375,
      203.875
    ],
    [
      1013.875,
      225.125
    ],
    [
      295.125,
      173.875
    ],
    [
      335.125,
      197.625
    ],
    [
      400.125,
      237.625
    ],
    [
      620.125,
      270.125
    ],
    [
      493.875,
      261.375
    ],
    [
      247.625,
      231.375
    ],
    [
      175.125,
      227.625
    ],
    [
      475.125,
      267.625
    ],
    [
      626.375,
      293.875
    ],
    [
      330.125,
      280.125
    ],
    [
      587.625,
      312.625
    ],
    [
      537.625,
      303.875
    ],
    [
      502.625,
      323.875
    ],
    [
      618.875,
      347.625
    ],
    [
      412.625,
      327.625
    ],
    [
      648.875,
      380.125
    ],
    [
      668.875,
      391.375
    ],
    [
      712.625,
      405.125
    ],
    [
      683.875,
      420.125
    ],
    [
      741.375,
      441.375
    ],
    [
      453.875,
      411.375
    ],
    [
      858.875,
      468.875
    ],
    [
      482.625,
      430.125
    ],
    [
      647.625,
      451.375
    ],
    [
      843.875,
      481.375
    ]
  ],
  "mpts3D": [
    [
      0.20600000023841858,
      -0.07000000029802322,
      -0.0020000000949949026
    ],
    [
      0.20600000023841858,
      -0.054999999701976776,
      -0.0020000000949949026
    ],
    [
      0.23000000417232513,
      -0.0,
      0.11299999803304672
    ],
    [
      0.23000000417232513,
      -0.0,
      0.07000000029802322
    ],
    [
      0.21699999272823334,
      0.0,
      0.07000000029802322
    ],
    [
      -0.0,
      -0.02500000037252903,
      0.23999999463558197
    ],
    [
      0.21699999272823334,
      -0.0,
      -0.027000000700354576
    ],
    [
      0.23000000417232513,
      0.0,
      -0.07000000029802322
    ],
    [
      0.21699999272823334,
      -0.0,
      -0.07000000029802322
    ],
    [
      0.17000000178813934,
      -0.0,
      -0.014999999664723873
    ],
    [
      0.23000000417232513,
      -0.0,
      -0.11299999803304672
    ],
    [
      -0.014000000432133675,
      0.0,
      0.15600000321865082
    ],
    [
      -0.01899999938905239,
      -0.0,
      0.12800000607967377
    ],
    [
      -0.01899999938905239,
      -0.0,
      0.07400000095367432
    ],
    [
      0.02500000037252903,
      -0.014000000432133675,
      -0.010999999940395355
    ],
    [
      0.0,
      0.0,
      0.041999999433755875
    ],
    [
      -0.07400000095367432,
      -0.0,
      0.12800000607967377
    ],
    [
      -0.07999999821186066,
      -0.0,
      0.15600000321865082
    ],
    [
      -0.014000000432133675,
      0.0,
      0.041999999433755875
    ],
    [
      0.02500000037252903,
      0.0,
      -0.014999999664723873
    ],
    [
      -0.07400000095367432,
      -0.0,
      0.07400000095367432
    ],
    [
      0.0,
      -0.0,
      -0.014999999664723873
    ],
    [
      -0.03500000014901161,
      -0.017999999225139618,
      -0.009999999776482582
    ],
    [
      -0.05700000002980232,
      -0.017999999225139618,
      -0.009999999776482582
    ],
    [
      -0.014000000432133675,
      0.0,
      -0.041999999433755875
    ],
    [
      -0.10000000149011612,
      -0.029999999329447746,
      0.0
    ],
    [
      -0.023000000044703484,
      0.0,
      -0.06499999761581421
    ],
    [
      -0.023000000044703484,
      -0.0,
      -0.07500000298023224
    ],
    [
      -0.017000000923871994,
      -0.0,
      -0.09200000017881393
    ],
    [
      -0.03700000047683716,
      -0.0,
      -0.09700000286102295
    ],
    [
      -0.028999999165534973,
      -0.0,
      -0.12700000405311584
    ],
    [
      -0.09000000357627869,
      -0.0,
      -0.014999999664723873
    ],
    [
      0.0,
      0.0,
      -0.15600000321865082
    ],
    [
      -0.09000000357627869,
      -0.0,
      -0.041999999433755875
    ],
    [
      -0.052000001072883606,
      -0.0,
      -0.09700000286102295
    ],
    [
      -0.014000000432133675,
      0.0,
      -0.15600000321865082
    ]
  ],