{
  "frame": 50,
  "object_rotation_in_cam": [
    [
      0.38281036999843276,
      -0.24157342959810954,
      -0.8916829586427398
    ],
    [
      -0.44324822847755674,
      0.7988238656299707,
      -0.4067080521104761
    ],
    [
      0.8105474869328574,
      0.5509289516917742,
      0.1987210648487777
    ]
  ],
  "object_translation_in_cam": [
    -0.0481282899860704,
    0.020921822559907988,
    0.7301736747732489
  ],
  "raw_rvec": [
    0.6727862850768805,
    -1.1958991698069947,
    -0.14168629469517527
  ],
  "refined_raw_rvec": [
    0.6727862850768805,
    -1.1958991698069947,
    -0.14168629469517527
  ],
  "num_inliers": 13,
  "total_matches": 28,
  "inlier_ratio": 0.4642857142857143,
  "reprojection_errors": [
    2.209120750427246,
    2.674168348312378,
    1.662876844406128,
    3.362245798110962,
    2.6628220081329346,
    0.7472739219665527,
    2.6161656379699707,
    3.0865564346313477,
    2.4306039810180664,
    3.956331968307495,
    2.4650371074676514,
    2.3592774868011475,
    2.020242214202881
  ],
  "mean_reprojection_error": 2.480978488922119,
  "std_reprojection_error": 0.7538363337516785,
  "inliers": [
    2,
    5,
    8,
    9,
    11,
    13,
    14,
    15,
    16,
    18,
    19,
    20,
    21
  ],
  "mkpts0": [
    [
      636.375,
      157.625
    ],
    [
      356.375,
      195.125
    ],
    [
      745.125,
      201.375
    ],
    [
      805.125,
      212.625
    ],
    [
      793.875,
      220.125
    ],
    [
      705.125,
      223.875
    ],
    [
      425.125,
      242.625
    ],
    [
      413.875,
      248.875
    ],
    [
      436.375,
      260.125
    ],
    [
      478.875,
      281.375
    ],
    [
      590.125,
      283.875
    ],
    [
      522.625,
      286.375
    ],
    [
      386.375,
      288.875
    ],
    [
      511.375,
      292.625
    ],
    [
      597.625,
      297.625
    ],
    [
      430.125,
      311.375
    ],
    [
      575.125,
      312.625
    ],
    [
      540.125,
      313.875
    ],
    [
      518.875,
      327.625
    ],
    [
      586.375,
      330.125
    ],
    [
      602.625,
      347.625
    ],
    [
      611.375,
      352.625
    ],
    [
      636.375,
      357.625
    ],
    [
      617.625,
      368.875
    ],
    [
      650.125,
      376.375
    ],
    [
      715.125,
      383.875
    ],
    [
      595.125,
      388.875
    ],
    [
      702.625,
      391.375
    ]
  ],
  "mkpts1": [
    [
      516.375,
      136.375
    ],
    [
      88.875,
      157.625
    ],
    [
      701.375,
      222.625
    ],
    [
      792.625,
      248.875
    ],
    [
      783.875,
      257.625
    ],
    [
      653.875,
      248.875
    ],
    [
      231.375,
      253.875
    ],
    [
      216.375,
      261.375
    ],
    [
      266.375,
      285.125
    ],
    [
      360.125,
      323.875
    ],
    [
      551.375,
      341.375
    ],
    [
      435.125,
      338.875
    ],
    [
      200.125,
      330.125
    ],
    [
      420.125,
      348.875
    ],
    [
      557.625,
      361.375
    ],
    [
      297.625,
      376.375
    ],
    [
      532.625,
      383.875
    ],
    [
      501.375,
      388.875
    ],
    [
      478.875,
      410.125
    ],
    [
      570.125,
      417.625
    ],
    [
      608.875,
      447.625
    ],
    [
      627.625,
      457.625
    ],
    [
      667.625,
      466.375
    ],
    [
      650.125,
      485.125
    ],
    [
      703.875,
      498.875
    ],
    [
      796.375,
      511.375
    ],
    [
      631.375,
      517.625
    ],
    [
      788.875,
      525.125
    ]
  ],
  "mpts3D": [
    [
      0.23000000417232513,
      -0.0,
      0.11299999803304672
    ],
    [
      -0.0,
      -0.02500000037252903,
      0.23999999463558197
    ],
    [
      0.21699999272823334,
      -0.0,
      -0.027000000700354576
    ],
    [
      0.23000000417232513,
      0.0,
      -0.07000000029802322
    ],
    [
      0.21699999272823334,
      -0.0,
      -0.07000000029802322
    ],
    [
      0.17000000178813934,
      -0.0,
      -0.014999999664723873
    ],
    [
      -0.0,
      -0.0,
      0.15600000321865082
    ],
    [
      -0.014000000432133675,
      0.0,
      0.15600000321865082
    ],
    [
      -0.01899999938905239,
      -0.0,
      0.12800000607967377
    ],
    [
      -0.01899999938905239,
      -0.0,
      0.07400000095367432
    ],
    [
      0.02500000037252903,
      -0.014000000432133675,
      -0.010999999940395355
    ],
    [
      0.0,
      0.0,
      0.041999999433755875
    ],
    [
      -0.07400000095367432,
      -0.0,
      0.12800000607967377
    ],
    [
      -0.014000000432133675,
      0.0,
      0.041999999433755875
    ],
    [
      0.02500000037252903,
      0.0,
      -0.014999999664723873
    ],
    [
      -0.07400000095367432,
      -0.0,
      0.07400000095367432
    ],
    [
      0.0,
      -0.0,
      -0.014999999664723873
    ],
    [
      -0.03500000014901161,
      -0.017999999225139618,
      -0.009999999776482582
    ],
    [
      -0.05700000002980232,
      -0.017999999225139618,
      -0.009999999776482582
    ],
    [
      -0.014000000432133675,
      0.0,
      -0.041999999433755875
    ],
    [
      -0.023000000044703484,
      0.0,
      -0.06499999761581421
    ],
    [
      -0.023000000044703484,
      -0.0,
      -0.07500000298023224
    ],
    [
      -0.017000000923871994,
      -0.0,
      -0.09200000017881393
    ],
    [
      -0.03700000047683716,
      -0.0,
      -0.09700000286102295
    ],
    [
      -0.028999999165534973,
      -0.0,
      -0.12700000405311584
    ],
    [
      0.0,
      0.0,
      -0.15600000321865082
    ],
    [
      -0.052000001072883606,
      -0.0,
      -0.09700000286102295
    ],
    [
      -0.014000000432133675,
      0.0,
      -0.15600000321865082
    ]
  ],
  "mconf": [
    0.4689185917377472,
    0.9559946656227112,
    0.9327162504196167,
    0.25569242238998413,
    0.9287325739860535,
    0.9418668746948242,
    0.9272051453590393,
    0.9958825707435608,
    0.99635249376297,
    0.9970675110816956,
    0.9525583386421204,
    0.7643977403640747,
    0.9936923980712891,
    0.9907568693161011,
    0.9863042235374451,
    0.9991698861122131,
    0.9919184446334839,
    0.994928240776062,
    0.9904400110244751,
    0.9990879893302917,
    0.9963904619216919,
    0.9996755123138428,
    0.9998974800109863,
    0.9998592734336853,
    0.9993520379066467,
    0.9846192002296448,
    0.9997998476028442,
    0.9996256828308105
  ],
  "coverage_score": 0.7863118319475819,
  "pose_estimation_failed": false,
  "tracking_method": "loosely_coupled",
  "kf_translation_vector": [
    -0.024067999846207173,
    -0.04057188944815596,
    0.7296879955645613
  ],
  "kf_quaternion": [
    0.4570185870321743,
    -0.47017602524481533,
    -0.11336536226082455,
    0.7464695647054699
  ],
  "kf_rotation_matrix": [
    [
      0.5321655998489176,
      -0.2605107801885476,
      -0.8055643411565558
    ],
    [
      -0.5990059506666101,
      0.5565646114931739,
      -0.575697580591966
    ],
    [
      0.5983240304412254,
      0.7889042823048982,
      0.14013703278420342
    ]
  ],
  "position_diff": 0.06929292055021886,
  "orientation_diff": 20.23014765503844,
  "timestamp": 1741869613.778737,
  "image_file": "webcam_000050"
}