{
  "frame": 13,
  "object_rotation_in_cam": [
    [
      0.4968088366587222,
      -0.2780089388562115,
      -0.8221265168657743
    ],
    [
      -0.5634178847826125,
      0.6172138372539052,
      -0.5491879152069868
    ],
    [
      0.6601070117222616,
      0.7360421924172235,
      0.1500020801747532
    ]
  ],
  "object_translation_in_cam": [
    -0.0037155331962418375,
    -0.04353468231763626,
    0.7129055777999269
  ],
  "raw_rvec": [
    0.9324970215427666,
    -1.075432595641702,
    -0.20707808696607907
  ],
  "refined_raw_rvec": [
    0.9324970215427666,
    -1.075432595641702,
    -0.20707808696607907
  ],
  "num_inliers": 12,
  "total_matches": 21,
  "inlier_ratio": 0.5714285714285714,
  "reprojection_errors": [
    1.938940405845642,
    2.920285701751709,
    2.477444648742676,
    2.8358590602874756,
    2.14819073677063,
    3.645399332046509,
    1.8906422853469849,
    2.4240989685058594,
    3.487769365310669,
    2.856229782104492,
    3.6301934719085693,
    0.9352218508720398
  ],
  "mean_reprojection_error": 2.5991897583007812,
  "std_reprojection_error": 0.7707095146179199,
  "inliers": [
    3,
    6,
    7,
    8,
    9,
    10,
    11,
    12,
    14,
    15,
    18,
    20
  ],
  "mkpts0": [
    [
      705.125,
      223.875
    ],
    [
      425.125,
      242.625
    ],
    [
      413.875,
      248.875
    ],
    [
      436.375,
      260.125
    ],
    [
      478.875,
      281.375
    ],
    [
      590.125,
      283.875
    ],
    [
      522.625,
      286.375
    ],
    [
      386.375,
      288.875
    ],
    [
      511.375,
      292.625
    ],
    [
      597.625,
      297.625
    ],
    [
      430.125,
      311.375
    ],
    [
      540.125,
      313.875
    ],
    [
      518.875,
      327.625
    ],
    [
      586.375,
      330.125
    ],
    [
      602.625,
      347.625
    ],
    [
      611.375,
      352.625
    ],
    [
      636.375,
      357.625
    ],
    [
      650.125,
      376.375
    ],
    [
      715.125,
      383.875
    ],
    [
      595.125,
      388.875
    ],
    [
      702.625,
      391.375
    ]
  ],
  "mkpts1": [
    [
      822.625,
      53.875
    ],
    [
      327.625,
      78.875
    ],
    [
      311.375,
      88.875
    ],
    [
      361.375,
      120.125
    ],
    [
      452.625,
      172.625
    ],
    [
      642.625,
      207.625
    ],
    [
      523.875,
      193.875
    ],
    [
      291.375,
      173.875
    ],
    [
      508.875,
      206.375
    ],
    [
      646.375,
      227.625
    ],
    [
      386.375,
      233.875
    ],
    [
      586.375,
      266.375
    ],
    [
      561.375,
      292.625
    ],
    [
      653.875,
      297.625
    ],
    [
      687.625,
      336.375
    ],
    [
      706.375,
      350.125
    ],
    [
      743.875,
      361.375
    ],
    [
      773.875,
      401.375
    ],
    [
      867.625,
      421.375
    ],
    [
      700.125,
      420.125
    ],
    [
      857.625,
      436.375
    ]
  ],
  "mpts3D": [
    [
      0.17000000178813934,
      -0.0,
      -0.014999999664723873
    ],
    [
      -0.0,
      -0.0,
      0.15600000321865082
    ],
    [
      -0.014000000432133675,
      0.0,
      0.15600000321865082
    ],
    [
      -0.01899999938905239,
      -0.0,
      0.12800000607967377
    ],
    [
      -0.01899999938905239,
      -0.0,
      0.07400000095367432
    ],
    [
      0.02500000037252903,
      -0.014000000432133675,
      -0.010999999940395355
    ],
    [
      0.0,
      0.0,
      0.041999999433755875
    ],
    [
      -0.07400000095367432,
      -0.0,
      0.12800000607967377
    ],
    [
      -0.014000000432133675,
      0.0,
      0.041999999433755875
    ],
    [
      0.02500000037252903,
      0.0,
      -0.014999999664723873
    ],
    [
      -0.07400000095367432,
      -0.0,
      0.07400000095367432
    ],
    [
      -0.03500000014901161,
      -0.017999999225139618,
      -0.009999999776482582
    ],
    [
      -0.05700000002980232,
      -0.017999999225139618,
      -0.009999999776482582
    ],
    [
      -0.014000000432133675,
      0.0,
      -0.041999999433755875
    ],
    [
      -0.023000000044703484,
      0.0,
      -0.06499999761581421
    ],
    [
      -0.023000000044703484,
      -0.0,
      -0.07500000298023224
    ],
    [
      -0.017000000923871994,
      -0.0,
      -0.09200000017881393
    ],
    [
      -0.028999999165534973,
      -0.0,
      -0.12700000405311584
    ],
    [
      0.0,
      0.0,
      -0.15600000321865082
    ],
    [
      -0.052000001072883606,
      -0.0,
      -0.09700000286102295
    ],
    [
      -0.014000000432133675,
      0.0,
      -0.15600000321865082
    ]
  ],
  "mconf": [
    0.5437610745429993,
    0.9402343034744263,
    0.9956688284873962,
    0.9962713718414307,
    0.996446430683136,
    0.9460155963897705,
    0.8414765000343323,
    0.9964931011199951,
    0.9855520129203796,
    0.9851505160331726,
    0.9991981983184814,
    0.9972125887870789,
    0.9993324279785156,
    0.9970269203186035,
    0.9976413249969482,
    0.9975776076316833,
    0.9998595714569092,
    0.9996973276138306,
    0.9950164556503296,
    0.9998322129249573,
    0.9998788833618164
  ],
  "coverage_score": 0.6804820237218405,
  "pose_estimation_failed": false,
  "tracking_method": "loosely_coupled",
  "kf_translation_vector": [
    -0.01013237118396419,
    -0.09333984616416528,
    0.6803128237729857
  ],
  "kf_quaternion": [
    0.45421430905202054,
    -0.4890371594584857,
    -0.11556538415585799,
    0.7356471029685908
  ],
  "kf_rotation_matrix": [
    [
      0.49497459730736915,
      -0.2742246708529793,
      -0.8245004414286162
    ],
    [
      -0.6142860310838162,
      0.560668006874609,
      -0.5552513467633793
    ],
    [
      0.6145346369698789,
      0.7813144155606171,
      0.1090640362423424
    ]
  ],
  "position_diff": 0.06050975262511531,
  "orientation_diff": 4.375394683052865,
  "timestamp": 1741869608.810921,
  "image_file": "webcam_000013"
}