{
  "frame": 90,
  "object_rotation_in_cam": [
    [
      0.5797837305120793,
      -0.20140615397701003,
      -0.7894848871091112
    ],
    [
      -0.574657174964902,
      0.5858264377944636,
      -0.5714687358398602
    ],
    [
      0.5775984393113048,
      0.7850114304398623,
      0.22391314607210197
    ]
  ],
  "object_translation_in_cam": [
    -0.03462911099311654,
    -0.05485569284332373,
    0.6847635330719912
  ],
  "raw_rvec": [
    0.9506362914722878,
    -0.9580671032781695,
    -0.261578440437739
  ],
  "refined_raw_rvec": [
    0.9506362914722878,
    -0.9580671032781695,
    -0.261578440437739
  ],
  "num_inliers": 13,
  "total_matches": 26,
  "inlier_ratio": 0.5,
  "reprojection_errors": [
    1.507512092590332,
    1.2819139957427979,
    0.9905864000320435,
    2.74902081489563,
    1.704573631286621,
    3.7954275608062744,
    2.185840606689453,
    2.8340365886688232,
    2.0489859580993652,
    1.1582603454589844,
    0.2998325228691101,
    1.1098803281784058,
    1.2749384641647339
  ],
  "mean_reprojection_error": 1.7646777629852295,
  "std_reprojection_error": 0.9020811915397644,
  "inliers": [
    0,
    3,
    4,
    5,
    6,
    9,
    10,
    13,
    15,
    16,
    17,
    19,
    20
  ],
  "mkpts0": [
    [
      745.125,
      201.375
    ],
    [
      805.125,
      212.625
    ],
    [
      793.875,
      220.125
    ],
    [
      705.125,
      223.875
    ],
    [
      835.125,
      225.125
    ],
    [
      425.125,
      242.625
    ],
    [
      413.875,
      248.875
    ],
    [
      436.375,
      260.125
    ],
    [
      478.875,
      281.375
    ],
    [
      590.125,
      283.875
    ],
    [
      522.625,
      286.375
    ],
    [
      386.375,
      288.875
    ],
    [
      511.375,
      292.625
    ],
    [
      597.625,
      297.625
    ],
    [
      430.125,
      311.375
    ],
    [
      575.125,
      312.625
    ],
    [
      540.125,
      313.875
    ],
    [
      518.875,
      327.625
    ],
    [
      586.375,
      330.125
    ],
    [
      602.625,
      347.625
    ],
    [
      611.375,
      352.625
    ],
    [
      636.375,
      357.625
    ],
    [
      617.625,
      368.875
    ],
    [
      650.125,
      376.375
    ],
    [
      595.125,
      388.875
    ],
    [
      702.625,
      391.375
    ]
  ],
  "mkpts1": [
    [
      810.125,
      28.875
    ],
    [
      905.125,
      72.625
    ],
    [
      891.375,
      82.625
    ],
    [
      745.125,
      58.875
    ],
    [
      955.125,
      101.375
    ],
    [
      271.375,
      30.125
    ],
    [
      251.375,
      38.875
    ],
    [
      298.875,
      75.125
    ],
    [
      385.125,
      133.875
    ],
    [
      583.875,
      180.125
    ],
    [
      461.375,
      160.125
    ],
    [
      211.375,
      128.875
    ],
    [
      441.375,
      171.375
    ],
    [
      590.125,
      201.375
    ],
    [
      302.625,
      196.375
    ],
    [
      553.875,
      228.875
    ],
    [
      507.625,
      238.875
    ],
    [
      475.125,
      266.375
    ],
    [
      582.625,
      275.125
    ],
    [
      612.625,
      317.625
    ],
    [
      630.125,
      332.625
    ],
    [
      671.375,
      347.625
    ],
    [
      643.875,
      367.625
    ],
    [
      695.125,
      391.375
    ],
    [
      611.375,
      407.625
    ],
    [
      785.125,
      432.625
    ]
  ],
  "mpts3D": [
    [
      0.21699999272823334,
      -0.0,
      -0.027000000700354576
    ],
    [
      0.23000000417232513,
      0.0,
      -0.07000000029802322
    ],
    [
      0.21699999272823334,
      -0.0,
      -0.07000000029802322
    ],
    [
      0.17000000178813934,
      -0.0,
      -0.014999999664723873
    ],
    [
      0.23000000417232513,
      -0.0,
      -0.11299999803304672
    ],
    [
      -0.0,
      -0.0,
      0.15600000321865082
    ],
    [
      -0.014000000432133675,
      0.0,
      0.15600000321865082
    ],
    [
      -0.01899999938905239,
      -0.0,
      0.12800000607967377
    ],
    [
      -0.01899999938905239,
      -0.0,
      0.07400000095367432
    ],
    [
      0.02500000037252903,
      -0.014000000432133675,
      -0.010999999940395355
    ],
    [
      0.0,
      0.0,
      0.041999999433755875
    ],
    [
      -0.07400000095367432,
      -0.0,
      0.12800000607967377
    ],
    [
      -0.014000000432133675,
      0.0,
      0.041999999433755875
    ],
    [
      0.02500000037252903,
      0.0,
      -0.014999999664723873
    ],
    [
      -0.07400000095367432,
      -0.0,
      0.07400000095367432
    ],
    [
      0.0,
      -0.0,
      -0.014999999664723873
    ],
    [
      -0.03500000014901161,
      -0.017999999225139618,
      -0.009999999776482582
    ],
    [
      -0.05700000002980232,
      -0.017999999225139618,
      -0.009999999776482582
    ],
    [
      -0.014000000432133675,
      0.0,
      -0.041999999433755875
    ],
    [
      -0.023000000044703484,
      0.0,
      -0.06499999761581421
    ],
    [
      -0.023000000044703484,
      -0.0,
      -0.07500000298023224
    ],
    [
      -0.017000000923871994,
      -0.0,
      -0.09200000017881393
    ],
    [
      -0.03700000047683716,
      -0.0,
      -0.09700000286102295
    ],
    [
      -0.028999999165534973,
      -0.0,
      -0.12700000405311584
    ],
    [
      -0.052000001072883606,
      -0.0,
      -0.09700000286102295
    ],
    [
      -0.014000000432133675,
      0.0,
      -0.15600000321865082
    ]
  ],
  "mconf": [
    0.98813396692276,
    0.8088479042053223,
    0.9968780279159546,
    0.751351535320282,
    0.6734515428543091,
    0.9110020995140076,
    0.9926456212997437,
    0.9945537447929382,
    0.997175931930542,
    0.9367733001708984,
    0.9602445363998413,
    0.9960578680038452,
    0.9953073859214783,
    0.9773198366165161,
    0.9989871978759766,
    0.9957205653190613,
    0.9929889440536499,
    0.9984027743339539,
    0.9994387030601501,
    0.999183714389801,
    0.9974856972694397,
    0.9997795224189758,
    0.9997202754020691,
    0.9995373487472534,
    0.9996215105056763,
    0.4749569296836853
  ],
  "coverage_score": 0.6804820237218406,
  "pose_estimation_failed": false,
  "tracking_method": "loosely_coupled",
  "kf_translation_vector": [
    0.008684527610755489,
    -0.03740902053711136,
    0.7685973193316793
  ],
  "kf_quaternion": [
    0.4463992401327842,
    -0.41996358432725456,
    -0.11228047710945431,
    0.78214538335782
  ],
  "kf_rotation_matrix": [
    [
      0.6220473645981566,
      -0.19930353622950758,
      -0.7571889966467431
    ],
    [
      -0.5505821634789999,
      0.5762416257378924,
      -0.6039907863748708
    ],
    [
      0.5567013179931157,
      0.7926056328423134,
      0.2487166124957556
    ]
  ],
  "position_diff": 0.10017332812193032,
  "orientation_diff": 3.1193357881186747,
  "timestamp": 1741869948.4198794,
  "image_file": "webcam_000090"
}