{
  "frame": 142,
  "object_rotation_in_cam": [
    [
      0.7698050495243878,
      -0.20917067614267715,
      -0.6030321831948692
    ],
    [
      -0.2641354395998798,
      0.7556884735574878,
      -0.5993057654317472
    ],
    [
      0.5810616621961332,
      0.6206307752394892,
      0.5264834143175807
    ]
  ],
  "object_translation_in_cam": [
    0.02349009997712407,
    0.005543019283483499,
    0.6262178050849898
  ],
  "raw_rvec": [
    0.7293293599140073,
    -0.7079010895615656,
    -0.032860246753498704
  ],
  "refined_raw_rvec": [
    0.7293293599140073,
    -0.7079010895615656,
    -0.032860246753498704
  ],
  "num_inliers": 15,
  "total_matches": 35,
  "inlier_ratio": 0.42857142857142855,
  "reprojection_errors": [
    1.1778732538223267,
    2.135648012161255,
    3.123884677886963,
    3.5827133655548096,
    1.1940593719482422,
    1.3660719394683838,
    3.8586432933807373,
    3.1939008235931396,
    2.765160322189331,
    3.7659687995910645,
    2.7344765663146973,
    1.1943683624267578,
    1.5198211669921875,
    3.522902488708496,
    1.2074757814407349
  ],
  "mean_reprojection_error": 2.4228644371032715,
  "std_reprojection_error": 1.0257370471954346,
  "inliers": [
    6,
    12,
    13,
    15,
    16,
    18,
    19,
    20,
    21,
    22,
    24,
    26,
    27,
    28,
    34
  ],
  "mkpts0": [
    [
      727.625,
      126.375
    ],
    [
      727.625,
      143.875
    ],
    [
      636.375,
      157.625
    ],
    [
      663.875,
      165.125
    ],
    [
      656.375,
      171.375
    ],
    [
      356.375,
      195.125
    ],
    [
      745.125,
      201.375
    ],
    [
      793.875,
      220.125
    ],
    [
      705.125,
      223.875
    ],
    [
      835.125,
      225.125
    ],
    [
      425.125,
      242.625
    ],
    [
      413.875,
      248.875
    ],
    [
      436.375,
      260.125
    ],
    [
      478.875,
      281.375
    ],
    [
      590.125,
      283.875
    ],
    [
      522.625,
      286.375
    ],
    [
      386.375,
      288.875
    ],
    [
      350.125,
      290.125
    ],
    [
      511.375,
      292.625
    ],
    [
      597.625,
      297.625
    ],
    [
      430.125,
      311.375
    ],
    [
      575.125,
      312.625
    ],
    [
      540.125,
      313.875
    ],
    [
      518.875,
      327.625
    ],
    [
      586.375,
      330.125
    ],
    [
      470.125,
      338.875
    ],
    [
      602.625,
      347.625
    ],
    [
      611.375,
      352.625
    ],
    [
      636.375,
      357.625
    ],
    [
      650.125,
      376.375
    ],
    [
      496.375,
      377.625
    ],
    [
      715.125,
      383.875
    ],
    [
      516.375,
      388.875
    ],
    [
      595.125,
      388.875
    ],
    [
      702.625,
      391.375
    ]
  ],
  "mkpts1": [
    [
      1042.625,
      118.875
    ],
    [
      1031.375,
      146.375
    ],
    [
      847.625,
      117.625
    ],
    [
      888.875,
      148.875
    ],
    [
      875.125,
      153.875
    ],
    [
      358.875,
      35.125
    ],
    [
      1018.875,
      256.375
    ],
    [
      1105.125,
      318.875
    ],
    [
      941.375,
      270.125
    ],
    [
      1181.375,
      351.375
    ],
    [
      446.375,
      153.875
    ],
    [
      425.125,
      156.375
    ],
    [
      457.625,
      188.875
    ],
    [
      525.125,
      250.125
    ],
    [
      723.875,
      323.875
    ],
    [
      598.875,
      287.625
    ],
    [
      355.125,
      212.625
    ],
    [
      300.125,
      207.625
    ],
    [
      575.125,
      291.375
    ],
    [
      726.375,
      350.125
    ],
    [
      420.125,
      280.125
    ],
    [
      678.875,
      362.625
    ],
    [
      620.125,
      350.125
    ],
    [
      573.875,
      366.375
    ],
    [
      697.625,
      410.125
    ],
    [
      473.875,
      357.625
    ],
    [
      718.875,
      455.125
    ],
    [
      733.875,
      471.375
    ],
    [
      777.625,
      496.375
    ],
    [
      798.875,
      546.375
    ],
    [
      505.125,
      447.625
    ],
    [
      918.875,
      602.625
    ],
    [
      580.125,
      526.375
    ],
    [
      690.125,
      536.375
    ],
    [
      897.625,
      612.625
    ]
  ],
  "mpts3D": [
    [
      0.20600000023841858,
      -0.07000000029802322,
      -0.0020000000949949026
    ],
    [
      0.20600000023841858,
      -0.054999999701976776,
      -0.0020000000949949026
    ],
    [
      0.23000000417232513,
      -0.0,
      0.11299999803304672
    ],
    [
      0.23000000417232513,
      -0.0,
      0.07000000029802322
    ],
    [
      0.21699999272823334,
      0.0,
      0.07000000029802322
    ],
    [
      -0.0,
      -0.02500000037252903,
      0.23999999463558197
    ],
    [
      0.21699999272823334,
      -0.0,
      -0.027000000700354576
    ],
    [
      0.21699999272823334,
      -0.0,
      -0.07000000029802322
    ],
    [
      0.17000000178813934,
      -0.0,
      -0.014999999664723873
    ],
    [
      0.23000000417232513,
      -0.0,
      -0.11299999803304672
    ],
    [
      -0.0,
      -0.0,
      0.15600000321865082
    ],
    [
      -0.014000000432133675,
      0.0,
      0.15600000321865082
    ],
    [
      -0.01899999938905239,
      -0.0,
      0.12800000607967377
    ],
    [
      -0.01899999938905239,
      -0.0,
      0.07400000095367432
    ],
    [
      0.02500000037252903,
      -0.014000000432133675,
      -0.010999999940395355
    ],
    [
      0.0,
      0.0,
      0.041999999433755875
    ],
    [
      -0.07400000095367432,
      -0.0,
      0.12800000607967377
    ],
    [
      -0.07999999821186066,
      -0.0,
      0.15600000321865082
    ],
    [
      -0.014000000432133675,
      0.0,
      0.041999999433755875
    ],
    [
      0.02500000037252903,
      0.0,
      -0.014999999664723873
    ],
    [
      -0.07400000095367432,
      -0.0,
      0.07400000095367432
    ],
    [
      0.0,
      -0.0,
      -0.014999999664723873
    ],
    [
      -0.03500000014901161,
      -0.017999999225139618,
      -0.009999999776482582
    ],
    [
      -0.05700000002980232,
      -0.017999999225139618,
      -0.009999999776482582
    ],
    [
      -0.014000000432133675,
      0.0,
      -0.041999999433755875
    ],
    [
      -0.10000000149011612,
      -0.029999999329447746,
      0.0
    ],
    [
      -0.023000000044703484,
      0.0,
      -0.06499999761581421
    ],
    [
      -0.023000000044703484,
      -0.0,
      -0.07500000298023224
    ],
    [
      -0.017000000923871994,
      -0.0,
      -0.09200000017881393
    ],
    [
      -0.028999999165534973,
      -0.0,
      -0.12700000405311584
    ],
    [
      -0.09000000357627869,
      -0.0,
      -0.014999999664723873
    ],
    [
      0.0,
      0.0,
      -0.15600000321865082
    ],
    [
      -0.09000000357627869,
      -0.0,
      -0.041999999433755875
    ],
    [
      -0.052000001072883606,
      -0.0,
      -0.09700000286102295
    ],
    [
      -0.014000000432133675,
      0.0,
      -0.15600000321865082
    ]
  ],