{
  "frame": 46,
  "object_rotation_in_cam": [
    [
      0.6533030372419999,
      -0.179659490796973,
      -0.7354710115952569
    ],
    [
      -0.46141930909898143,
      0.6756877668395184,
      -0.5749245715170325
    ],
    [
      0.6002394211654186,
      0.7149604947897451,
      0.3585305121869075
    ]
  ],
  "object_translation_in_cam": [
    0.006414315314486332,
    0.017789752822101157,
    0.71392595366259
  ],
  "raw_rvec": [
    0.8378093352322534,
    -0.8675739404737437,
    -0.18300933333747355
  ],
  "refined_raw_rvec": [
    0.8378093352322534,
    -0.8675739404737437,
    -0.18300933333747355
  ],
  "num_inliers": 15,
  "total_matches": 33,
  "inlier_ratio": 0.45454545454545453,
  "reprojection_errors": [
    3.2143614292144775,
    1.2619471549987793,
    3.2869184017181396,
    2.5645105838775635,
    1.2615129947662354,
    4.164251327514648,
    1.919144630432129,
    3.4174234867095947,
    1.9364047050476074,
    0.5788715481758118,
    0.1979292631149292,
    3.2846224308013916,
    0.6220557689666748,
    1.8977611064910889,
    2.0892043113708496
  ],
  "mean_reprojection_error": 2.1131277084350586,
  "std_reprojection_error": 1.1513973474502563,
  "inliers": [
    7,
    10,
    11,
    12,
    13,
    16,
    17,
    20,
    22,
    23,
    24,
    25,
    26,
    27,
    28
  ],
  "mkpts0": [
    [
      751.375,
      76.375
    ],
    [
      727.625,
      126.375
    ],
    [
      727.625,
      143.875
    ],
    [
      636.375,
      157.625
    ],
    [
      663.875,
      165.125
    ],
    [
      656.375,
      171.375
    ],
    [
      356.375,
      195.125
    ],
    [
      745.125,
      201.375
    ],
    [
      805.125,
      212.625
    ],
    [
      793.875,
      220.125
    ],
    [
      705.125,
      223.875
    ],
    [
      835.125,
      225.125
    ],
    [
      425.125,
      242.625
    ],
    [
      413.875,
      248.875
    ],
    [
      436.375,
      260.125
    ],
    [
      478.875,
      281.375
    ],
    [
      590.125,
      283.875
    ],
    [
      522.625,
      286.375
    ],
    [
      386.375,
      288.875
    ],
    [
      511.375,
      292.625
    ],
    [
      597.625,
      297.625
    ],
    [
      430.125,
      311.375
    ],
    [
      575.125,
      312.625
    ],
    [
      540.125,
      313.875
    ],
    [
      518.875,
      327.625
    ],
    [
      586.375,
      330.125
    ],
    [
      602.625,
      347.625
    ],
    [
      611.375,
      352.625
    ],
    [
      636.375,
      357.625
    ],
    [
      617.625,
      368.875
    ],
    [
      650.125,
      376.375
    ],
    [
      595.125,
      388.875
    ],
    [
      702.625,
      391.375
    ]
  ],
  "mkpts1": [
    [
      961.375,
      22.625
    ],
    [
      912.625,
      97.625
    ],
    [
      903.875,
      120.125
    ],
    [
      733.875,
      85.125
    ],
    [
      775.125,
      112.625
    ],
    [
      762.625,
      121.375
    ],
    [
      287.625,
      80.125
    ],
    [
      901.375,
      211.375
    ],
    [
      992.625,
      253.875
    ],
    [
      980.125,
      263.875
    ],
    [
      836.375,
      236.375
    ],
    [
      1041.375,
      285.125
    ],
    [
      395.125,
      192.625
    ],
    [
      377.625,
      201.375
    ],
    [
      415.125,
      232.625
    ],
    [
      470.125,
      288.875
    ],
    [
      671.375,
      338.875
    ],
    [
      557.625,
      316.375
    ],
    [
      332.625,
      276.375
    ],
    [
      538.875,
      325.125
    ],
    [
      676.375,
      358.875
    ],
    [
      406.375,
      340.125
    ],
    [
      638.875,
      382.625
    ],
    [
      592.625,
      387.625
    ],
    [
      560.125,
      411.375
    ],
    [
      663.875,
      427.625
    ],
    [
      688.875,
      470.125
    ],
    [
      703.875,
      483.875
    ],
    [
      743.875,
      500.125
    ],
    [
      715.125,
      518.875
    ],
    [
      766.375,
      545.125
    ],
    [
      680.125,
      553.875
    ],
    [
      851.375,
      591.375
    ]
  ],
  "mpts3D": [
    [
      0.24300000071525574,
      -0.10400000214576721,
      0.0
    ],
    [
      0.20600000023841858,
      -0.07000000029802322,
      -0.0020000000949949026
    ],
    [
      0.20600000023841858,
      -0.054999999701976776,
      -0.0020000000949949026
    ],
    [
      0.23000000417232513,
      -0.0,
      0.11299999803304672
    ],
    [
      0.23000000417232513,
      -0.0,
      0.07000000029802322
    ],
    [
      0.21699999272823334,
      0.0,
      0.07000000029802322
    ],
    [
      -0.0,
      -0.02500000037252903,
      0.23999999463558197
    ],
    [
      0.21699999272823334,
      -0.0,
      -0.027000000700354576
    ],
    [
      0.23000000417232513,
      0.0,
      -0.07000000029802322
    ],
    [
      0.21699999272823334,
      -0.0,
      -0.07000000029802322
    ],
    [
      0.17000000178813934,
      -0.0,
      -0.014999999664723873
    ],
    [
      0.23000000417232513,
      -0.0,
      -0.11299999803304672
    ],
    [
      -0.0,
      -0.0,
      0.15600000321865082
    ],
    [
      -0.014000000432133675,
      0.0,
      0.15600000321865082
    ],
    [
      -0.01899999938905239,
      -0.0,
      0.12800000607967377
    ],
    [
      -0.01899999938905239,
      -0.0,
      0.07400000095367432
    ],
    [
      0.02500000037252903,
      -0.014000000432133675,
      -0.010999999940395355
    ],
    [
      0.0,
      0.0,
      0.041999999433755875
    ],
    [
      -0.07400000095367432,
      -0.0,
      0.12800000607967377
    ],
    [
      -0.014000000432133675,
      0.0,
      0.041999999433755875
    ],
    [
      0.02500000037252903,
      0.0,
      -0.014999999664723873
    ],
    [
      -0.07400000095367432,
      -0.0,
      0.07400000095367432
    ],
    [
      0.0,
      -0.0,
      -0.014999999664723873
    ],
    [
      -0.03500000014901161,
      -0.017999999225139618,
      -0.009999999776482582
    ],
    [
      -0.05700000002980232,
      -0.017999999225139618,
      -0.009999999776482582
    ],
    [
      -0.014000000432133675,
      0.0,
      -0.041999999433755875
    ],
    [
      -0.023000000044703484,
      0.0,
      -0.06499999761581421
    ],
    [
      -0.023000000044703484,
      -0.0,
      -0.07500000298023224
    ],
    [
      -0.017000000923871994,
      -0.0,
      -0.09200000017881393
    ],
    [
      -0.03700000047683716,
      -0.0,
      -0.09700000286102295
    ],
    [
      -0.028999999165534973,
      -0.0,
      -0.12700000405311584
    ],
    [
      -0.052000001072883606,
      -0.0,
      -0.09700000286102295
    ],
    [
      -0.014000000432133675,
      0.0,
      -0.15600000321865082
    ]
  ],
  "mconf": [
    0.7606785297393799,
    0.9659508466720581,
    0.7714552283287048,
    0.8896189332008362,
    0.8950051665306091,
    0.9930564165115356,
    0.7752274870872498,
    0.9400953054428101,
    0.7046406865119934,
    0.99739009141922,
    0.6882942318916321,
    0.4427754282951355,
    0.825695276260376,
    0.99261474609375,
    0.9930363893508911,
    0.2065826654434204,
    0.9286676645278931,
    0.33218705654144287,
    0.9849085807800293,
    0.4697931408882141,
    0.9389013648033142,
    0.9886138439178467,
    0.9782423973083496,
    0.9949910640716553,
    0.9987344741821289,
    0.9978247880935669,
    0.9971470832824707,
    0.9902719855308533,
    0.9992359280586243,
    0.9993311166763306,
    0.9983888864517212,
    0.9987967014312744,
    0.8752084374427795
  ],
  "coverage_score": 0.6625056054120885,
  "pose_estimation_failed": false,
  "tracking_method": "loosely_coupled",
  "kf_translation_vector": [
    0.01670095532862166,
    -0.03221912860259119,
    0.7242424496232771
  ],
  "kf_quaternion": [
    0.4591659598241999,
    -0.41123099146040315,
    -0.09783047523130282,
    0.7813353256555297
  ],