{
  "frame": 96,
  "object_rotation_in_cam": [
    [
      0.807717259419084,
      -0.16497581038690254,
      -0.566017500457105
    ],
    [
      -0.20593335903104773,
      0.820633722609163,
      -0.5330588569330941
    ],
    [
      0.5524348653685008,
      0.5471227241705576,
      0.62886599862091
    ]
  ],
  "object_translation_in_cam": [
    -0.011404957294130103,
    -0.008149758561371593,
    0.6259317318193705
  ],
  "raw_rvec": [
    0.6187803759550917,
    -0.640703736779437,
    -0.023462469451042415
  ],
  "refined_raw_rvec": [
    0.6187803759550917,
    -0.640703736779437,
    -0.023462469451042415
  ],
  "num_inliers": 12,
  "total_matches": 38,
  "inlier_ratio": 0.3157894736842105,
  "reprojection_errors": [
    1.0293972492218018,
    3.3149683475494385,
    3.1775667667388916,
    3.646338701248169,
    1.0939182043075562,
    0.8574565052986145,
    3.441913604736328,
    2.8864288330078125,
    3.3954339027404785,
    3.1829886436462402,
    3.232398509979248,
    2.1754610538482666
  ],
  "mean_reprojection_error": 2.6195225715637207,
  "std_reprojection_error": 1.0020878314971924,
  "inliers": [
    5,
    14,
    15,
    17,
    18,
    20,
    22,
    23,
    24,
    26,
    34,
    37
  ],
  "mkpts0": [
    [
      751.375,
      76.375
    ],
    [
      727.625,
      126.375
    ],
    [
      727.625,
      143.875
    ],
    [
      636.375,
      157.625
    ],
    [
      663.875,
      165.125
    ],
    [
      656.375,
      171.375
    ],
    [
      356.375,
      195.125
    ],
    [
      745.125,
      201.375
    ],
    [
      805.125,
      212.625
    ],
    [
      793.875,
      220.125
    ],
    [
      705.125,
      223.875
    ],
    [
      835.125,
      225.125
    ],
    [
      425.125,
      242.625
    ],
    [
      413.875,
      248.875
    ],
    [
      436.375,
      260.125
    ],
    [
      478.875,
      281.375
    ],
    [
      590.125,
      283.875
    ],
    [
      522.625,
      286.375
    ],
    [
      386.375,
      288.875
    ],
    [
      350.125,
      290.125
    ],
    [
      511.375,
      292.625
    ],
    [
      597.625,
      297.625
    ],
    [
      430.125,
      311.375
    ],
    [
      575.125,
      312.625
    ],
    [
      540.125,
      313.875
    ],
    [
      518.875,
      327.625
    ],
    [
      586.375,
      330.125
    ],
    [
      470.125,
      338.875
    ],
    [
      602.625,
      347.625
    ],
    [
      611.375,
      352.625
    ],
    [
      636.375,
      357.625
    ],
    [
      617.625,
      368.875
    ],
    [
      650.125,
      376.375
    ],
    [
      496.375,
      377.625
    ],
    [
      715.125,
      383.875
    ],
    [
      516.375,
      388.875
    ],
    [
      595.125,
      388.875
    ],
    [
      702.625,
      391.375
    ]
  ],
  "mkpts1": [
    [
      1052.625,
      28.875
    ],
    [
      985.125,
      102.625
    ],
    [
      973.875,
      132.625
    ],
    [
      808.875,
      131.375
    ],
    [
      843.875,
      155.125
    ],
    [
      833.875,
      161.375
    ],
    [
      318.875,
      45.125
    ],
    [
      973.875,
      251.375
    ],
    [
      1076.375,
      302.625
    ],
    [
      1057.625,
      306.375
    ],
    [
      885.125,
      261.375
    ],
    [
      1131.375,
      337.625
    ],
    [
      391.375,
      150.125
    ],
    [
      368.875,
      151.375
    ],
    [
      396.375,
      178.875
    ],
    [
      452.625,
      228.875
    ],
    [
      643.875,
      291.375
    ],
    [
      525.125,
      263.875
    ],
    [
      286.375,
      193.875
    ],
    [
      222.625,
      172.625
    ],
    [
      498.875,
      265.125
    ],
    [
      648.875,
      320.125
    ],
    [
      340.125,
      250.125
    ],
    [
      595.125,
      328.875
    ],
    [
      527.625,
      306.375
    ],
    [
      477.625,
      317.625
    ],
    [
      607.625,
      367.625
    ],
    [
      371.375,
      303.875
    ],
    [
      621.375,
      403.875
    ],
    [
      635.125,
      418.875
    ],
    [
      677.625,
      440.125
    ],
    [
      633.875,
      448.875
    ],
    [
      690.125,
      482.625
    ],
    [
      401.375,
      395.125
    ],
    [
      818.875,
      538.875
    ],
    [
      438.875,
      420.125
    ],
    [
      576.375,
      471.375
    ],
    [
      788.875,
      545.125
    ]
  ],
  "mpts3D": [
    [
      0.24300000071525574,
      -0.10400000214576721,
      0.0
    ],
    [
      0.20600000023841858,
      -0.07000000029802322,
      -0.0020000000949949026
    ],
    [
      0.20600000023841858,
      -0.054999999701976776,
      -0.0020000000949949026
    ],
    [
      0.23000000417232513,
      -0.0,
      0.11299999803304672
    ],
    [
      0.23000000417232513,
      -0.0,
      0.07000000029802322
    ],
    [
      0.21699999272823334,
      0.0,
      0.07000000029802322
    ],
    [
      -0.0,
      -0.02500000037252903,
      0.23999999463558197
    ],
    [
      0.21699999272823334,
      -0.0,
      -0.027000000700354576
    ],
    [
      0.23000000417232513,
      0.0,
      -0.07000000029802322
    ],
    [
      0.21699999272823334,
      -0.0,
      -0.07000000029802322
    ],
    [
      0.17000000178813934,
      -0.0,
      -0.014999999664723873
    ],
    [
      0.23000000417232513,
      -0.0,
      -0.11299999803304672
    ],
    [
      -0.0,
      -0.0,
      0.15600000321865082
    ],
    [
      -0.014000000432133675,
      0.0,
      0.15600000321865082
    ],
    [
      -0.01899999938905239,
      -0.0,
      0.12800000607967377
    ],
    [
      -0.01899999938905239,
      -0.0,
      0.07400000095367432
    ],
    [
      0.02500000037252903,
      -0.014000000432133675,
      -0.010999999940395355
    ],
    [
      0.0,
      0.0,
      0.041999999433755875
    ],
    [
      -0.07400000095367432,
      -0.0,
      0.12800000607967377
    ],
    [
      -0.07999999821186066,
      -0.0,
      0.15600000321865082
    ],
    [
      -0.014000000432133675,
      0.0,
      0.041999999433755875
    ],
    [
      0.02500000037252903,
      0.0,
      -0.014999999664723873
    ],
    [
      -0.07400000095367432,
      -0.0,
      0.07400000095367432
    ],
    [
      0.0,
      -0.0,
      -0.014999999664723873
    ],
    [
      -0.03500000014901161,
      -0.017999999225139618,
      -0.009999999776482582
    ],
    [
      -0.05700000002980232,
      -0.017999999225139618,
      -0.009999999776482582
    ],
    [
      -0.014000000432133675,
      0.0,
      -0.041999999433755875
    ],
    [
      -0.10000000149011612,
      -0.029999999329447746,
      0.0
    ],
    [
      -0.023000000044703484,
      0.0,
      -0.06499999761581421
    ],
    [
      -0.023000000044703484,
      -0.0,
      -0.07500000298023224
    ],
    [
      -0.017000000923871994,
      -0.0,
      -0.09200000017881393
    ],
    [
      -0.03700000047683716,
      -0.0,
      -0.09700000286102295
    ],
    [
      -0.028999999165534973,
      -0.0,
      -0.12700000405311584
    ],
    [
      -0.09000000357627869,
      -0.0,
      -0.014999999664723873
    ],
    [
      0.0,
      0.0,
      -0.15600000321865082
    ],
    [
      -0.09000000357627869,
      -0.0,
      -0.041999999433755875
    ],
    [
      -0.052000001072883606,
      -0.0,
      -0.09700000286102295
    ],
    [
      -0.014000000432133675,
      0.0,
      -0.15600000321865082
    ]
  ],