{
  "frame": 16,
  "object_rotation_in_cam": [
    [
      0.49801779512925437,
      -0.23725959002227265,
      -0.8340780315276618
    ],
    [
      -0.5762460502934095,
      0.6282137905143126,
      -0.5227694739834039
    ],
    [
      0.6480113928441703,
      0.7409826720984118,
      0.17614174517716105
    ]
  ],
  "object_translation_in_cam": [
    -0.005153659881061471,
    -0.03715899654300777,
    0.7112543620526379
  ],
  "raw_rvec": [
    0.9070762823679711,
    -1.0637910047189372,
    -0.2433124082987028
  ],
  "refined_raw_rvec": [
    0.9070762823679711,
    -1.0637910047189372,
    -0.2433124082987028
  ],
  "num_inliers": 13,
  "total_matches": 26,
  "inlier_ratio": 0.5,
  "reprojection_errors": [
    1.1538493633270264,
    3.733288288116455,
    1.4690104722976685,
    1.2028337717056274,
    3.7161810398101807,
    1.9263415336608887,
    2.9408679008483887,
    1.55876624584198,
    2.4651730060577393,
    4.557667255401611,
    1.2120301723480225,
    1.3866232633590698,
    2.3751399517059326
  ],
  "mean_reprojection_error": 2.2844438552856445,
  "std_reprojection_error": 1.0923651456832886,
  "inliers": [
    0,
    4,
    5,
    9,
    11,
    12,
    14,
    15,
    16,
    17,
    18,
    19,
    20
  ],
  "mkpts0": [
    [
      745.125,
      201.375
    ],
    [
      793.875,
      220.125
    ],
    [
      705.125,
      223.875
    ],
    [
      835.125,
      225.125
    ],
    [
      425.125,
      242.625
    ],
    [
      413.875,
      248.875
    ],
    [
      436.375,
      260.125
    ],
    [
      478.875,
      281.375
    ],
    [
      590.125,
      283.875
    ],
    [
      522.625,
      286.375
    ],
    [
      386.375,
      288.875
    ],
    [
      511.375,
      292.625
    ],
    [
      597.625,
      297.625
    ],
    [
      430.125,
      311.375
    ],
    [
      575.125,
      312.625
    ],
    [
      540.125,
      313.875
    ],
    [
      518.875,
      327.625
    ],
    [
      586.375,
      330.125
    ],
    [
      602.625,
      347.625
    ],
    [
      611.375,
      352.625
    ],
    [
      636.375,
      357.625
    ],
    [
      617.625,
      368.875
    ],
    [
      650.125,
      376.375
    ],
    [
      715.125,
      383.875
    ],
    [
      595.125,
      388.875
    ],
    [
      702.625,
      391.375
    ]
  ],
  "mkpts1": [
    [
      821.375,
      72.625
    ],
    [
      891.375,
      130.125
    ],
    [
      757.625,
      111.375
    ],
    [
      978.875,
      131.375
    ],
    [
      331.375,
      95.125
    ],
    [
      316.375,
      103.875
    ],
    [
      365.125,
      135.125
    ],
    [
      453.875,
      187.625
    ],
    [
      640.125,
      222.625
    ],
    [
      523.875,
      208.875
    ],
    [
      293.875,
      187.625
    ],
    [
      508.875,
      220.125
    ],
    [
      645.125,
      242.625
    ],
    [
      387.625,
      246.375
    ],
    [
      617.625,
      270.125
    ],
    [
      583.875,
      280.125
    ],
    [
      560.125,
      303.875
    ],
    [
      650.125,
      310.125
    ],
    [
      685.125,
      348.875
    ],
    [
      702.625,
      362.625
    ],
    [
      740.125,
      375.125
    ],
    [
      720.125,
      393.875
    ],
    [
      770.125,
      413.875
    ],
    [
      861.375,
      433.875
    ],
    [
      696.375,
      431.375
    ],
    [
      851.375,
      448.875
    ]
  ],
  "mpts3D": [
    [
      0.21699999272823334,
      -0.0,
      -0.027000000700354576
    ],
    [
      0.21699999272823334,
      -0.0,
      -0.07000000029802322
    ],
    [
      0.17000000178813934,
      -0.0,
      -0.014999999664723873
    ],
    [
      0.23000000417232513,
      -0.0,
      -0.11299999803304672
    ],
    [
      -0.0,
      -0.0,
      0.15600000321865082
    ],
    [
      -0.014000000432133675,
      0.0,
      0.15600000321865082
    ],
    [
      -0.01899999938905239,
      -0.0,
      0.12800000607967377
    ],
    [
      -0.01899999938905239,
      -0.0,
      0.07400000095367432
    ],
    [
      0.02500000037252903,
      -0.014000000432133675,
      -0.010999999940395355
    ],
    [
      0.0,
      0.0,
      0.041999999433755875
    ],
    [
      -0.07400000095367432,
      -0.0,
      0.12800000607967377
    ],
    [
      -0.014000000432133675,
      0.0,
      0.041999999433755875
    ],
    [
      0.02500000037252903,
      0.0,
      -0.014999999664723873
    ],
    [
      -0.07400000095367432,
      -0.0,
      0.07400000095367432
    ],
    [
      0.0,
      -0.0,
      -0.014999999664723873
    ],
    [
      -0.03500000014901161,
      -0.017999999225139618,
      -0.009999999776482582
    ],
    [
      -0.05700000002980232,
      -0.017999999225139618,
      -0.009999999776482582
    ],
    [
      -0.014000000432133675,
      0.0,
      -0.041999999433755875
    ],
    [
      -0.023000000044703484,
      0.0,
      -0.06499999761581421
    ],
    [
      -0.023000000044703484,
      -0.0,
      -0.07500000298023224
    ],
    [
      -0.017000000923871994,
      -0.0,
      -0.09200000017881393
    ],
    [
      -0.03700000047683716,
      -0.0,
      -0.09700000286102295
    ],
    [
      -0.028999999165534973,
      -0.0,
      -0.12700000405311584
    ],
    [
      0.0,
      0.0,
      -0.15600000321865082
    ],
    [
      -0.052000001072883606,
      -0.0,
      -0.09700000286102295
    ],
    [
      -0.014000000432133675,
      0.0,
      -0.15600000321865082
    ]
  ],
  "mconf": [
    0.21832093596458435,
    0.1509285271167755,
    0.7452377080917358,
    0.1532536894083023,
    0.9549808502197266,
    0.9942113757133484,
    0.9935134053230286,
    0.9940856099128723,
    0.9900330305099487,
    0.9672960042953491,
    0.9957624673843384,
    0.9923661351203918,
    0.9906449913978577,
    0.9984752535820007,
    0.9968665838241577,
    0.9979313015937805,
    0.9981677532196045,
    0.9980270266532898,
    0.9979632496833801,
    0.9990144968032837,
    0.9997671246528625,
    0.9994954466819763,
    0.9997586011886597,
    0.9711461663246155,
    0.9996660947799683,
    0.9998000860214233
  ],
  "coverage_score": 0.6854752972273345,
  "pose_estimation_failed": false,
  "tracking_method": "loosely_coupled",
  "kf_translation_vector": [
    -0.010496449302921564,
    -0.09309631706281134,
    0.6852533283142415
  ],
  "kf_quaternion": [
    0.4552241063304996,
    -0.48763635550267675,
    -0.11435904428669555,
    0.7361411595594277
  ],
  "kf_rotation_matrix": [
    [
      0.49826558756380135,
      -0.27559884936130363,
      -0.8220563718385896
    ],
    [
      -0.6123364472305677,
      0.5593860440108631,
      -0.5586871478376095
    ],
    [
      0.6138203968937055,
      0.7817496581365432,
      0.10996359561533009
    ]
  ],
  "position_diff": 0.0627159133682759,
  "orientation_diff": 5.135991291130218,
  "timestamp": 1741869609.2148395,
  "image_file": "webcam_000016"
}