{
  "frame": 140,
  "object_rotation_in_cam": [
    [
      0.7875048098242979,
      -0.2322945675634419,
      -0.5708549801693157
    ],
    [
      -0.20461207440579832,
      0.7751692671766308,
      -0.597701017426105
    ],
    [
      0.581351936017205,
      0.5874962477372587,
      0.5629192529872193
    ]
  ],
  "object_translation_in_cam": [
    0.0156640430227225,
    0.003566740920514749,
    0.6156152755294286
  ],
  "raw_rvec": [
    0.6975805691543422,
    -0.6781631885272492,
    0.01629329555519898
  ],
  "refined_raw_rvec": [
    0.6975805691543422,
    -0.6781631885272492,
    0.01629329555519898
  ],
  "num_inliers": 13,
  "total_matches": 37,
  "inlier_ratio": 0.35135135135135137,
  "reprojection_errors": [
    2.7836737632751465,
    0.9191798567771912,
    3.732243537902832,
    1.4070316553115845,
    4.204224586486816,
    3.647462844848633,
    1.8078464269638062,
    2.0033493041992188,
    1.8604212999343872,
    1.174329400062561,
    2.952544689178467,
    2.5775084495544434,
    2.0941479206085205
  ],
  "mean_reprojection_error": 2.397228240966797,
  "std_reprojection_error": 0.9862101078033447,
  "inliers": [
    3,
    9,
    10,
    14,
    15,
    17,
    18,
    19,
    20,
    21,
    22,
    25,
    27
  ],
  "mkpts0": [
    [
      751.375,
      76.375
    ],
    [
      727.625,
      126.375
    ],
    [
      727.625,
      143.875
    ],
    [
      636.375,
      157.625
    ],
    [
      663.875,
      165.125
    ],
    [
      656.375,
      171.375
    ],
    [
      356.375,
      195.125
    ],
    [
      745.125,
      201.375
    ],
    [
      805.125,
      212.625
    ],
    [
      793.875,
      220.125
    ],
    [
      705.125,
      223.875
    ],
    [
      835.125,
      225.125
    ],
    [
      425.125,
      242.625
    ],
    [
      413.875,
      248.875
    ],
    [
      436.375,
      260.125
    ],
    [
      478.875,
      281.375
    ],
    [
      590.125,
      283.875
    ],
    [
      522.625,
      286.375
    ],
    [
      386.375,
      288.875
    ],
    [
      511.375,
      292.625
    ],
    [
      597.625,
      297.625
    ],
    [
      430.125,
      311.375
    ],
    [
      575.125,
      312.625
    ],
    [
      540.125,
      313.875
    ],
    [
      518.875,
      327.625
    ],
    [
      586.375,
      330.125
    ],
    [
      470.125,
      338.875
    ],
    [
      602.625,
      347.625
    ],
    [
      611.375,
      352.625
    ],
    [
      636.375,
      357.625
    ],
    [
      617.625,
      368.875
    ],
    [
      650.125,
      376.375
    ],
    [
      496.375,
      377.625
    ],
    [
      715.125,
      383.875
    ],
    [
      516.375,
      388.875
    ],
    [
      595.125,
      388.875
    ],
    [
      702.625,
      391.375
    ]
  ],
  "mkpts1": [
    [
      1102.625,
      53.875
    ],
    [
      1036.375,
      126.375
    ],
    [
      1021.375,
      153.875
    ],
    [
      843.875,
      127.625
    ],
    [
      883.875,
      157.625
    ],
    [
      870.125,
      162.625
    ],
    [
      355.125,
      25.125
    ],
    [
      1011.375,
      266.375
    ],
    [
      1113.875,
      326.375
    ],
    [
      1096.375,
      330.125
    ],
    [
      930.125,
      286.375
    ],
    [
      1167.625,
      367.625
    ],
    [
      436.375,
      145.125
    ],
    [
      415.125,
      147.625
    ],
    [
      446.375,
      180.125
    ],
    [
      511.375,
      241.375
    ],
    [
      707.625,
      318.875
    ],
    [
      583.875,
      282.625
    ],
    [
      340.125,
      198.875
    ],
    [
      558.875,
      283.875
    ],
    [
      708.875,
      347.625
    ],
    [
      402.625,
      267.625
    ],
    [
      660.125,
      358.875
    ],
    [
      600.125,
      341.375
    ],
    [
      552.625,
      355.125
    ],
    [
      677.625,
      405.125
    ],
    [
      450.125,
      342.625
    ],
    [
      696.375,
      450.125
    ],
    [
      712.625,
      467.625
    ],
    [
      756.375,
      493.875
    ],
    [
      715.125,
      502.625
    ],
    [
      775.125,
      543.875
    ],
    [
      481.375,
      433.875
    ],
    [
      896.375,
      605.125
    ],
    [
      505.125,
      465.125
    ],
    [
      665.125,
      530.125
    ],
    [
      873.875,
      613.875
    ]
  ],
  "mpts3D": [
    [
      0.24300000071525574,
      -0.10400000214576721,
      0.0
    ],
    [
      0.20600000023841858,
      -0.07000000029802322,
      -0.0020000000949949026
    ],
    [
      0.20600000023841858,
      -0.054999999701976776,
      -0.0020000000949949026
    ],
    [
      0.23000000417232513,
      -0.0,
      0.11299999803304672
    ],
    [
      0.23000000417232513,
      -0.0,
      0.07000000029802322
    ],
    [
      0.21699999272823334,
      0.0,
      0.07000000029802322
    ],
    [
      -0.0,
      -0.02500000037252903,
      0.23999999463558197
    ],
    [
      0.21699999272823334,
      -0.0,
      -0.027000000700354576
    ],
    [
      0.23000000417232513,
      0.0,
      -0.07000000029802322
    ],
    [
      0.21699999272823334,
      -0.0,
      -0.07000000029802322
    ],
    [
      0.17000000178813934,
      -0.0,
      -0.014999999664723873
    ],
    [
      0.23000000417232513,
      -0.0,
      -0.11299999803304672
    ],
    [
      -0.0,
      -0.0,
      0.15600000321865082
    ],
    [
      -0.014000000432133675,
      0.0,
      0.15600000321865082
    ],
    [
      -0.01899999938905239,
      -0.0,
      0.12800000607967377
    ],
    [
      -0.01899999938905239,
      -0.0,
      0.07400000095367432
    ],
    [
      0.02500000037252903,
      -0.014000000432133675,
      -0.010999999940395355
    ],
    [
      0.0,
      0.0,
      0.041999999433755875
    ],
    [
      -0.07400000095367432,
      -0.0,
      0.12800000607967377
    ],
    [
      -0.014000000432133675,
      0.0,
      0.041999999433755875
    ],
    [
      0.02500000037252903,
      0.0,
      -0.014999999664723873
    ],
    [
      -0.07400000095367432,
      -0.0,
      0.07400000095367432
    ],
    [
      0.0,
      -0.0,
      -0.014999999664723873
    ],
    [
      -0.03500000014901161,
      -0.017999999225139618,
      -0.009999999776482582
    ],
    [
      -0.05700000002980232,
      -0.017999999225139618,
      -0.009999999776482582
    ],
    [
      -0.014000000432133675,
      0.0,
      -0.041999999433755875
    ],
    [
      -0.10000000149011612,
      -0.029999999329447746,
      0.0
    ],
    [
      -0.023000000044703484,
      0.0,
      -0.06499999761581421
    ],
    [
      -0.023000000044703484,
      -0.0,
      -0.07500000298023224
    ],
    [
      -0.017000000923871994,
      -0.0,
      -0.09200000017881393
    ],
    [
      -0.03700000047683716,
      -0.0,
      -0.09700000286102295
    ],
    [
      -0.028999999165534973,
      -0.0,
      -0.12700000405311584
    ],
    [
      -0.09000000357627869,
      -0.0,
      -0.014999999664723873
    ],
    [
      0.0,
      0.0,
      -0.15600000321865082
    ],
    [
      -0.09000000357627869,
      -0.0,
      -0.041999999433755875
    ],
    [
      -0.052000001072883606,
      -0.0,
      -0.09700000286102295
    ],
    [
      -0.014000000432133675,
      0.0,
      -0.15600000321865082
    ]
  ],