{
  "frame": 123,
  "object_rotation_in_cam": [
    [
      0.6157163803535216,
      -0.21999741715337479,
      -0.7566336467605719
    ],
    [
      -0.5394862454973768,
      0.5821871488272081,
      -0.608286704325839
    ],
    [
      0.5743238893546934,
      0.7827255331125277,
      0.23977658336503113
    ]
  ],
  "object_translation_in_cam": [
    -0.0022570277721979093,
    -0.03822277233367318,
    0.6888697940169696
  ],
  "raw_rvec": [
    0.9623793946362841,
    -0.920830222350911,
    -0.22104008644882958
  ],
  "refined_raw_rvec": [
    0.9623793946362841,
    -0.920830222350911,
    -0.22104008644882958
  ],
  "num_inliers": 16,
  "total_matches": 27,
  "inlier_ratio": 0.5925925925925926,
  "reprojection_errors": [
    1.5219395160675049,
    1.4274404048919678,
    2.638598918914795,
    1.9249581098556519,
    3.7186055183410645,
    3.6325693130493164,
    0.760921835899353,
    1.7775143384933472,
    3.293912649154663,
    2.9613077640533447,
    2.946335792541504,
    1.2159993648529053,
    2.170076370239258,
    2.41520357131958,
    1.6036165952682495,
    2.450106143951416
  ],
  "mean_reprojection_error": 2.2786941528320312,
  "std_reprojection_error": 0.851482093334198,
  "inliers": [
    0,
    3,
    4,
    7,
    8,
    10,
    11,
    13,
    14,
    15,
    16,
    17,
    18,
    19,
    20,
    21
  ],
  "mkpts0": [
    [
      745.125,
      201.375
    ],
    [
      805.125,
      212.625
    ],
    [
      793.875,
      220.125
    ],
    [
      705.125,
      223.875
    ],
    [
      835.125,
      225.125
    ],
    [
      425.125,
      242.625
    ],
    [
      413.875,
      248.875
    ],
    [
      436.375,
      260.125
    ],
    [
      478.875,
      281.375
    ],
    [
      590.125,
      283.875
    ],
    [
      522.625,
      286.375
    ],
    [
      386.375,
      288.875
    ],
    [
      350.125,
      290.125
    ],
    [
      511.375,
      292.625
    ],
    [
      597.625,
      297.625
    ],
    [
      430.125,
      311.375
    ],
    [
      575.125,
      312.625
    ],
    [
      540.125,
      313.875
    ],
    [
      518.875,
      327.625
    ],
    [
      586.375,
      330.125
    ],
    [
      602.625,
      347.625
    ],
    [
      611.375,
      352.625
    ],
    [
      636.375,
      357.625
    ],
    [
      617.625,
      368.875
    ],
    [
      650.125,
      376.375
    ],
    [
      595.125,
      388.875
    ],
    [
      702.625,
      391.375
    ]
  ],
  "mkpts1": [
    [
      881.375,
      76.375
    ],
    [
      976.375,
      120.125
    ],
    [
      963.875,
      130.125
    ],
    [
      816.375,
      105.125
    ],
    [
      1027.625,
      150.125
    ],
    [
      350.125,
      68.875
    ],
    [
      330.125,
      77.625
    ],
    [
      373.875,
      111.375
    ],
    [
      457.625,
      171.375
    ],
    [
      653.875,
      220.125
    ],
    [
      532.625,
      198.875
    ],
    [
      288.875,
      162.625
    ],
    [
      223.875,
      143.875
    ],
    [
      512.625,
      208.875
    ],
    [
      658.875,
      241.375
    ],
    [
      375.125,
      230.125
    ],
    [
      621.375,
      267.625
    ],
    [
      576.375,
      276.375
    ],
    [
      543.875,
      302.625
    ],
    [
      650.125,
      315.125
    ],
    [
      678.875,
      358.875
    ],
    [
      696.375,
      373.875
    ],
    [
      736.375,
      388.875
    ],
    [
      711.375,
      410.125
    ],
    [
      762.625,
      435.125
    ],
    [
      677.625,
      448.875
    ],
    [
      852.625,
      480.125
    ]
  ],
  "mpts3D": [
    [
      0.21699999272823334,
      -0.0,
      -0.027000000700354576
    ],
    [
      0.23000000417232513,
      0.0,
      -0.07000000029802322
    ],
    [
      0.21699999272823334,
      -0.0,
      -0.07000000029802322
    ],
    [
      0.17000000178813934,
      -0.0,
      -0.014999999664723873
    ],
    [
      0.23000000417232513,
      -0.0,
      -0.11299999803304672
    ],
    [
      -0.0,
      -0.0,
      0.15600000321865082
    ],
    [
      -0.014000000432133675,
      0.0,
      0.15600000321865082
    ],
    [
      -0.01899999938905239,
      -0.0,
      0.12800000607967377
    ],
    [
      -0.01899999938905239,
      -0.0,
      0.07400000095367432
    ],
    [
      0.02500000037252903,
      -0.014000000432133675,
      -0.010999999940395355
    ],
    [
      0.0,
      0.0,
      0.041999999433755875
    ],
    [
      -0.07400000095367432,
      -0.0,
      0.12800000607967377
    ],
    [
      -0.07999999821186066,
      -0.0,
      0.15600000321865082
    ],
    [
      -0.014000000432133675,
      0.0,
      0.041999999433755875
    ],
    [
      0.02500000037252903,
      0.0,
      -0.014999999664723873
    ],
    [
      -0.07400000095367432,
      -0.0,
      0.07400000095367432
    ],
    [
      0.0,
      -0.0,
      -0.014999999664723873
    ],
    [
      -0.03500000014901161,
      -0.017999999225139618,
      -0.009999999776482582
    ],
    [
      -0.05700000002980232,
      -0.017999999225139618,
      -0.009999999776482582
    ],
    [
      -0.014000000432133675,
      0.0,
      -0.041999999433755875
    ],
    [
      -0.023000000044703484,
      0.0,
      -0.06499999761581421
    ],
    [
      -0.023000000044703484,
      -0.0,
      -0.07500000298023224
    ],
    [
      -0.017000000923871994,
      -0.0,
      -0.09200000017881393
    ],
    [
      -0.03700000047683716,
      -0.0,
      -0.09700000286102295
    ],
    [
      -0.028999999165534973,
      -0.0,
      -0.12700000405311584
    ],
    [
      -0.052000001072883606,
      -0.0,
      -0.09700000286102295
    ],
    [
      -0.014000000432133675,
      0.0,
      -0.15600000321865082
    ]
  ],
  "mconf": [
    0.9842208623886108,
    0.43536365032196045,
    0.9966139793395996,
    0.6606693863868713,
    0.5955715775489807,
    0.8735324144363403,
    0.989546537399292,
    0.9967249035835266,
    0.994499683380127,
    0.8761067986488342,
    0.9461116790771484,
    0.9947549700737,
    0.13720089197158813,
    0.9910924434661865,
    0.9644864797592163,
    0.9974804520606995,
    0.9665083289146423,
    0.9937453269958496,
    0.9983819127082825,
    0.9989805817604065,
    0.9984956383705139,
    0.998051106929779,
    0.9998024702072144,
    0.9996799826622009,
    0.9995396733283997,
    0.9992460608482361,
    0.2499001920223236
  ],
  "coverage_score": 0.7887031414261726,
  "pose_estimation_failed": false,
  "tracking_method": "loosely_coupled",
  "kf_translation_vector": [
    0.0015529804135619029,
    -0.044966833180319916,
    0.7834865647610834
  ],
  "kf_quaternion": [
    0.421796987966386,
    -0.42970471720102776,
    -0.12054150795479356,
    0.7892470473924205
  ],
  "kf_rotation_matrix": [
    [
      0.6016472017503385,
      -0.17222225237758085,
      -0.7799744485635285
    ],
    [
      -0.552770369343784,
      0.6151140916049378,
      -0.5622095455295729
    ],
    [
      0.5765982686424962,
      0.7693985638763728,
      0.27488231391533846
    ]
  ],
  "position_diff": 0.09534846017224442,
  "orientation_diff": 3.569875707034528,
  "timestamp": 1741869952.8518264,
  "image_file": "webcam_000123"
}