{
  "frame": 172,
  "object_rotation_in_cam": [
    [
      0.6062964352269266,
      -0.09440547412299641,
      -0.7896152475014231
    ],
    [
      -0.30832375071754137,
      0.8873563922791597,
      -0.34283392163667475
    ],
    [
      0.7330355362290351,
      0.45131611929658183,
      0.5088935675448106
    ]
  ],
  "object_translation_in_cam": [
    -0.016688610145346477,
    -0.0009997732730853647,
    0.708494065659143
  ],
  "raw_rvec": [
    0.4798765971577174,
    -0.9200836606360048,
    -0.129263198830032
  ],
  "refined_raw_rvec": [
    0.4798765971577174,
    -0.9200836606360048,
    -0.129263198830032
  ],
  "num_inliers": 12,
  "total_matches": 32,
  "inlier_ratio": 0.375,
  "reprojection_errors": [
    1.1560719013214111,
    0.6267878413200378,
    2.5727648735046387,
    2.835484266281128,
    3.3147332668304443,
    2.1651153564453125,
    2.6219663619995117,
    3.7122278213500977,
    2.9826676845550537,
    2.6221446990966797,
    1.279967188835144,
    1.793129563331604
  ],
  "mean_reprojection_error": 2.3069217205047607,
  "std_reprojection_error": 0.8889086842536926,
  "inliers": [
    4,
    8,
    12,
    15,
    16,
    18,
    19,
    20,
    21,
    22,
    23,
    24
  ],
  "mkpts0": [
    [
      751.375,
      76.375
    ],
    [
      727.625,
      126.375
    ],
    [
      727.625,
      143.875
    ],
    [
      663.875,
      165.125
    ],
    [
      656.375,
      171.375
    ],
    [
      356.375,
      195.125
    ],
    [
      745.125,
      201.375
    ],
    [
      705.125,
      223.875
    ],
    [
      413.875,
      248.875
    ],
    [
      436.375,
      260.125
    ],
    [
      478.875,
      281.375
    ],
    [
      590.125,
      283.875
    ],
    [
      522.625,
      286.375
    ],
    [
      386.375,
      288.875
    ],
    [
      350.125,
      290.125
    ],
    [
      511.375,
      292.625
    ],
    [
      597.625,
      297.625
    ],
    [
      430.125,
      311.375
    ],
    [
      575.125,
      312.625
    ],
    [
      540.125,
      313.875
    ],
    [
      518.875,
      327.625
    ],
    [
      586.375,
      330.125
    ],
    [
      602.625,
      347.625
    ],
    [
      611.375,
      352.625
    ],
    [
      636.375,
      357.625
    ],
    [
      617.625,
      368.875
    ],
    [
      650.125,
      376.375
    ],
    [
      496.375,
      377.625
    ],
    [
      715.125,
      383.875
    ],
    [
      516.375,
      388.875
    ],
    [
      595.125,
      388.875
    ],
    [
      702.625,
      391.375
    ]
  ],
  "mkpts1": [
    [
      872.625,
      35.125
    ],
    [
      835.125,
      103.875
    ],
    [
      828.875,
      128.875
    ],
    [
      742.625,
      157.625
    ],
    [
      701.375,
      181.375
    ],
    [
      233.875,
      155.125
    ],
    [
      845.125,
      218.875
    ],
    [
      793.875,
      252.625
    ],
    [
      322.625,
      233.875
    ],
    [
      361.375,
      251.375
    ],
    [
      433.875,
      280.125
    ],
    [
      622.625,
      298.875
    ],
    [
      502.625,
      296.375
    ],
    [
      277.625,
      278.875
    ],
    [
      208.875,
      276.375
    ],
    [
      487.625,
      303.875
    ],
    [
      628.875,
      322.625
    ],
    [
      352.625,
      313.875
    ],
    [
      592.625,
      337.625
    ],
    [
      543.875,
      325.125
    ],
    [
      511.375,
      341.375
    ],
    [
      621.375,
      363.875
    ],
    [
      650.125,
      388.875
    ],
    [
      667.625,
      398.875
    ],
    [
      708.875,
      410.125
    ],
    [
      681.375,
      421.375
    ],
    [
      737.625,
      438.875
    ],
    [
      466.375,
      418.875
    ],
    [
      845.125,
      462.625
    ],
    [
      502.625,
      440.125
    ],
    [
      647.625,
      446.375
    ],
    [
      830.125,
      470.125
    ]
  ],
  "mpts3D": [
    [
      0.24300000071525574,
      -0.10400000214576721,
      0.0
    ],
    [
      0.20600000023841858,
      -0.07000000029802322,
      -0.0020000000949949026
    ],
    [
      0.20600000023841858,
      -0.054999999701976776,
      -0.0020000000949949026
    ],
    [
      0.23000000417232513,
      -0.0,
      0.07000000029802322
    ],
    [
      0.21699999272823334,
      0.0,
      0.07000000029802322
    ],
    [
      -0.0,
      -0.02500000037252903,
      0.23999999463558197
    ],
    [
      0.21699999272823334,
      -0.0,
      -0.027000000700354576
    ],
    [
      0.17000000178813934,
      -0.0,
      -0.014999999664723873
    ],
    [
      -0.014000000432133675,
      0.0,
      0.15600000321865082
    ],
    [
      -0.01899999938905239,
      -0.0,
      0.12800000607967377
    ],
    [
      -0.01899999938905239,
      -0.0,
      0.07400000095367432
    ],
    [
      0.02500000037252903,
      -0.014000000432133675,
      -0.010999999940395355
    ],
    [
      0.0,
      0.0,
      0.041999999433755875
    ],
    [
      -0.07400000095367432,
      -0.0,
      0.12800000607967377
    ],
    [
      -0.07999999821186066,
      -0.0,
      0.15600000321865082
    ],
    [
      -0.014000000432133675,
      0.0,
      0.041999999433755875
    ],
    [
      0.02500000037252903,
      0.0,
      -0.014999999664723873
    ],
    [
      -0.07400000095367432,
      -0.0,
      0.07400000095367432
    ],
    [
      0.0,
      -0.0,
      -0.014999999664723873
    ],
    [
      -0.03500000014901161,
      -0.017999999225139618,
      -0.009999999776482582
    ],
    [
      -0.05700000002980232,
      -0.017999999225139618,
      -0.009999999776482582
    ],
    [
      -0.014000000432133675,
      0.0,
      -0.041999999433755875
    ],
    [
      -0.023000000044703484,
      0.0,
      -0.06499999761581421
    ],
    [
      -0.023000000044703484,
      -0.0,
      -0.07500000298023224
    ],
    [
      -0.017000000923871994,
      -0.0,
      -0.09200000017881393
    ],
    [
      -0.03700000047683716,
      -0.0,
      -0.09700000286102295
    ],
    [
      -0.028999999165534973,
      -0.0,
      -0.12700000405311584
    ],
    [
      -0.09000000357627869,
      -0.0,
      -0.014999999664723873
    ],
    [
      0.0,
      0.0,
      -0.15600000321865082
    ],
    [
      -0.09000000357627869,
      -0.0,
      -0.041999999433755875
    ],
    [
      -0.052000001072883606,
      -0.0,
      -0.09700000286102295
    ],
    [
      -0.014000000432133675,
      0.0,
      -0.15600000321865082
    ]
  ],
  "mconf": [
    0.570403516292572,
    0.9910610914230347,
    0.9730304479598999,
    0.3158009350299835,
    0.28481248021125793,
    0.9217268228530884,
    0.6732777953147888,
    0.27139008045196533,
    0.9994779825210571,
    0.9966307878494263,
    0.997819185256958,
    0.9298782348632812,
    0.7098408937454224,
    0.9985020756721497,
    0.6066461801528931,
    0.8522582054138184,
    0.8993187546730042,
    0.9988120198249817,
    0.7146231532096863,
    0.9307467937469482,
    0.9607045650482178,
    0.997849702835083,
    0.9882687330245972,
    0.9996659159660339,
    0.9998775720596313,
    0.9997661113739014,
    0.9996630549430847,
    0.9969306588172913,
    0.9836779832839966,
    0.9046776294708252,
    0.9998911619186401,
    0.9996022582054138
  ],
  "coverage_score": 0.7854752972273343,
  "pose_estimation_failed": false,
  "tracking_method": "loosely_coupled",
  "kf_translation_vector": [
    -0.005701547422674591,
    -0.017917538797657423,
    0.6767542709877796
  ],
  "kf_quaternion": [
    0.4519839912425535,
    -0.470995926656936,
    -0.133425447683423,
    0.7457016552506128
  ],
  "kf_rotation_matrix": [
    [
      0.5207209739661045,
      -0.22677408319860876,
      -0.8230572170033029
    ],
    [
      -0.624756391958939,
      0.555816243141859,
      -0.5484047360901606
    ],
    [
      0.5818325514941908,
      0.799776105575242,
      0.1477466174660509
    ]
  ],