{
  "frame": 38,
  "object_rotation_in_cam": [
    [
      0.6692865805914712,
      -0.15570156787497838,
      -0.7265070507582497
    ],
    [
      -0.4831200394775951,
      0.6516763843985723,
      -0.5847332019582704
    ],
    [
      0.5644913644116653,
      0.7423442003400295,
      0.3609357113478506
    ]
  ],
  "object_translation_in_cam": [
    0.03559223936341345,
    -0.029186395062270103,
    0.674528600231873
  ],
  "raw_rvec": [
    0.8631392802527129,
    -0.8396732857837322,
    -0.21295498169970453
  ],
  "refined_raw_rvec": [
    0.8631392802527129,
    -0.8396732857837322,
    -0.21295498169970453
  ],
  "num_inliers": 14,
  "total_matches": 26,
  "inlier_ratio": 0.5384615384615384,
  "reprojection_errors": [
    2.5164804458618164,
    3.5643832683563232,
    1.1696264743804932,
    1.6528129577636719,
    1.935814380645752,
    3.4694225788116455,
    1.4158108234405518,
    3.6829416751861572,
    1.7863199710845947,
    2.940966844558716,
    3.028521776199341,
    2.7243402004241943,
    3.3062779903411865,
    1.9134619235992432
  ],
  "mean_reprojection_error": 2.5076560974121094,
  "std_reprojection_error": 0.822906494140625,
  "inliers": [
    1,
    2,
    7,
    10,
    11,
    12,
    14,
    15,
    16,
    17,
    19,
    20,
    23,
    25
  ],
  "mkpts0": [
    [
      745.125,
      201.375
    ],
    [
      805.125,
      212.625
    ],
    [
      793.875,
      220.125
    ],
    [
      705.125,
      223.875
    ],
    [
      835.125,
      225.125
    ],
    [
      425.125,
      242.625
    ],
    [
      413.875,
      248.875
    ],
    [
      436.375,
      260.125
    ],
    [
      478.875,
      281.375
    ],
    [
      590.125,
      283.875
    ],
    [
      522.625,
      286.375
    ],
    [
      386.375,
      288.875
    ],
    [
      511.375,
      292.625
    ],
    [
      597.625,
      297.625
    ],
    [
      430.125,
      311.375
    ],
    [
      575.125,
      312.625
    ],
    [
      540.125,
      313.875
    ],
    [
      518.875,
      327.625
    ],
    [
      586.375,
      330.125
    ],
    [
      602.625,
      347.625
    ],
    [
      611.375,
      352.625
    ],
    [
      617.625,
      368.875
    ],
    [
      650.125,
      376.375
    ],
    [
      715.125,
      383.875
    ],
    [
      595.125,
      388.875
    ],
    [
      702.625,
      391.375
    ]
  ],
  "mkpts1": [
    [
      978.875,
      91.375
    ],
    [
      1080.125,
      132.625
    ],
    [
      1066.375,
      143.875
    ],
    [
      986.375,
      167.625
    ],
    [
      1133.875,
      162.625
    ],
    [
      436.375,
      93.875
    ],
    [
      418.875,
      102.625
    ],
    [
      460.125,
      133.875
    ],
    [
      521.375,
      188.875
    ],
    [
      735.125,
      233.875
    ],
    [
      613.875,
      215.125
    ],
    [
      373.875,
      182.625
    ],
    [
      593.875,
      225.125
    ],
    [
      742.625,
      256.375
    ],
    [
      455.125,
      246.375
    ],
    [
      703.875,
      281.375
    ],
    [
      655.125,
      288.875
    ],
    [
      621.375,
      313.875
    ],
    [
      731.375,
      327.625
    ],
    [
      760.125,
      371.375
    ],
    [
      778.875,
      386.375
    ],
    [
      792.625,
      421.375
    ],
    [
      846.375,
      447.625
    ],
    [
      956.375,
      478.875
    ],
    [
      756.375,
      460.125
    ],
    [
      941.375,
      493.875
    ]
  ],
  "mpts3D": [
    [
      0.21699999272823334,
      -0.0,
      -0.027000000700354576
    ],
    [
      0.23000000417232513,
      0.0,
      -0.07000000029802322
    ],
    [
      0.21699999272823334,
      -0.0,
      -0.07000000029802322
    ],
    [
      0.17000000178813934,
      -0.0,
      -0.014999999664723873
    ],
    [
      0.23000000417232513,
      -0.0,
      -0.11299999803304672
    ],
    [
      -0.0,
      -0.0,
      0.15600000321865082
    ],
    [
      -0.014000000432133675,
      0.0,
      0.15600000321865082
    ],
    [
      -0.01899999938905239,
      -0.0,
      0.12800000607967377
    ],
    [
      -0.01899999938905239,
      -0.0,
      0.07400000095367432
    ],
    [
      0.02500000037252903,
      -0.014000000432133675,
      -0.010999999940395355
    ],
    [
      0.0,
      0.0,
      0.041999999433755875
    ],
    [
      -0.07400000095367432,
      -0.0,
      0.12800000607967377
    ],
    [
      -0.014000000432133675,
      0.0,
      0.041999999433755875
    ],
    [
      0.02500000037252903,
      0.0,
      -0.014999999664723873
    ],
    [
      -0.07400000095367432,
      -0.0,
      0.07400000095367432
    ],
    [
      0.0,
      -0.0,
      -0.014999999664723873
    ],
    [
      -0.03500000014901161,
      -0.017999999225139618,
      -0.009999999776482582
    ],
    [
      -0.05700000002980232,
      -0.017999999225139618,
      -0.009999999776482582
    ],
    [
      -0.014000000432133675,
      0.0,
      -0.041999999433755875
    ],
    [
      -0.023000000044703484,
      0.0,
      -0.06499999761581421
    ],
    [
      -0.023000000044703484,
      -0.0,
      -0.07500000298023224
    ],
    [
      -0.03700000047683716,
      -0.0,
      -0.09700000286102295
    ],
    [
      -0.028999999165534973,
      -0.0,
      -0.12700000405311584
    ],
    [
      0.0,
      0.0,
      -0.15600000321865082
    ],
    [
      -0.052000001072883606,
      -0.0,
      -0.09700000286102295
    ],
    [
      -0.014000000432133675,
      0.0,
      -0.15600000321865082
    ]
  ],
  "mconf": [
    0.9755764007568359,
    0.8247590065002441,
    0.9988529086112976,
    0.6779333353042603,
    0.49254152178764343,
    0.8559128046035767,
    0.9916777014732361,
    0.9964469075202942,
    0.5147562026977539,
    0.9662680625915527,
    0.49016669392585754,
    0.9936584830284119,
    0.7887229323387146,
    0.9541867971420288,
    0.995703935623169,
    0.9729229807853699,
    0.9978117346763611,
    0.9995072484016418,
    0.9979937672615051,
    0.9967864751815796,
    0.9868210554122925,
    0.9984248876571655,
    0.9273154735565186,
    0.4644758403301239,
    0.9992472529411316,
    0.9613597393035889
  ],
  "coverage_score": 0.7474594241169754,
  "pose_estimation_failed": false,
  "tracking_method": "loosely_coupled",
  "kf_translation_vector": [
    0.031406666759661334,
    -0.032802021461117464,
    0.7768634368265798
  ],
  "kf_quaternion": [
    0.38828595813297634,
    -0.44127404084207883,
    -0.22823451504616227,
    0.7761573562991613
  ],
  "kf_rotation_matrix": [
    [
      0.506372454041093,
      0.011610768133747451,
      -0.8622367005943007
    ],
    [
      -0.6969728231240544,
      0.5942860417167993,
      -0.40131407207705094
    ],
    [
      0.5077556711794434,
      0.8041699389332599,
      0.30902247119131987
    ]
  ],
  "position_diff": 0.11124283716236108,
  "orientation_diff": 16.32299507452627,
  "timestamp": 1741869979.6132984,
  "image_file": "webcam_000038"
}