{
  "frame": 36,
  "object_rotation_in_cam": [
    [
      0.6011150456818996,
      -0.19515988187089284,
      -0.7749666588718426
    ],
    [
      -0.474673268706701,
      0.6929436531973319,
      -0.5426917923359739
    ],
    [
      0.6429198937893769,
      0.6940761586466394,
      0.3239016766986262
    ]
  ],
  "object_translation_in_cam": [
    -0.01571286988794204,
    0.020505820070269142,
    0.716368536318771
  ],
  "raw_rvec": [
    0.8170895936967025,
    -0.936748357928836,
    -0.18466477846632884
  ],
  "refined_raw_rvec": [
    0.8170895936967025,
    -0.936748357928836,
    -0.18466477846632884
  ],
  "num_inliers": 15,
  "total_matches": 32,
  "inlier_ratio": 0.46875,
  "reprojection_errors": [
    0.7251190543174744,
    0.33031266927719116,
    2.568424940109253,
    2.1494436264038086,
    2.387357473373413,
    1.8141220808029175,
    4.050431251525879,
    3.709907293319702,
    1.3374356031417847,
    0.5904014706611633,
    0.4890429675579071,
    3.727818489074707,
    1.8983498811721802,
    1.6127158403396606,
    2.0782811641693115
  ],
  "mean_reprojection_error": 1.9646108150482178,
  "std_reprojection_error": 1.1521931886672974,
  "inliers": [
    4,
    5,
    11,
    12,
    15,
    17,
    18,
    19,
    21,
    22,
    23,
    24,
    25,
    26,
    27
  ],
  "mkpts0": [
    [
      751.375,
      76.375
    ],
    [
      727.625,
      126.375
    ],
    [
      727.625,
      143.875
    ],
    [
      636.375,
      157.625
    ],
    [
      663.875,
      165.125
    ],
    [
      656.375,
      171.375
    ],
    [
      356.375,
      195.125
    ],
    [
      745.125,
      201.375
    ],
    [
      793.875,
      220.125
    ],
    [
      705.125,
      223.875
    ],
    [
      835.125,
      225.125
    ],
    [
      425.125,
      242.625
    ],
    [
      413.875,
      248.875
    ],
    [
      436.375,
      260.125
    ],
    [
      590.125,
      283.875
    ],
    [
      522.625,
      286.375
    ],
    [
      386.375,
      288.875
    ],
    [
      350.125,
      290.125
    ],
    [
      511.375,
      292.625
    ],
    [
      597.625,
      297.625
    ],
    [
      430.125,
      311.375
    ],
    [
      575.125,
      312.625
    ],
    [
      540.125,
      313.875
    ],
    [
      518.875,
      327.625
    ],
    [
      586.375,
      330.125
    ],
    [
      602.625,
      347.625
    ],
    [
      611.375,
      352.625
    ],
    [
      636.375,
      357.625
    ],
    [
      617.625,
      368.875
    ],
    [
      650.125,
      376.375
    ],
    [
      595.125,
      388.875
    ],
    [
      702.625,
      391.375
    ]
  ],
  "mkpts1": [
    [
      897.625,
      28.875
    ],
    [
      852.625,
      102.625
    ],
    [
      845.125,
      125.125
    ],
    [
      675.125,
      93.875
    ],
    [
      716.375,
      120.125
    ],
    [
      705.125,
      128.875
    ],
    [
      225.125,
      96.375
    ],
    [
      845.125,
      213.875
    ],
    [
      922.625,
      263.875
    ],
    [
      782.625,
      240.125
    ],
    [
      983.875,
      281.375
    ],
    [
      340.125,
      207.625
    ],
    [
      322.625,
      215.125
    ],
    [
      362.625,
      246.375
    ],
    [
      625.125,
      343.875
    ],
    [
      510.125,
      325.125
    ],
    [
      281.375,
      291.375
    ],
    [
      220.125,
      276.375
    ],
    [
      491.375,
      333.875
    ],
    [
      630.125,
      363.875
    ],
    [
      360.125,
      352.625
    ],
    [
      595.125,
      387.625
    ],
    [
      550.125,
      393.875
    ],
    [
      518.875,
      417.625
    ],
    [
      621.375,
      430.125
    ],
    [
      647.625,
      471.375
    ],
    [
      665.125,
      485.125
    ],
    [
      703.875,
      500.125
    ],
    [
      676.375,
      517.625
    ],
    [
      727.625,
      542.625
    ],
    [
      643.875,
      553.875
    ],
    [
      813.875,
      585.125
    ]
  ],
  "mpts3D": [
    [
      0.24300000071525574,
      -0.10400000214576721,
      0.0
    ],
    [
      0.20600000023841858,
      -0.07000000029802322,
      -0.0020000000949949026
    ],
    [
      0.20600000023841858,
      -0.054999999701976776,
      -0.0020000000949949026
    ],
    [
      0.23000000417232513,
      -0.0,
      0.11299999803304672
    ],
    [
      0.23000000417232513,
      -0.0,
      0.07000000029802322
    ],
    [
      0.21699999272823334,
      0.0,
      0.07000000029802322
    ],
    [
      -0.0,
      -0.02500000037252903,
      0.23999999463558197
    ],
    [
      0.21699999272823334,
      -0.0,
      -0.027000000700354576
    ],
    [
      0.21699999272823334,
      -0.0,
      -0.07000000029802322
    ],
    [
      0.17000000178813934,
      -0.0,
      -0.014999999664723873
    ],
    [
      0.23000000417232513,
      -0.0,
      -0.11299999803304672
    ],
    [
      -0.0,
      -0.0,
      0.15600000321865082
    ],
    [
      -0.014000000432133675,
      0.0,
      0.15600000321865082
    ],
    [
      -0.01899999938905239,
      -0.0,
      0.12800000607967377
    ],
    [
      0.02500000037252903,
      -0.014000000432133675,
      -0.010999999940395355
    ],
    [
      0.0,
      0.0,
      0.041999999433755875
    ],
    [
      -0.07400000095367432,
      -0.0,
      0.12800000607967377
    ],
    [
      -0.07999999821186066,
      -0.0,
      0.15600000321865082
    ],
    [
      -0.014000000432133675,
      0.0,
      0.041999999433755875
    ],
    [
      0.02500000037252903,
      0.0,
      -0.014999999664723873
    ],
    [
      -0.07400000095367432,
      -0.0,
      0.07400000095367432
    ],
    [
      0.0,
      -0.0,
      -0.014999999664723873
    ],
    [
      -0.03500000014901161,
      -0.017999999225139618,
      -0.009999999776482582
    ],
    [
      -0.05700000002980232,
      -0.017999999225139618,
      -0.009999999776482582
    ],
    [
      -0.014000000432133675,
      0.0,
      -0.041999999433755875
    ],
    [
      -0.023000000044703484,
      0.0,
      -0.06499999761581421
    ],
    [
      -0.023000000044703484,
      -0.0,
      -0.07500000298023224
    ],
    [
      -0.017000000923871994,
      -0.0,
      -0.09200000017881393
    ],
    [
      -0.03700000047683716,
      -0.0,
      -0.09700000286102295
    ],
    [
      -0.028999999165534973,
      -0.0,
      -0.12700000405311584
    ],
    [
      -0.052000001072883606,
      -0.0,
      -0.09700000286102295
    ],
    [
      -0.014000000432133675,
      0.0,
      -0.15600000321865082
    ]
  ],
  "mconf": [
    0.8235121369361877,
    0.9459423422813416,
    0.7046583294868469,
    0.8560425043106079,
    0.8324010372161865,
    0.9761368036270142,
    0.7784450054168701,
    0.9903791546821594,
    0.864359974861145,
    0.6341592073440552,
    0.1124902069568634,
    0.8387702703475952,
    0.9904881715774536,
    0.9927039742469788,
    0.9172415137290955,
    0.23568660020828247,
    0.988559365272522,
    0.44250184297561646,
    0.5832768678665161,
    0.9519227147102356,
    0.9964054226875305,
    0.9587693810462952,
    0.9947452545166016,
    0.9985391497612,
    0.9974034428596497,
    0.9915322661399841,
    0.9877363443374634,
    0.9964527487754822,
    0.9953250288963318,
    0.9954585433006287,
    0.9978895783424377,
    0.40579578280448914
  ],
  "coverage_score": 0.8647869792568114,
  "pose_estimation_failed": false,
  "tracking_method": "loosely_coupled",
  "kf_translation_vector": [
    0.013106230032078958,
    -0.03411214802937178,
    0.6901003775893826
  ],
  "kf_quaternion": [
    0.4595845260636212,
    -0.41227497375963335,
    -0.09763783510098713,
    0.7805627857969932
  ],