{
  "frame": 7,
  "kf_translation_vector": [
    3.824126342108479e-05,
    -0.03146756733366245,
    0.5940304375344182
  ],
  "kf_quaternion": [
    0.46037787249009415,
    -0.4120473371788923,
    -0.10026633064781904,
    0.7798819586217526
  ],
  "kf_rotation_matrix": [
    [
      0.6403273097244129,
      -0.22300314825237907,
      -0.735017368699967
    ],
    [
      -0.5357867575701285,
      0.5559977549198336,
      -0.6354518447031159
    ],
    [
      0.5503757687558419,
      0.8007097429116445,
      0.23653841289055766
    ]
  ],
  "pose_estimation_failed": false,
  "num_correspondences": 6,
  "tracking_method": "tracking",
  "avg_reprojection_error": 2.677346666653951,
  "timestamp": 1741869937.2720003,
  "image_file": "webcam_000007"
}