{
  "frame": 122,
  "object_rotation_in_cam": [
    [
      0.8234159159115303,
      -0.18822326506060297,
      -0.5353113411030087
    ],
    [
      -0.0529627106808766,
      0.9137709670882393,
      -0.402762424990164
    ],
    [
      0.5649612205283735,
      0.35999253075105564,
      0.7424447434675128
    ]
  ],
  "object_translation_in_cam": [
    -0.0015447473266036412,
    0.017162435826861548,
    0.6274916898509235
  ],
  "raw_rvec": [
    0.4183301645564774,
    -0.6034404605302774,
    0.07418315613129682
  ],
  "refined_raw_rvec": [
    0.4183301645564774,
    -0.6034404605302774,
    0.07418315613129682
  ],
  "num_inliers": 8,
  "total_matches": 20,
  "inlier_ratio": 0.4,
  "reprojection_errors": [
    0.6196454763412476,
    1.8327815532684326,
    0.6450419425964355,
    1.582000970840454,
    1.2721387147903442,
    1.7934051752090454,
    2.4604785442352295,
    3.519052743911743
  ],
  "mean_reprojection_error": 1.7155681848526,
  "std_reprojection_error": 0.8936433792114258,
  "inliers": [
    0,
    5,
    7,
    10,
    11,
    13,
    14,
    15
  ],
  "mkpts0": [
    [
      751.375,
      76.375
    ],
    [
      727.625,
      126.375
    ],
    [
      356.375,
      195.125
    ],
    [
      425.125,
      242.625
    ],
    [
      413.875,
      248.875
    ],
    [
      436.375,
      260.125
    ],
    [
      478.875,
      281.375
    ],
    [
      386.375,
      288.875
    ],
    [
      350.125,
      290.125
    ],
    [
      597.625,
      297.625
    ],
    [
      430.125,
      311.375
    ],
    [
      586.375,
      330.125
    ],
    [
      470.125,
      338.875
    ],
    [
      602.625,
      347.625
    ],
    [
      611.375,
      352.625
    ],
    [
      636.375,
      357.625
    ],
    [
      617.625,
      368.875
    ],
    [
      496.375,
      377.625
    ],
    [
      595.125,
      388.875
    ],
    [
      702.625,
      391.375
    ]
  ],
  "mkpts1": [
    [
      1062.625,
      137.625
    ],
    [
      1001.375,
      203.875
    ],
    [
      358.875,
      153.875
    ],
    [
      422.625,
      238.875
    ],
    [
      401.375,
      238.875
    ],
    [
      428.875,
      261.375
    ],
    [
      477.625,
      297.625
    ],
    [
      321.375,
      262.625
    ],
    [
      267.625,
      257.625
    ],
    [
      577.625,
      478.875
    ],
    [
      368.875,
      307.625
    ],
    [
      628.875,
      413.875
    ],
    [
      396.375,
      335.125
    ],
    [
      640.125,
      442.625
    ],
    [
      653.875,
      456.375
    ],
    [
      697.625,
      476.375
    ],
    [
      652.625,
      480.125
    ],
    [
      420.125,
      427.625
    ],
    [
      593.875,
      492.625
    ],
    [
      807.625,
      571.375
    ]
  ],
  "mpts3D": [
    [
      0.24300000071525574,
      -0.10400000214576721,
      0.0
    ],
    [
      0.20600000023841858,
      -0.07000000029802322,
      -0.0020000000949949026
    ],
    [
      -0.0,
      -0.02500000037252903,
      0.23999999463558197
    ],
    [
      -0.0,
      -0.0,
      0.15600000321865082
    ],
    [
      -0.014000000432133675,
      0.0,
      0.15600000321865082
    ],
    [
      -0.01899999938905239,
      -0.0,
      0.12800000607967377
    ],
    [
      -0.01899999938905239,
      -0.0,
      0.07400000095367432
    ],
    [
      -0.07400000095367432,
      -0.0,
      0.12800000607967377
    ],
    [
      -0.07999999821186066,
      -0.0,
      0.15600000321865082
    ],
    [
      0.02500000037252903,
      0.0,
      -0.014999999664723873
    ],
    [
      -0.07400000095367432,
      -0.0,
      0.07400000095367432
    ],
    [
      -0.014000000432133675,
      0.0,
      -0.041999999433755875
    ],
    [
      -0.10000000149011612,
      -0.029999999329447746,
      0.0
    ],
    [
      -0.023000000044703484,
      0.0,
      -0.06499999761581421
    ],
    [
      -0.023000000044703484,
      -0.0,
      -0.07500000298023224
    ],
    [
      -0.017000000923871994,
      -0.0,
      -0.09200000017881393
    ],
    [
      -0.03700000047683716,
      -0.0,
      -0.09700000286102295
    ],
    [
      -0.09000000357627869,
      -0.0,
      -0.014999999664723873
    ],
    [
      -0.052000001072883606,
      -0.0,
      -0.09700000286102295
    ],
    [
      -0.014000000432133675,
      0.0,
      -0.15600000321865082
    ]
  ],
  "mconf": [
    0.14149022102355957,
    0.4485147297382355,
    0.9793249368667603,
    0.793899416923523,
    0.9926133155822754,
    0.9326554536819458,
    0.7361716628074646,
    0.9940580725669861,
    0.48986366391181946,
    0.10660388320684433,
    0.9899492263793945,
    0.4770529568195343,
    0.9827435612678528,
    0.8453215956687927,
    0.47398242354393005,
    0.489822119474411,
    0.6281248927116394,
    0.17799179255962372,
    0.6816543340682983,
    0.11902473866939545
  ],
  "coverage_score": 0.49261406801712576,
  "pose_estimation_failed": false,
  "tracking_method": "loosely_coupled",
  "kf_translation_vector": [
    -0.01662504680196556,
    -0.004959211737409043,
    0.6518423698145369
  ],
  "kf_quaternion": [
    0.4497550995087527,
    -0.4712602391112257,
    -0.13205889645530033,
    0.7471242101322314
  ],
  "kf_rotation_matrix": [
    [
      0.5209484697996773,
      -0.22657459406177502,
      -0.8229681920579415
    ],
    [
      -0.6212321888821766,
      0.5605615966657604,
      -0.5475776327062611
    ],
    [
      0.5853915435928627,
      0.7965140611874189,
      0.15126827499740458
    ]
  ],
  "position_diff": 0.0381912455978342,
  "orientation_diff": 45.25805276251414,
  "timestamp": 1741869623.4543786,
  "image_file": "webcam_000122"
}