{
  "frame": 18,
  "object_rotation_in_cam": [
    [
      0.6783611919956449,
      -0.11736240648711788,
      -0.7252945324058357
    ],
    [
      -0.5290067291029217,
      0.6070418607696019,
      -0.593002579958306
    ],
    [
      0.5098803523946331,
      0.7859556252212535,
      0.34970813748752383
    ]
  ],
  "object_translation_in_cam": [
    0.007304291796611385,
    -0.015280331277410868,
    0.7045917336226366
  ],
  "raw_rvec": [
    0.9071817394710959,
    -0.8125903282169394,
    -0.2708103923899415
  ],
  "refined_raw_rvec": [
    0.9071817394710959,
    -0.8125903282169394,
    -0.2708103923899415
  ],
  "num_inliers": 15,
  "total_matches": 29,
  "inlier_ratio": 0.5172413793103449,
  "reprojection_errors": [
    1.5797632932662964,
    0.9342157244682312,
    3.5700910091400146,
    3.679457664489746,
    2.1087112426757812,
    2.850464105606079,
    3.2904131412506104,
    1.4372878074645996,
    0.7765797972679138,
    0.9329591989517212,
    3.6106507778167725,
    1.933992624282837,
    0.7029813528060913,
    2.961838722229004,
    3.1983163356781006
  ],
  "mean_reprojection_error": 2.2378480434417725,
  "std_reprojection_error": 1.0876224040985107,
  "inliers": [
    2,
    5,
    8,
    11,
    12,
    14,
    15,
    17,
    18,
    19,
    20,
    21,
    22,
    23,
    28
  ],
  "mkpts0": [
    [
      727.625,
      126.375
    ],
    [
      727.625,
      143.875
    ],
    [
      745.125,
      201.375
    ],
    [
      805.125,
      212.625
    ],
    [
      793.875,
      220.125
    ],
    [
      705.125,
      223.875
    ],
    [
      835.125,
      225.125
    ],
    [
      425.125,
      242.625
    ],
    [
      413.875,
      248.875
    ],
    [
      436.375,
      260.125
    ],
    [
      478.875,
      281.375
    ],
    [
      590.125,
      283.875
    ],
    [
      522.625,
      286.375
    ],
    [
      386.375,
      288.875
    ],
    [
      511.375,
      292.625
    ],
    [
      597.625,
      297.625
    ],
    [
      430.125,
      311.375
    ],
    [
      575.125,
      312.625
    ],
    [
      540.125,
      313.875
    ],
    [
      518.875,
      327.625
    ],
    [
      586.375,
      330.125
    ],
    [
      602.625,
      347.625
    ],
    [
      611.375,
      352.625
    ],
    [
      636.375,
      357.625
    ],
    [
      617.625,
      368.875
    ],
    [
      650.125,
      376.375
    ],
    [
      715.125,
      383.875
    ],
    [
      595.125,
      388.875
    ],
    [
      702.625,
      391.375
    ]
  ],
  "mkpts1": [
    [
      925.125,
      17.625
    ],
    [
      922.625,
      28.875
    ],
    [
      922.625,
      121.375
    ],
    [
      1017.625,
      163.875
    ],
    [
      1003.875,
      175.125
    ],
    [
      851.375,
      150.125
    ],
    [
      1087.625,
      206.375
    ],
    [
      393.875,
      125.125
    ],
    [
      375.125,
      133.875
    ],
    [
      412.625,
      166.375
    ],
    [
      470.125,
      222.625
    ],
    [
      673.875,
      268.875
    ],
    [
      558.875,
      248.875
    ],
    [
      328.875,
      216.375
    ],
    [
      538.875,
      258.875
    ],
    [
      680.125,
      288.875
    ],
    [
      403.875,
      280.125
    ],
    [
      641.375,
      315.125
    ],
    [
      590.125,
      325.125
    ],
    [
      556.375,
      351.375
    ],
    [
      665.125,
      361.375
    ],
    [
      688.875,
      403.875
    ],
    [
      705.125,
      418.875
    ],
    [
      745.125,
      433.875
    ],
    [
      715.125,
      453.875
    ],
    [
      766.375,
      478.875
    ],
    [
      870.125,
      508.875
    ],
    [
      678.875,
      491.375
    ],
    [
      853.875,
      522.625
    ]
  ],
  "mpts3D": [
    [
      0.20600000023841858,
      -0.07000000029802322,
      -0.0020000000949949026
    ],
    [
      0.20600000023841858,
      -0.054999999701976776,
      -0.0020000000949949026
    ],
    [
      0.21699999272823334,
      -0.0,
      -0.027000000700354576
    ],
    [
      0.23000000417232513,
      0.0,
      -0.07000000029802322
    ],
    [
      0.21699999272823334,
      -0.0,
      -0.07000000029802322
    ],
    [
      0.17000000178813934,
      -0.0,
      -0.014999999664723873
    ],
    [
      0.23000000417232513,
      -0.0,
      -0.11299999803304672
    ],
    [
      -0.0,
      -0.0,
      0.15600000321865082
    ],
    [
      -0.014000000432133675,
      0.0,
      0.15600000321865082
    ],
    [
      -0.01899999938905239,
      -0.0,
      0.12800000607967377
    ],
    [
      -0.01899999938905239,
      -0.0,
      0.07400000095367432
    ],
    [
      0.02500000037252903,
      -0.014000000432133675,
      -0.010999999940395355
    ],
    [
      0.0,
      0.0,
      0.041999999433755875
    ],
    [
      -0.07400000095367432,
      -0.0,
      0.12800000607967377
    ],
    [
      -0.014000000432133675,
      0.0,
      0.041999999433755875
    ],
    [
      0.02500000037252903,
      0.0,
      -0.014999999664723873
    ],
    [
      -0.07400000095367432,
      -0.0,
      0.07400000095367432
    ],
    [
      0.0,
      -0.0,
      -0.014999999664723873
    ],
    [
      -0.03500000014901161,
      -0.017999999225139618,
      -0.009999999776482582
    ],
    [
      -0.05700000002980232,
      -0.017999999225139618,
      -0.009999999776482582
    ],
    [
      -0.014000000432133675,
      0.0,
      -0.041999999433755875
    ],
    [
      -0.023000000044703484,
      0.0,
      -0.06499999761581421
    ],
    [
      -0.023000000044703484,
      -0.0,
      -0.07500000298023224
    ],
    [
      -0.017000000923871994,
      -0.0,
      -0.09200000017881393
    ],
    [
      -0.03700000047683716,
      -0.0,
      -0.09700000286102295
    ],
    [
      -0.028999999165534973,
      -0.0,
      -0.12700000405311584
    ],
    [
      0.0,
      0.0,
      -0.15600000321865082
    ],
    [
      -0.052000001072883606,
      -0.0,
      -0.09700000286102295
    ],
    [
      -0.014000000432133675,
      0.0,
      -0.15600000321865082
    ]
  ],
  "mconf": [
    0.3313562273979187,
    0.575154721736908,
    0.9828511476516724,
    0.6810218095779419,
    0.9986467361450195,
    0.45497870445251465,
    0.17442357540130615,
    0.8787203431129456,
    0.9888778328895569,
    0.9951158761978149,
    0.21577638387680054,
    0.8533902764320374,
    0.7945437431335449,
    0.9924940466880798,
    0.9852154850959778,
    0.9145931005477905,
    0.9978411197662354,
    0.9450080394744873,
    0.9812513589859009,
    0.9939414262771606,
    0.9966956973075867,
    0.997682511806488,
    0.9914100170135498,
    0.9996433854103088,
    0.9997658729553223,
    0.9994621276855469,
    0.9331117868423462,
    0.999525249004364,
    0.9987120032310486
  ],
  "coverage_score": 0.7097781492858065,
  "pose_estimation_failed": false,
  "tracking_method": "loosely_coupled",
  "kf_translation_vector": [
    -0.0006725429392759582,
    0.0012494584402267953,
    0.7056347824238832
  ],
  "kf_quaternion": [
    0.3914738783731639,
    -0.48226578518171836,
    -0.0826737636387529,
    0.7793157022672759
  ],
  "kf_rotation_matrix": [
    [
      0.5211695224977286,
      -0.24873099032510582,
      -0.8164038358994778
    ],
    [
      -0.5064468390019597,
      0.6798265027145538,
      -0.5304220258170108
    ],
    [
      0.6869453603340023,
      0.6899049359576946,
      0.22833582998906787
    ]
  ],
  "position_diff": 0.026391192162438168,
  "orientation_diff": 13.082664604130708,
  "timestamp": 1741869673.21103,
  "image_file": "webcam_000018"
}