{
  "frame": 203,
  "kf_translation_vector": [
    -0.03849622927280454,
    -0.018618049915395334,
    0.7022380570209114
  ],
  "kf_quaternion": [
    0.44810218620360737,
    -0.47133967412230593,
    -0.13062529681669793,
    0.7483183641668668
  ],
  "kf_rotation_matrix": [
    [
      0.521551886859656,
      -0.22691805997203665,
      -0.8224912299664111
    ],
    [
      -0.617915293702768,
      0.5642829251021944,
      -0.5475084202515367
    ],
    [
      0.5883573056581812,
      0.7937839595863841,
      0.15408668463565212
    ]
  ],
  "pose_estimation_failed": false,
  "num_correspondences": 3,
  "tracking_method": "tracking",
  "avg_reprojection_error": 2.779805819193522,
  "timestamp": 1741869634.4739692,
  "image_file": "webcam_000203"
}