{
  "frame": 10,
  "object_rotation_in_cam": [
    [
      0.49168416325130915,
      -0.28076692433787165,
      -0.8242673218111412
    ],
    [
      -0.571439500301392,
      0.610212251699705,
      -0.5487238880993526
    ],
    [
      0.6570415368172358,
      0.7408177522666606,
      0.1395903894378746
    ]
  ],
  "object_translation_in_cam": [
    -0.0044397170367425805,
    -0.04100863041497669,
    0.7005051222950032
  ],
  "raw_rvec": [
    0.9416507457358475,
    -1.0816832490935446,
    -0.21225530014162278
  ],
  "refined_raw_rvec": [
    0.9416507457358475,
    -1.0816832490935446,
    -0.21225530014162278
  ],
  "num_inliers": 13,
  "total_matches": 21,
  "inlier_ratio": 0.6190476190476191,
  "reprojection_errors": [
    1.3323724269866943,
    1.8308929204940796,
    2.9051096439361572,
    1.963248610496521,
    1.3482590913772583,
    3.2711358070373535,
    2.519087791442871,
    2.603886842727661,
    2.1571097373962402,
    3.059516429901123,
    2.152297258377075,
    3.1612234115600586,
    1.3536083698272705
  ],
  "mean_reprojection_error": 2.281365394592285,
  "std_reprojection_error": 0.6723743081092834,
  "inliers": [
    3,
    6,
    7,
    8,
    9,
    10,
    11,
    12,
    13,
    15,
    16,
    18,
    20
  ],
  "mkpts0": [
    [
      705.125,
      223.875
    ],
    [
      425.125,
      242.625
    ],
    [
      413.875,
      248.875
    ],
    [
      436.375,
      260.125
    ],
    [
      478.875,
      281.375
    ],
    [
      590.125,
      283.875
    ],
    [
      522.625,
      286.375
    ],
    [
      386.375,
      288.875
    ],
    [
      511.375,
      292.625
    ],
    [
      597.625,
      297.625
    ],
    [
      430.125,
      311.375
    ],
    [
      575.125,
      312.625
    ],
    [
      540.125,
      313.875
    ],
    [
      518.875,
      327.625
    ],
    [
      586.375,
      330.125
    ],
    [
      602.625,
      347.625
    ],
    [
      611.375,
      352.625
    ],
    [
      636.375,
      357.625
    ],
    [
      715.125,
      383.875
    ],
    [
      595.125,
      388.875
    ],
    [
      702.625,
      391.375
    ]
  ],
  "mkpts1": [
    [
      760.125,
      88.875
    ],
    [
      320.125,
      76.375
    ],
    [
      303.875,
      87.625
    ],
    [
      353.875,
      120.125
    ],
    [
      447.625,
      175.125
    ],
    [
      642.625,
      210.125
    ],
    [
      522.625,
      197.625
    ],
    [
      283.875,
      177.625
    ],
    [
      506.375,
      210.125
    ],
    [
      646.375,
      231.375
    ],
    [
      380.125,
      238.875
    ],
    [
      618.875,
      260.125
    ],
    [
      585.125,
      272.625
    ],
    [
      560.125,
      298.875
    ],
    [
      652.625,
      302.625
    ],
    [
      687.625,
      342.625
    ],
    [
      706.375,
      356.375
    ],
    [
      746.375,
      368.875
    ],
    [
      871.375,
      427.625
    ],
    [
      701.375,
      427.625
    ],
    [
      861.375,
      442.625
    ]
  ],
  "mpts3D": [
    [
      0.17000000178813934,
      -0.0,
      -0.014999999664723873
    ],
    [
      -0.0,
      -0.0,
      0.15600000321865082
    ],
    [
      -0.014000000432133675,
      0.0,
      0.15600000321865082
    ],
    [
      -0.01899999938905239,
      -0.0,
      0.12800000607967377
    ],
    [
      -0.01899999938905239,
      -0.0,
      0.07400000095367432
    ],
    [
      0.02500000037252903,
      -0.014000000432133675,
      -0.010999999940395355
    ],
    [
      0.0,
      0.0,
      0.041999999433755875
    ],
    [
      -0.07400000095367432,
      -0.0,
      0.12800000607967377
    ],
    [
      -0.014000000432133675,
      0.0,
      0.041999999433755875
    ],
    [
      0.02500000037252903,
      0.0,
      -0.014999999664723873
    ],
    [
      -0.07400000095367432,
      -0.0,
      0.07400000095367432
    ],
    [
      0.0,
      -0.0,
      -0.014999999664723873
    ],
    [
      -0.03500000014901161,
      -0.017999999225139618,
      -0.009999999776482582
    ],
    [
      -0.05700000002980232,
      -0.017999999225139618,
      -0.009999999776482582
    ],
    [
      -0.014000000432133675,
      0.0,
      -0.041999999433755875
    ],
    [
      -0.023000000044703484,
      0.0,
      -0.06499999761581421
    ],
    [
      -0.023000000044703484,
      -0.0,
      -0.07500000298023224
    ],
    [
      -0.017000000923871994,
      -0.0,
      -0.09200000017881393
    ],
    [
      0.0,
      0.0,
      -0.15600000321865082
    ],
    [
      -0.052000001072883606,
      -0.0,
      -0.09700000286102295
    ],
    [
      -0.014000000432133675,
      0.0,
      -0.15600000321865082
    ]
  ],
  "mconf": [
    0.6493942141532898,
    0.760017991065979,
    0.9953582882881165,
    0.9956044554710388,
    0.998550295829773,
    0.954083263874054,
    0.8677801489830017,
    0.9947996735572815,
    0.989997923374176,
    0.9674620628356934,
    0.9990866780281067,
    0.9955406188964844,
    0.9972149133682251,
    0.9993537664413452,
    0.9994782209396362,
    0.997901439666748,
    0.9994964599609375,
    0.9999212026596069,
    0.9885104298591614,
    0.9997803568840027,
    0.9998828768730164
  ],
  "coverage_score": 0.6804820237218405,
  "pose_estimation_failed": false,
  "tracking_method": "loosely_coupled",
  "kf_translation_vector": [
    -0.00971537373707502,
    -0.09309881237469966,
    0.6766247614657592
  ],
  "kf_quaternion": [
    0.45338240302864485,
    -0.4901027080698706,
    -0.11658553050283194,
    0.7352901102584776
  ],
  "kf_rotation_matrix": [
    [
      0.4924142992399049,
      -0.27295951187518797,
      -0.8264510044648338
    ],
    [
      -0.6158562621870695,
      0.5617044214026894,
      -0.5524574257819707
    ],
    [
      0.6150196925538606,
      0.7810129626667724,
      0.1084874643331013
    ]
  ],
  "position_diff": 0.05777936683850989,
  "orientation_diff": 3.7919511103389865,
  "timestamp": 1741869608.407003,
  "image_file": "webcam_000010"
}