{
  "frame": 109,
  "object_rotation_in_cam": [
    [
      0.6100480790994204,
      -0.21591161033050396,
      -0.7623801661320918
    ],
    [
      -0.5472425768315742,
      0.5810197085184713,
      -0.6024463963008237
    ],
    [
      0.5730330734694516,
      0.7847281534630952,
      0.23629393109547883
    ]
  ],
  "object_translation_in_cam": [
    -0.009383013540569689,
    -0.042242705512818904,
    0.691891481642365
  ],
  "raw_rvec": [
    0.9623533302221252,
    -0.9264438844931071,
    -0.22986109359653853
  ],
  "refined_raw_rvec": [
    0.9623533302221252,
    -0.9264438844931071,
    -0.22986109359653853
  ],
  "num_inliers": 15,
  "total_matches": 26,
  "inlier_ratio": 0.5769230769230769,
  "reprojection_errors": [
    1.4150145053863525,
    2.8360347747802734,
    1.379675030708313,
    1.7202222347259521,
    3.3673267364501953,
    1.412918210029602,
    1.4755218029022217,
    3.1056554317474365,
    2.943648099899292,
    3.3132200241088867,
    1.5737940073013306,
    2.2943508625030518,
    3.486696481704712,
    1.6522784233093262,
    2.2310726642608643
  ],
  "mean_reprojection_error": 2.2804951667785645,
  "std_reprojection_error": 0.7875599265098572,
  "inliers": [
    0,
    3,
    4,
    7,
    8,
    11,
    13,
    14,
    15,
    16,
    17,
    18,
    19,
    20,
    21
  ],
  "mkpts0": [
    [
      745.125,
      201.375
    ],
    [
      805.125,
      212.625
    ],
    [
      793.875,
      220.125
    ],
    [
      705.125,
      223.875
    ],
    [
      835.125,
      225.125
    ],
    [
      425.125,
      242.625
    ],
    [
      413.875,
      248.875
    ],
    [
      436.375,
      260.125
    ],
    [
      478.875,
      281.375
    ],
    [
      590.125,
      283.875
    ],
    [
      522.625,
      286.375
    ],
    [
      386.375,
      288.875
    ],
    [
      350.125,
      290.125
    ],
    [
      511.375,
      292.625
    ],
    [
      597.625,
      297.625
    ],
    [
      430.125,
      311.375
    ],
    [
      575.125,
      312.625
    ],
    [
      540.125,
      313.875
    ],
    [
      518.875,
      327.625
    ],
    [
      586.375,
      330.125
    ],
    [
      602.625,
      347.625
    ],
    [
      611.375,
      352.625
    ],
    [
      636.375,
      357.625
    ],
    [
      617.625,
      368.875
    ],
    [
      650.125,
      376.375
    ],
    [
      595.125,
      388.875
    ]
  ],
  "mkpts1": [
    [
      865.125,
      66.375
    ],
    [
      960.125,
      110.125
    ],
    [
      947.625,
      121.375
    ],
    [
      798.875,
      96.375
    ],
    [
      1011.375,
      140.125
    ],
    [
      332.625,
      63.875
    ],
    [
      313.875,
      71.375
    ],
    [
      357.625,
      105.125
    ],
    [
      442.625,
      165.125
    ],
    [
      637.625,
      211.375
    ],
    [
      516.375,
      191.375
    ],
    [
      273.875,
      157.625
    ],
    [
      207.625,
      140.125
    ],
    [
      497.625,
      202.625
    ],
    [
      642.625,
      233.875
    ],
    [
      360.125,
      223.875
    ],
    [
      606.375,
      260.125
    ],
    [
      561.375,
      268.875
    ],
    [
      528.875,
      295.125
    ],
    [
      635.125,
      305.125
    ],
    [
      663.875,
      348.875
    ],
    [
      681.375,
      363.875
    ],
    [
      721.375,
      378.875
    ],
    [
      695.125,
      398.875
    ],
    [
      748.875,
      425.125
    ],
    [
      661.375,
      438.875
    ]
  ],
  "mpts3D": [
    [
      0.21699999272823334,
      -0.0,
      -0.027000000700354576
    ],
    [
      0.23000000417232513,
      0.0,
      -0.07000000029802322
    ],
    [
      0.21699999272823334,
      -0.0,
      -0.07000000029802322
    ],
    [
      0.17000000178813934,
      -0.0,
      -0.014999999664723873
    ],
    [
      0.23000000417232513,
      -0.0,
      -0.11299999803304672
    ],
    [
      -0.0,
      -0.0,
      0.15600000321865082
    ],
    [
      -0.014000000432133675,
      0.0,
      0.15600000321865082
    ],
    [
      -0.01899999938905239,
      -0.0,
      0.12800000607967377
    ],
    [
      -0.01899999938905239,
      -0.0,
      0.07400000095367432
    ],
    [
      0.02500000037252903,
      -0.014000000432133675,
      -0.010999999940395355
    ],
    [
      0.0,
      0.0,
      0.041999999433755875
    ],
    [
      -0.07400000095367432,
      -0.0,
      0.12800000607967377
    ],
    [
      -0.07999999821186066,
      -0.0,
      0.15600000321865082
    ],
    [
      -0.014000000432133675,
      0.0,
      0.041999999433755875
    ],
    [
      0.02500000037252903,
      0.0,
      -0.014999999664723873
    ],
    [
      -0.07400000095367432,
      -0.0,
      0.07400000095367432
    ],
    [
      0.0,
      -0.0,
      -0.014999999664723873
    ],
    [
      -0.03500000014901161,
      -0.017999999225139618,
      -0.009999999776482582
    ],
    [
      -0.05700000002980232,
      -0.017999999225139618,
      -0.009999999776482582
    ],
    [
      -0.014000000432133675,
      0.0,
      -0.041999999433755875
    ],
    [
      -0.023000000044703484,
      0.0,
      -0.06499999761581421
    ],
    [
      -0.023000000044703484,
      -0.0,
      -0.07500000298023224
    ],
    [
      -0.017000000923871994,
      -0.0,
      -0.09200000017881393
    ],
    [
      -0.03700000047683716,
      -0.0,
      -0.09700000286102295
    ],
    [
      -0.028999999165534973,
      -0.0,
      -0.12700000405311584
    ],
    [
      -0.052000001072883606,
      -0.0,
      -0.09700000286102295
    ]
  ],
  "mconf": [
    0.9849262237548828,
    0.6188479065895081,
    0.9947143197059631,
    0.7274355292320251,
    0.5764596462249756,
    0.8957582712173462,
    0.9929719567298889,
    0.9959519505500793,
    0.9919477105140686,
    0.9897677302360535,
    0.9283589124679565,
    0.9955134987831116,
    0.32371795177459717,
    0.9894285202026367,
    0.9732111096382141,
    0.9993289113044739,
    0.9942536950111389,
    0.9965934753417969,
    0.9985446929931641,
    0.9987037777900696,
    0.9985545873641968,
    0.9967823028564453,
    0.9997226595878601,
    0.9993537664413452,
    0.999203622341156,
    0.9988306760787964
  ],
  "coverage_score": 0.7887031414261726,
  "pose_estimation_failed": false,
  "tracking_method": "loosely_coupled",
  "kf_translation_vector": [
    -0.003280381948074477,
    -0.043533626892899795,
    0.7646924997134086
  ],
  "kf_quaternion": [
    0.4388968464001776,
    -0.4258533969068423,
    -0.1193672491032951,
    0.782157210798695
  ],
  "kf_rotation_matrix": [
    [
      0.6088006883688306,
      -0.18708351662373982,
      -0.7709484286574122
    ],
    [
      -0.5605393351011252,
      0.5862420361229815,
      -0.5849067693972856
    ],
    [
      0.5613887918778095,
      0.7882385634375393,
      0.2520368851257646
    ]
  ],
  "position_diff": 0.0763589011342686,
  "orientation_diff": 1.6786885708107186,
  "timestamp": 1741869950.972239,
  "image_file": "webcam_000109"
}