{
  "frame": 94,
  "object_rotation_in_cam": [
    [
      0.5862263904994763,
      -0.216450899697831,
      -0.7806968855464682
    ],
    [
      -0.5678977439159139,
      0.5774635729328306,
      -0.5865389794300672
    ],
    [
      0.5777809027106822,
      0.7872006287825545,
      0.21560240839837636
    ]
  ],
  "object_translation_in_cam": [
    -0.032433130556345356,
    -0.05250038858614891,
    0.6882297525959014
  ],
  "raw_rvec": [
    0.9653961134645457,
    -0.9546708627828843,
    -0.24697942424398944
  ],
  "refined_raw_rvec": [
    0.9653961134645457,
    -0.9546708627828843,
    -0.24697942424398944
  ],
  "num_inliers": 13,
  "total_matches": 25,
  "inlier_ratio": 0.52,
  "reprojection_errors": [
    0.48186245560646057,
    2.0674657821655273,
    1.6084108352661133,
    2.395085096359253,
    2.3412396907806396,
    3.205655813217163,
    2.086141347885132,
    3.004678964614868,
    1.1898304224014282,
    0.5338507890701294,
    2.782111644744873,
    1.0610586404800415,
    1.7493255138397217
  ],
  "mean_reprojection_error": 1.885132074356079,
  "std_reprojection_error": 0.8501657247543335,
  "inliers": [
    0,
    3,
    4,
    7,
    10,
    12,
    13,
    15,
    16,
    17,
    18,
    19,
    20
  ],
  "mkpts0": [
    [
      745.125,
      201.375
    ],
    [
      805.125,
      212.625
    ],
    [
      793.875,
      220.125
    ],
    [
      705.125,
      223.875
    ],
    [
      835.125,
      225.125
    ],
    [
      425.125,
      242.625
    ],
    [
      413.875,
      248.875
    ],
    [
      436.375,
      260.125
    ],
    [
      478.875,
      281.375
    ],
    [
      590.125,
      283.875
    ],
    [
      522.625,
      286.375
    ],
    [
      386.375,
      288.875
    ],
    [
      511.375,
      292.625
    ],
    [
      597.625,
      297.625
    ],
    [
      430.125,
      311.375
    ],
    [
      575.125,
      312.625
    ],
    [
      540.125,
      313.875
    ],
    [
      518.875,
      327.625
    ],
    [
      586.375,
      330.125
    ],
    [
      602.625,
      347.625
    ],
    [
      611.375,
      352.625
    ],
    [
      617.625,
      368.875
    ],
    [
      650.125,
      376.375
    ],
    [
      595.125,
      388.875
    ],
    [
      702.625,
      391.375
    ]
  ],
  "mkpts1": [
    [
      813.875,
      38.875
    ],
    [
      908.875,
      81.375
    ],
    [
      895.125,
      92.625
    ],
    [
      750.125,
      68.875
    ],
    [
      958.875,
      111.375
    ],
    [
      276.375,
      38.875
    ],
    [
      257.625,
      47.625
    ],
    [
      303.875,
      82.625
    ],
    [
      391.375,
      142.625
    ],
    [
      588.875,
      187.625
    ],
    [
      466.375,
      168.875
    ],
    [
      217.625,
      136.375
    ],
    [
      446.375,
      178.875
    ],
    [
      593.875,
      208.875
    ],
    [
      306.375,
      202.625
    ],
    [
      557.625,
      236.375
    ],
    [
      512.625,
      246.375
    ],
    [
      480.125,
      272.625
    ],
    [
      587.625,
      282.625
    ],
    [
      616.375,
      325.125
    ],
    [
      633.875,
      340.125
    ],
    [
      647.625,
      376.375
    ],
    [
      700.125,
      398.875
    ],
    [
      615.125,
      415.125
    ],
    [
      788.875,
      441.375
    ]
  ],
  "mpts3D": [
    [
      0.21699999272823334,
      -0.0,
      -0.027000000700354576
    ],
    [
      0.23000000417232513,
      0.0,
      -0.07000000029802322
    ],
    [
      0.21699999272823334,
      -0.0,
      -0.07000000029802322
    ],
    [
      0.17000000178813934,
      -0.0,
      -0.014999999664723873
    ],
    [
      0.23000000417232513,
      -0.0,
      -0.11299999803304672
    ],
    [
      -0.0,
      -0.0,
      0.15600000321865082
    ],
    [
      -0.014000000432133675,
      0.0,
      0.15600000321865082
    ],
    [
      -0.01899999938905239,
      -0.0,
      0.12800000607967377
    ],
    [
      -0.01899999938905239,
      -0.0,
      0.07400000095367432
    ],
    [
      0.02500000037252903,
      -0.014000000432133675,
      -0.010999999940395355
    ],
    [
      0.0,
      0.0,
      0.041999999433755875
    ],
    [
      -0.07400000095367432,
      -0.0,
      0.12800000607967377
    ],
    [
      -0.014000000432133675,
      0.0,
      0.041999999433755875
    ],
    [
      0.02500000037252903,
      0.0,
      -0.014999999664723873
    ],
    [
      -0.07400000095367432,
      -0.0,
      0.07400000095367432
    ],
    [
      0.0,
      -0.0,
      -0.014999999664723873
    ],
    [
      -0.03500000014901161,
      -0.017999999225139618,
      -0.009999999776482582
    ],
    [
      -0.05700000002980232,
      -0.017999999225139618,
      -0.009999999776482582
    ],
    [
      -0.014000000432133675,
      0.0,
      -0.041999999433755875
    ],
    [
      -0.023000000044703484,
      0.0,
      -0.06499999761581421
    ],
    [
      -0.023000000044703484,
      -0.0,
      -0.07500000298023224
    ],
    [
      -0.03700000047683716,
      -0.0,
      -0.09700000286102295
    ],
    [
      -0.028999999165534973,
      -0.0,
      -0.12700000405311584
    ],
    [
      -0.052000001072883606,
      -0.0,
      -0.09700000286102295
    ],
    [
      -0.014000000432133675,
      0.0,
      -0.15600000321865082
    ]
  ],
  "mconf": [
    0.9729095697402954,
    0.7828406095504761,
    0.9980058670043945,
    0.41643989086151123,
    0.5922057628631592,
    0.9256760478019714,
    0.9877440333366394,
    0.9970983266830444,
    0.9958135485649109,
    0.9738638401031494,
    0.9469743967056274,
    0.9960036277770996,
    0.9939631223678589,
    0.9502300024032593,
    0.9985039830207825,
    0.9776503443717957,
    0.9930810928344727,
    0.9985896944999695,
    0.9986037611961365,
    0.9967593550682068,
    0.9964600205421448,
    0.9995167851448059,
    0.9989941716194153,
    0.9995540380477905,
    0.13516071438789368
  ],
  "coverage_score": 0.7474594241169754,
  "pose_estimation_failed": false,
  "tracking_method": "loosely_coupled",
  "kf_translation_vector": [
    0.0038440904706382923,
    -0.0402941252999809,
    0.7674237021442679
  ],
  "kf_quaternion": [
    0.44448911538849656,
    -0.4215193224764193,
    -0.1135623264366898,
    0.7822112790636931
  ],
  "kf_rotation_matrix": [
    [
      0.6188501175866142,
      -0.1970620363024205,
      -0.7603887728072904
    ],
    [
      -0.5523809667643876,
      0.579066048630877,
      -0.5996313691589719
    ],
    [
      0.5584799007300747,
      0.7911062287527297,
      0.24950177416034447
    ]
  ],
  "position_diff": 0.09186426734519605,
  "orientation_diff": 2.5341760560394464,
  "timestamp": 1741869948.9575136,
  "image_file": "webcam_000094"
}