{
  "frame": 12,
  "object_rotation_in_cam": [
    [
      0.632952326016185,
      -0.21858323344777508,
      -0.7426928860883322
    ],
    [
      -0.5186595899969498,
      0.5924900430037108,
      -0.6163990417299955
    ],
    [
      0.5747726356524785,
      0.7753559950093739,
      0.2616476606203976
    ]
  ],
  "object_translation_in_cam": [
    -0.006582142533401963,
    -0.0373794098830421,
    0.6116443018051533
  ],
  "raw_rvec": [
    0.9505026005341225,
    -0.8997663895382703,
    -0.20493790195077857
  ],
  "refined_raw_rvec": [
    0.9505026005341225,
    -0.8997663895382703,
    -0.20493790195077857
  ],
  "num_inliers": 13,
  "total_matches": 24,
  "inlier_ratio": 0.5416666666666666,
  "reprojection_errors": [
    0.643794059753418,
    1.5876622200012207,
    1.1433473825454712,
    3.137877941131592,
    3.387314558029175,
    2.431504011154175,
    2.4990155696868896,
    3.6096749305725098,
    2.4164650440216064,
    2.1783323287963867,
    2.797877311706543,
    1.0526652336120605,
    3.0700573921203613
  ],
  "mean_reprojection_error": 2.3042759895324707,
  "std_reprojection_error": 0.9059450030326843,
  "inliers": [
    0,
    1,
    5,
    8,
    9,
    10,
    11,
    12,
    14,
    15,
    17,
    18,
    23
  ],
  "mkpts0": [
    [
      745.125,
      201.375
    ],
    [
      705.125,
      223.875
    ],
    [
      835.125,
      225.125
    ],
    [
      425.125,
      242.625
    ],
    [
      413.875,
      248.875
    ],
    [
      436.375,
      260.125
    ],
    [
      478.875,
      281.375
    ],
    [
      590.125,
      283.875
    ],
    [
      522.625,
      286.375
    ],
    [
      386.375,
      288.875
    ],
    [
      511.375,
      292.625
    ],
    [
      597.625,
      297.625
    ],
    [
      430.125,
      311.375
    ],
    [
      575.125,
      312.625
    ],
    [
      540.125,
      313.875
    ],
    [
      518.875,
      327.625
    ],
    [
      586.375,
      330.125
    ],
    [
      602.625,
      347.625
    ],
    [
      611.375,
      352.625
    ],
    [
      636.375,
      357.625
    ],
    [
      617.625,
      368.875
    ],
    [
      650.125,
      376.375
    ],
    [
      595.125,
      388.875
    ],
    [
      702.625,
      391.375
    ]
  ],
  "mkpts1": [
    [
      908.875,
      58.875
    ],
    [
      835.125,
      87.625
    ],
    [
      908.875,
      138.875
    ],
    [
      312.625,
      35.125
    ],
    [
      291.375,
      43.875
    ],
    [
      338.875,
      82.625
    ],
    [
      431.375,
      151.375
    ],
    [
      650.125,
      208.875
    ],
    [
      513.875,
      182.625
    ],
    [
      238.875,
      136.375
    ],
    [
      491.375,
      193.875
    ],
    [
      655.125,
      232.625
    ],
    [
      333.875,
      213.875
    ],
    [
      612.625,
      260.125
    ],
    [
      558.875,
      270.125
    ],
    [
      521.375,
      297.625
    ],
    [
      642.625,
      312.625
    ],
    [
      673.875,
      362.625
    ],
    [
      692.625,
      380.125
    ],
    [
      740.125,
      398.875
    ],
    [
      706.375,
      421.375
    ],
    [
      765.125,
      450.125
    ],
    [
      667.625,
      463.875
    ],
    [
      866.375,
      502.625
    ]
  ],
  "mpts3D": [
    [
      0.21699999272823334,
      -0.0,
      -0.027000000700354576
    ],
    [
      0.17000000178813934,
      -0.0,
      -0.014999999664723873
    ],
    [
      0.23000000417232513,
      -0.0,
      -0.11299999803304672
    ],
    [
      -0.0,
      -0.0,
      0.15600000321865082
    ],
    [
      -0.014000000432133675,
      0.0,
      0.15600000321865082
    ],
    [
      -0.01899999938905239,
      -0.0,
      0.12800000607967377
    ],
    [
      -0.01899999938905239,
      -0.0,
      0.07400000095367432
    ],
    [
      0.02500000037252903,
      -0.014000000432133675,
      -0.010999999940395355
    ],
    [
      0.0,
      0.0,
      0.041999999433755875
    ],
    [
      -0.07400000095367432,
      -0.0,
      0.12800000607967377
    ],
    [
      -0.014000000432133675,
      0.0,
      0.041999999433755875
    ],
    [
      0.02500000037252903,
      0.0,
      -0.014999999664723873
    ],
    [
      -0.07400000095367432,
      -0.0,
      0.07400000095367432
    ],
    [
      0.0,
      -0.0,
      -0.014999999664723873
    ],
    [
      -0.03500000014901161,
      -0.017999999225139618,
      -0.009999999776482582
    ],
    [
      -0.05700000002980232,
      -0.017999999225139618,
      -0.009999999776482582
    ],
    [
      -0.014000000432133675,
      0.0,
      -0.041999999433755875
    ],
    [
      -0.023000000044703484,
      0.0,
      -0.06499999761581421
    ],
    [
      -0.023000000044703484,
      -0.0,
      -0.07500000298023224
    ],
    [
      -0.017000000923871994,
      -0.0,
      -0.09200000017881393
    ],
    [
      -0.03700000047683716,
      -0.0,
      -0.09700000286102295
    ],
    [
      -0.028999999165534973,
      -0.0,
      -0.12700000405311584
    ],
    [
      -0.052000001072883606,
      -0.0,
      -0.09700000286102295
    ],
    [
      -0.014000000432133675,
      0.0,
      -0.15600000321865082
    ]
  ],
  "mconf": [
    0.7567585706710815,
    0.6090561747550964,
    0.10717552900314331,
    0.8408900499343872,
    0.9835581183433533,
    0.9900372624397278,
    0.9934768676757812,
    0.8685041666030884,
    0.9048798680305481,
    0.9920263886451721,
    0.9871891736984253,
    0.9865185022354126,
    0.9969795346260071,
    0.9840241074562073,
    0.9951105117797852,
    0.9989513754844666,
    0.9991412162780762,
    0.9973549246788025,
    0.997159481048584,
    0.9991519451141357,
    0.9995437860488892,
    0.998978853225708,
    0.9992085695266724,
    0.20383746922016144
  ],
  "coverage_score": 0.7772925846688998,
  "pose_estimation_failed": false,
  "tracking_method": "loosely_coupled",
  "kf_translation_vector": [
    0.0030773879291642148,
    -0.03293080778125376,
    0.6161357041042385
  ],
  "kf_quaternion": [
    0.4603693959129399,
    -0.41204991692990944,
    -0.10026529502271571,
    0.7798857325780602
  ],
  "kf_rotation_matrix": [
    [
      0.640323473144125,
      -0.22299939656410703,
      -0.7350218492485032
    ],
    [
      -0.5357812888078909,
      0.5560137798415251,
      -0.6354424342060385
    ],
    [
      0.5503855560459419,
      0.8006996601462901,
      0.236549770529619
    ]
  ],
  "position_diff": 0.011548137901760869,
  "orientation_diff": 2.5585484784801076,
  "timestamp": 1741869937.9440305,
  "image_file": "webcam_000012"
}