{
  "frame": 135,
  "object_rotation_in_cam": [
    [
      0.8233916617801391,
      -0.23622938097063345,
      -0.5159669087036224
    ],
    [
      -0.16199557761948763,
      0.7735522546267394,
      -0.6126780085767862
    ],
    [
      0.5438599122408908,
      0.5880583210261712,
      0.5986683613898525
    ]
  ],
  "object_translation_in_cam": [
    0.001370193655133833,
    -0.003939169121962503,
    0.6234134424538141
  ],
  "raw_rvec": [
    0.6965255662241601,
    -0.6147864925533026,
    0.043061695259297386
  ],
  "refined_raw_rvec": [
    0.6965255662241601,
    -0.6147864925533026,
    0.043061695259297386
  ],
  "num_inliers": 11,
  "total_matches": 27,
  "inlier_ratio": 0.4074074074074074,
  "reprojection_errors": [
    1.428449273109436,
    0.7103224396705627,
    1.568793535232544,
    3.8905484676361084,
    3.820011854171753,
    3.0988593101501465,
    2.174612283706665,
    2.45294451713562,
    1.3739897012710571,
    2.172990560531616,
    1.6344364881515503
  ],
  "mean_reprojection_error": 2.2114508152008057,
  "std_reprojection_error": 0.9802253246307373,
  "inliers": [
    6,
    8,
    9,
    11,
    12,
    13,
    14,
    15,
    16,
    17,
    18
  ],
  "mkpts0": [
    [
      727.625,
      126.375
    ],
    [
      727.625,
      143.875
    ],
    [
      356.375,
      195.125
    ],
    [
      425.125,
      242.625
    ],
    [
      413.875,
      248.875
    ],
    [
      436.375,
      260.125
    ],
    [
      478.875,
      281.375
    ],
    [
      590.125,
      283.875
    ],
    [
      386.375,
      288.875
    ],
    [
      511.375,
      292.625
    ],
    [
      597.625,
      297.625
    ],
    [
      430.125,
      311.375
    ],
    [
      575.125,
      312.625
    ],
    [
      540.125,
      313.875
    ],
    [
      518.875,
      327.625
    ],
    [
      586.375,
      330.125
    ],
    [
      470.125,
      338.875
    ],
    [
      602.625,
      347.625
    ],
    [
      611.375,
      352.625
    ],
    [
      636.375,
      357.625
    ],
    [
      617.625,
      368.875
    ],
    [
      650.125,
      376.375
    ],
    [
      496.375,
      377.625
    ],
    [
      715.125,
      383.875
    ],
    [
      516.375,
      388.875
    ],
    [
      595.125,
      388.875
    ],
    [
      702.625,
      391.375
    ]
  ],
  "mkpts1": [
    [
      1028.875,
      151.375
    ],
    [
      1015.125,
      180.125
    ],
    [
      362.625,
      23.875
    ],
    [
      428.875,
      136.375
    ],
    [
      406.375,
      136.375
    ],
    [
      433.875,
      167.625
    ],
    [
      488.875,
      225.125
    ],
    [
      676.375,
      310.125
    ],
    [
      323.875,
      172.625
    ],
    [
      531.375,
      267.625
    ],
    [
      677.625,
      340.125
    ],
    [
      375.125,
      237.625
    ],
    [
      623.875,
      343.875
    ],
    [
      561.375,
      316.375
    ],
    [
      511.375,
      323.875
    ],
    [
      635.125,
      386.375
    ],
    [
      406.375,
      300.125
    ],
    [
      646.375,
      427.625
    ],
    [
      660.125,
      445.125
    ],
    [
      702.625,
      473.875
    ],
    [
      643.875,
      481.375
    ],
    [
      713.875,
      520.125
    ],
    [
      428.875,
      395.125
    ],
    [
      831.375,
      590.125
    ],
    [
      458.875,
      435.125
    ],
    [
      600.125,
      496.375
    ],
    [
      806.375,
      596.375
    ]
  ],
  "mpts3D": [
    [
      0.20600000023841858,
      -0.07000000029802322,
      -0.0020000000949949026
    ],
    [
      0.20600000023841858,
      -0.054999999701976776,
      -0.0020000000949949026
    ],
    [
      -0.0,
      -0.02500000037252903,
      0.23999999463558197
    ],
    [
      -0.0,
      -0.0,
      0.15600000321865082
    ],
    [
      -0.014000000432133675,
      0.0,
      0.15600000321865082
    ],
    [
      -0.01899999938905239,
      -0.0,
      0.12800000607967377
    ],
    [
      -0.01899999938905239,
      -0.0,
      0.07400000095367432
    ],
    [
      0.02500000037252903,
      -0.014000000432133675,
      -0.010999999940395355
    ],
    [
      -0.07400000095367432,
      -0.0,
      0.12800000607967377
    ],
    [
      -0.014000000432133675,
      0.0,
      0.041999999433755875
    ],
    [
      0.02500000037252903,
      0.0,
      -0.014999999664723873
    ],
    [
      -0.07400000095367432,
      -0.0,
      0.07400000095367432
    ],
    [
      0.0,
      -0.0,
      -0.014999999664723873
    ],
    [
      -0.03500000014901161,
      -0.017999999225139618,
      -0.009999999776482582
    ],
    [
      -0.05700000002980232,
      -0.017999999225139618,
      -0.009999999776482582
    ],
    [
      -0.014000000432133675,
      0.0,
      -0.041999999433755875
    ],
    [
      -0.10000000149011612,
      -0.029999999329447746,
      0.0
    ],
    [
      -0.023000000044703484,
      0.0,
      -0.06499999761581421
    ],
    [
      -0.023000000044703484,
      -0.0,
      -0.07500000298023224
    ],
    [
      -0.017000000923871994,
      -0.0,
      -0.09200000017881393
    ],
    [
      -0.03700000047683716,
      -0.0,
      -0.09700000286102295
    ],
    [
      -0.028999999165534973,
      -0.0,
      -0.12700000405311584
    ],
    [
      -0.09000000357627869,
      -0.0,
      -0.014999999664723873
    ],
    [
      0.0,
      0.0,
      -0.15600000321865082
    ],
    [
      -0.09000000357627869,
      -0.0,
      -0.041999999433755875
    ],
    [
      -0.052000001072883606,
      -0.0,
      -0.09700000286102295
    ],
    [
      -0.014000000432133675,
      0.0,
      -0.15600000321865082
    ]
  ],
  "mconf": [
    0.2093636691570282,
    0.2558733820915222,
    0.9962242245674133,
    0.98663729429245,
    0.999281108379364,
    0.9978063106536865,
    0.964848518371582,
    0.6566373705863953,
    0.9982640147209167,
    0.5491746664047241,
    0.12838031351566315,
    0.9925923347473145,
    0.9527060985565186,
    0.8759923577308655,
    0.9726309776306152,
    0.996441125869751,
    0.9534683227539062,
    0.9940258264541626,
    0.6721330881118774,
    0.9898164868354797,
    0.5027338862419128,
    0.9702246785163879,
    0.9714855551719666,
    0.2094908356666565,
    0.1501876562833786,
    0.9587571024894714,
    0.7431785464286804
  ],
  "coverage_score": 0.4955380299191111,
  "pose_estimation_failed": false,
  "tracking_method": "loosely_coupled",
  "kf_translation_vector": [
    -0.01135100771451591,
    -0.005206663885660369,
    0.6445251498154296
  ],
  "kf_quaternion": [
    0.44953459813827834,
    -0.47175560004433587,
    -0.13440604652809568,
    0.746525494246615
  ],
  "kf_rotation_matrix": [
    [
      0.518763336966992,
      -0.22346584754258547,
      -0.8251955012001368
    ],
    [
      -0.6248160087990661,
      0.559707319466688,
      -0.544364465853366
    ],
    [
      0.583514828746688,
      0.7979916863711607,
      0.15073059780693043
    ]
  ],
  "position_diff": 0.026064419084707014,
  "orientation_diff": 34.37885288409771,
  "timestamp": 1741869625.2019494,
  "image_file": "webcam_000135"
}