{
  "frame": 169,
  "object_rotation_in_cam": [
    [
      0.6099901245674043,
      -0.1942796161051512,
      -0.7682235863967453
    ],
    [
      -0.32269057180253435,
      0.8245480078294507,
      -0.4647487252852205
    ],
    [
      0.7237284316648034,
      0.5313906411958335,
      0.4402739415971436
    ]
  ],
  "object_translation_in_cam": [
    -0.0108109127713843,
    -0.013628451581100504,
    0.6993511633438436
  ],
  "raw_rvec": [
    0.6192661779754627,
    -0.9274961466602435,
    -0.07982875129793134
  ],
  "refined_raw_rvec": [
    0.6192661779754627,
    -0.9274961466602435,
    -0.07982875129793134
  ],
  "num_inliers": 14,
  "total_matches": 33,
  "inlier_ratio": 0.42424242424242425,
  "reprojection_errors": [
    0.3780013918876648,
    0.14132976531982422,
    2.574336290359497,
    1.9432284832000732,
    1.9927527904510498,
    3.87654972076416,
    3.823720932006836,
    2.524434804916382,
    2.4112586975097656,
    1.997013807296753,
    2.8500850200653076,
    2.107842445373535,
    0.8939118385314941,
    1.3905082941055298
  ],
  "mean_reprojection_error": 2.064640760421753,
  "std_reprojection_error": 1.068407654762268,
  "inliers": [
    3,
    4,
    9,
    10,
    14,
    16,
    17,
    19,
    20,
    21,
    22,
    23,
    24,
    25
  ],
  "mkpts0": [
    [
      727.625,
      126.375
    ],
    [
      727.625,
      143.875
    ],
    [
      636.375,
      157.625
    ],
    [
      663.875,
      165.125
    ],
    [
      656.375,
      171.375
    ],
    [
      356.375,
      195.125
    ],
    [
      745.125,
      201.375
    ],
    [
      805.125,
      212.625
    ],
    [
      793.875,
      220.125
    ],
    [
      425.125,
      242.625
    ],
    [
      413.875,
      248.875
    ],
    [
      436.375,
      260.125
    ],
    [
      478.875,
      281.375
    ],
    [
      590.125,
      283.875
    ],
    [
      522.625,
      286.375
    ],
    [
      386.375,
      288.875
    ],
    [
      511.375,
      292.625
    ],
    [
      597.625,
      297.625
    ],
    [
      430.125,
      311.375
    ],
    [
      575.125,
      312.625
    ],
    [
      540.125,
      313.875
    ],
    [
      518.875,
      327.625
    ],
    [
      586.375,
      330.125
    ],
    [
      602.625,
      347.625
    ],
    [
      611.375,
      352.625
    ],
    [
      636.375,
      357.625
    ],
    [
      617.625,
      368.875
    ],
    [
      650.125,
      376.375
    ],
    [
      496.375,
      377.625
    ],
    [
      715.125,
      383.875
    ],
    [
      516.375,
      388.875
    ],
    [
      595.125,
      388.875
    ],
    [
      702.625,
      391.375
    ]
  ],
  "mkpts1": [
    [
      863.875,
      81.375
    ],
    [
      855.125,
      106.375
    ],
    [
      685.125,
      110.125
    ],
    [
      727.625,
      132.625
    ],
    [
      716.375,
      137.625
    ],
    [
      245.125,
      67.625
    ],
    [
      856.375,
      208.875
    ],
    [
      948.875,
      243.875
    ],
    [
      937.625,
      250.125
    ],
    [
      352.625,
      166.375
    ],
    [
      332.625,
      168.875
    ],
    [
      372.625,
      193.875
    ],
    [
      446.375,
      236.375
    ],
    [
      636.375,
      277.625
    ],
    [
      518.875,
      261.375
    ],
    [
      287.625,
      217.625
    ],
    [
      500.125,
      266.375
    ],
    [
      640.125,
      301.375
    ],
    [
      363.875,
      268.875
    ],
    [
      603.875,
      315.125
    ],
    [
      560.125,
      302.625
    ],
    [
      525.125,
      317.625
    ],
    [
      631.375,
      348.875
    ],
    [
      660.125,
      380.125
    ],
    [
      677.625,
      392.625
    ],
    [
      717.625,
      407.625
    ],
    [
      691.375,
      420.125
    ],
    [
      745.125,
      442.625
    ],
    [
      475.125,
      396.375
    ],
    [
      851.375,
      475.125
    ],
    [
      501.375,
      416.375
    ],
    [
      656.375,
      443.875
    ],
    [
      836.375,
      485.125
    ]
  ],
  "mpts3D": [
    [
      0.20600000023841858,
      -0.07000000029802322,
      -0.0020000000949949026
    ],
    [
      0.20600000023841858,
      -0.054999999701976776,
      -0.0020000000949949026
    ],
    [
      0.23000000417232513,
      -0.0,
      0.11299999803304672
    ],
    [
      0.23000000417232513,
      -0.0,
      0.07000000029802322
    ],
    [
      0.21699999272823334,
      0.0,
      0.07000000029802322
    ],
    [
      -0.0,
      -0.02500000037252903,
      0.23999999463558197
    ],
    [
      0.21699999272823334,
      -0.0,
      -0.027000000700354576
    ],
    [
      0.23000000417232513,
      0.0,
      -0.07000000029802322
    ],
    [
      0.21699999272823334,
      -0.0,
      -0.07000000029802322
    ],
    [
      -0.0,
      -0.0,
      0.15600000321865082
    ],
    [
      -0.014000000432133675,
      0.0,
      0.15600000321865082
    ],
    [
      -0.01899999938905239,
      -0.0,
      0.12800000607967377
    ],
    [
      -0.01899999938905239,
      -0.0,
      0.07400000095367432
    ],
    [
      0.02500000037252903,
      -0.014000000432133675,
      -0.010999999940395355
    ],
    [
      0.0,
      0.0,
      0.041999999433755875
    ],
    [
      -0.07400000095367432,
      -0.0,
      0.12800000607967377
    ],
    [
      -0.014000000432133675,
      0.0,
      0.041999999433755875
    ],
    [
      0.02500000037252903,
      0.0,
      -0.014999999664723873
    ],
    [
      -0.07400000095367432,
      -0.0,
      0.07400000095367432
    ],
    [
      0.0,
      -0.0,
      -0.014999999664723873
    ],
    [
      -0.03500000014901161,
      -0.017999999225139618,
      -0.009999999776482582
    ],
    [
      -0.05700000002980232,
      -0.017999999225139618,
      -0.009999999776482582
    ],
    [
      -0.014000000432133675,
      0.0,
      -0.041999999433755875
    ],
    [
      -0.023000000044703484,
      0.0,
      -0.06499999761581421
    ],
    [
      -0.023000000044703484,
      -0.0,
      -0.07500000298023224
    ],
    [
      -0.017000000923871994,
      -0.0,
      -0.09200000017881393
    ],
    [
      -0.03700000047683716,
      -0.0,
      -0.09700000286102295
    ],
    [
      -0.028999999165534973,
      -0.0,
      -0.12700000405311584
    ],
    [
      -0.09000000357627869,
      -0.0,
      -0.014999999664723873
    ],
    [
      0.0,
      0.0,
      -0.15600000321865082
    ],
    [
      -0.09000000357627869,
      -0.0,
      -0.041999999433755875
    ],
    [
      -0.052000001072883606,
      -0.0,
      -0.09700000286102295
    ],
    [
      -0.014000000432133675,
      0.0,
      -0.15600000321865082
    ]
  ],
  "mconf": [
    0.9843593239784241,
    0.9674728512763977,
    0.6040675640106201,
    0.9450401067733765,
    0.9925005435943604,
    0.9638210535049438,
    0.5199580192565918,
    0.125762939453125,
    0.5000350475311279,
    0.9823980331420898,
    0.9994478821754456,
    0.9994028806686401,
    0.9995540976524353,
    0.9474508166313171,
    0.9666468501091003,
    0.9987780451774597,
    0.9990299344062805,
    0.9719787240028381,
    0.9996843338012695,
    0.9540616869926453,
    0.9912817478179932,
    0.9939272999763489,
    0.9947875738143921,
    0.9956502318382263,
    0.9994563460350037,
    0.9998831152915955,
    0.9998896718025208,
    0.999708890914917,
    0.9989400506019592,
    0.9445551037788391,
    0.19503918290138245,
    0.9998843669891357,
    0.9991467595100403
  ],
  "coverage_score": 0.8429078545765152,
  "pose_estimation_failed": false,
  "tracking_method": "loosely_coupled",
  "kf_translation_vector": [
    -0.004072738121502147,
    -0.018979143007645694,
    0.6718298715840549
  ],
  "kf_quaternion": [
    0.4519016728698929,
    -0.4714369422500658,
    -0.1337878055882365,
    0.7454078820452497
  ],