{
  "frame": 76,
  "object_rotation_in_cam": [
    [
      0.6172625722707522,
      -0.18310532088346237,
      -0.7651531600521941
    ],
    [
      -0.5547140014924019,
      0.5883829584561784,
      -0.5883008335423661
    ],
    [
      0.557924092885387,
      0.7875772569484973,
      0.2616156931751201
    ]
  ],
  "object_translation_in_cam": [
    0.0014996057791619168,
    -0.04984315004657759,
    0.6889447996633999
  ],
  "raw_rvec": [
    0.9445286699800955,
    -0.9082813416646601,
    -0.25510621564109465
  ],
  "refined_raw_rvec": [
    0.9445286699800955,
    -0.9082813416646601,
    -0.25510621564109465
  ],
  "num_inliers": 13,
  "total_matches": 26,
  "inlier_ratio": 0.5,
  "reprojection_errors": [
    0.9519532322883606,
    1.4271702766418457,
    2.541529655456543,
    2.2159583568573,
    1.3363783359527588,
    2.434838056564331,
    1.1043140888214111,
    3.593825578689575,
    2.5114259719848633,
    3.6739537715911865,
    1.3396265506744385,
    1.0353127717971802,
    2.2887306213378906
  ],
  "mean_reprojection_error": 2.035001277923584,
  "std_reprojection_error": 0.8873587250709534,
  "inliers": [
    0,
    3,
    8,
    11,
    12,
    13,
    14,
    15,
    16,
    18,
    19,
    20,
    25
  ],
  "mkpts0": [
    [
      745.125,
      201.375
    ],
    [
      805.125,
      212.625
    ],
    [
      793.875,
      220.125
    ],
    [
      705.125,
      223.875
    ],
    [
      835.125,
      225.125
    ],
    [
      425.125,
      242.625
    ],
    [
      413.875,
      248.875
    ],
    [
      436.375,
      260.125
    ],
    [
      478.875,
      281.375
    ],
    [
      590.125,
      283.875
    ],
    [
      522.625,
      286.375
    ],
    [
      386.375,
      288.875
    ],
    [
      511.375,
      292.625
    ],
    [
      597.625,
      297.625
    ],
    [
      430.125,
      311.375
    ],
    [
      575.125,
      312.625
    ],
    [
      540.125,
      313.875
    ],
    [
      518.875,
      327.625
    ],
    [
      586.375,
      330.125
    ],
    [
      602.625,
      347.625
    ],
    [
      611.375,
      352.625
    ],
    [
      636.375,
      357.625
    ],
    [
      617.625,
      368.875
    ],
    [
      650.125,
      376.375
    ],
    [
      595.125,
      388.875
    ],
    [
      702.625,
      391.375
    ]
  ],
  "mkpts1": [
    [
      891.375,
      46.375
    ],
    [
      987.625,
      86.375
    ],
    [
      975.125,
      96.375
    ],
    [
      823.875,
      75.125
    ],
    [
      1038.875,
      113.875
    ],
    [
      355.125,
      53.875
    ],
    [
      336.375,
      63.875
    ],
    [
      381.375,
      96.375
    ],
    [
      465.125,
      152.625
    ],
    [
      661.375,
      193.875
    ],
    [
      538.875,
      177.625
    ],
    [
      296.375,
      148.875
    ],
    [
      520.125,
      187.625
    ],
    [
      666.375,
      215.125
    ],
    [
      382.625,
      212.625
    ],
    [
      628.875,
      241.375
    ],
    [
      583.875,
      252.625
    ],
    [
      551.375,
      280.125
    ],
    [
      657.625,
      287.625
    ],
    [
      687.625,
      330.125
    ],
    [
      705.125,
      343.875
    ],
    [
      746.375,
      358.875
    ],
    [
      720.125,
      380.125
    ],
    [
      771.375,
      402.625
    ],
    [
      686.375,
      418.875
    ],
    [
      861.375,
      443.875
    ]
  ],
  "mpts3D": [
    [
      0.21699999272823334,
      -0.0,
      -0.027000000700354576
    ],
    [
      0.23000000417232513,
      0.0,
      -0.07000000029802322
    ],
    [
      0.21699999272823334,
      -0.0,
      -0.07000000029802322
    ],
    [
      0.17000000178813934,
      -0.0,
      -0.014999999664723873
    ],
    [
      0.23000000417232513,
      -0.0,
      -0.11299999803304672
    ],
    [
      -0.0,
      -0.0,
      0.15600000321865082
    ],
    [
      -0.014000000432133675,
      0.0,
      0.15600000321865082
    ],
    [
      -0.01899999938905239,
      -0.0,
      0.12800000607967377
    ],
    [
      -0.01899999938905239,
      -0.0,
      0.07400000095367432
    ],
    [
      0.02500000037252903,
      -0.014000000432133675,
      -0.010999999940395355
    ],
    [
      0.0,
      0.0,
      0.041999999433755875
    ],
    [
      -0.07400000095367432,
      -0.0,
      0.12800000607967377
    ],
    [
      -0.014000000432133675,
      0.0,
      0.041999999433755875
    ],
    [
      0.02500000037252903,
      0.0,
      -0.014999999664723873
    ],
    [
      -0.07400000095367432,
      -0.0,
      0.07400000095367432
    ],
    [
      0.0,
      -0.0,
      -0.014999999664723873
    ],
    [
      -0.03500000014901161,
      -0.017999999225139618,
      -0.009999999776482582
    ],
    [
      -0.05700000002980232,
      -0.017999999225139618,
      -0.009999999776482582
    ],
    [
      -0.014000000432133675,
      0.0,
      -0.041999999433755875
    ],
    [
      -0.023000000044703484,
      0.0,
      -0.06499999761581421
    ],
    [
      -0.023000000044703484,
      -0.0,
      -0.07500000298023224
    ],
    [
      -0.017000000923871994,
      -0.0,
      -0.09200000017881393
    ],
    [
      -0.03700000047683716,
      -0.0,
      -0.09700000286102295
    ],
    [
      -0.028999999165534973,
      -0.0,
      -0.12700000405311584
    ],
    [
      -0.052000001072883606,
      -0.0,
      -0.09700000286102295
    ],
    [
      -0.014000000432133675,
      0.0,
      -0.15600000321865082
    ]
  ],
  "mconf": [
    0.993287980556488,
    0.9038362503051758,
    0.9989977478981018,
    0.9046311974525452,
    0.5875793695449829,
    0.9586566090583801,
    0.991328239440918,
    0.9974899291992188,
    0.9947252869606018,
    0.9792260527610779,
    0.8059319257736206,
    0.9924372434616089,
    0.9910042881965637,
    0.9523550868034363,
    0.9990487694740295,
    0.9815544486045837,
    0.9922686815261841,
    0.9976155757904053,
    0.9988512992858887,
    0.9986637234687805,
    0.9988920092582703,
    0.9998473525047302,
    0.9997694492340088,
    0.9996523857116699,
    0.9993516802787781,
    0.3324587643146515
  ],
  "coverage_score": 0.7772925846688998,
  "pose_estimation_failed": false,
  "tracking_method": "loosely_coupled",
  "kf_translation_vector": [
    0.02688153143140807,
    -0.01954656512849512,
    0.771719155714057
  ],
  "kf_quaternion": [
    0.4533520357066587,
    -0.4131225567542789,
    -0.10844492447243233,
    0.7823307377174981
  ],
  "kf_rotation_matrix": [
    [
      0.6351389029139521,
      -0.20490030867331133,
      -0.744724403729892
    ],
    [
      -0.5442594997302567,
      0.5654232601535938,
      -0.6197403761500878
    ],
    [
      0.5480694946433639,
      0.7989445540103915,
      0.2476033696428721
    ]
  ],
  "position_diff": 0.09535019144745341,
  "orientation_diff": 2.384636515222701,
  "timestamp": 1741869946.539919,
  "image_file": "webcam_000076"
}