{
  "frame": 64,
  "object_rotation_in_cam": [
    [
      0.6865362217518948,
      -0.12011219159039058,
      -0.7171060435207518
    ],
    [
      -0.5323177924874734,
      0.5887913680889589,
      -0.6082454214091506
    ],
    [
      0.4952835390197178,
      0.7993108195785199,
      0.3402887445696938
    ]
  ],
  "object_translation_in_cam": [
    0.00955017778984087,
    -0.021553159308390156,
    0.7236016187883221
  ],
  "raw_rvec": [
    0.9304634659063485,
    -0.8014487664150379,
    -0.27248804765881346
  ],
  "refined_raw_rvec": [
    0.9304634659063485,
    -0.8014487664150379,
    -0.27248804765881346
  ],
  "num_inliers": 15,
  "total_matches": 27,
  "inlier_ratio": 0.5555555555555556,
  "reprojection_errors": [
    1.2170604467391968,
    1.038604736328125,
    0.7038153409957886,
    3.1676621437072754,
    3.6327483654022217,
    0.5364550948143005,
    0.780578076839447,
    3.338460922241211,
    3.8843812942504883,
    2.2544236183166504,
    0.9666330814361572,
    1.4611965417861938,
    3.5226852893829346,
    1.5961544513702393,
    1.8438159227371216
  ],
  "mean_reprojection_error": 1.9963117837905884,
  "std_reprojection_error": 1.158928632736206,
  "inliers": [
    1,
    4,
    8,
    10,
    11,
    12,
    13,
    14,
    15,
    16,
    17,
    18,
    19,
    20,
    21
  ],
  "mkpts0": [
    [
      727.625,
      143.875
    ],
    [
      745.125,
      201.375
    ],
    [
      805.125,
      212.625
    ],
    [
      793.875,
      220.125
    ],
    [
      705.125,
      223.875
    ],
    [
      835.125,
      225.125
    ],
    [
      425.125,
      242.625
    ],
    [
      413.875,
      248.875
    ],
    [
      436.375,
      260.125
    ],
    [
      478.875,
      281.375
    ],
    [
      590.125,
      283.875
    ],
    [
      522.625,
      286.375
    ],
    [
      386.375,
      288.875
    ],
    [
      511.375,
      292.625
    ],
    [
      597.625,
      297.625
    ],
    [
      430.125,
      311.375
    ],
    [
      575.125,
      312.625
    ],
    [
      540.125,
      313.875
    ],
    [
      518.875,
      327.625
    ],
    [
      586.375,
      330.125
    ],
    [
      602.625,
      347.625
    ],
    [
      611.375,
      352.625
    ],
    [
      636.375,
      357.625
    ],
    [
      617.625,
      368.875
    ],
    [
      650.125,
      376.375
    ],
    [
      595.125,
      388.875
    ],
    [
      702.625,
      391.375
    ]
  ],
  "mkpts1": [
    [
      921.375,
      18.875
    ],
    [
      922.625,
      112.625
    ],
    [
      1016.375,
      153.875
    ],
    [
      1002.625,
      165.125
    ],
    [
      852.625,
      141.375
    ],
    [
      1066.375,
      182.625
    ],
    [
      400.125,
      117.625
    ],
    [
      381.375,
      126.375
    ],
    [
      420.125,
      156.375
    ],
    [
      492.625,
      212.625
    ],
    [
      676.375,
      257.625
    ],
    [
      562.625,
      238.875
    ],
    [
      336.375,
      207.625
    ],
    [
      543.875,
      248.875
    ],
    [
      682.625,
      278.875
    ],
    [
      410.125,
      268.875
    ],
    [
      643.875,
      303.875
    ],
    [
      593.875,
      313.875
    ],
    [
      560.125,
      338.875
    ],
    [
      667.625,
      348.875
    ],
    [
      691.375,
      391.375
    ],
    [
      707.625,
      406.375
    ],
    [
      746.375,
      420.125
    ],
    [
      716.375,
      441.375
    ],
    [
      768.875,
      466.375
    ],
    [
      681.375,
      477.625
    ],
    [
      853.875,
      510.125
    ]
  ],
  "mpts3D": [
    [
      0.20600000023841858,
      -0.054999999701976776,
      -0.0020000000949949026
    ],
    [
      0.21699999272823334,
      -0.0,
      -0.027000000700354576
    ],
    [
      0.23000000417232513,
      0.0,
      -0.07000000029802322
    ],
    [
      0.21699999272823334,
      -0.0,
      -0.07000000029802322
    ],
    [
      0.17000000178813934,
      -0.0,
      -0.014999999664723873
    ],
    [
      0.23000000417232513,
      -0.0,
      -0.11299999803304672
    ],
    [
      -0.0,
      -0.0,
      0.15600000321865082
    ],
    [
      -0.014000000432133675,
      0.0,
      0.15600000321865082
    ],
    [
      -0.01899999938905239,
      -0.0,
      0.12800000607967377
    ],
    [
      -0.01899999938905239,
      -0.0,
      0.07400000095367432
    ],
    [
      0.02500000037252903,
      -0.014000000432133675,
      -0.010999999940395355
    ],
    [
      0.0,
      0.0,
      0.041999999433755875
    ],
    [
      -0.07400000095367432,
      -0.0,
      0.12800000607967377
    ],
    [
      -0.014000000432133675,
      0.0,
      0.041999999433755875
    ],
    [
      0.02500000037252903,
      0.0,
      -0.014999999664723873
    ],
    [
      -0.07400000095367432,
      -0.0,
      0.07400000095367432
    ],
    [
      0.0,
      -0.0,
      -0.014999999664723873
    ],
    [
      -0.03500000014901161,
      -0.017999999225139618,
      -0.009999999776482582
    ],
    [
      -0.05700000002980232,
      -0.017999999225139618,
      -0.009999999776482582
    ],
    [
      -0.014000000432133675,
      0.0,
      -0.041999999433755875
    ],
    [
      -0.023000000044703484,
      0.0,
      -0.06499999761581421
    ],
    [
      -0.023000000044703484,
      -0.0,
      -0.07500000298023224
    ],
    [
      -0.017000000923871994,
      -0.0,
      -0.09200000017881393
    ],
    [
      -0.03700000047683716,
      -0.0,
      -0.09700000286102295
    ],
    [
      -0.028999999165534973,
      -0.0,
      -0.12700000405311584
    ],
    [
      -0.052000001072883606,
      -0.0,
      -0.09700000286102295
    ],
    [
      -0.014000000432133675,
      0.0,
      -0.15600000321865082
    ]
  ],
  "mconf": [
    0.8800519704818726,
    0.9947370886802673,
    0.7925099730491638,
    0.9987051486968994,
    0.4923355281352997,
    0.3717254400253296,
    0.9368463158607483,
    0.9935845136642456,
    0.9965748190879822,
    0.9853386878967285,
    0.9441381096839905,
    0.846703052520752,
    0.995108962059021,
    0.991999089717865,
    0.9593406915664673,
    0.9972838163375854,
    0.9686797857284546,
    0.9826926589012146,
    0.9974673986434937,
    0.9984353184700012,
    0.9991836547851562,
    0.9952459335327148,
    0.9996094703674316,
    0.9997918605804443,
    0.9991587400436401,
    0.9995407462120056,
    0.45523881912231445
  ],
  "coverage_score": 0.7883106100537457,
  "pose_estimation_failed": false,
  "tracking_method": "loosely_coupled",
  "kf_translation_vector": [
    -0.010490767018599623,
    -0.01562464171359165,
    0.6473142612948367
  ],
  "kf_quaternion": [
    0.4544870622848458,
    -0.518114112057551,
    -0.08434530495151933,
    0.7196423741242183
  ],
  "kf_rotation_matrix": [
    [
      0.4488872728389014,
      -0.3495554104316304,
      -0.8223814390665855
    ],
    [
      -0.5923492324378006,
      0.5726547594966518,
      -0.5667353114604563
    ],
    [
      0.6690460396068435,
      0.7415372825851754,
      0.04999855420501231
    ]
  ],
  "position_diff": 0.08156090240518174,
  "orientation_diff": 20.110671957398434,
  "timestamp": 1741869679.3877575,
  "image_file": "webcam_000064"
}