{
  "frame": 35,
  "object_rotation_in_cam": [
    [
      0.593583716003447,
      -0.20133339245533752,
      -0.7791811324576361
    ],
    [
      -0.47132814536642986,
      0.6978060726178756,
      -0.539366725339131
    ],
    [
      0.6523098584882654,
      0.6874093031811841,
      0.31931222716798396
    ]
  ],
  "object_translation_in_cam": [
    -0.01821457210676403,
    0.023404108899897805,
    0.7154942526769359
  ],
  "raw_rvec": [
    0.8119477669775531,
    -0.9474393748538772,
    -0.1786973592777432
  ],
  "refined_raw_rvec": [
    0.8119477669775531,
    -0.9474393748538772,
    -0.1786973592777432
  ],
  "num_inliers": 15,
  "total_matches": 33,
  "inlier_ratio": 0.45454545454545453,
  "reprojection_errors": [
    1.9853790998458862,
    1.381492257118225,
    3.058356523513794,
    2.2438852787017822,
    2.2644402980804443,
    1.4513241052627563,
    1.8553204536437988,
    3.616799831390381,
    3.661064863204956,
    2.602800130844116,
    0.896733820438385,
    1.0036194324493408,
    1.6962318420410156,
    2.0142500400543213,
    1.886888861656189
  ],
  "mean_reprojection_error": 2.107905864715576,
  "std_reprojection_error": 0.8095844388008118,
  "inliers": [
    4,
    5,
    9,
    10,
    11,
    15,
    17,
    18,
    19,
    21,
    22,
    23,
    25,
    26,
    27
  ],
  "mkpts0": [
    [
      751.375,
      76.375
    ],
    [
      727.625,
      126.375
    ],
    [
      727.625,
      143.875
    ],
    [
      636.375,
      157.625
    ],
    [
      663.875,
      165.125
    ],
    [
      656.375,
      171.375
    ],
    [
      356.375,
      195.125
    ],
    [
      745.125,
      201.375
    ],
    [
      793.875,
      220.125
    ],
    [
      705.125,
      223.875
    ],
    [
      425.125,
      242.625
    ],
    [
      413.875,
      248.875
    ],
    [
      436.375,
      260.125
    ],
    [
      478.875,
      281.375
    ],
    [
      590.125,
      283.875
    ],
    [
      522.625,
      286.375
    ],
    [
      386.375,
      288.875
    ],
    [
      350.125,
      290.125
    ],
    [
      511.375,
      292.625
    ],
    [
      597.625,
      297.625
    ],
    [
      430.125,
      311.375
    ],
    [
      575.125,
      312.625
    ],
    [
      540.125,
      313.875
    ],
    [
      518.875,
      327.625
    ],
    [
      586.375,
      330.125
    ],
    [
      602.625,
      347.625
    ],
    [
      611.375,
      352.625
    ],
    [
      636.375,
      357.625
    ],
    [
      617.625,
      368.875
    ],
    [
      650.125,
      376.375
    ],
    [
      496.375,
      377.625
    ],
    [
      595.125,
      388.875
    ],
    [
      702.625,
      391.375
    ]
  ],
  "mkpts1": [
    [
      888.875,
      36.375
    ],
    [
      843.875,
      108.875
    ],
    [
      836.375,
      131.375
    ],
    [
      666.375,
      100.125
    ],
    [
      707.625,
      126.375
    ],
    [
      696.375,
      135.125
    ],
    [
      217.625,
      105.125
    ],
    [
      836.375,
      220.125
    ],
    [
      915.125,
      267.625
    ],
    [
      775.125,
      243.875
    ],
    [
      333.875,
      213.875
    ],
    [
      316.375,
      221.375
    ],
    [
      356.375,
      252.625
    ],
    [
      432.625,
      305.125
    ],
    [
      618.875,
      348.875
    ],
    [
      503.875,
      330.125
    ],
    [
      275.125,
      298.875
    ],
    [
      213.875,
      282.625
    ],
    [
      485.125,
      340.125
    ],
    [
      625.125,
      368.875
    ],
    [
      355.125,
      358.875
    ],
    [
      588.875,
      392.625
    ],
    [
      545.125,
      400.125
    ],
    [
      513.875,
      423.875
    ],
    [
      616.375,
      436.375
    ],
    [
      643.875,
      476.375
    ],
    [
      660.125,
      490.125
    ],
    [
      700.125,
      505.125
    ],
    [
      672.625,
      523.875
    ],
    [
      723.875,
      547.625
    ],
    [
      467.625,
      506.375
    ],
    [
      638.875,
      560.125
    ],
    [
      808.875,
      590.125
    ]
  ],
  "mpts3D": [
    [
      0.24300000071525574,
      -0.10400000214576721,
      0.0
    ],
    [
      0.20600000023841858,
      -0.07000000029802322,
      -0.0020000000949949026
    ],
    [
      0.20600000023841858,
      -0.054999999701976776,
      -0.0020000000949949026
    ],
    [
      0.23000000417232513,
      -0.0,
      0.11299999803304672
    ],
    [
      0.23000000417232513,
      -0.0,
      0.07000000029802322
    ],
    [
      0.21699999272823334,
      0.0,
      0.07000000029802322
    ],
    [
      -0.0,
      -0.02500000037252903,
      0.23999999463558197
    ],
    [
      0.21699999272823334,
      -0.0,
      -0.027000000700354576
    ],
    [
      0.21699999272823334,
      -0.0,
      -0.07000000029802322
    ],
    [
      0.17000000178813934,
      -0.0,
      -0.014999999664723873
    ],
    [
      -0.0,
      -0.0,
      0.15600000321865082
    ],
    [
      -0.014000000432133675,
      0.0,
      0.15600000321865082
    ],
    [
      -0.01899999938905239,
      -0.0,
      0.12800000607967377
    ],
    [
      -0.01899999938905239,
      -0.0,
      0.07400000095367432
    ],
    [
      0.02500000037252903,
      -0.014000000432133675,
      -0.010999999940395355
    ],
    [
      0.0,
      0.0,
      0.041999999433755875
    ],
    [
      -0.07400000095367432,
      -0.0,
      0.12800000607967377
    ],
    [
      -0.07999999821186066,
      -0.0,
      0.15600000321865082
    ],
    [
      -0.014000000432133675,
      0.0,
      0.041999999433755875
    ],
    [
      0.02500000037252903,
      0.0,
      -0.014999999664723873
    ],
    [
      -0.07400000095367432,
      -0.0,
      0.07400000095367432
    ],
    [
      0.0,
      -0.0,
      -0.014999999664723873
    ],
    [
      -0.03500000014901161,
      -0.017999999225139618,
      -0.009999999776482582
    ],
    [
      -0.05700000002980232,
      -0.017999999225139618,
      -0.009999999776482582
    ],
    [
      -0.014000000432133675,
      0.0,
      -0.041999999433755875
    ],
    [
      -0.023000000044703484,
      0.0,
      -0.06499999761581421
    ],
    [
      -0.023000000044703484,
      -0.0,
      -0.07500000298023224
    ],
    [
      -0.017000000923871994,
      -0.0,
      -0.09200000017881393
    ],
    [
      -0.03700000047683716,
      -0.0,
      -0.09700000286102295
    ],
    [
      -0.028999999165534973,
      -0.0,
      -0.12700000405311584
    ],
    [
      -0.09000000357627869,
      -0.0,
      -0.014999999664723873
    ],
    [
      -0.052000001072883606,
      -0.0,
      -0.09700000286102295
    ],
    [
      -0.014000000432133675,
      0.0,
      -0.15600000321865082
    ]
  ],
  "mconf": [
    0.7399327158927917,
    0.9827468991279602,
    0.9089979529380798,
    0.7291315197944641,
    0.7021627426147461,
    0.9025089740753174,
    0.7855245471000671,
    0.9817501306533813,
    0.1610095500946045,
    0.4766440689563751,
    0.8947284817695618,
    0.993998110294342,
    0.9963363409042358,
    0.9937558770179749,
    0.9630655646324158,
    0.8335714340209961,
    0.9921137094497681,
    0.29625794291496277,
    0.961075484752655,
    0.9180585741996765,
    0.997911274433136,
    0.9388192296028137,
    0.9936041235923767,
    0.9982998967170715,
    0.9962400794029236,
    0.9938927292823792,
    0.9925652742385864,
    0.9984902143478394,
    0.998818576335907,
    0.9981135725975037,
    0.744454026222229,
    0.9983616471290588,
    0.6612836718559265
  ],
  "coverage_score": 0.9439592513355664,
  "pose_estimation_failed": false,
  "tracking_method": "loosely_coupled",
  "kf_translation_vector": [
    0.012721611334186927,
    -0.03417820965274374,
    0.686630856040875
  ],
  "kf_quaternion": [
    0.4596128948645163,
    -0.4123693684718611,
    -0.0976501333145745,
    0.7804946779344645
  ],