{
  "frame": 88,
  "object_rotation_in_cam": [
    [
      0.7544837939560468,
      -0.24259487201412322,
      -0.6098376281684662
    ],
    [
      -0.292759809324563,
      0.7072185382505201,
      -0.6435321539744872
    ],
    [
      0.5874060764938808,
      0.664070528804922,
      0.46256289742133055
    ]
  ],
  "object_translation_in_cam": [
    -0.03175728022456462,
    -0.024928366265325047,
    0.6312600584122133
  ],
  "raw_rvec": [
    0.8038958617746109,
    -0.7360487037759702,
    -0.030840702639372376
  ],
  "refined_raw_rvec": [
    0.8038958617746109,
    -0.7360487037759702,
    -0.030840702639372376
  ],
  "num_inliers": 12,
  "total_matches": 35,
  "inlier_ratio": 0.34285714285714286,
  "reprojection_errors": [
    1.6981432437896729,
    2.3801333904266357,
    1.1850003004074097,
    1.7899243831634521,
    3.291379928588867,
    1.1713587045669556,
    1.9545485973358154,
    2.7939646244049072,
    3.4183123111724854,
    2.769331693649292,
    3.497291088104248,
    3.0856943130493164
  ],
  "mean_reprojection_error": 2.4195902347564697,
  "std_reprojection_error": 0.8084012866020203,
  "inliers": [
    4,
    7,
    11,
    16,
    17,
    18,
    20,
    21,
    24,
    25,
    26,
    33
  ],
  "mkpts0": [
    [
      727.625,
      126.375
    ],
    [
      727.625,
      143.875
    ],
    [
      663.875,
      165.125
    ],
    [
      656.375,
      171.375
    ],
    [
      745.125,
      201.375
    ],
    [
      805.125,
      212.625
    ],
    [
      793.875,
      220.125
    ],
    [
      835.125,
      225.125
    ],
    [
      425.125,
      242.625
    ],
    [
      413.875,
      248.875
    ],
    [
      436.375,
      260.125
    ],
    [
      478.875,
      281.375
    ],
    [
      590.125,
      283.875
    ],
    [
      522.625,
      286.375
    ],
    [
      386.375,
      288.875
    ],
    [
      350.125,
      290.125
    ],
    [
      511.375,
      292.625
    ],
    [
      597.625,
      297.625
    ],
    [
      430.125,
      311.375
    ],
    [
      575.125,
      312.625
    ],
    [
      540.125,
      313.875
    ],
    [
      518.875,
      327.625
    ],
    [
      586.375,
      330.125
    ],
    [
      470.125,
      338.875
    ],
    [
      602.625,
      347.625
    ],
    [
      611.375,
      352.625
    ],
    [
      636.375,
      357.625
    ],
    [
      617.625,
      368.875
    ],
    [
      650.125,
      376.375
    ],
    [
      496.375,
      377.625
    ],
    [
      715.125,
      383.875
    ],
    [
      516.375,
      388.875
    ],
    [
      595.125,
      388.875
    ],
    [
      702.625,
      391.375
    ],
    [
      640.125,
      450.125
    ]
  ],
  "mkpts1": [
    [
      912.625,
      51.375
    ],
    [
      901.375,
      77.625
    ],
    [
      772.625,
      80.125
    ],
    [
      758.875,
      85.125
    ],
    [
      896.375,
      190.125
    ],
    [
      991.375,
      247.625
    ],
    [
      975.125,
      252.625
    ],
    [
      1041.375,
      287.625
    ],
    [
      323.875,
      80.125
    ],
    [
      300.125,
      82.625
    ],
    [
      333.875,
      116.375
    ],
    [
      400.125,
      177.625
    ],
    [
      593.875,
      252.625
    ],
    [
      473.875,
      217.625
    ],
    [
      225.125,
      138.875
    ],
    [
      168.875,
      115.125
    ],
    [
      447.625,
      220.125
    ],
    [
      597.625,
      280.125
    ],
    [
      290.125,
      207.625
    ],
    [
      547.625,
      292.625
    ],
    [
      486.375,
      278.875
    ],
    [
      440.125,
      293.875
    ],
    [
      563.875,
      338.875
    ],
    [
      335.125,
      285.125
    ],
    [
      581.375,
      383.875
    ],
    [
      595.125,
      401.375
    ],
    [
      636.375,
      425.125
    ],
    [
      596.375,
      436.375
    ],
    [
      651.375,
      473.875
    ],
    [
      368.875,
      372.625
    ],
    [
      768.875,
      532.625
    ],
    [
      391.375,
      403.875
    ],
    [
      545.125,
      465.125
    ],
    [
      745.125,
      542.625
    ],
    [
      595.125,
      631.375
    ]
  ],
  "mpts3D": [
    [
      0.20600000023841858,
      -0.07000000029802322,
      -0.0020000000949949026
    ],
    [
      0.20600000023841858,
      -0.054999999701976776,
      -0.0020000000949949026
    ],
    [
      0.23000000417232513,
      -0.0,
      0.07000000029802322
    ],
    [
      0.21699999272823334,
      0.0,
      0.07000000029802322
    ],
    [
      0.21699999272823334,
      -0.0,
      -0.027000000700354576
    ],
    [
      0.23000000417232513,
      0.0,
      -0.07000000029802322
    ],
    [
      0.21699999272823334,
      -0.0,
      -0.07000000029802322
    ],
    [
      0.23000000417232513,
      -0.0,
      -0.11299999803304672
    ],
    [
      -0.0,
      -0.0,
      0.15600000321865082
    ],
    [
      -0.014000000432133675,
      0.0,
      0.15600000321865082
    ],
    [
      -0.01899999938905239,
      -0.0,
      0.12800000607967377
    ],
    [
      -0.01899999938905239,
      -0.0,
      0.07400000095367432
    ],
    [
      0.02500000037252903,
      -0.014000000432133675,
      -0.010999999940395355
    ],
    [
      0.0,
      0.0,
      0.041999999433755875
    ],
    [
      -0.07400000095367432,
      -0.0,
      0.12800000607967377
    ],
    [
      -0.07999999821186066,
      -0.0,
      0.15600000321865082
    ],
    [
      -0.014000000432133675,
      0.0,
      0.041999999433755875
    ],
    [
      0.02500000037252903,
      0.0,
      -0.014999999664723873
    ],
    [
      -0.07400000095367432,
      -0.0,
      0.07400000095367432
    ],
    [
      0.0,
      -0.0,
      -0.014999999664723873
    ],
    [
      -0.03500000014901161,
      -0.017999999225139618,
      -0.009999999776482582
    ],
    [
      -0.05700000002980232,
      -0.017999999225139618,
      -0.009999999776482582
    ],
    [
      -0.014000000432133675,
      0.0,
      -0.041999999433755875
    ],
    [
      -0.10000000149011612,
      -0.029999999329447746,
      0.0
    ],
    [
      -0.023000000044703484,
      0.0,
      -0.06499999761581421
    ],
    [
      -0.023000000044703484,
      -0.0,
      -0.07500000298023224
    ],
    [
      -0.017000000923871994,
      -0.0,
      -0.09200000017881393
    ],
    [
      -0.03700000047683716,
      -0.0,
      -0.09700000286102295
    ],
    [
      -0.028999999165534973,
      -0.0,
      -0.12700000405311584
    ],
    [
      -0.09000000357627869,
      -0.0,
      -0.014999999664723873
    ],
    [
      0.0,
      0.0,
      -0.15600000321865082
    ],
    [
      -0.09000000357627869,
      -0.0,
      -0.041999999433755875
    ],
    [
      -0.052000001072883606,
      -0.0,
      -0.09700000286102295
    ],
    [
      -0.014000000432133675,
      0.0,
      -0.15600000321865082
    ],
    [
      -0.07999999821186066,
      -0.0,
      -0.15600000321865082
    ]
  ],
  "mconf": [
    0.9980883002281189,
    0.9956366419792175,
    0.9757488965988159,
    0.9933438301086426,
    0.9688443541526794,
    0.3077947497367859,
    0.9253121614456177,
    0.44488880038261414,
    0.9157670140266418,
    0.9989975690841675,
    0.9995567202568054,
    0.9955661296844482,
    0.9966383576393127,
    0.7352842092514038,
    0.999172031879425,
    0.3768795132637024,
    0.9912707805633545,
    0.9991000294685364,
    0.9968687891960144,
    0.9962367415428162,
    0.9987959265708923,
    0.9995774626731873,
    0.9985410571098328,
    0.9806243777275085,
    0.9968380928039551,
    0.9831798076629639,
    0.9990925788879395,
    0.9994476437568665,
    0.9970491528511047,
    0.8379114270210266,
    0.9449607729911804,
    0.17802606523036957,
    0.9987459182739258,
    0.9912800192832947,
    0.12128505110740662
  ],
  "coverage_score": 0.75,
  "pose_estimation_failed": false,