{
  "frame": 199,
  "object_rotation_in_cam": [
    [
      0.6159923266981805,
      -0.17842004238563802,
      -0.7672807451800606
    ],
    [
      -0.5455848944541837,
      0.6059635351968145,
      -0.5789173662580837
    ],
    [
      0.5682346138633049,
      0.7752254397830906,
      0.2759256079466612
    ]
  ],
  "object_translation_in_cam": [
    0.02698467789800429,
    -0.03266347729485824,
    0.6971908551046061
  ],
  "raw_rvec": [
    0.9222323681880396,
    -0.9095462360596944,
    -0.2500558357124191
  ],
  "refined_raw_rvec": [
    0.9222323681880396,
    -0.9095462360596944,
    -0.2500558357124191
  ],
  "num_inliers": 13,
  "total_matches": 26,
  "inlier_ratio": 0.5,
  "reprojection_errors": [
    0.966213583946228,
    1.2711212635040283,
    2.833254098892212,
    1.622589349746704,
    2.1119143962860107,
    2.85166072845459,
    2.4614553451538086,
    2.100221872329712,
    1.6041550636291504,
    2.6514294147491455,
    3.2586822509765625,
    1.8101165294647217,
    2.307925224304199
  ],
  "mean_reprojection_error": 2.142364501953125,
  "std_reprojection_error": 0.6463087797164917,
  "inliers": [
    0,
    7,
    10,
    11,
    12,
    13,
    14,
    15,
    16,
    17,
    18,
    19,
    20
  ],
  "mkpts0": [
    [
      745.125,
      201.375
    ],
    [
      805.125,
      212.625
    ],
    [
      793.875,
      220.125
    ],
    [
      705.125,
      223.875
    ],
    [
      835.125,
      225.125
    ],
    [
      425.125,
      242.625
    ],
    [
      413.875,
      248.875
    ],
    [
      436.375,
      260.125
    ],
    [
      478.875,
      281.375
    ],
    [
      590.125,
      283.875
    ],
    [
      522.625,
      286.375
    ],
    [
      386.375,
      288.875
    ],
    [
      511.375,
      292.625
    ],
    [
      597.625,
      297.625
    ],
    [
      430.125,
      311.375
    ],
    [
      575.125,
      312.625
    ],
    [
      540.125,
      313.875
    ],
    [
      518.875,
      327.625
    ],
    [
      586.375,
      330.125
    ],
    [
      602.625,
      347.625
    ],
    [
      611.375,
      352.625
    ],
    [
      636.375,
      357.625
    ],
    [
      617.625,
      368.875
    ],
    [
      650.125,
      376.375
    ],
    [
      595.125,
      388.875
    ],
    [
      702.625,
      391.375
    ]
  ],
  "mkpts1": [
    [
      932.625,
      82.625
    ],
    [
      1031.375,
      122.625
    ],
    [
      1017.625,
      132.625
    ],
    [
      840.125,
      143.875
    ],
    [
      1083.875,
      150.125
    ],
    [
      410.125,
      93.875
    ],
    [
      392.625,
      102.625
    ],
    [
      436.375,
      133.875
    ],
    [
      501.375,
      190.125
    ],
    [
      712.625,
      230.125
    ],
    [
      592.625,
      213.875
    ],
    [
      356.375,
      186.375
    ],
    [
      573.875,
      225.125
    ],
    [
      718.875,
      251.375
    ],
    [
      441.375,
      250.125
    ],
    [
      683.875,
      278.875
    ],
    [
      640.125,
      288.875
    ],
    [
      608.875,
      315.125
    ],
    [
      713.875,
      323.875
    ],
    [
      743.875,
      366.375
    ],
    [
      761.375,
      381.375
    ],
    [
      802.625,
      395.125
    ],
    [
      776.375,
      415.125
    ],
    [
      828.875,
      438.875
    ],
    [
      743.875,
      453.875
    ],
    [
      918.875,
      481.375
    ]
  ],
  "mpts3D": [
    [
      0.21699999272823334,
      -0.0,
      -0.027000000700354576
    ],
    [
      0.23000000417232513,
      0.0,
      -0.07000000029802322
    ],
    [
      0.21699999272823334,
      -0.0,
      -0.07000000029802322
    ],
    [
      0.17000000178813934,
      -0.0,
      -0.014999999664723873
    ],
    [
      0.23000000417232513,
      -0.0,
      -0.11299999803304672
    ],
    [
      -0.0,
      -0.0,
      0.15600000321865082
    ],
    [
      -0.014000000432133675,
      0.0,
      0.15600000321865082
    ],
    [
      -0.01899999938905239,
      -0.0,
      0.12800000607967377
    ],
    [
      -0.01899999938905239,
      -0.0,
      0.07400000095367432
    ],
    [
      0.02500000037252903,
      -0.014000000432133675,
      -0.010999999940395355
    ],
    [
      0.0,
      0.0,
      0.041999999433755875
    ],
    [
      -0.07400000095367432,
      -0.0,
      0.12800000607967377
    ],
    [
      -0.014000000432133675,
      0.0,
      0.041999999433755875
    ],
    [
      0.02500000037252903,
      0.0,
      -0.014999999664723873
    ],
    [
      -0.07400000095367432,
      -0.0,
      0.07400000095367432
    ],
    [
      0.0,
      -0.0,
      -0.014999999664723873
    ],
    [
      -0.03500000014901161,
      -0.017999999225139618,
      -0.009999999776482582
    ],
    [
      -0.05700000002980232,
      -0.017999999225139618,
      -0.009999999776482582
    ],
    [
      -0.014000000432133675,
      0.0,
      -0.041999999433755875
    ],
    [
      -0.023000000044703484,
      0.0,
      -0.06499999761581421
    ],
    [
      -0.023000000044703484,
      -0.0,
      -0.07500000298023224
    ],
    [
      -0.017000000923871994,
      -0.0,
      -0.09200000017881393
    ],
    [
      -0.03700000047683716,
      -0.0,
      -0.09700000286102295
    ],
    [
      -0.028999999165534973,
      -0.0,
      -0.12700000405311584
    ],
    [
      -0.052000001072883606,
      -0.0,
      -0.09700000286102295
    ],
    [
      -0.014000000432133675,
      0.0,
      -0.15600000321865082
    ]
  ],
  "mconf": [
    0.9708056449890137,
    0.8008604049682617,
    0.9903726577758789,
    0.5113694667816162,
    0.5600656270980835,
    0.9142575263977051,
    0.9951183795928955,
    0.9958334565162659,
    0.5058737993240356,
    0.8942610025405884,
    0.27705082297325134,
    0.9911640286445618,
    0.5401266813278198,
    0.8762600421905518,
    0.9935817718505859,
    0.9746184945106506,
    0.983635663986206,
    0.9976180195808411,
    0.997604250907898,
    0.9938937425613403,
    0.9952859878540039,
    0.999617874622345,
    0.9992412328720093,
    0.9993926286697388,
    0.9997377395629883,
    0.14924506843090057
  ],
  "coverage_score": 0.7474594241169754,
  "pose_estimation_failed": false,
  "tracking_method": "loosely_coupled",
  "kf_translation_vector": [
    0.028592275590910207,
    -0.029980960233487994,
    0.7764421075670901
  ],
  "kf_quaternion": [
    0.39620842002732604,
    -0.44719541124066536,
    -0.16550476195122985,
    0.7846294194307329
  ],
  "kf_rotation_matrix": [
    [
      0.5452488758735179,
      -0.09464536409663843,
      -0.8329141122670932
    ],
    [
      -0.6140849852278989,
      0.6312541233418334,
      -0.4737276249930803
    ],
    [
      0.5706165913083113,
      0.769779505325355,
      0.2860703041294843
    ]
  ],
  "position_diff": 0.08295734651002294,
  "orientation_diff": 7.279875413599295,
  "timestamp": 1741869963.1901271,
  "image_file": "webcam_000199"
}