{
  "frame": 54,
  "object_rotation_in_cam": [
    [
      0.6819037585165244,
      -0.1069821804938568,
      -0.7235758959347782
    ],
    [
      -0.5505062580930205,
      0.5762960127107479,
      -0.6040080839973203
    ],
    [
      0.4816120055827698,
      0.810208441569497,
      0.3340840572192406
    ]
  ],
  "object_translation_in_cam": [
    0.00657733214741622,
    -0.03568604441395384,
    0.7232651187282669
  ],
  "raw_rvec": [
    0.9403089122798969,
    -0.8013263204618907,
    -0.2948980127424694
  ],
  "refined_raw_rvec": [
    0.9403089122798969,
    -0.8013263204618907,
    -0.2948980127424694
  ],
  "num_inliers": 15,
  "total_matches": 27,
  "inlier_ratio": 0.5555555555555556,
  "reprojection_errors": [
    0.5592328906059265,
    0.7313689589500427,
    1.454582691192627,
    2.5803678035736084,
    2.6207022666931152,
    0.7562130689620972,
    1.6177955865859985,
    2.7624917030334473,
    3.2405526638031006,
    1.4594744443893433,
    0.39989495277404785,
    1.321544885635376,
    3.144660234451294,
    1.407228946685791,
    0.7861863970756531
  ],
  "mean_reprojection_error": 1.6561530828475952,
  "std_reprojection_error": 0.9378193020820618,
  "inliers": [
    0,
    3,
    7,
    9,
    10,
    11,
    12,
    13,
    14,
    15,
    16,
    17,
    18,
    20,
    21
  ],
  "mkpts0": [
    [
      745.125,
      201.375
    ],
    [
      805.125,
      212.625
    ],
    [
      793.875,
      220.125
    ],
    [
      705.125,
      223.875
    ],
    [
      835.125,
      225.125
    ],
    [
      425.125,
      242.625
    ],
    [
      413.875,
      248.875
    ],
    [
      436.375,
      260.125
    ],
    [
      478.875,
      281.375
    ],
    [
      590.125,
      283.875
    ],
    [
      522.625,
      286.375
    ],
    [
      386.375,
      288.875
    ],
    [
      511.375,
      292.625
    ],
    [
      597.625,
      297.625
    ],
    [
      430.125,
      311.375
    ],
    [
      575.125,
      312.625
    ],
    [
      540.125,
      313.875
    ],
    [
      518.875,
      327.625
    ],
    [
      586.375,
      330.125
    ],
    [
      470.125,
      338.875
    ],
    [
      602.625,
      347.625
    ],
    [
      611.375,
      352.625
    ],
    [
      636.375,
      357.625
    ],
    [
      617.625,
      368.875
    ],
    [
      650.125,
      376.375
    ],
    [
      595.125,
      388.875
    ],
    [
      702.625,
      391.375
    ]
  ],
  "mkpts1": [
    [
      917.625,
      78.875
    ],
    [
      1012.625,
      118.875
    ],
    [
      997.625,
      130.125
    ],
    [
      847.625,
      108.875
    ],
    [
      1062.625,
      147.625
    ],
    [
      392.625,
      91.375
    ],
    [
      375.125,
      100.125
    ],
    [
      412.625,
      131.375
    ],
    [
      468.875,
      186.375
    ],
    [
      670.125,
      227.625
    ],
    [
      556.375,
      210.125
    ],
    [
      328.875,
      182.625
    ],
    [
      536.375,
      221.375
    ],
    [
      676.375,
      248.875
    ],
    [
      403.875,
      243.875
    ],
    [
      638.875,
      275.125
    ],
    [
      587.625,
      285.125
    ],
    [
      555.125,
      311.375
    ],
    [
      661.375,
      320.125
    ],
    [
      468.875,
      328.875
    ],
    [
      686.375,
      362.625
    ],
    [
      701.375,
      376.375
    ],
    [
      741.375,
      390.125
    ],
    [
      711.375,
      411.375
    ],
    [
      762.625,
      435.125
    ],
    [
      676.375,
      448.875
    ],
    [
      848.875,
      477.625
    ]
  ],
  "mpts3D": [
    [
      0.21699999272823334,
      -0.0,
      -0.027000000700354576
    ],
    [
      0.23000000417232513,
      0.0,
      -0.07000000029802322
    ],
    [
      0.21699999272823334,
      -0.0,
      -0.07000000029802322
    ],
    [
      0.17000000178813934,
      -0.0,
      -0.014999999664723873
    ],
    [
      0.23000000417232513,
      -0.0,
      -0.11299999803304672
    ],
    [
      -0.0,
      -0.0,
      0.15600000321865082
    ],
    [
      -0.014000000432133675,
      0.0,
      0.15600000321865082
    ],
    [
      -0.01899999938905239,
      -0.0,
      0.12800000607967377
    ],
    [
      -0.01899999938905239,
      -0.0,
      0.07400000095367432
    ],
    [
      0.02500000037252903,
      -0.014000000432133675,
      -0.010999999940395355
    ],
    [
      0.0,
      0.0,
      0.041999999433755875
    ],
    [
      -0.07400000095367432,
      -0.0,
      0.12800000607967377
    ],
    [
      -0.014000000432133675,
      0.0,
      0.041999999433755875
    ],
    [
      0.02500000037252903,
      0.0,
      -0.014999999664723873
    ],
    [
      -0.07400000095367432,
      -0.0,
      0.07400000095367432
    ],
    [
      0.0,
      -0.0,
      -0.014999999664723873
    ],
    [
      -0.03500000014901161,
      -0.017999999225139618,
      -0.009999999776482582
    ],
    [
      -0.05700000002980232,
      -0.017999999225139618,
      -0.009999999776482582
    ],
    [
      -0.014000000432133675,
      0.0,
      -0.041999999433755875
    ],
    [
      -0.10000000149011612,
      -0.029999999329447746,
      0.0
    ],
    [
      -0.023000000044703484,
      0.0,
      -0.06499999761581421
    ],
    [
      -0.023000000044703484,
      -0.0,
      -0.07500000298023224
    ],
    [
      -0.017000000923871994,
      -0.0,
      -0.09200000017881393
    ],
    [
      -0.03700000047683716,
      -0.0,
      -0.09700000286102295
    ],
    [
      -0.028999999165534973,
      -0.0,
      -0.12700000405311584
    ],
    [
      -0.052000001072883606,
      -0.0,
      -0.09700000286102295
    ],
    [
      -0.014000000432133675,
      0.0,
      -0.15600000321865082
    ]
  ],
  "mconf": [
    0.933945894241333,
    0.780322790145874,
    0.9971288442611694,
    0.2926821708679199,
    0.5408146381378174,
    0.9367738366127014,
    0.9952224493026733,
    0.9978400468826294,
    0.10812096297740936,
    0.9914660453796387,
    0.6920740008354187,
    0.9963655471801758,
    0.9753561019897461,
    0.9417396187782288,
    0.9938977360725403,
    0.9216873049736023,
    0.9951434135437012,
    0.9978604912757874,
    0.9984824657440186,
    0.9864564538002014,
    0.9987538456916809,
    0.9950528740882874,
    0.9997987747192383,
    0.9998274445533752,
    0.999548077583313,
    0.9989600777626038,
    0.3238508701324463
  ],
  "coverage_score": 0.7883106100537457,
  "pose_estimation_failed": false,
  "tracking_method": "loosely_coupled",
  "kf_translation_vector": [
    -0.00900740837159068,
    -0.014789032858007914,
    0.6523300403716581
  ],
  "kf_quaternion": [
    0.45102811099487317,
    -0.520782485429268,
    -0.08809189147703451,
    0.7194435798716319
  ],
  "kf_rotation_matrix": [
    [
      0.4420508430522253,
      -0.34302078976095357,
      -0.8288110701170615
    ],
    [
      -0.5965293728085577,
      0.5776269234967895,
      -0.5572251292146317
    ],
    [
      0.6698833924896526,
      0.7407319859729333,
      0.050718491925021314
    ]
  ],
  "position_diff": 0.07693238023373015,
  "orientation_diff": 20.340844073750407,
  "timestamp": 1741869678.0467615,
  "image_file": "webcam_000054"
}