{
  "frame": 196,
  "object_rotation_in_cam": [
    [
      0.5668610210252019,
      -0.07443954742906544,
      -0.8204433780711632
    ],
    [
      -0.4331313511123044,
      0.8202204281229536,
      -0.37367858110069463
    ],
    [
      0.7007608832732427,
      0.5671835708730946,
      0.43270888759736603
    ]
  ],
  "object_translation_in_cam": [
    -0.0658482964756237,
    0.047416578027287715,
    0.7284716545519258
  ],
  "raw_rvec": [
    0.592315122006853,
    -0.9576666313607414,
    -0.22581265386835817
  ],
  "refined_raw_rvec": [
    0.592315122006853,
    -0.9576666313607414,
    -0.22581265386835817
  ],
  "num_inliers": 14,
  "total_matches": 37,
  "inlier_ratio": 0.3783783783783784,
  "reprojection_errors": [
    1.6460222005844116,
    0.6586697101593018,
    1.1807931661605835,
    2.372616767883301,
    3.6274147033691406,
    1.4908196926116943,
    1.066460371017456,
    3.4250295162200928,
    1.690455436706543,
    1.029882550239563,
    3.1756656169891357,
    2.9830827713012695,
    1.6574879884719849,
    2.2397279739379883
  ],
  "mean_reprojection_error": 2.017437696456909,
  "std_reprojection_error": 0.9296877980232239,
  "inliers": [
    3,
    6,
    7,
    10,
    16,
    19,
    21,
    23,
    24,
    25,
    26,
    27,
    28,
    29
  ],
  "mkpts0": [
    [
      751.375,
      76.375
    ],
    [
      727.625,
      126.375
    ],
    [
      727.625,
      143.875
    ],
    [
      636.375,
      157.625
    ],
    [
      663.875,
      165.125
    ],
    [
      656.375,
      171.375
    ],
    [
      356.375,
      195.125
    ],
    [
      745.125,
      201.375
    ],
    [
      805.125,
      212.625
    ],
    [
      793.875,
      220.125
    ],
    [
      705.125,
      223.875
    ],
    [
      835.125,
      225.125
    ],
    [
      425.125,
      242.625
    ],
    [
      413.875,
      248.875
    ],
    [
      436.375,
      260.125
    ],
    [
      478.875,
      281.375
    ],
    [
      590.125,
      283.875
    ],
    [
      522.625,
      286.375
    ],
    [
      386.375,
      288.875
    ],
    [
      350.125,
      290.125
    ],
    [
      511.375,
      292.625
    ],
    [
      597.625,
      297.625
    ],
    [
      430.125,
      311.375
    ],
    [
      575.125,
      312.625
    ],
    [
      540.125,
      313.875
    ],
    [
      518.875,
      327.625
    ],
    [
      586.375,
      330.125
    ],
    [
      470.125,
      338.875
    ],
    [
      602.625,
      347.625
    ],
    [
      611.375,
      352.625
    ],
    [
      636.375,
      357.625
    ],
    [
      617.625,
      368.875
    ],
    [
      650.125,
      376.375
    ],
    [
      496.375,
      377.625
    ],
    [
      715.125,
      383.875
    ],
    [
      595.125,
      388.875
    ],
    [
      702.625,
      391.375
    ]
  ],
  "mkpts1": [
    [
      761.375,
      82.625
    ],
    [
      726.375,
      152.625
    ],
    [
      723.875,
      177.625
    ],
    [
      560.125,
      180.125
    ],
    [
      603.875,
      198.875
    ],
    [
      593.875,
      206.375
    ],
    [
      105.125,
      208.875
    ],
    [
      737.625,
      266.375
    ],
    [
      831.375,
      291.375
    ],
    [
      818.875,
      300.125
    ],
    [
      680.125,
      295.125
    ],
    [
      882.625,
      311.375
    ],
    [
      225.125,
      300.125
    ],
    [
      207.625,
      308.875
    ],
    [
      248.875,
      331.375
    ],
    [
      326.375,
      368.875
    ],
    [
      520.125,
      390.125
    ],
    [
      402.625,
      386.375
    ],
    [
      165.125,
      376.375
    ],
    [
      100.125,
      380.125
    ],
    [
      383.875,
      396.375
    ],
    [
      527.625,
      411.375
    ],
    [
      246.375,
      422.625
    ],
    [
      492.625,
      435.125
    ],
    [
      443.875,
      438.875
    ],
    [
      411.375,
      462.625
    ],
    [
      521.375,
      470.125
    ],
    [
      326.375,
      477.625
    ],
    [
      551.375,
      503.875
    ],
    [
      568.875,
      513.875
    ],
    [
      611.375,
      523.875
    ],
    [
      583.875,
      542.625
    ],
    [
      638.875,
      560.125
    ],
    [
      371.375,
      548.875
    ],
    [
      746.375,
      576.375
    ],
    [
      551.375,
      577.625
    ],
    [
      731.375,
      591.375
    ]
  ],
  "mpts3D": [
    [
      0.24300000071525574,
      -0.10400000214576721,
      0.0
    ],
    [
      0.20600000023841858,
      -0.07000000029802322,
      -0.0020000000949949026
    ],
    [
      0.20600000023841858,
      -0.054999999701976776,
      -0.0020000000949949026
    ],
    [
      0.23000000417232513,
      -0.0,
      0.11299999803304672
    ],
    [
      0.23000000417232513,
      -0.0,
      0.07000000029802322
    ],
    [
      0.21699999272823334,
      0.0,
      0.07000000029802322
    ],
    [
      -0.0,
      -0.02500000037252903,
      0.23999999463558197
    ],
    [
      0.21699999272823334,
      -0.0,
      -0.027000000700354576
    ],
    [
      0.23000000417232513,
      0.0,
      -0.07000000029802322
    ],
    [
      0.21699999272823334,
      -0.0,
      -0.07000000029802322
    ],
    [
      0.17000000178813934,
      -0.0,
      -0.014999999664723873
    ],
    [
      0.23000000417232513,
      -0.0,
      -0.11299999803304672
    ],
    [
      -0.0,
      -0.0,
      0.15600000321865082
    ],
    [
      -0.014000000432133675,
      0.0,
      0.15600000321865082
    ],
    [
      -0.01899999938905239,
      -0.0,
      0.12800000607967377
    ],
    [
      -0.01899999938905239,
      -0.0,
      0.07400000095367432
    ],
    [
      0.02500000037252903,
      -0.014000000432133675,
      -0.010999999940395355
    ],
    [
      0.0,
      0.0,
      0.041999999433755875
    ],
    [
      -0.07400000095367432,
      -0.0,
      0.12800000607967377
    ],
    [
      -0.07999999821186066,
      -0.0,
      0.15600000321865082
    ],
    [
      -0.014000000432133675,
      0.0,
      0.041999999433755875
    ],
    [
      0.02500000037252903,
      0.0,
      -0.014999999664723873
    ],
    [
      -0.07400000095367432,
      -0.0,
      0.07400000095367432
    ],
    [
      0.0,
      -0.0,
      -0.014999999664723873
    ],
    [
      -0.03500000014901161,
      -0.017999999225139618,
      -0.009999999776482582
    ],
    [
      -0.05700000002980232,
      -0.017999999225139618,
      -0.009999999776482582
    ],
    [
      -0.014000000432133675,
      0.0,
      -0.041999999433755875
    ],
    [
      -0.10000000149011612,
      -0.029999999329447746,
      0.0
    ],
    [
      -0.023000000044703484,
      0.0,
      -0.06499999761581421
    ],
    [
      -0.023000000044703484,
      -0.0,
      -0.07500000298023224
    ],
    [
      -0.017000000923871994,
      -0.0,
      -0.09200000017881393
    ],
    [
      -0.03700000047683716,
      -0.0,
      -0.09700000286102295
    ],
    [
      -0.028999999165534973,
      -0.0,
      -0.12700000405311584
    ],
    [
      -0.09000000357627869,
      -0.0,
      -0.014999999664723873
    ],
    [
      0.0,
      0.0,
      -0.15600000321865082
    ],
    [
      -0.052000001072883606,
      -0.0,
      -0.09700000286102295
    ],
    [
      -0.014000000432133675,
      0.0,
      -0.15600000321865082
    ]
  ],