{
  "frame": 155,
  "object_rotation_in_cam": [
    [
      0.6298626575089842,
      -0.17891563352071885,
      -0.7558189126752518
    ],
    [
      -0.5287470818325994,
      0.6140411027814692,
      -0.5859863885351158
    ],
    [
      0.5689460045814808,
      0.7687279884177478,
      0.2921604416993726
    ]
  ],
  "object_translation_in_cam": [
    0.026530018786226198,
    -0.02497474560194335,
    0.6973109164496846
  ],
  "raw_rvec": [
    0.9136187665099489,
    -0.8934208643611844,
    -0.23592617139857075
  ],
  "refined_raw_rvec": [
    0.9136187665099489,
    -0.8934208643611844,
    -0.23592617139857075
  ],
  "num_inliers": 16,
  "total_matches": 27,
  "inlier_ratio": 0.5925925925925926,
  "reprojection_errors": [
    0.8170183897018433,
    1.05732262134552,
    2.584183931350708,
    3.372365951538086,
    3.6764442920684814,
    1.6015617847442627,
    1.8613951206207275,
    2.2981085777282715,
    2.8692378997802734,
    3.23887300491333,
    1.3218446969985962,
    2.257084608078003,
    3.6774096488952637,
    1.7832343578338623,
    1.3940467834472656,
    2.936436176300049
  ],
  "mean_reprojection_error": 2.2966604232788086,
  "std_reprojection_error": 0.9049542546272278,
  "inliers": [
    1,
    4,
    8,
    9,
    11,
    12,
    13,
    14,
    15,
    16,
    17,
    18,
    19,
    20,
    21,
    26
  ],
  "mkpts0": [
    [
      656.375,
      171.375
    ],
    [
      745.125,
      201.375
    ],
    [
      805.125,
      212.625
    ],
    [
      793.875,
      220.125
    ],
    [
      705.125,
      223.875
    ],
    [
      835.125,
      225.125
    ],
    [
      425.125,
      242.625
    ],
    [
      413.875,
      248.875
    ],
    [
      436.375,
      260.125
    ],
    [
      478.875,
      281.375
    ],
    [
      590.125,
      283.875
    ],
    [
      522.625,
      286.375
    ],
    [
      386.375,
      288.875
    ],
    [
      511.375,
      292.625
    ],
    [
      597.625,
      297.625
    ],
    [
      430.125,
      311.375
    ],
    [
      575.125,
      312.625
    ],
    [
      540.125,
      313.875
    ],
    [
      518.875,
      327.625
    ],
    [
      586.375,
      330.125
    ],
    [
      602.625,
      347.625
    ],
    [
      611.375,
      352.625
    ],
    [
      636.375,
      357.625
    ],
    [
      617.625,
      368.875
    ],
    [
      650.125,
      376.375
    ],
    [
      595.125,
      388.875
    ],
    [
      702.625,
      391.375
    ]
  ],
  "mkpts1": [
    [
      787.625,
      13.875
    ],
    [
      936.375,
      103.875
    ],
    [
      1032.625,
      143.875
    ],
    [
      1020.125,
      155.125
    ],
    [
      871.375,
      132.625
    ],
    [
      1085.125,
      172.625
    ],
    [
      413.875,
      107.625
    ],
    [
      395.125,
      116.375
    ],
    [
      438.875,
      148.875
    ],
    [
      520.125,
      205.125
    ],
    [
      712.625,
      248.875
    ],
    [
      592.625,
      230.125
    ],
    [
      357.625,
      200.125
    ],
    [
      573.875,
      240.125
    ],
    [
      717.625,
      268.875
    ],
    [
      440.125,
      262.625
    ],
    [
      681.375,
      295.125
    ],
    [
      637.625,
      303.875
    ],
    [
      606.375,
      330.125
    ],
    [
      711.375,
      340.125
    ],
    [
      740.125,
      382.625
    ],
    [
      757.625,
      397.625
    ],
    [
      797.625,
      411.375
    ],
    [
      772.625,
      432.625
    ],
    [
      825.125,
      456.375
    ],
    [
      738.875,
      470.125
    ],
    [
      913.875,
      498.875
    ]
  ],
  "mpts3D": [
    [
      0.21699999272823334,
      0.0,
      0.07000000029802322
    ],
    [
      0.21699999272823334,
      -0.0,
      -0.027000000700354576
    ],
    [
      0.23000000417232513,
      0.0,
      -0.07000000029802322
    ],
    [
      0.21699999272823334,
      -0.0,
      -0.07000000029802322
    ],
    [
      0.17000000178813934,
      -0.0,
      -0.014999999664723873
    ],
    [
      0.23000000417232513,
      -0.0,
      -0.11299999803304672
    ],
    [
      -0.0,
      -0.0,
      0.15600000321865082
    ],
    [
      -0.014000000432133675,
      0.0,
      0.15600000321865082
    ],
    [
      -0.01899999938905239,
      -0.0,
      0.12800000607967377
    ],
    [
      -0.01899999938905239,
      -0.0,
      0.07400000095367432
    ],
    [
      0.02500000037252903,
      -0.014000000432133675,
      -0.010999999940395355
    ],
    [
      0.0,
      0.0,
      0.041999999433755875
    ],
    [
      -0.07400000095367432,
      -0.0,
      0.12800000607967377
    ],
    [
      -0.014000000432133675,
      0.0,
      0.041999999433755875
    ],
    [
      0.02500000037252903,
      0.0,
      -0.014999999664723873
    ],
    [
      -0.07400000095367432,
      -0.0,
      0.07400000095367432
    ],
    [
      0.0,
      -0.0,
      -0.014999999664723873
    ],
    [
      -0.03500000014901161,
      -0.017999999225139618,
      -0.009999999776482582
    ],
    [
      -0.05700000002980232,
      -0.017999999225139618,
      -0.009999999776482582
    ],
    [
      -0.014000000432133675,
      0.0,
      -0.041999999433755875
    ],
    [
      -0.023000000044703484,
      0.0,
      -0.06499999761581421
    ],
    [
      -0.023000000044703484,
      -0.0,
      -0.07500000298023224
    ],
    [
      -0.017000000923871994,
      -0.0,
      -0.09200000017881393
    ],
    [
      -0.03700000047683716,
      -0.0,
      -0.09700000286102295
    ],
    [
      -0.028999999165534973,
      -0.0,
      -0.12700000405311584
    ],
    [
      -0.052000001072883606,
      -0.0,
      -0.09700000286102295
    ],
    [
      -0.014000000432133675,
      0.0,
      -0.15600000321865082
    ]
  ],
  "mconf": [
    0.14208802580833435,
    0.9852078557014465,
    0.7396948933601379,
    0.9954776167869568,
    0.8395553231239319,
    0.5592249035835266,
    0.8405693769454956,
    0.9923155307769775,
    0.9975678324699402,
    0.9979732632637024,
    0.9111620783805847,
    0.9758837223052979,
    0.9928433895111084,
    0.9981073141098022,
    0.9416309595108032,
    0.9987239837646484,
    0.9772471189498901,
    0.9894276857376099,
    0.9977690577507019,
    0.9971967339515686,
    0.9954680800437927,
    0.997252345085144,
    0.9996480941772461,
    0.9995294809341431,
    0.9988398551940918,
    0.9995372295379639,
    0.156901016831398
  ],
  "coverage_score": 0.7653094974242585,
  "pose_estimation_failed": false,
  "tracking_method": "loosely_coupled",
  "kf_translation_vector": [
    0.01993199869055673,
    -0.038531442578267856,
    0.816134581834661
  ],
  "kf_quaternion": [
    0.4136615631801839,
    -0.43512783250970366,
    -0.1384271524644061,
    0.7876457350759476
  ],
  "kf_rotation_matrix": [
    [
      0.5830033856720067,
      -0.1419282062437437,
      -0.7999771475282345
    ],
    [
      -0.5780544312729333,
      0.6194440692158456,
      -0.5311705183827883
    ],
    [
      0.5709291784282029,
      0.7721045456320975,
      0.27909576104546807
    ]
  ],
  "position_diff": 0.12390874136727274,
  "orientation_diff": 4.180132065563424,
  "timestamp": 1741869957.1500294,
  "image_file": "webcam_000155"
}