{
  "frame": 53,
  "object_rotation_in_cam": [
    [
      0.39252445370266326,
      -0.2616151366993158,
      -0.8817494391805553
    ],
    [
      -0.44946097602693225,
      0.7818609884525504,
      -0.43206275674364486
    ],
    [
      0.802439645253363,
      0.5659071611013584,
      0.18931376267946787
    ]
  ],
  "object_translation_in_cam": [
    -0.03907436790857564,
    0.008234789800410182,
    0.7208065372799694
  ],
  "raw_rvec": [
    0.7042990447212002,
    -1.1885856898954226,
    -0.13256877068897782
  ],
  "refined_raw_rvec": [
    0.7042990447212002,
    -1.1885856898954226,
    -0.13256877068897782
  ],
  "num_inliers": 14,
  "total_matches": 28,
  "inlier_ratio": 0.5,
  "reprojection_errors": [
    1.479489803314209,
    2.661590814590454,
    3.068023443222046,
    2.6144449710845947,
    1.294666051864624,
    1.1528027057647705,
    2.5382654666900635,
    3.7602291107177734,
    4.133945465087891,
    3.0685856342315674,
    3.4946813583374023,
    2.949291467666626,
    3.333456516265869,
    1.0398318767547607
  ],
  "mean_reprojection_error": 2.6135218143463135,
  "std_reprojection_error": 0.9670040011405945,
  "inliers": [
    4,
    6,
    10,
    12,
    14,
    15,
    16,
    17,
    18,
    19,
    20,
    21,
    25,
    27
  ],
  "mkpts0": [
    [
      751.375,
      76.375
    ],
    [
      727.625,
      126.375
    ],
    [
      727.625,
      143.875
    ],
    [
      636.375,
      157.625
    ],
    [
      745.125,
      201.375
    ],
    [
      793.875,
      220.125
    ],
    [
      705.125,
      223.875
    ],
    [
      425.125,
      242.625
    ],
    [
      413.875,
      248.875
    ],
    [
      436.375,
      260.125
    ],
    [
      478.875,
      281.375
    ],
    [
      590.125,
      283.875
    ],
    [
      522.625,
      286.375
    ],
    [
      386.375,
      288.875
    ],
    [
      511.375,
      292.625
    ],
    [
      597.625,
      297.625
    ],
    [
      430.125,
      311.375
    ],
    [
      540.125,
      313.875
    ],
    [
      518.875,
      327.625
    ],
    [
      586.375,
      330.125
    ],
    [
      602.625,
      347.625
    ],
    [
      611.375,
      352.625
    ],
    [
      636.375,
      357.625
    ],
    [
      617.625,
      368.875
    ],
    [
      650.125,
      376.375
    ],
    [
      715.125,
      383.875
    ],
    [
      595.125,
      388.875
    ],
    [
      702.625,
      391.375
    ]
  ],
  "mkpts1": [
    [
      752.625,
      18.875
    ],
    [
      720.125,
      98.875
    ],
    [
      721.375,
      120.125
    ],
    [
      533.875,
      108.875
    ],
    [
      720.125,
      200.125
    ],
    [
      801.375,
      235.125
    ],
    [
      672.625,
      225.125
    ],
    [
      247.625,
      223.875
    ],
    [
      233.875,
      231.375
    ],
    [
      285.125,
      256.375
    ],
    [
      377.625,
      295.125
    ],
    [
      568.875,
      315.125
    ],
    [
      451.375,
      311.375
    ],
    [
      217.625,
      300.125
    ],
    [
      436.375,
      321.375
    ],
    [
      573.875,
      336.375
    ],
    [
      315.125,
      347.625
    ],
    [
      518.875,
      362.625
    ],
    [
      496.375,
      385.125
    ],
    [
      587.625,
      393.875
    ],
    [
      625.125,
      423.875
    ],
    [
      643.875,
      433.875
    ],
    [
      683.875,
      443.875
    ],
    [
      666.375,
      461.375
    ],
    [
      718.875,
      476.375
    ],
    [
      813.875,
      491.375
    ],
    [
      647.625,
      495.125
    ],
    [
      805.125,
      503.875
    ]
  ],
  "mpts3D": [
    [
      0.24300000071525574,
      -0.10400000214576721,
      0.0
    ],
    [
      0.20600000023841858,
      -0.07000000029802322,
      -0.0020000000949949026
    ],
    [
      0.20600000023841858,
      -0.054999999701976776,
      -0.0020000000949949026
    ],
    [
      0.23000000417232513,
      -0.0,
      0.11299999803304672
    ],
    [
      0.21699999272823334,
      -0.0,
      -0.027000000700354576
    ],
    [
      0.21699999272823334,
      -0.0,
      -0.07000000029802322
    ],
    [
      0.17000000178813934,
      -0.0,
      -0.014999999664723873
    ],
    [
      -0.0,
      -0.0,
      0.15600000321865082
    ],
    [
      -0.014000000432133675,
      0.0,
      0.15600000321865082
    ],
    [
      -0.01899999938905239,
      -0.0,
      0.12800000607967377
    ],
    [
      -0.01899999938905239,
      -0.0,
      0.07400000095367432
    ],
    [
      0.02500000037252903,
      -0.014000000432133675,
      -0.010999999940395355
    ],
    [
      0.0,
      0.0,
      0.041999999433755875
    ],
    [
      -0.07400000095367432,
      -0.0,
      0.12800000607967377
    ],
    [
      -0.014000000432133675,
      0.0,
      0.041999999433755875
    ],
    [
      0.02500000037252903,
      0.0,
      -0.014999999664723873
    ],
    [
      -0.07400000095367432,
      -0.0,
      0.07400000095367432
    ],
    [
      -0.03500000014901161,
      -0.017999999225139618,
      -0.009999999776482582
    ],
    [
      -0.05700000002980232,
      -0.017999999225139618,
      -0.009999999776482582
    ],
    [
      -0.014000000432133675,
      0.0,
      -0.041999999433755875
    ],
    [
      -0.023000000044703484,
      0.0,
      -0.06499999761581421
    ],
    [
      -0.023000000044703484,
      -0.0,
      -0.07500000298023224
    ],
    [
      -0.017000000923871994,
      -0.0,
      -0.09200000017881393
    ],
    [
      -0.03700000047683716,
      -0.0,
      -0.09700000286102295
    ],
    [
      -0.028999999165534973,
      -0.0,
      -0.12700000405311584
    ],
    [
      0.0,
      0.0,
      -0.15600000321865082
    ],
    [
      -0.052000001072883606,
      -0.0,
      -0.09700000286102295
    ],
    [
      -0.014000000432133675,
      0.0,
      -0.15600000321865082
    ]
  ],
  "mconf": [
    0.5789932608604431,
    0.6194260120391846,
    0.5685269236564636,
    0.13953348994255066,
    0.9823722839355469,
    0.9832053780555725,
    0.9392804503440857,
    0.9221457839012146,
    0.9973441362380981,
    0.9917740225791931,
    0.9990745186805725,
    0.9565029144287109,
    0.5281928181648254,
    0.9941012263298035,
    0.9594597220420837,
    0.9709098935127258,
    0.9994245767593384,
    0.9980228543281555,
    0.9965811967849731,
    0.9992379546165466,
    0.9984217882156372,
    0.9996574521064758,
    0.9998959302902222,
    0.9996612071990967,
    0.99962317943573,
    0.9968016743659973,
    0.999847412109375,
    0.999695360660553
  ],
  "coverage_score": 0.75,
  "pose_estimation_failed": false,
  "tracking_method": "loosely_coupled",
  "kf_translation_vector": [
    -0.026084907411053296,
    -0.03646090745812106,
    0.7299105893639101
  ],
  "kf_quaternion": [
    0.456592251081632,
    -0.46963168232071284,
    -0.11382189789027346,
    0.7470034636957724
  ],
  "kf_rotation_matrix": [
    [
      0.5329813170425464,
      -0.25880967008321465,
      -0.8055733798698975
    ],
    [
      -0.5989110779570579,
      0.5571361836257283,
      -0.5752432473269667
    ],
    [
      0.5976925935494831,
      0.7890607248915488,
      0.14193919842564995
    ]
  ],
  "position_diff": 0.04995725327635126,
  "orientation_diff": 18.774615401464086,
  "timestamp": 1741869614.1827145,
  "image_file": "webcam_000053"
}