{
  "frame": 188,
  "object_rotation_in_cam": [
    [
      0.5768191599467325,
      -0.038436389646771485,
      -0.8159670953348963
    ],
    [
      -0.5567650869196696,
      0.7124324246210578,
      -0.42714479785652776
    ],
    [
      0.5977393200264467,
      0.700687294232943,
      0.38954463286616936
    ]
  ],
  "object_translation_in_cam": [
    -0.03161784222244141,
    -0.15526964179763716,
    0.7066541126533449
  ],
  "raw_rvec": [
    0.7341002411798078,
    -0.9201744016270418,
    -0.3373775443590274
  ],
  "refined_raw_rvec": [
    0.7341002411798078,
    -0.9201744016270418,
    -0.3373775443590274
  ],
  "num_inliers": 7,
  "total_matches": 11,
  "inlier_ratio": 0.6363636363636364,
  "reprojection_errors": [
    0.929287850856781,
    2.918320894241333,
    1.680698037147522,
    1.4948097467422485,
    1.3097829818725586,
    2.868699073791504,
    2.53371000289917
  ],
  "mean_reprojection_error": 1.9621868133544922,
  "std_reprojection_error": 0.7418879270553589,
  "inliers": [
    0,
    1,
    2,
    3,
    4,
    5,
    6
  ],
  "mkpts0": [
    [
      575.125,
      312.625
    ],
    [
      540.125,
      313.875
    ],
    [
      518.875,
      327.625
    ],
    [
      586.375,
      330.125
    ],
    [
      470.125,
      338.875
    ],
    [
      611.375,
      352.625
    ],
    [
      636.375,
      357.625
    ],
    [
      617.625,
      368.875
    ],
    [
      650.125,
      376.375
    ],
    [
      595.125,
      388.875
    ],
    [
      702.625,
      391.375
    ]
  ],
  "mkpts1": [
    [
      562.625,
      17.625
    ],
    [
      512.625,
      12.625
    ],
    [
      480.125,
      35.125
    ],
    [
      591.375,
      50.125
    ],
    [
      395.125,
      43.875
    ],
    [
      637.625,
      86.375
    ],
    [
      681.375,
      92.625
    ],
    [
      653.875,
      113.875
    ],
    [
      710.125,
      132.625
    ],
    [
      618.875,
      147.625
    ],
    [
      802.625,
      165.125
    ]
  ],
  "mpts3D": [
    [
      0.0,
      -0.0,
      -0.014999999664723873
    ],
    [
      -0.03500000014901161,
      -0.017999999225139618,
      -0.009999999776482582
    ],
    [
      -0.05700000002980232,
      -0.017999999225139618,
      -0.009999999776482582
    ],
    [
      -0.014000000432133675,
      0.0,
      -0.041999999433755875
    ],
    [
      -0.10000000149011612,
      -0.029999999329447746,
      0.0
    ],
    [
      -0.023000000044703484,
      -0.0,
      -0.07500000298023224
    ],
    [
      -0.017000000923871994,
      -0.0,
      -0.09200000017881393
    ],
    [
      -0.03700000047683716,
      -0.0,
      -0.09700000286102295
    ],
    [
      -0.028999999165534973,
      -0.0,
      -0.12700000405311584
    ],
    [
      -0.052000001072883606,
      -0.0,
      -0.09700000286102295
    ],
    [
      -0.014000000432133675,
      0.0,
      -0.15600000321865082
    ]
  ],
  "mconf": [
    0.9587045311927795,
    0.9941755533218384,
    0.997430145740509,
    0.9956290125846863,
    0.9885622262954712,
    0.9995973110198975,
    0.7342092990875244,
    0.9966210722923279,
    0.9968438744544983,
    0.9995028972625732,
    0.6600348353385925
  ],
  "coverage_score": 0.0,
  "pose_estimation_failed": false,
  "tracking_method": "loosely_coupled",
  "kf_translation_vector": [
    -0.018840021909063354,
    -0.028876584630832234,
    0.6975146760949283
  ],
  "kf_quaternion": [
    0.45181077126602925,
    -0.47118300900121535,
    -0.13057354691288733,
    0.7461931035885714
  ],
  "kf_rotation_matrix": [
    [
      0.5218742417502973,
      -0.2309049569735844,
      -0.8211760935649426
    ],
    [
      -0.6206372778435657,
      0.5576351516291675,
      -0.5512280898307378
    ],
    [
      0.5851979538143319,
      0.7973242367522402,
      0.14770719799311283
    ]
  ],
  "position_diff": 0.1332978148762645,
  "orientation_diff": 15.752723359893858,
  "timestamp": 1741869632.3243406,
  "image_file": "webcam_000188"
}