{
  "frame": 141,
  "object_rotation_in_cam": [
    [
      0.6222012792152103,
      -0.1659894284735305,
      -0.7650575650093177
    ],
    [
      -0.5214098841207226,
      0.6410942018620928,
      -0.5631429277545983
    ],
    [
      0.5839497417451012,
      0.7492968263471005,
      0.3123411038303999
    ]
  ],
  "object_translation_in_cam": [
    0.023569477720269755,
    -0.01613523489620772,
    0.684908955449234
  ],
  "raw_rvec": [
    0.8762857223789162,
    -0.900701033018337,
    -0.23730603233533995
  ],
  "refined_raw_rvec": [
    0.8762857223789162,
    -0.900701033018337,
    -0.23730603233533995
  ],
  "num_inliers": 13,
  "total_matches": 26,
  "inlier_ratio": 0.5,
  "reprojection_errors": [
    3.797736883163452,
    2.136667251586914,
    2.051873207092285,
    1.9975742101669312,
    2.3491241931915283,
    3.753173589706421,
    2.777771234512329,
    2.5268149375915527,
    1.019598126411438,
    0.6749779582023621,
    2.5557475090026855,
    2.3579788208007812,
    2.230684995651245
  ],
  "mean_reprojection_error": 2.3253633975982666,
  "std_reprojection_error": 0.8395096063613892,
  "inliers": [
    2,
    3,
    6,
    8,
    9,
    12,
    15,
    17,
    18,
    19,
    21,
    22,
    23
  ],
  "mkpts0": [
    [
      727.625,
      126.375
    ],
    [
      727.625,
      143.875
    ],
    [
      656.375,
      171.375
    ],
    [
      745.125,
      201.375
    ],
    [
      805.125,
      212.625
    ],
    [
      793.875,
      220.125
    ],
    [
      705.125,
      223.875
    ],
    [
      835.125,
      225.125
    ],
    [
      425.125,
      242.625
    ],
    [
      413.875,
      248.875
    ],
    [
      436.375,
      260.125
    ],
    [
      478.875,
      281.375
    ],
    [
      590.125,
      283.875
    ],
    [
      386.375,
      288.875
    ],
    [
      511.375,
      292.625
    ],
    [
      597.625,
      297.625
    ],
    [
      430.125,
      311.375
    ],
    [
      575.125,
      312.625
    ],
    [
      540.125,
      313.875
    ],
    [
      518.875,
      327.625
    ],
    [
      586.375,
      330.125
    ],
    [
      602.625,
      347.625
    ],
    [
      611.375,
      352.625
    ],
    [
      636.375,
      357.625
    ],
    [
      617.625,
      368.875
    ],
    [
      595.125,
      388.875
    ]
  ],
  "mkpts1": [
    [
      942.625,
      13.875
    ],
    [
      938.875,
      25.125
    ],
    [
      785.125,
      31.375
    ],
    [
      933.875,
      121.375
    ],
    [
      1030.125,
      161.375
    ],
    [
      1017.625,
      171.375
    ],
    [
      870.125,
      148.875
    ],
    [
      1082.625,
      190.125
    ],
    [
      411.375,
      122.625
    ],
    [
      393.875,
      131.375
    ],
    [
      436.375,
      162.625
    ],
    [
      498.875,
      220.125
    ],
    [
      708.875,
      263.875
    ],
    [
      355.125,
      213.875
    ],
    [
      571.375,
      255.125
    ],
    [
      713.875,
      285.125
    ],
    [
      437.625,
      276.375
    ],
    [
      677.625,
      311.375
    ],
    [
      633.875,
      320.125
    ],
    [
      602.625,
      346.375
    ],
    [
      706.375,
      356.375
    ],
    [
      736.375,
      398.875
    ],
    [
      752.625,
      413.875
    ],
    [
      795.125,
      430.125
    ],
    [
      767.625,
      448.875
    ],
    [
      733.875,
      487.625
    ]
  ],
  "mpts3D": [
    [
      0.20600000023841858,
      -0.07000000029802322,
      -0.0020000000949949026
    ],
    [
      0.20600000023841858,
      -0.054999999701976776,
      -0.0020000000949949026
    ],
    [
      0.21699999272823334,
      0.0,
      0.07000000029802322
    ],
    [
      0.21699999272823334,
      -0.0,
      -0.027000000700354576
    ],
    [
      0.23000000417232513,
      0.0,
      -0.07000000029802322
    ],
    [
      0.21699999272823334,
      -0.0,
      -0.07000000029802322
    ],
    [
      0.17000000178813934,
      -0.0,
      -0.014999999664723873
    ],
    [
      0.23000000417232513,
      -0.0,
      -0.11299999803304672
    ],
    [
      -0.0,
      -0.0,
      0.15600000321865082
    ],
    [
      -0.014000000432133675,
      0.0,
      0.15600000321865082
    ],
    [
      -0.01899999938905239,
      -0.0,
      0.12800000607967377
    ],
    [
      -0.01899999938905239,
      -0.0,
      0.07400000095367432
    ],
    [
      0.02500000037252903,
      -0.014000000432133675,
      -0.010999999940395355
    ],
    [
      -0.07400000095367432,
      -0.0,
      0.12800000607967377
    ],
    [
      -0.014000000432133675,
      0.0,
      0.041999999433755875
    ],
    [
      0.02500000037252903,
      0.0,
      -0.014999999664723873
    ],
    [
      -0.07400000095367432,
      -0.0,
      0.07400000095367432
    ],
    [
      0.0,
      -0.0,
      -0.014999999664723873
    ],
    [
      -0.03500000014901161,
      -0.017999999225139618,
      -0.009999999776482582
    ],
    [
      -0.05700000002980232,
      -0.017999999225139618,
      -0.009999999776482582
    ],
    [
      -0.014000000432133675,
      0.0,
      -0.041999999433755875
    ],
    [
      -0.023000000044703484,
      0.0,
      -0.06499999761581421
    ],
    [
      -0.023000000044703484,
      -0.0,
      -0.07500000298023224
    ],
    [
      -0.017000000923871994,
      -0.0,
      -0.09200000017881393
    ],
    [
      -0.03700000047683716,
      -0.0,
      -0.09700000286102295
    ],
    [
      -0.052000001072883606,
      -0.0,
      -0.09700000286102295
    ]
  ],
  "mconf": [
    0.5239320397377014,
    0.4857180118560791,
    0.6790803074836731,
    0.9956539273262024,
    0.7190580368041992,
    0.9967561960220337,
    0.8335647583007812,
    0.48471158742904663,
    0.9431031346321106,
    0.9971412420272827,
    0.9980192184448242,
    0.6939091086387634,
    0.9657067060470581,
    0.9957703351974487,
    0.2380312830209732,
    0.910787045955658,
    0.9908688068389893,
    0.9863419532775879,
    0.9899271726608276,
    0.9975517392158508,
    0.9981652498245239,
    0.9956800937652588,
    0.994254469871521,
    0.9994223117828369,
    0.9993000030517578,
    0.9994069933891296
  ],
  "coverage_score": 0.8383685150260664,
  "pose_estimation_failed": false,
  "tracking_method": "loosely_coupled",
  "kf_translation_vector": [
    0.011355236264187074,
    -0.04363080188389836,
    0.8186476148199132
  ],
  "kf_quaternion": [
    0.41867726552500323,
    -0.4317108371814144,
    -0.12781613669987088,
    0.788668584128814
  ],
  "kf_rotation_matrix": [
    [
      0.5945775765184844,
      -0.15988588249744473,
      -0.7879809706328059
    ],
    [
      -0.5631041687370532,
      0.6167447650632517,
      -0.5500359896570649
    ],
    [
      0.5739261282189182,
      0.7707544351770464,
      0.2766702007852565
    ]
  ],
  "position_diff": 0.13983646477200848,
  "orientation_diff": 2.9986186768626237,
  "timestamp": 1741869955.267812,
  "image_file": "webcam_000141"
}