{
  "frame": 75,
  "object_rotation_in_cam": [
    [
      0.629263921927302,
      -0.1653571536327726,
      -0.7593970821007534
    ],
    [
      -0.5430250895094738,
      0.6054883272069443,
      -0.5818140921113588
    ],
    [
      0.5560131911419897,
      0.7784862859155608,
      0.2912188763069751
    ]
  ],
  "object_translation_in_cam": [
    0.00748723445848433,
    -0.04027482751853529,
    0.6914875448822766
  ],
  "raw_rvec": [
    0.9197545565901366,
    -0.8894025261945102,
    -0.2553566921773754
  ],
  "refined_raw_rvec": [
    0.9197545565901366,
    -0.8894025261945102,
    -0.2553566921773754
  ],
  "num_inliers": 14,
  "total_matches": 24,
  "inlier_ratio": 0.5833333333333334,
  "reprojection_errors": [
    1.3151366710662842,
    0.6611514687538147,
    1.6687906980514526,
    4.030786514282227,
    2.4133849143981934,
    1.4582910537719727,
    2.0139715671539307,
    3.1725690364837646,
    3.5782976150512695,
    1.3972060680389404,
    1.7036433219909668,
    1.9548054933547974,
    0.5262821912765503,
    3.2540390491485596
  ],
  "mean_reprojection_error": 2.0820252895355225,
  "std_reprojection_error": 1.0326564311981201,
  "inliers": [
    0,
    2,
    6,
    8,
    9,
    12,
    13,
    14,
    15,
    16,
    17,
    19,
    20,
    21
  ],
  "mkpts0": [
    [
      745.125,
      201.375
    ],
    [
      793.875,
      220.125
    ],
    [
      705.125,
      223.875
    ],
    [
      835.125,
      225.125
    ],
    [
      425.125,
      242.625
    ],
    [
      413.875,
      248.875
    ],
    [
      436.375,
      260.125
    ],
    [
      478.875,
      281.375
    ],
    [
      590.125,
      283.875
    ],
    [
      522.625,
      286.375
    ],
    [
      386.375,
      288.875
    ],
    [
      350.125,
      290.125
    ],
    [
      511.375,
      292.625
    ],
    [
      597.625,
      297.625
    ],
    [
      430.125,
      311.375
    ],
    [
      575.125,
      312.625
    ],
    [
      540.125,
      313.875
    ],
    [
      518.875,
      327.625
    ],
    [
      586.375,
      330.125
    ],
    [
      602.625,
      347.625
    ],
    [
      611.375,
      352.625
    ],
    [
      636.375,
      357.625
    ],
    [
      650.125,
      376.375
    ],
    [
      595.125,
      388.875
    ]
  ],
  "mkpts1": [
    [
      906.375,
      67.625
    ],
    [
      988.875,
      118.875
    ],
    [
      838.875,
      97.625
    ],
    [
      1001.375,
      108.875
    ],
    [
      372.625,
      73.875
    ],
    [
      355.125,
      82.625
    ],
    [
      397.625,
      115.125
    ],
    [
      460.125,
      171.375
    ],
    [
      673.875,
      213.875
    ],
    [
      552.625,
      196.375
    ],
    [
      311.375,
      166.375
    ],
    [
      247.625,
      150.125
    ],
    [
      533.875,
      207.625
    ],
    [
      678.875,
      235.125
    ],
    [
      396.375,
      231.375
    ],
    [
      641.375,
      261.375
    ],
    [
      596.375,
      271.375
    ],
    [
      563.875,
      297.625
    ],
    [
      670.125,
      306.375
    ],
    [
      698.875,
      348.875
    ],
    [
      716.375,
      363.875
    ],
    [
      756.375,
      377.625
    ],
    [
      782.625,
      421.375
    ],
    [
      697.625,
      436.375
    ]
  ],
  "mpts3D": [
    [
      0.21699999272823334,
      -0.0,
      -0.027000000700354576
    ],
    [
      0.21699999272823334,
      -0.0,
      -0.07000000029802322
    ],
    [
      0.17000000178813934,
      -0.0,
      -0.014999999664723873
    ],
    [
      0.23000000417232513,
      -0.0,
      -0.11299999803304672
    ],
    [
      -0.0,
      -0.0,
      0.15600000321865082
    ],
    [
      -0.014000000432133675,
      0.0,
      0.15600000321865082
    ],
    [
      -0.01899999938905239,
      -0.0,
      0.12800000607967377
    ],
    [
      -0.01899999938905239,
      -0.0,
      0.07400000095367432
    ],
    [
      0.02500000037252903,
      -0.014000000432133675,
      -0.010999999940395355
    ],
    [
      0.0,
      0.0,
      0.041999999433755875
    ],
    [
      -0.07400000095367432,
      -0.0,
      0.12800000607967377
    ],
    [
      -0.07999999821186066,
      -0.0,
      0.15600000321865082
    ],
    [
      -0.014000000432133675,
      0.0,
      0.041999999433755875
    ],
    [
      0.02500000037252903,
      0.0,
      -0.014999999664723873
    ],
    [
      -0.07400000095367432,
      -0.0,
      0.07400000095367432
    ],
    [
      0.0,
      -0.0,
      -0.014999999664723873
    ],
    [
      -0.03500000014901161,
      -0.017999999225139618,
      -0.009999999776482582
    ],
    [
      -0.05700000002980232,
      -0.017999999225139618,
      -0.009999999776482582
    ],
    [
      -0.014000000432133675,
      0.0,
      -0.041999999433755875
    ],
    [
      -0.023000000044703484,
      0.0,
      -0.06499999761581421
    ],
    [
      -0.023000000044703484,
      -0.0,
      -0.07500000298023224
    ],
    [
      -0.017000000923871994,
      -0.0,
      -0.09200000017881393
    ],
    [
      -0.028999999165534973,
      -0.0,
      -0.12700000405311584
    ],
    [
      -0.052000001072883606,
      -0.0,
      -0.09700000286102295
    ]
  ],
  "mconf": [
    0.9901189208030701,
    0.4583955705165863,
    0.9774132966995239,
    0.17281906306743622,
    0.909144937992096,
    0.9932125806808472,
    0.9975476264953613,
    0.7602817416191101,
    0.9816271662712097,
    0.4906558692455292,
    0.9941210746765137,
    0.25811201333999634,
    0.7699545621871948,
    0.9757636189460754,
    0.9974197149276733,
    0.9924543499946594,
    0.9966087341308594,
    0.9990537762641907,
    0.9991360902786255,
    0.9971136450767517,
    0.9973413348197937,
    0.9997130036354065,
    0.9994631409645081,
    0.9994322657585144
  ],
  "coverage_score": 0.7772925846688996,
  "pose_estimation_failed": false,
  "tracking_method": "loosely_coupled",
  "kf_translation_vector": [
    0.027380925189511265,
    -0.018253956200887694,
    0.7716438883180601
  ],
  "kf_quaternion": [
    0.45373427054953136,
    -0.41264110499510814,
    -0.108138317407134,
    0.7824056713148587
  ],
  "kf_rotation_matrix": [
    [
      0.6360668455535401,
      -0.20524275589584004,
      -0.7438376026659647
    ],
    [
      -0.5436748871989918,
      0.5648626320744772,
      -0.6207639035213446
    ],
    [
      0.547573360397246,
      0.7992531626701107,
      0.2477050603946016
    ]
  ],
  "position_diff": 0.08881721088595522,
  "orientation_diff": 3.5422796673511185,
  "timestamp": 1741869946.4039576,
  "image_file": "webcam_000075"
}