{
  "frame": 32,
  "object_rotation_in_cam": [
    [
      0.6251088406042645,
      -0.20809190089046622,
      -0.7522876432470392
    ],
    [
      -0.4528780555542853,
      0.688291810382686,
      -0.5667061412738477
    ],
    [
      0.635720382083005,
      0.6949475840262465,
      0.3360170401338618
    ]
  ],
  "object_translation_in_cam": [
    -0.014729835376069953,
    0.017413031992353098,
    0.7170862326919621
  ],
  "raw_rvec": [
    0.8271009000285259,
    -0.9099348450179786,
    -0.16047418144690165
  ],
  "refined_raw_rvec": [
    0.8271009000285259,
    -0.9099348450179786,
    -0.16047418144690165
  ],
  "num_inliers": 14,
  "total_matches": 31,
  "inlier_ratio": 0.45161290322580644,
  "reprojection_errors": [
    1.906821370124817,
    2.1116528511047363,
    0.1850990355014801,
    2.576249837875366,
    2.7181737422943115,
    3.646606683731079,
    1.6952320337295532,
    2.98246431350708,
    2.3454766273498535,
    2.685340642929077,
    1.047057867050171,
    0.2523958683013916,
    3.063532829284668,
    1.8697434663772583
  ],
  "mean_reprojection_error": 2.0775604248046875,
  "std_reprojection_error": 0.9837028980255127,
  "inliers": [
    0,
    3,
    11,
    14,
    15,
    17,
    18,
    19,
    21,
    22,
    24,
    25,
    26,
    30
  ],
  "mkpts0": [
    [
      751.375,
      76.375
    ],
    [
      727.625,
      126.375
    ],
    [
      727.625,
      143.875
    ],
    [
      636.375,
      157.625
    ],
    [
      663.875,
      165.125
    ],
    [
      656.375,
      171.375
    ],
    [
      745.125,
      201.375
    ],
    [
      793.875,
      220.125
    ],
    [
      705.125,
      223.875
    ],
    [
      425.125,
      242.625
    ],
    [
      413.875,
      248.875
    ],
    [
      436.375,
      260.125
    ],
    [
      478.875,
      281.375
    ],
    [
      590.125,
      283.875
    ],
    [
      522.625,
      286.375
    ],
    [
      386.375,
      288.875
    ],
    [
      350.125,
      290.125
    ],
    [
      511.375,
      292.625
    ],
    [
      597.625,
      297.625
    ],
    [
      430.125,
      311.375
    ],
    [
      575.125,
      312.625
    ],
    [
      540.125,
      313.875
    ],
    [
      518.875,
      327.625
    ],
    [
      586.375,
      330.125
    ],
    [
      602.625,
      347.625
    ],
    [
      611.375,
      352.625
    ],
    [
      636.375,
      357.625
    ],
    [
      617.625,
      368.875
    ],
    [
      650.125,
      376.375
    ],
    [
      595.125,
      388.875
    ],
    [
      702.625,
      391.375
    ]
  ],
  "mkpts1": [
    [
      898.875,
      22.625
    ],
    [
      852.625,
      95.125
    ],
    [
      845.125,
      117.625
    ],
    [
      675.125,
      86.375
    ],
    [
      716.375,
      112.625
    ],
    [
      705.125,
      121.375
    ],
    [
      843.875,
      206.375
    ],
    [
      921.375,
      256.375
    ],
    [
      781.375,
      232.625
    ],
    [
      340.125,
      198.875
    ],
    [
      322.625,
      206.375
    ],
    [
      362.625,
      237.625
    ],
    [
      440.125,
      292.625
    ],
    [
      623.875,
      336.375
    ],
    [
      510.125,
      317.625
    ],
    [
      281.375,
      283.875
    ],
    [
      220.125,
      267.625
    ],
    [
      490.125,
      326.375
    ],
    [
      630.125,
      356.375
    ],
    [
      358.875,
      345.125
    ],
    [
      593.875,
      380.125
    ],
    [
      548.875,
      387.625
    ],
    [
      517.625,
      411.375
    ],
    [
      620.125,
      425.125
    ],
    [
      647.625,
      466.375
    ],
    [
      663.875,
      480.125
    ],
    [
      702.625,
      495.125
    ],
    [
      675.125,
      513.875
    ],
    [
      726.375,
      538.875
    ],
    [
      642.625,
      550.125
    ],
    [
      812.625,
      580.125
    ]
  ],
  "mpts3D": [
    [
      0.24300000071525574,
      -0.10400000214576721,
      0.0
    ],
    [
      0.20600000023841858,
      -0.07000000029802322,
      -0.0020000000949949026
    ],
    [
      0.20600000023841858,
      -0.054999999701976776,
      -0.0020000000949949026
    ],
    [
      0.23000000417232513,
      -0.0,
      0.11299999803304672
    ],
    [
      0.23000000417232513,
      -0.0,
      0.07000000029802322
    ],
    [
      0.21699999272823334,
      0.0,
      0.07000000029802322
    ],
    [
      0.21699999272823334,
      -0.0,
      -0.027000000700354576
    ],
    [
      0.21699999272823334,
      -0.0,
      -0.07000000029802322
    ],
    [
      0.17000000178813934,
      -0.0,
      -0.014999999664723873
    ],
    [
      -0.0,
      -0.0,
      0.15600000321865082
    ],
    [
      -0.014000000432133675,
      0.0,
      0.15600000321865082
    ],
    [
      -0.01899999938905239,
      -0.0,
      0.12800000607967377
    ],
    [
      -0.01899999938905239,
      -0.0,
      0.07400000095367432
    ],
    [
      0.02500000037252903,
      -0.014000000432133675,
      -0.010999999940395355
    ],
    [
      0.0,
      0.0,
      0.041999999433755875
    ],
    [
      -0.07400000095367432,
      -0.0,
      0.12800000607967377
    ],
    [
      -0.07999999821186066,
      -0.0,
      0.15600000321865082
    ],
    [
      -0.014000000432133675,
      0.0,
      0.041999999433755875
    ],
    [
      0.02500000037252903,
      0.0,
      -0.014999999664723873
    ],
    [
      -0.07400000095367432,
      -0.0,
      0.07400000095367432
    ],
    [
      0.0,
      -0.0,
      -0.014999999664723873
    ],
    [
      -0.03500000014901161,
      -0.017999999225139618,
      -0.009999999776482582
    ],
    [
      -0.05700000002980232,
      -0.017999999225139618,
      -0.009999999776482582
    ],
    [
      -0.014000000432133675,
      0.0,
      -0.041999999433755875
    ],
    [
      -0.023000000044703484,
      0.0,
      -0.06499999761581421
    ],
    [
      -0.023000000044703484,
      -0.0,
      -0.07500000298023224
    ],
    [
      -0.017000000923871994,
      -0.0,
      -0.09200000017881393
    ],
    [
      -0.03700000047683716,
      -0.0,
      -0.09700000286102295
    ],
    [
      -0.028999999165534973,
      -0.0,
      -0.12700000405311584
    ],
    [
      -0.052000001072883606,
      -0.0,
      -0.09700000286102295
    ],
    [
      -0.014000000432133675,
      0.0,
      -0.15600000321865082
    ]
  ],
  "mconf": [
    0.7863674759864807,
    0.9454524517059326,
    0.6639095544815063,
    0.8849765062332153,
    0.9230561852455139,
    0.989593505859375,
    0.9871358275413513,
    0.5719797015190125,
    0.7973458766937256,
    0.7508831024169922,
    0.9840577244758606,
    0.9951939582824707,
    0.9930852055549622,
    0.8472980856895447,
    0.2840971052646637,
    0.9891494512557983,
    0.17392943799495697,
    0.5292527079582214,
    0.9253876805305481,
    0.99466872215271,
    0.9476630091667175,
    0.9936578273773193,
    0.9987521767616272,
    0.996978223323822,
    0.9911121129989624,
    0.9844626188278198,
    0.9984385967254639,
    0.9987302422523499,
    0.9973148107528687,
    0.998658299446106,
    0.38575366139411926
  ],
  "coverage_score": 0.8129072918469556,
  "pose_estimation_failed": false,
  "tracking_method": "loosely_coupled",
  "kf_translation_vector": [
    0.011515280839226847,
    -0.03425604069632036,
    0.67621314201371
  ],
  "kf_quaternion": [
    0.45967725164650436,
    -0.4126309246268581,
    -0.0977072603873906,
    0.7803113709461699
  ],
  "kf_rotation_matrix": [
    [
      0.6403780226183496,
      -0.22686992614510174,
      -0.7337888148223087
    ],
    [
      -0.5318382713622184,
      0.558300231172614,
      -0.6367486984572903
    ],
    [
      0.5541335951391685,
      0.798016847242915,
      0.23686508872060097
    ]
  ],
  "position_diff": 0.07107371281160461,
  "orientation_diff": 9.607364037501037,
  "timestamp": 1741869940.633974,