{
  "frame": 21,
  "object_rotation_in_cam": [
    [
      0.6557211158534972,
      -0.16374715931715,
      -0.7370323507414096
    ],
    [
      -0.5165436982924604,
      0.6146736093090156,
      -0.5961199223087376
    ],
    [
      0.5506472790981465,
      0.7715978368519391,
      0.3184719017232389
    ]
  ],
  "object_translation_in_cam": [
    0.03590915922882602,
    -0.04699900274826927,
    0.6719107052253661
  ],
  "raw_rvec": [
    0.910169202172264,
    -0.8569065755669991,
    -0.23477398188157297
  ],
  "refined_raw_rvec": [
    0.910169202172264,
    -0.8569065755669991,
    -0.23477398188157297
  ],
  "num_inliers": 14,
  "total_matches": 24,
  "inlier_ratio": 0.5833333333333334,
  "reprojection_errors": [
    1.1883556842803955,
    3.240973949432373,
    3.180163860321045,
    2.7792932987213135,
    2.645294666290283,
    0.48303690552711487,
    3.329531192779541,
    1.507549524307251,
    2.949972152709961,
    2.0341508388519287,
    3.160534620285034,
    1.8702073097229004,
    3.246988534927368,
    2.3680357933044434
  ],
  "mean_reprojection_error": 2.4274349212646484,
  "std_reprojection_error": 0.8588420748710632,
  "inliers": [
    0,
    6,
    7,
    8,
    9,
    10,
    11,
    12,
    13,
    14,
    17,
    18,
    21,
    23
  ],
  "mkpts0": [
    [
      745.125,
      201.375
    ],
    [
      805.125,
      212.625
    ],
    [
      793.875,
      220.125
    ],
    [
      425.125,
      242.625
    ],
    [
      413.875,
      248.875
    ],
    [
      436.375,
      260.125
    ],
    [
      478.875,
      281.375
    ],
    [
      590.125,
      283.875
    ],
    [
      522.625,
      286.375
    ],
    [
      386.375,
      288.875
    ],
    [
      511.375,
      292.625
    ],
    [
      597.625,
      297.625
    ],
    [
      430.125,
      311.375
    ],
    [
      575.125,
      312.625
    ],
    [
      540.125,
      313.875
    ],
    [
      518.875,
      327.625
    ],
    [
      586.375,
      330.125
    ],
    [
      602.625,
      347.625
    ],
    [
      611.375,
      352.625
    ],
    [
      650.125,
      376.375
    ],
    [
      496.375,
      377.625
    ],
    [
      715.125,
      383.875
    ],
    [
      595.125,
      388.875
    ],
    [
      702.625,
      391.375
    ]
  ],
  "mkpts1": [
    [
      985.125,
      52.625
    ],
    [
      1086.375,
      93.875
    ],
    [
      1072.625,
      105.125
    ],
    [
      435.125,
      56.375
    ],
    [
      416.375,
      63.875
    ],
    [
      457.625,
      96.375
    ],
    [
      540.125,
      152.625
    ],
    [
      738.875,
      196.375
    ],
    [
      613.875,
      177.625
    ],
    [
      371.375,
      145.125
    ],
    [
      595.125,
      188.875
    ],
    [
      743.875,
      218.875
    ],
    [
      453.875,
      208.875
    ],
    [
      705.125,
      243.875
    ],
    [
      656.375,
      251.375
    ],
    [
      621.375,
      277.625
    ],
    [
      733.875,
      290.125
    ],
    [
      762.625,
      333.875
    ],
    [
      780.125,
      348.875
    ],
    [
      848.875,
      410.125
    ],
    [
      573.875,
      365.125
    ],
    [
      958.875,
      440.125
    ],
    [
      757.625,
      422.625
    ],
    [
      943.875,
      456.375
    ]
  ],
  "mpts3D": [
    [
      0.21699999272823334,
      -0.0,
      -0.027000000700354576
    ],
    [
      0.23000000417232513,
      0.0,
      -0.07000000029802322
    ],
    [
      0.21699999272823334,
      -0.0,
      -0.07000000029802322
    ],
    [
      -0.0,
      -0.0,
      0.15600000321865082
    ],
    [
      -0.014000000432133675,
      0.0,
      0.15600000321865082
    ],
    [
      -0.01899999938905239,
      -0.0,
      0.12800000607967377
    ],
    [
      -0.01899999938905239,
      -0.0,
      0.07400000095367432
    ],
    [
      0.02500000037252903,
      -0.014000000432133675,
      -0.010999999940395355
    ],
    [
      0.0,
      0.0,
      0.041999999433755875
    ],
    [
      -0.07400000095367432,
      -0.0,
      0.12800000607967377
    ],
    [
      -0.014000000432133675,
      0.0,
      0.041999999433755875
    ],
    [
      0.02500000037252903,
      0.0,
      -0.014999999664723873
    ],
    [
      -0.07400000095367432,
      -0.0,
      0.07400000095367432
    ],
    [
      0.0,
      -0.0,
      -0.014999999664723873
    ],
    [
      -0.03500000014901161,
      -0.017999999225139618,
      -0.009999999776482582
    ],
    [
      -0.05700000002980232,
      -0.017999999225139618,
      -0.009999999776482582
    ],
    [
      -0.014000000432133675,
      0.0,
      -0.041999999433755875
    ],
    [
      -0.023000000044703484,
      0.0,
      -0.06499999761581421
    ],
    [
      -0.023000000044703484,
      -0.0,
      -0.07500000298023224
    ],
    [
      -0.028999999165534973,
      -0.0,
      -0.12700000405311584
    ],
    [
      -0.09000000357627869,
      -0.0,
      -0.014999999664723873
    ],
    [
      0.0,
      0.0,
      -0.15600000321865082
    ],
    [
      -0.052000001072883606,
      -0.0,
      -0.09700000286102295
    ],
    [
      -0.014000000432133675,
      0.0,
      -0.15600000321865082
    ]
  ],
  "mconf": [
    0.9197876453399658,
    0.798514187335968,
    0.9985224604606628,
    0.8963609337806702,
    0.9926339983940125,
    0.9976533055305481,
    0.9956005215644836,
    0.9759088754653931,
    0.785459578037262,
    0.9960682392120361,
    0.9761561155319214,
    0.9708044528961182,
    0.9975250959396362,
    0.9614880681037903,
    0.9942840933799744,
    0.9993380904197693,
    0.9979235529899597,
    0.9917909502983093,
    0.9674744606018066,
    0.9984018802642822,
    0.7324159145355225,
    0.16791222989559174,
    0.9987068176269531,
    0.954266369342804
  ],
  "coverage_score": 0.7863118319475819,
  "pose_estimation_failed": false,
  "tracking_method": "loosely_coupled",
  "kf_translation_vector": [
    0.03337236626921577,
    -0.0419085130523691,
    0.7576049788174976
  ],
  "kf_quaternion": [
    0.4086429807913021,
    -0.4246773979004329,
    -0.19009506028611203,
    0.7851903527281371
  ],
  "kf_rotation_matrix": [
    [
      0.5670259515346736,
      -0.048561260629595926,
      -0.8222672158442549
    ],
    [
      -0.6456044903813112,
      0.5937495646096378,
      -0.48026690134273575
    ],
    [
      0.5115431675681784,
      0.8031832035668637,
      0.30532004392503376
    ]
  ],
  "position_diff": 0.09667535869949725,
  "orientation_diff": 9.577502349640012,
  "timestamp": 1741869977.3274188,
  "image_file": "webcam_000021"
}