{
  "frame": 60,
  "object_rotation_in_cam": [
    [
      0.7940730263194817,
      -0.04994612390341996,
      -0.6057667980162367
    ],
    [
      -0.4184619654264128,
      0.6778980385858651,
      -0.6044367897248651
    ],
    [
      0.44083739900703023,
      0.733457315723595,
      0.5173999938618624
    ]
  ],
  "object_translation_in_cam": [
    0.044292671663974555,
    0.026202337671114358,
    0.6933618255426139
  ],
  "raw_rvec": [
    0.8107700280557197,
    -0.6342469936358331,
    -0.22332230776248388
  ],
  "refined_raw_rvec": [
    0.8107700280557197,
    -0.6342469936358331,
    -0.22332230776248388
  ],
  "num_inliers": 16,
  "total_matches": 36,
  "inlier_ratio": 0.4444444444444444,
  "reprojection_errors": [
    2.44120454788208,
    3.978341817855835,
    1.8147261142730713,
    3.5268478393554688,
    3.0228660106658936,
    1.3670172691345215,
    2.1414639949798584,
    3.1504015922546387,
    1.2866452932357788,
    2.3422036170959473,
    2.4737045764923096,
    3.271243095397949,
    1.524402141571045,
    0.8639943599700928,
    1.6961005926132202,
    2.8558223247528076
  ],
  "mean_reprojection_error": 2.359811305999756,
  "std_reprojection_error": 0.8660592436790466,
  "inliers": [
    1,
    2,
    14,
    15,
    17,
    18,
    19,
    20,
    21,
    22,
    23,
    25,
    26,
    27,
    28,
    35
  ],
  "mkpts0": [
    [
      751.375,
      76.375
    ],
    [
      727.625,
      126.375
    ],
    [
      727.625,
      143.875
    ],
    [
      636.375,
      157.625
    ],
    [
      663.875,
      165.125
    ],
    [
      656.375,
      171.375
    ],
    [
      356.375,
      195.125
    ],
    [
      745.125,
      201.375
    ],
    [
      805.125,
      212.625
    ],
    [
      793.875,
      220.125
    ],
    [
      705.125,
      223.875
    ],
    [
      835.125,
      225.125
    ],
    [
      425.125,
      242.625
    ],
    [
      413.875,
      248.875
    ],
    [
      436.375,
      260.125
    ],
    [
      478.875,
      281.375
    ],
    [
      590.125,
      283.875
    ],
    [
      522.625,
      286.375
    ],
    [
      386.375,
      288.875
    ],
    [
      511.375,
      292.625
    ],
    [
      597.625,
      297.625
    ],
    [
      430.125,
      311.375
    ],
    [
      575.125,
      312.625
    ],
    [
      540.125,
      313.875
    ],
    [
      518.875,
      327.625
    ],
    [
      586.375,
      330.125
    ],
    [
      470.125,
      338.875
    ],
    [
      602.625,
      347.625
    ],
    [
      611.375,
      352.625
    ],
    [
      636.375,
      357.625
    ],
    [
      617.625,
      368.875
    ],
    [
      650.125,
      376.375
    ],
    [
      496.375,
      377.625
    ],
    [
      715.125,
      383.875
    ],
    [
      595.125,
      388.875
    ],
    [
      702.625,
      391.375
    ]
  ],
  "mkpts1": [
    [
      1107.625,
      28.875
    ],
    [
      1047.625,
      108.875
    ],
    [
      1038.875,
      132.625
    ],
    [
      876.375,
      97.625
    ],
    [
      915.125,
      123.875
    ],
    [
      901.375,
      133.875
    ],
    [
      406.375,
      97.625
    ],
    [
      1043.875,
      230.125
    ],
    [
      1143.875,
      277.625
    ],
    [
      1126.375,
      287.625
    ],
    [
      963.875,
      255.125
    ],
    [
      1197.625,
      310.125
    ],
    [
      496.375,
      207.625
    ],
    [
      477.625,
      213.875
    ],
    [
      510.125,
      246.375
    ],
    [
      572.625,
      303.875
    ],
    [
      753.875,
      358.875
    ],
    [
      641.375,
      332.625
    ],
    [
      417.625,
      288.875
    ],
    [
      618.875,
      341.375
    ],
    [
      761.375,
      380.125
    ],
    [
      481.375,
      353.875
    ],
    [
      716.375,
      402.625
    ],
    [
      657.625,
      407.625
    ],
    [
      618.875,
      431.375
    ],
    [
      733.875,
      451.375
    ],
    [
      526.375,
      441.375
    ],
    [
      752.625,
      497.625
    ],
    [
      767.625,
      513.875
    ],
    [
      807.625,
      531.375
    ],
    [
      773.875,
      550.125
    ],
    [
      823.875,
      581.375
    ],
    [
      566.375,
      513.875
    ],
    [
      936.375,
      623.875
    ],
    [
      728.875,
      585.125
    ],
    [
      916.375,
      637.625
    ]
  ],
  "mpts3D": [
    [
      0.24300000071525574,
      -0.10400000214576721,
      0.0
    ],
    [
      0.20600000023841858,
      -0.07000000029802322,
      -0.0020000000949949026
    ],
    [
      0.20600000023841858,
      -0.054999999701976776,
      -0.0020000000949949026
    ],
    [
      0.23000000417232513,
      -0.0,
      0.11299999803304672
    ],
    [
      0.23000000417232513,
      -0.0,
      0.07000000029802322
    ],
    [
      0.21699999272823334,
      0.0,
      0.07000000029802322
    ],
    [
      -0.0,
      -0.02500000037252903,
      0.23999999463558197
    ],
    [
      0.21699999272823334,
      -0.0,
      -0.027000000700354576
    ],
    [
      0.23000000417232513,
      0.0,
      -0.07000000029802322
    ],
    [
      0.21699999272823334,
      -0.0,
      -0.07000000029802322
    ],
    [
      0.17000000178813934,
      -0.0,
      -0.014999999664723873
    ],
    [
      0.23000000417232513,
      -0.0,
      -0.11299999803304672
    ],
    [
      -0.0,
      -0.0,
      0.15600000321865082
    ],
    [
      -0.014000000432133675,
      0.0,
      0.15600000321865082
    ],
    [
      -0.01899999938905239,
      -0.0,
      0.12800000607967377
    ],
    [
      -0.01899999938905239,
      -0.0,
      0.07400000095367432
    ],
    [
      0.02500000037252903,
      -0.014000000432133675,
      -0.010999999940395355
    ],
    [
      0.0,
      0.0,
      0.041999999433755875
    ],
    [
      -0.07400000095367432,
      -0.0,
      0.12800000607967377
    ],
    [
      -0.014000000432133675,
      0.0,
      0.041999999433755875
    ],
    [
      0.02500000037252903,
      0.0,
      -0.014999999664723873
    ],
    [
      -0.07400000095367432,
      -0.0,
      0.07400000095367432
    ],
    [
      0.0,
      -0.0,
      -0.014999999664723873
    ],
    [
      -0.03500000014901161,
      -0.017999999225139618,
      -0.009999999776482582
    ],
    [
      -0.05700000002980232,
      -0.017999999225139618,
      -0.009999999776482582
    ],
    [
      -0.014000000432133675,
      0.0,
      -0.041999999433755875
    ],
    [
      -0.10000000149011612,
      -0.029999999329447746,
      0.0
    ],
    [
      -0.023000000044703484,
      0.0,
      -0.06499999761581421
    ],
    [
      -0.023000000044703484,
      -0.0,
      -0.07500000298023224
    ],
    [
      -0.017000000923871994,
      -0.0,
      -0.09200000017881393
    ],
    [
      -0.03700000047683716,
      -0.0,
      -0.09700000286102295
    ],
    [
      -0.028999999165534973,
      -0.0,
      -0.12700000405311584
    ],
    [
      -0.09000000357627869,
      -0.0,
      -0.014999999664723873
    ],
    [
      0.0,
      0.0,
      -0.15600000321865082
    ],
    [
      -0.052000001072883606,
      -0.0,
      -0.09700000286102295
    ],
    [
      -0.014000000432133675,
      0.0,
      -0.15600000321865082
    ]
  ],