{
  "frame": 206,
  "object_rotation_in_cam": [
    [
      0.5556130128386777,
      -0.11856527089160265,
      -0.8229437748125497
    ],
    [
      -0.4865591069657146,
      0.7562356199171265,
      -0.4374561950610436
    ],
    [
      0.6742065079729309,
      0.643467142678599,
      0.36248533887591355
    ]
  ],
  "object_translation_in_cam": [
    -0.05142790576382925,
    -0.01921995174200305,
    0.7104432201039714
  ],
  "raw_rvec": [
    0.7043292654120721,
    -0.9755425959169763,
    -0.23978465372044674
  ],
  "refined_raw_rvec": [
    0.7043292654120721,
    -0.9755425959169763,
    -0.23978465372044674
  ],
  "num_inliers": 13,
  "total_matches": 31,
  "inlier_ratio": 0.41935483870967744,
  "reprojection_errors": [
    1.3588074445724487,
    0.40034177899360657,
    0.6933947205543518,
    0.8569844961166382,
    3.099074363708496,
    3.861354112625122,
    2.303799629211426,
    1.347493052482605,
    1.9519227743148804,
    3.282707929611206,
    0.35793572664260864,
    1.7706811428070068,
    2.9561402797698975
  ],
  "mean_reprojection_error": 1.8646643161773682,
  "std_reprojection_error": 1.1179347038269043,
  "inliers": [
    3,
    4,
    10,
    13,
    15,
    16,
    18,
    19,
    20,
    21,
    22,
    23,
    24
  ],
  "mkpts0": [
    [
      727.625,
      126.375
    ],
    [
      727.625,
      143.875
    ],
    [
      636.375,
      157.625
    ],
    [
      663.875,
      165.125
    ],
    [
      656.375,
      171.375
    ],
    [
      356.375,
      195.125
    ],
    [
      745.125,
      201.375
    ],
    [
      793.875,
      220.125
    ],
    [
      705.125,
      223.875
    ],
    [
      425.125,
      242.625
    ],
    [
      413.875,
      248.875
    ],
    [
      436.375,
      260.125
    ],
    [
      590.125,
      283.875
    ],
    [
      522.625,
      286.375
    ],
    [
      386.375,
      288.875
    ],
    [
      511.375,
      292.625
    ],
    [
      597.625,
      297.625
    ],
    [
      430.125,
      311.375
    ],
    [
      575.125,
      312.625
    ],
    [
      540.125,
      313.875
    ],
    [
      518.875,
      327.625
    ],
    [
      586.375,
      330.125
    ],
    [
      602.625,
      347.625
    ],
    [
      611.375,
      352.625
    ],
    [
      636.375,
      357.625
    ],
    [
      617.625,
      368.875
    ],
    [
      650.125,
      376.375
    ],
    [
      715.125,
      383.875
    ],
    [
      516.375,
      388.875
    ],
    [
      595.125,
      388.875
    ],
    [
      702.625,
      391.375
    ]
  ],
  "mkpts1": [
    [
      761.375,
      13.875
    ],
    [
      756.375,
      38.875
    ],
    [
      590.125,
      43.875
    ],
    [
      633.875,
      63.875
    ],
    [
      623.875,
      71.375
    ],
    [
      131.375,
      68.875
    ],
    [
      770.125,
      133.875
    ],
    [
      852.625,
      168.875
    ],
    [
      690.125,
      166.375
    ],
    [
      252.625,
      163.875
    ],
    [
      235.125,
      171.375
    ],
    [
      277.625,
      195.125
    ],
    [
      550.125,
      257.625
    ],
    [
      431.375,
      252.625
    ],
    [
      193.875,
      240.125
    ],
    [
      412.625,
      262.625
    ],
    [
      557.625,
      278.875
    ],
    [
      276.375,
      287.625
    ],
    [
      521.375,
      302.625
    ],
    [
      472.625,
      305.125
    ],
    [
      441.375,
      328.875
    ],
    [
      550.125,
      338.875
    ],
    [
      581.375,
      372.625
    ],
    [
      597.625,
      382.625
    ],
    [
      640.125,
      393.875
    ],
    [
      612.625,
      412.625
    ],
    [
      667.625,
      430.125
    ],
    [
      775.125,
      448.875
    ],
    [
      421.375,
      430.125
    ],
    [
      580.125,
      446.375
    ],
    [
      758.875,
      462.625
    ]
  ],
  "mpts3D": [
    [
      0.20600000023841858,
      -0.07000000029802322,
      -0.0020000000949949026
    ],
    [
      0.20600000023841858,
      -0.054999999701976776,
      -0.0020000000949949026
    ],
    [
      0.23000000417232513,
      -0.0,
      0.11299999803304672
    ],
    [
      0.23000000417232513,
      -0.0,
      0.07000000029802322
    ],
    [
      0.21699999272823334,
      0.0,
      0.07000000029802322
    ],
    [
      -0.0,
      -0.02500000037252903,
      0.23999999463558197
    ],
    [
      0.21699999272823334,
      -0.0,
      -0.027000000700354576
    ],
    [
      0.21699999272823334,
      -0.0,
      -0.07000000029802322
    ],
    [
      0.17000000178813934,
      -0.0,
      -0.014999999664723873
    ],
    [
      -0.0,
      -0.0,
      0.15600000321865082
    ],
    [
      -0.014000000432133675,
      0.0,
      0.15600000321865082
    ],
    [
      -0.01899999938905239,
      -0.0,
      0.12800000607967377
    ],
    [
      0.02500000037252903,
      -0.014000000432133675,
      -0.010999999940395355
    ],
    [
      0.0,
      0.0,
      0.041999999433755875
    ],
    [
      -0.07400000095367432,
      -0.0,
      0.12800000607967377
    ],
    [
      -0.014000000432133675,
      0.0,
      0.041999999433755875
    ],
    [
      0.02500000037252903,
      0.0,
      -0.014999999664723873
    ],
    [
      -0.07400000095367432,
      -0.0,
      0.07400000095367432
    ],
    [
      0.0,
      -0.0,
      -0.014999999664723873
    ],
    [
      -0.03500000014901161,
      -0.017999999225139618,
      -0.009999999776482582
    ],
    [
      -0.05700000002980232,
      -0.017999999225139618,
      -0.009999999776482582
    ],
    [
      -0.014000000432133675,
      0.0,
      -0.041999999433755875
    ],
    [
      -0.023000000044703484,
      0.0,
      -0.06499999761581421
    ],
    [
      -0.023000000044703484,
      -0.0,
      -0.07500000298023224
    ],
    [
      -0.017000000923871994,
      -0.0,
      -0.09200000017881393
    ],
    [
      -0.03700000047683716,
      -0.0,
      -0.09700000286102295
    ],
    [
      -0.028999999165534973,
      -0.0,
      -0.12700000405311584
    ],
    [
      0.0,
      0.0,
      -0.15600000321865082
    ],
    [
      -0.09000000357627869,
      -0.0,
      -0.041999999433755875
    ],
    [
      -0.052000001072883606,
      -0.0,
      -0.09700000286102295
    ],
    [
      -0.014000000432133675,
      0.0,
      -0.15600000321865082
    ]
  ],
  "mconf": [
    0.8911172747612,
    0.9364761114120483,
    0.9764631986618042,
    0.7168581485748291,
    0.9943059086799622,
    0.9671627879142761,
    0.984464704990387,
    0.9945362210273743,
    0.13223513960838318,
    0.979025661945343,
    0.9984320402145386,
    0.9989368915557861,
    0.9702009558677673,
    0.9967630505561829,
    0.9980948567390442,
    0.9995226860046387,
    0.9889220595359802,
    0.9996644258499146,
    0.9892566800117493,
    0.9983139038085938,
    0.9995902180671692,
    0.9995020627975464,
    0.9986451864242554,
    0.9997288584709167,
    0.9998661875724792,
    0.999890148639679,
    0.9997510313987732,
    0.9746997356414795,
    0.7905355095863342,
    0.9998652935028076,
    0.9986446499824524
  ],
  "coverage_score": 0.8429078545765152,
  "pose_estimation_failed": false,
  "tracking_method": "loosely_coupled",
  "kf_translation_vector": [
    -0.03917704792717179,
    -0.019412578293943165,
    0.7048105745857591
  ],
  "kf_quaternion": [
    0.44818337367485317,
    -0.4712479919174816,
    -0.1304535793949924,
    0.7483574395288675
  ],
  "kf_rotation_matrix": [
    [
      0.5218143874735512,
      -0.227159216403329,
      -0.82225813187139
    ],
    [
      -0.6176628430169784,
      0.5642270543689227,
      -0.5478507492687696
    ],
    [
      0.5883896305865579,
      0.7937546985821213,
      0.1541139873503362
    ]
  ],
  "position_diff": 0.013693043442395633,
  "orientation_diff": 15.874146464586666,
  "timestamp": 1741869634.8739574,
  "image_file": "webcam_000206"
}