{
  "frame": 149,
  "object_rotation_in_cam": [
    [
      0.7016054754914919,
      -0.168546317530816,
      -0.6923452141866504
    ],
    [
      -0.3288840067466684,
      0.7853452559738361,
      -0.524469388072981
    ],
    [
      0.6321274134750168,
      0.5956718624932617,
      0.49557034351057966
    ]
  ],
  "object_translation_in_cam": [
    0.0063919845613366975,
    -0.022563362944783668,
    0.6518961111395586
  ],
  "raw_rvec": [
    0.679829650088045,
    -0.8038412678394403,
    -0.09731122311622474
  ],
  "refined_raw_rvec": [
    0.679829650088045,
    -0.8038412678394403,
    -0.09731122311622474
  ],
  "num_inliers": 15,
  "total_matches": 34,
  "inlier_ratio": 0.4411764705882353,
  "reprojection_errors": [
    1.7684099674224854,
    2.5709004402160645,
    1.8004965782165527,
    2.5041146278381348,
    0.6657903790473938,
    2.482417345046997,
    1.0411698818206787,
    1.8328925371170044,
    3.974884271621704,
    3.9529988765716553,
    3.050400495529175,
    2.496504068374634,
    2.005882740020752,
    2.5558671951293945,
    1.0700691938400269
  ],
  "mean_reprojection_error": 2.2515196800231934,
  "std_reprojection_error": 0.9281776547431946,
  "inliers": [
    2,
    8,
    12,
    15,
    16,
    17,
    18,
    19,
    20,
    21,
    23,
    25,
    26,
    30,
    33
  ],
  "mkpts0": [
    [
      727.625,
      126.375
    ],
    [
      727.625,
      143.875
    ],
    [
      636.375,
      157.625
    ],
    [
      663.875,
      165.125
    ],
    [
      656.375,
      171.375
    ],
    [
      745.125,
      201.375
    ],
    [
      805.125,
      212.625
    ],
    [
      793.875,
      220.125
    ],
    [
      705.125,
      223.875
    ],
    [
      835.125,
      225.125
    ],
    [
      425.125,
      242.625
    ],
    [
      413.875,
      248.875
    ],
    [
      436.375,
      260.125
    ],
    [
      478.875,
      281.375
    ],
    [
      590.125,
      283.875
    ],
    [
      522.625,
      286.375
    ],
    [
      386.375,
      288.875
    ],
    [
      511.375,
      292.625
    ],
    [
      597.625,
      297.625
    ],
    [
      430.125,
      311.375
    ],
    [
      575.125,
      312.625
    ],
    [
      540.125,
      313.875
    ],
    [
      518.875,
      327.625
    ],
    [
      586.375,
      330.125
    ],
    [
      470.125,
      338.875
    ],
    [
      602.625,
      347.625
    ],
    [
      611.375,
      352.625
    ],
    [
      636.375,
      357.625
    ],
    [
      650.125,
      376.375
    ],
    [
      496.375,
      377.625
    ],
    [
      715.125,
      383.875
    ],
    [
      516.375,
      388.875
    ],
    [
      595.125,
      388.875
    ],
    [
      702.625,
      391.375
    ]
  ],
  "mkpts1": [
    [
      947.625,
      33.875
    ],
    [
      937.625,
      61.375
    ],
    [
      757.625,
      57.625
    ],
    [
      801.375,
      82.625
    ],
    [
      788.875,
      87.625
    ],
    [
      936.375,
      168.875
    ],
    [
      1036.375,
      211.375
    ],
    [
      1021.375,
      217.625
    ],
    [
      870.125,
      193.875
    ],
    [
      1090.125,
      241.375
    ],
    [
      385.125,
      123.875
    ],
    [
      365.125,
      128.875
    ],
    [
      403.875,
      156.375
    ],
    [
      477.625,
      205.125
    ],
    [
      677.625,
      253.875
    ],
    [
      553.875,
      233.875
    ],
    [
      308.875,
      185.125
    ],
    [
      531.375,
      238.875
    ],
    [
      681.375,
      278.875
    ],
    [
      383.875,
      242.625
    ],
    [
      638.875,
      295.125
    ],
    [
      586.375,
      285.125
    ],
    [
      546.375,
      303.875
    ],
    [
      665.125,
      335.125
    ],
    [
      455.125,
      303.875
    ],
    [
      691.375,
      372.625
    ],
    [
      708.875,
      386.375
    ],
    [
      752.625,
      403.875
    ],
    [
      778.875,
      445.125
    ],
    [
      490.125,
      387.625
    ],
    [
      893.875,
      481.375
    ],
    [
      513.875,
      407.625
    ],
    [
      678.875,
      446.375
    ],
    [
      875.125,
      492.625
    ]
  ],
  "mpts3D": [
    [
      0.20600000023841858,
      -0.07000000029802322,
      -0.0020000000949949026
    ],
    [
      0.20600000023841858,
      -0.054999999701976776,
      -0.0020000000949949026
    ],
    [
      0.23000000417232513,
      -0.0,
      0.11299999803304672
    ],
    [
      0.23000000417232513,
      -0.0,
      0.07000000029802322
    ],
    [
      0.21699999272823334,
      0.0,
      0.07000000029802322
    ],
    [
      0.21699999272823334,
      -0.0,
      -0.027000000700354576
    ],
    [
      0.23000000417232513,
      0.0,
      -0.07000000029802322
    ],
    [
      0.21699999272823334,
      -0.0,
      -0.07000000029802322
    ],
    [
      0.17000000178813934,
      -0.0,
      -0.014999999664723873
    ],
    [
      0.23000000417232513,
      -0.0,
      -0.11299999803304672
    ],
    [
      -0.0,
      -0.0,
      0.15600000321865082
    ],
    [
      -0.014000000432133675,
      0.0,
      0.15600000321865082
    ],
    [
      -0.01899999938905239,
      -0.0,
      0.12800000607967377
    ],
    [
      -0.01899999938905239,
      -0.0,
      0.07400000095367432
    ],
    [
      0.02500000037252903,
      -0.014000000432133675,
      -0.010999999940395355
    ],
    [
      0.0,
      0.0,
      0.041999999433755875
    ],
    [
      -0.07400000095367432,
      -0.0,
      0.12800000607967377
    ],
    [
      -0.014000000432133675,
      0.0,
      0.041999999433755875
    ],
    [
      0.02500000037252903,
      0.0,
      -0.014999999664723873
    ],
    [
      -0.07400000095367432,
      -0.0,
      0.07400000095367432
    ],
    [
      0.0,
      -0.0,
      -0.014999999664723873
    ],
    [
      -0.03500000014901161,
      -0.017999999225139618,
      -0.009999999776482582
    ],
    [
      -0.05700000002980232,
      -0.017999999225139618,
      -0.009999999776482582
    ],
    [
      -0.014000000432133675,
      0.0,
      -0.041999999433755875
    ],
    [
      -0.10000000149011612,
      -0.029999999329447746,
      0.0
    ],
    [
      -0.023000000044703484,
      0.0,
      -0.06499999761581421
    ],
    [
      -0.023000000044703484,
      -0.0,
      -0.07500000298023224
    ],
    [
      -0.017000000923871994,
      -0.0,
      -0.09200000017881393
    ],
    [
      -0.028999999165534973,
      -0.0,
      -0.12700000405311584
    ],
    [
      -0.09000000357627869,
      -0.0,
      -0.014999999664723873
    ],
    [
      0.0,
      0.0,
      -0.15600000321865082
    ],
    [
      -0.09000000357627869,
      -0.0,
      -0.041999999433755875
    ],
    [
      -0.052000001072883606,
      -0.0,
      -0.09700000286102295
    ],
    [
      -0.014000000432133675,
      0.0,
      -0.15600000321865082
    ]
  ],
  "mconf": [
    0.9852575063705444,
    0.9637921452522278,
    0.6621230840682983,
    0.21507760882377625,
    0.9778631925582886,
    0.9635890126228333,
    0.823643684387207,
    0.9974278807640076,
    0.9400061368942261,
    0.7636836171150208,
    0.9865884184837341,
    0.9994580745697021,
    0.9997400045394897,
    0.9991195201873779,
    0.9912093281745911,
    0.9641688466072083,
    0.9990498423576355,
    0.9996169805526733,
    0.9587883353233337,
    0.9994890689849854,
    0.930961012840271,
    0.9970613121986389,
    0.9997095465660095,
    0.9982259273529053,
    0.9988371133804321,
    0.9992038011550903,
    0.9994743466377258,
    0.9999446868896484,
    0.9998254179954529,
    0.9633367657661438,
    0.986216127872467,
    0.17903780937194824,
    0.9999169111251831,
    0.9996191263198853
  ],
  "coverage_score": 0.892079563925711,
  "pose_estimation_failed": false,
  "tracking_method": "loosely_coupled",