{
  "frame": 90,
  "object_rotation_in_cam": [
    [
      0.7668000434683786,
      -0.22514319130680976,
      -0.601105844876822
    ],
    [
      -0.2796337703047927,
      0.7257633252209224,
      -0.628547969744073
    ],
    [
      0.577773872585131,
      0.6500601042768699,
      0.49355770988358183
    ]
  ],
  "object_translation_in_cam": [
    -0.026299886472992418,
    -0.018891623041918253,
    0.6275466766073302
  ],
  "raw_rvec": [
    0.7753936766120099,
    -0.7149148335435732,
    -0.03304503643332313
  ],
  "refined_raw_rvec": [
    0.7753936766120099,
    -0.7149148335435732,
    -0.03304503643332313
  ],
  "num_inliers": 13,
  "total_matches": 34,
  "inlier_ratio": 0.38235294117647056,
  "reprojection_errors": [
    0.27202802896499634,
    1.462158203125,
    3.7021281719207764,
    0.6095795631408691,
    3.49990177154541,
    1.48312246799469,
    2.9750781059265137,
    1.10774827003479,
    3.8436105251312256,
    1.1433331966400146,
    1.5201141834259033,
    2.5771756172180176,
    1.5969696044921875
  ],
  "mean_reprojection_error": 1.9840729236602783,
  "std_reprojection_error": 1.151078462600708,
  "inliers": [
    3,
    4,
    9,
    10,
    14,
    19,
    20,
    21,
    22,
    23,
    24,
    25,
    26
  ],
  "mkpts0": [
    [
      727.625,
      126.375
    ],
    [
      727.625,
      143.875
    ],
    [
      636.375,
      157.625
    ],
    [
      663.875,
      165.125
    ],
    [
      656.375,
      171.375
    ],
    [
      745.125,
      201.375
    ],
    [
      805.125,
      212.625
    ],
    [
      793.875,
      220.125
    ],
    [
      705.125,
      223.875
    ],
    [
      425.125,
      242.625
    ],
    [
      413.875,
      248.875
    ],
    [
      436.375,
      260.125
    ],
    [
      478.875,
      281.375
    ],
    [
      590.125,
      283.875
    ],
    [
      522.625,
      286.375
    ],
    [
      386.375,
      288.875
    ],
    [
      511.375,
      292.625
    ],
    [
      597.625,
      297.625
    ],
    [
      430.125,
      311.375
    ],
    [
      575.125,
      312.625
    ],
    [
      540.125,
      313.875
    ],
    [
      518.875,
      327.625
    ],
    [
      586.375,
      330.125
    ],
    [
      470.125,
      338.875
    ],
    [
      602.625,
      347.625
    ],
    [
      611.375,
      352.625
    ],
    [
      636.375,
      357.625
    ],
    [
      617.625,
      368.875
    ],
    [
      650.125,
      376.375
    ],
    [
      496.375,
      377.625
    ],
    [
      715.125,
      383.875
    ],
    [
      516.375,
      388.875
    ],
    [
      595.125,
      388.875
    ],
    [
      702.625,
      391.375
    ]
  ],
  "mkpts1": [
    [
      945.125,
      70.125
    ],
    [
      931.375,
      96.375
    ],
    [
      763.875,
      62.625
    ],
    [
      802.625,
      95.125
    ],
    [
      787.625,
      100.125
    ],
    [
      922.625,
      208.875
    ],
    [
      1017.625,
      270.125
    ],
    [
      1000.125,
      275.125
    ],
    [
      845.125,
      227.625
    ],
    [
      348.875,
      85.125
    ],
    [
      326.375,
      88.875
    ],
    [
      356.375,
      122.625
    ],
    [
      420.125,
      186.375
    ],
    [
      612.625,
      267.625
    ],
    [
      491.375,
      227.625
    ],
    [
      247.625,
      142.625
    ],
    [
      465.125,
      230.125
    ],
    [
      615.125,
      293.875
    ],
    [
      307.625,
      213.875
    ],
    [
      562.625,
      306.375
    ],
    [
      500.125,
      291.375
    ],
    [
      452.625,
      305.125
    ],
    [
      576.375,
      352.625
    ],
    [
      347.625,
      293.875
    ],
    [
      591.375,
      398.875
    ],
    [
      605.125,
      416.375
    ],
    [
      646.375,
      441.375
    ],
    [
      605.125,
      452.625
    ],
    [
      660.125,
      491.375
    ],
    [
      378.875,
      382.625
    ],
    [
      776.375,
      552.625
    ],
    [
      400.125,
      415.125
    ],
    [
      552.625,
      478.875
    ],
    [
      751.375,
      562.625
    ]
  ],
  "mpts3D": [
    [
      0.20600000023841858,
      -0.07000000029802322,
      -0.0020000000949949026
    ],
    [
      0.20600000023841858,
      -0.054999999701976776,
      -0.0020000000949949026
    ],
    [
      0.23000000417232513,
      -0.0,
      0.11299999803304672
    ],
    [
      0.23000000417232513,
      -0.0,
      0.07000000029802322
    ],
    [
      0.21699999272823334,
      0.0,
      0.07000000029802322
    ],
    [
      0.21699999272823334,
      -0.0,
      -0.027000000700354576
    ],
    [
      0.23000000417232513,
      0.0,
      -0.07000000029802322
    ],
    [
      0.21699999272823334,
      -0.0,
      -0.07000000029802322
    ],
    [
      0.17000000178813934,
      -0.0,
      -0.014999999664723873
    ],
    [
      -0.0,
      -0.0,
      0.15600000321865082
    ],
    [
      -0.014000000432133675,
      0.0,
      0.15600000321865082
    ],
    [
      -0.01899999938905239,
      -0.0,
      0.12800000607967377
    ],
    [
      -0.01899999938905239,
      -0.0,
      0.07400000095367432
    ],
    [
      0.02500000037252903,
      -0.014000000432133675,
      -0.010999999940395355
    ],
    [
      0.0,
      0.0,
      0.041999999433755875
    ],
    [
      -0.07400000095367432,
      -0.0,
      0.12800000607967377
    ],
    [
      -0.014000000432133675,
      0.0,
      0.041999999433755875
    ],
    [
      0.02500000037252903,
      0.0,
      -0.014999999664723873
    ],
    [
      -0.07400000095367432,
      -0.0,
      0.07400000095367432
    ],
    [
      0.0,
      -0.0,
      -0.014999999664723873
    ],
    [
      -0.03500000014901161,
      -0.017999999225139618,
      -0.009999999776482582
    ],
    [
      -0.05700000002980232,
      -0.017999999225139618,
      -0.009999999776482582
    ],
    [
      -0.014000000432133675,
      0.0,
      -0.041999999433755875
    ],
    [
      -0.10000000149011612,
      -0.029999999329447746,
      0.0
    ],
    [
      -0.023000000044703484,
      0.0,
      -0.06499999761581421
    ],
    [
      -0.023000000044703484,
      -0.0,
      -0.07500000298023224
    ],
    [
      -0.017000000923871994,
      -0.0,
      -0.09200000017881393
    ],
    [
      -0.03700000047683716,
      -0.0,
      -0.09700000286102295
    ],
    [
      -0.028999999165534973,
      -0.0,
      -0.12700000405311584
    ],
    [
      -0.09000000357627869,
      -0.0,
      -0.014999999664723873
    ],
    [
      0.0,
      0.0,
      -0.15600000321865082
    ],
    [
      -0.09000000357627869,
      -0.0,
      -0.041999999433755875
    ],
    [
      -0.052000001072883606,
      -0.0,
      -0.09700000286102295
    ],
    [
      -0.014000000432133675,
      0.0,
      -0.15600000321865082
    ]
  ],
  "mconf": [
    0.998028039932251,
    0.9883817434310913,
    0.802058219909668,
    0.9547843337059021,
    0.9919125437736511,
    0.9731341004371643,
    0.29178136587142944,
    0.8834118247032166,
    0.9765822887420654,
    0.6279599666595459,
    0.9986415505409241,
    0.9971094727516174,
    0.9984315633773804,
    0.9909986853599548,
    0.8511276245117188,
    0.9984932541847229,
    0.9913176894187927,
    0.9942227005958557,
    0.9959840774536133,
    0.9912266135215759,
    0.9933819770812988,
    0.9988565444946289,
    0.9978736042976379,
    0.9904657602310181,
    0.9921993017196655,
    0.9718295931816101,
    0.9978016018867493,
    0.9961150884628296,
    0.9939254522323608,
    0.6985049247741699,
    0.7151179313659668,
    0.7317219376564026,
    0.9903795719146729,
    0.989903450012207
  ],
  "coverage_score": 0.6121972227029931,
  "pose_estimation_failed": false,
  "tracking_method": "loosely_coupled",
  "kf_translation_vector": [
    -0.03072200731105115,
    -0.018658374006116068,
    0.6798375110611594
  ],