{
  "frame": 24,
  "object_rotation_in_cam": [
    [
      0.6644846033227015,
      -0.17088835736609997,
      -0.7275007775004697
    ],
    [
      -0.4886432171247661,
      0.6371970099267129,
      -0.5959931013849196
    ],
    [
      0.5654096022398546,
      0.7515165599354232,
      0.3399041656670255
    ]
  ],
  "object_translation_in_cam": [
    0.037963784089712925,
    -0.04016757392553369,
    0.6737236589061658
  ],
  "raw_rvec": [
    0.8850830558369186,
    -0.8492206792065405,
    -0.2087105201209929
  ],
  "refined_raw_rvec": [
    0.8850830558369186,
    -0.8492206792065405,
    -0.2087105201209929
  ],
  "num_inliers": 13,
  "total_matches": 29,
  "inlier_ratio": 0.4482758620689655,
  "reprojection_errors": [
    1.6093204021453857,
    1.7023046016693115,
    2.1412301063537598,
    0.41849103569984436,
    2.809209108352661,
    3.3613853454589844,
    0.8292343616485596,
    3.292358875274658,
    1.0327279567718506,
    4.175719738006592,
    2.750472068786621,
    3.0001161098480225,
    2.323721170425415
  ],
  "mean_reprojection_error": 2.26509952545166,
  "std_reprojection_error": 1.06465744972229,
  "inliers": [
    1,
    7,
    9,
    10,
    11,
    12,
    14,
    15,
    16,
    17,
    20,
    25,
    28
  ],
  "mkpts0": [
    [
      745.125,
      201.375
    ],
    [
      805.125,
      212.625
    ],
    [
      793.875,
      220.125
    ],
    [
      705.125,
      223.875
    ],
    [
      835.125,
      225.125
    ],
    [
      425.125,
      242.625
    ],
    [
      413.875,
      248.875
    ],
    [
      436.375,
      260.125
    ],
    [
      478.875,
      281.375
    ],
    [
      590.125,
      283.875
    ],
    [
      522.625,
      286.375
    ],
    [
      386.375,
      288.875
    ],
    [
      511.375,
      292.625
    ],
    [
      597.625,
      297.625
    ],
    [
      430.125,
      311.375
    ],
    [
      575.125,
      312.625
    ],
    [
      540.125,
      313.875
    ],
    [
      518.875,
      327.625
    ],
    [
      586.375,
      330.125
    ],
    [
      602.625,
      347.625
    ],
    [
      611.375,
      352.625
    ],
    [
      636.375,
      357.625
    ],
    [
      617.625,
      368.875
    ],
    [
      650.125,
      376.375
    ],
    [
      496.375,
      377.625
    ],
    [
      715.125,
      383.875
    ],
    [
      516.375,
      388.875
    ],
    [
      595.125,
      388.875
    ],
    [
      702.625,
      391.375
    ]
  ],
  "mkpts1": [
    [
      988.875,
      65.125
    ],
    [
      1091.375,
      106.375
    ],
    [
      1077.625,
      117.625
    ],
    [
      918.875,
      95.125
    ],
    [
      1146.375,
      137.625
    ],
    [
      442.625,
      66.375
    ],
    [
      423.875,
      75.125
    ],
    [
      465.125,
      106.375
    ],
    [
      546.375,
      163.875
    ],
    [
      743.875,
      208.875
    ],
    [
      620.125,
      190.125
    ],
    [
      378.875,
      156.375
    ],
    [
      600.125,
      200.125
    ],
    [
      748.875,
      231.375
    ],
    [
      460.125,
      221.375
    ],
    [
      710.125,
      257.625
    ],
    [
      661.375,
      263.875
    ],
    [
      626.375,
      290.125
    ],
    [
      737.625,
      303.875
    ],
    [
      766.375,
      347.625
    ],
    [
      783.875,
      362.625
    ],
    [
      826.375,
      378.875
    ],
    [
      796.375,
      397.625
    ],
    [
      851.375,
      425.125
    ],
    [
      580.125,
      378.875
    ],
    [
      962.625,
      456.375
    ],
    [
      590.125,
      391.375
    ],
    [
      760.125,
      437.625
    ],
    [
      946.375,
      471.375
    ]
  ],
  "mpts3D": [
    [
      0.21699999272823334,
      -0.0,
      -0.027000000700354576
    ],
    [
      0.23000000417232513,
      0.0,
      -0.07000000029802322
    ],
    [
      0.21699999272823334,
      -0.0,
      -0.07000000029802322
    ],
    [
      0.17000000178813934,
      -0.0,
      -0.014999999664723873
    ],
    [
      0.23000000417232513,
      -0.0,
      -0.11299999803304672
    ],
    [
      -0.0,
      -0.0,
      0.15600000321865082
    ],
    [
      -0.014000000432133675,
      0.0,
      0.15600000321865082
    ],
    [
      -0.01899999938905239,
      -0.0,
      0.12800000607967377
    ],
    [
      -0.01899999938905239,
      -0.0,
      0.07400000095367432
    ],
    [
      0.02500000037252903,
      -0.014000000432133675,
      -0.010999999940395355
    ],
    [
      0.0,
      0.0,
      0.041999999433755875
    ],
    [
      -0.07400000095367432,
      -0.0,
      0.12800000607967377
    ],
    [
      -0.014000000432133675,
      0.0,
      0.041999999433755875
    ],
    [
      0.02500000037252903,
      0.0,
      -0.014999999664723873
    ],
    [
      -0.07400000095367432,
      -0.0,
      0.07400000095367432
    ],
    [
      0.0,
      -0.0,
      -0.014999999664723873
    ],
    [
      -0.03500000014901161,
      -0.017999999225139618,
      -0.009999999776482582
    ],
    [
      -0.05700000002980232,
      -0.017999999225139618,
      -0.009999999776482582
    ],
    [
      -0.014000000432133675,
      0.0,
      -0.041999999433755875
    ],
    [
      -0.023000000044703484,
      0.0,
      -0.06499999761581421
    ],
    [
      -0.023000000044703484,
      -0.0,
      -0.07500000298023224
    ],
    [
      -0.017000000923871994,
      -0.0,
      -0.09200000017881393
    ],
    [
      -0.03700000047683716,
      -0.0,
      -0.09700000286102295
    ],
    [
      -0.028999999165534973,
      -0.0,
      -0.12700000405311584
    ],
    [
      -0.09000000357627869,
      -0.0,
      -0.014999999664723873
    ],
    [
      0.0,
      0.0,
      -0.15600000321865082
    ],
    [
      -0.09000000357627869,
      -0.0,
      -0.041999999433755875
    ],
    [
      -0.052000001072883606,
      -0.0,
      -0.09700000286102295
    ],
    [
      -0.014000000432133675,
      0.0,
      -0.15600000321865082
    ]
  ],
  "mconf": [
    0.9901604056358337,
    0.7502812147140503,
    0.9987521767616272,
    0.8790815472602844,
    0.5834614038467407,
    0.8377206325531006,
    0.9842867255210876,
    0.9945122599601746,
    0.9918273687362671,
    0.925869345664978,
    0.9172312617301941,
    0.9952214956283569,
    0.9907841086387634,
    0.9722217321395874,
    0.9992782473564148,
    0.9889280796051025,
    0.9971172213554382,
    0.9993285536766052,
    0.997980535030365,
    0.9976992011070251,
    0.9980242252349854,
    0.9996000528335571,
    0.9981443881988525,
    0.9992697834968567,
    0.758395791053772,
    0.6023115515708923,
    0.472454696893692,
    0.9989113211631775,
    0.997847855091095
  ],
  "coverage_score": 0.7609640474436813,
  "pose_estimation_failed": false,
  "tracking_method": "loosely_coupled",
  "kf_translation_vector": [
    0.0328018275150894,
    -0.040066079489686185,
    0.757200190885964
  ],
  "kf_quaternion": [
    0.40344915976655826,
    -0.4290264857458551,
    -0.19983048399544193,
    0.7830918385977261
  ],
  "kf_rotation_matrix": [
    [
      0.552008104389418,
      -0.03320950814380086,
      -0.833177160787097
    ],
    [
      -0.6591519926232573,
      0.5945931062996112,
      -0.46041034801768815
    ],
    [
      0.5106913973322742,
      0.8033406291915193,
      0.3063301000244394
    ]
  ],
  "position_diff": 0.09372683944686157,
  "orientation_diff": 12.379848467942002,
  "timestamp": 1741869977.7314126,
  "image_file": "webcam_000024"
}