{
  "frame": 74,
  "object_rotation_in_cam": [
    [
      0.6909196995644731,
      -0.11808208131595704,
      -0.7132226796911536
    ],
    [
      -0.5278907393522847,
      0.5916423257369879,
      -0.6093362993475984
    ],
    [
      0.49392442342916837,
      0.7975061005839514,
      0.3464429007376887
    ]
  ],
  "object_translation_in_cam": [
    0.014955694231558719,
    -0.021383156878322953,
    0.7193592890375685
  ],
  "raw_rvec": [
    0.9269191266728164,
    -0.7953468978787893,
    -0.27000855492304887
  ],
  "refined_raw_rvec": [
    0.9269191266728164,
    -0.7953468978787893,
    -0.27000855492304887
  ],
  "num_inliers": 15,
  "total_matches": 28,
  "inlier_ratio": 0.5357142857142857,
  "reprojection_errors": [
    1.5796321630477905,
    1.0296679735183716,
    1.7930943965911865,
    3.286851406097412,
    2.558824300765991,
    0.5854949355125427,
    2.0219192504882812,
    3.0738906860351562,
    3.1070494651794434,
    2.1453917026519775,
    0.24718421697616577,
    1.3613777160644531,
    2.7557101249694824,
    1.2199156284332275,
    1.8689478635787964
  ],
  "mean_reprojection_error": 1.908996820449829,
  "std_reprojection_error": 0.8975284695625305,
  "inliers": [
    1,
    4,
    8,
    10,
    11,
    12,
    13,
    14,
    15,
    16,
    17,
    18,
    19,
    20,
    21
  ],
  "mkpts0": [
    [
      727.625,
      143.875
    ],
    [
      745.125,
      201.375
    ],
    [
      805.125,
      212.625
    ],
    [
      793.875,
      220.125
    ],
    [
      705.125,
      223.875
    ],
    [
      835.125,
      225.125
    ],
    [
      425.125,
      242.625
    ],
    [
      413.875,
      248.875
    ],
    [
      436.375,
      260.125
    ],
    [
      478.875,
      281.375
    ],
    [
      590.125,
      283.875
    ],
    [
      522.625,
      286.375
    ],
    [
      386.375,
      288.875
    ],
    [
      511.375,
      292.625
    ],
    [
      597.625,
      297.625
    ],
    [
      430.125,
      311.375
    ],
    [
      575.125,
      312.625
    ],
    [
      540.125,
      313.875
    ],
    [
      518.875,
      327.625
    ],
    [
      586.375,
      330.125
    ],
    [
      602.625,
      347.625
    ],
    [
      611.375,
      352.625
    ],
    [
      636.375,
      357.625
    ],
    [
      617.625,
      368.875
    ],
    [
      650.125,
      376.375
    ],
    [
      496.375,
      377.625
    ],
    [
      595.125,
      388.875
    ],
    [
      702.625,
      391.375
    ]
  ],
  "mkpts1": [
    [
      936.375,
      18.875
    ],
    [
      936.375,
      112.625
    ],
    [
      1030.125,
      155.125
    ],
    [
      1016.375,
      166.375
    ],
    [
      865.125,
      142.625
    ],
    [
      1096.375,
      198.875
    ],
    [
      411.375,
      116.375
    ],
    [
      392.625,
      123.875
    ],
    [
      431.375,
      156.375
    ],
    [
      503.875,
      212.625
    ],
    [
      687.625,
      257.625
    ],
    [
      573.875,
      237.625
    ],
    [
      346.375,
      206.375
    ],
    [
      553.875,
      247.625
    ],
    [
      693.875,
      278.875
    ],
    [
      420.125,
      268.875
    ],
    [
      655.125,
      303.875
    ],
    [
      605.125,
      312.625
    ],
    [
      571.375,
      338.875
    ],
    [
      678.875,
      350.125
    ],
    [
      702.625,
      392.625
    ],
    [
      718.875,
      407.625
    ],
    [
      757.625,
      422.625
    ],
    [
      727.625,
      441.375
    ],
    [
      778.875,
      467.625
    ],
    [
      525.125,
      420.125
    ],
    [
      691.375,
      478.875
    ],
    [
      865.125,
      512.625
    ]
  ],
  "mpts3D": [
    [
      0.20600000023841858,
      -0.054999999701976776,
      -0.0020000000949949026
    ],
    [
      0.21699999272823334,
      -0.0,
      -0.027000000700354576
    ],
    [
      0.23000000417232513,
      0.0,
      -0.07000000029802322
    ],
    [
      0.21699999272823334,
      -0.0,
      -0.07000000029802322
    ],
    [
      0.17000000178813934,
      -0.0,
      -0.014999999664723873
    ],
    [
      0.23000000417232513,
      -0.0,
      -0.11299999803304672
    ],
    [
      -0.0,
      -0.0,
      0.15600000321865082
    ],
    [
      -0.014000000432133675,
      0.0,
      0.15600000321865082
    ],
    [
      -0.01899999938905239,
      -0.0,
      0.12800000607967377
    ],
    [
      -0.01899999938905239,
      -0.0,
      0.07400000095367432
    ],
    [
      0.02500000037252903,
      -0.014000000432133675,
      -0.010999999940395355
    ],
    [
      0.0,
      0.0,
      0.041999999433755875
    ],
    [
      -0.07400000095367432,
      -0.0,
      0.12800000607967377
    ],
    [
      -0.014000000432133675,
      0.0,
      0.041999999433755875
    ],
    [
      0.02500000037252903,
      0.0,
      -0.014999999664723873
    ],
    [
      -0.07400000095367432,
      -0.0,
      0.07400000095367432
    ],
    [
      0.0,
      -0.0,
      -0.014999999664723873
    ],
    [
      -0.03500000014901161,
      -0.017999999225139618,
      -0.009999999776482582
    ],
    [
      -0.05700000002980232,
      -0.017999999225139618,
      -0.009999999776482582
    ],
    [
      -0.014000000432133675,
      0.0,
      -0.041999999433755875
    ],
    [
      -0.023000000044703484,
      0.0,
      -0.06499999761581421
    ],
    [
      -0.023000000044703484,
      -0.0,
      -0.07500000298023224
    ],
    [
      -0.017000000923871994,
      -0.0,
      -0.09200000017881393
    ],
    [
      -0.03700000047683716,
      -0.0,
      -0.09700000286102295
    ],
    [
      -0.028999999165534973,
      -0.0,
      -0.12700000405311584
    ],
    [
      -0.09000000357627869,
      -0.0,
      -0.014999999664723873
    ],
    [
      -0.052000001072883606,
      -0.0,
      -0.09700000286102295
    ],
    [
      -0.014000000432133675,
      0.0,
      -0.15600000321865082
    ]
  ],
  "mconf": [
    0.8105250000953674,
    0.9561514258384705,
    0.7188318371772766,
    0.9940515756607056,
    0.45925700664520264,
    0.26797235012054443,
    0.840836226940155,
    0.9882396459579468,
    0.9962707161903381,
    0.9831688404083252,
    0.9817367196083069,
    0.8719589710235596,
    0.9956687092781067,
    0.9925116300582886,
    0.9244657754898071,
    0.9970589280128479,
    0.9630109071731567,
    0.9817198514938354,
    0.9971933364868164,
    0.9972461462020874,
    0.9980342984199524,
    0.9925345778465271,
    0.9996671080589294,
    0.9995898604393005,
    0.9993605017662048,
    0.8316280841827393,
    0.9995840787887573,
    0.7870764136314392
  ],
  "coverage_score": 0.7883106100537457,
  "pose_estimation_failed": false,
  "tracking_method": "loosely_coupled",
  "kf_translation_vector": [
    -0.010105690012351301,
    -0.016639505502908235,
    0.6497890834380495
  ],
  "kf_quaternion": [
    0.45849930261386834,
    -0.5152358212870648,
    -0.08045554924195135,
    0.7196091595869359
  ],
  "kf_rotation_matrix": [
    [
      0.45611790611763947,
      -0.35667742913539396,
      -0.8153144591286398
    ],
    [
      -0.5882636298318178,
      0.5666105881975446,
      -0.5769734336687667
    ],
    [
      0.6677592062532379,
      0.7427877576318814,
      0.04862087593048037
    ]
  ],
  "position_diff": 0.07712810524042417,
  "orientation_diff": 20.36018846868621,
  "timestamp": 1741869680.7290726,
  "image_file": "webcam_000074"
}