{
  "frame": 12,
  "object_rotation_in_cam": [
    [
      0.6601713993666671,
      -0.14536062126262217,
      -0.7369152008504107
    ],
    [
      -0.49351209005219143,
      0.655660925667273,
      -0.5714495319146324
    ],
    [
      0.5662327617072103,
      0.7409311981144264,
      0.3611113667972061
    ]
  ],
  "object_translation_in_cam": [
    -0.019797556402306606,
    0.04445454352711414,
    0.7146706493494792
  ],
  "raw_rvec": [
    0.8546056611219542,
    -0.8485934002220714,
    -0.2267118141462663
  ],
  "refined_raw_rvec": [
    0.8546056611219542,
    -0.8485934002220714,
    -0.2267118141462663
  ],
  "num_inliers": 14,
  "total_matches": 30,
  "inlier_ratio": 0.4666666666666667,
  "reprojection_errors": [
    2.4116790294647217,
    2.377805233001709,
    0.6482420563697815,
    3.969043493270874,
    2.332756519317627,
    2.8952040672302246,
    2.1050219535827637,
    3.470187187194824,
    2.8516223430633545,
    0.3977202773094177,
    1.1132276058197021,
    1.9996618032455444,
    1.9195194244384766,
    0.9757770299911499
  ],
  "mean_reprojection_error": 2.1048190593719482,
  "std_reprojection_error": 1.0029176473617554,
  "inliers": [
    4,
    7,
    10,
    11,
    12,
    13,
    14,
    15,
    17,
    18,
    19,
    22,
    23,
    29
  ],
  "mkpts0": [
    [
      751.375,
      76.375
    ],
    [
      727.625,
      126.375
    ],
    [
      727.625,
      143.875
    ],
    [
      356.375,
      195.125
    ],
    [
      745.125,
      201.375
    ],
    [
      805.125,
      212.625
    ],
    [
      793.875,
      220.125
    ],
    [
      705.125,
      223.875
    ],
    [
      425.125,
      242.625
    ],
    [
      413.875,
      248.875
    ],
    [
      436.375,
      260.125
    ],
    [
      590.125,
      283.875
    ],
    [
      522.625,
      286.375
    ],
    [
      386.375,
      288.875
    ],
    [
      511.375,
      292.625
    ],
    [
      597.625,
      297.625
    ],
    [
      430.125,
      311.375
    ],
    [
      575.125,
      312.625
    ],
    [
      540.125,
      313.875
    ],
    [
      518.875,
      327.625
    ],
    [
      586.375,
      330.125
    ],
    [
      470.125,
      338.875
    ],
    [
      602.625,
      347.625
    ],
    [
      611.375,
      352.625
    ],
    [
      636.375,
      357.625
    ],
    [
      617.625,
      368.875
    ],
    [
      650.125,
      376.375
    ],
    [
      496.375,
      377.625
    ],
    [
      595.125,
      388.875
    ],
    [
      702.625,
      391.375
    ]
  ],
  "mkpts1": [
    [
      908.875,
      57.625
    ],
    [
      861.375,
      133.875
    ],
    [
      853.875,
      156.375
    ],
    [
      231.375,
      140.125
    ],
    [
      858.875,
      243.875
    ],
    [
      952.625,
      285.125
    ],
    [
      938.875,
      297.625
    ],
    [
      790.125,
      273.875
    ],
    [
      337.625,
      250.125
    ],
    [
      317.625,
      260.125
    ],
    [
      356.375,
      291.375
    ],
    [
      616.375,
      391.375
    ],
    [
      501.375,
      371.375
    ],
    [
      271.375,
      342.625
    ],
    [
      481.375,
      382.625
    ],
    [
      623.875,
      411.375
    ],
    [
      345.125,
      403.875
    ],
    [
      583.875,
      437.625
    ],
    [
      533.875,
      448.875
    ],
    [
      498.875,
      475.125
    ],
    [
      608.875,
      483.875
    ],
    [
      411.375,
      493.875
    ],
    [
      633.875,
      527.625
    ],
    [
      650.125,
      541.375
    ],
    [
      688.875,
      556.375
    ],
    [
      658.875,
      577.625
    ],
    [
      710.125,
      601.375
    ],
    [
      453.875,
      557.625
    ],
    [
      622.625,
      616.375
    ],
    [
      798.875,
      646.375
    ]
  ],
  "mpts3D": [
    [
      0.24300000071525574,
      -0.10400000214576721,
      0.0
    ],
    [
      0.20600000023841858,
      -0.07000000029802322,
      -0.0020000000949949026
    ],
    [
      0.20600000023841858,
      -0.054999999701976776,
      -0.0020000000949949026
    ],
    [
      -0.0,
      -0.02500000037252903,
      0.23999999463558197
    ],
    [
      0.21699999272823334,
      -0.0,
      -0.027000000700354576
    ],
    [
      0.23000000417232513,
      0.0,
      -0.07000000029802322
    ],
    [
      0.21699999272823334,
      -0.0,
      -0.07000000029802322
    ],
    [
      0.17000000178813934,
      -0.0,
      -0.014999999664723873
    ],
    [
      -0.0,
      -0.0,
      0.15600000321865082
    ],
    [
      -0.014000000432133675,
      0.0,
      0.15600000321865082
    ],
    [
      -0.01899999938905239,
      -0.0,
      0.12800000607967377
    ],
    [
      0.02500000037252903,
      -0.014000000432133675,
      -0.010999999940395355
    ],
    [
      0.0,
      0.0,
      0.041999999433755875
    ],
    [
      -0.07400000095367432,
      -0.0,
      0.12800000607967377
    ],
    [
      -0.014000000432133675,
      0.0,
      0.041999999433755875
    ],
    [
      0.02500000037252903,
      0.0,
      -0.014999999664723873
    ],
    [
      -0.07400000095367432,
      -0.0,
      0.07400000095367432
    ],
    [
      0.0,
      -0.0,
      -0.014999999664723873
    ],
    [
      -0.03500000014901161,
      -0.017999999225139618,
      -0.009999999776482582
    ],
    [
      -0.05700000002980232,
      -0.017999999225139618,
      -0.009999999776482582
    ],
    [
      -0.014000000432133675,
      0.0,
      -0.041999999433755875
    ],
    [
      -0.10000000149011612,
      -0.029999999329447746,
      0.0
    ],
    [
      -0.023000000044703484,
      0.0,
      -0.06499999761581421
    ],
    [
      -0.023000000044703484,
      -0.0,
      -0.07500000298023224
    ],
    [
      -0.017000000923871994,
      -0.0,
      -0.09200000017881393
    ],
    [
      -0.03700000047683716,
      -0.0,
      -0.09700000286102295
    ],
    [
      -0.028999999165534973,
      -0.0,
      -0.12700000405311584
    ],
    [
      -0.09000000357627869,
      -0.0,
      -0.014999999664723873
    ],
    [
      -0.052000001072883606,
      -0.0,
      -0.09700000286102295
    ],
    [
      -0.014000000432133675,
      0.0,
      -0.15600000321865082
    ]
  ],
  "mconf": [
    0.7501391768455505,
    0.9857422113418579,
    0.9552072286605835,
    0.29831063747406006,
    0.9709041714668274,
    0.5467196702957153,
    0.958233654499054,
    0.861240029335022,
    0.7859019637107849,
    0.9959316253662109,
    0.9981735944747925,
    0.9806153774261475,
    0.7979336380958557,
    0.9904425144195557,
    0.9875486493110657,
    0.9343262314796448,
    0.996366560459137,
    0.9510154128074646,
    0.994194507598877,
    0.9977157711982727,
    0.9965559244155884,
    0.9837491512298584,
    0.9956229329109192,
    0.9858831763267517,
    0.9988705515861511,
    0.9990867376327515,
    0.998236358165741,
    0.4616914987564087,
    0.9988975524902344,
    0.21180692315101624
  ],
  "coverage_score": 0.7772925846688996,
  "pose_estimation_failed": false,
  "tracking_method": "loosely_coupled",
  "kf_translation_vector": [
    -0.029386977020182184,
    0.057675902623179225,
    0.711936070502264
  ],
  "kf_quaternion": [
    0.35731180783737493,
    -0.42188103285353157,
    -0.08762591846551726,
    0.828653343993433
  ],
  "kf_rotation_matrix": [
    [
      0.6286761850630238,
      -0.1562631283684951,
      -0.7618058079636134
    ],
    [
      -0.4467091697962823,
      0.7292999407861227,
      -0.5182398228516159
    ],
    [
      0.636566706602316,
      0.6661106747995029,
      0.38868933219684854
    ]
  ],
  "position_diff": 0.026208054049140537,
  "orientation_diff": 6.565916985394322,
  "timestamp": 1741869672.4053211,
  "image_file": "webcam_000012"
}