{
  "frame": 50,
  "object_rotation_in_cam": [
    [
      0.6894509675449418,
      -0.13276030080953044,
      -0.7120618413314301
    ],
    [
      -0.4973854889179012,
      0.6278697126634168,
      -0.5986545743029605
    ],
    [
      0.5265596250808109,
      0.7669122025687958,
      0.3668523337609214
    ]
  ],
  "object_translation_in_cam": [
    0.01757380321818401,
    -0.023861738565871413,
    0.7239032547673665
  ],
  "raw_rvec": [
    0.8876844184659509,
    -0.8051638299449129,
    -0.23702399878641298
  ],
  "refined_raw_rvec": [
    0.8876844184659509,
    -0.8051638299449129,
    -0.23702399878641298
  ],
  "num_inliers": 14,
  "total_matches": 28,
  "inlier_ratio": 0.5,
  "reprojection_errors": [
    0.8277685046195984,
    0.7793654799461365,
    4.032814979553223,
    2.672881841659546,
    1.9347196817398071,
    1.6319016218185425,
    2.2005491256713867,
    3.688141107559204,
    0.7784419655799866,
    2.278120517730713,
    2.819268226623535,
    2.34700608253479,
    0.30403465032577515,
    1.26658034324646
  ],
  "mean_reprojection_error": 1.9686853885650635,
  "std_reprojection_error": 1.0770536661148071,
  "inliers": [
    5,
    8,
    9,
    10,
    11,
    12,
    14,
    15,
    16,
    17,
    18,
    21,
    22,
    27
  ],
  "mkpts0": [
    [
      727.625,
      143.875
    ],
    [
      656.375,
      171.375
    ],
    [
      745.125,
      201.375
    ],
    [
      805.125,
      212.625
    ],
    [
      793.875,
      220.125
    ],
    [
      835.125,
      225.125
    ],
    [
      425.125,
      242.625
    ],
    [
      413.875,
      248.875
    ],
    [
      436.375,
      260.125
    ],
    [
      478.875,
      281.375
    ],
    [
      590.125,
      283.875
    ],
    [
      522.625,
      286.375
    ],
    [
      386.375,
      288.875
    ],
    [
      350.125,
      290.125
    ],
    [
      511.375,
      292.625
    ],
    [
      597.625,
      297.625
    ],
    [
      430.125,
      311.375
    ],
    [
      575.125,
      312.625
    ],
    [
      540.125,
      313.875
    ],
    [
      518.875,
      327.625
    ],
    [
      586.375,
      330.125
    ],
    [
      602.625,
      347.625
    ],
    [
      611.375,
      352.625
    ],
    [
      636.375,
      357.625
    ],
    [
      617.625,
      368.875
    ],
    [
      650.125,
      376.375
    ],
    [
      595.125,
      388.875
    ],
    [
      702.625,
      391.375
    ]
  ],
  "mkpts1": [
    [
      938.875,
      20.125
    ],
    [
      835.125,
      28.875
    ],
    [
      940.125,
      111.375
    ],
    [
      1033.875,
      152.625
    ],
    [
      1018.875,
      162.625
    ],
    [
      1097.625,
      193.875
    ],
    [
      418.875,
      115.125
    ],
    [
      400.125,
      123.875
    ],
    [
      437.625,
      153.875
    ],
    [
      510.125,
      208.875
    ],
    [
      692.625,
      252.625
    ],
    [
      580.125,
      233.875
    ],
    [
      353.875,
      202.625
    ],
    [
      297.625,
      186.375
    ],
    [
      558.875,
      243.875
    ],
    [
      698.875,
      272.625
    ],
    [
      427.625,
      263.875
    ],
    [
      660.125,
      297.625
    ],
    [
      610.125,
      306.375
    ],
    [
      576.375,
      331.375
    ],
    [
      682.625,
      341.375
    ],
    [
      707.625,
      382.625
    ],
    [
      722.625,
      397.625
    ],
    [
      762.625,
      412.625
    ],
    [
      732.625,
      431.375
    ],
    [
      782.625,
      455.125
    ],
    [
      697.625,
      466.375
    ],
    [
      868.875,
      498.875
    ]
  ],
  "mpts3D": [
    [
      0.20600000023841858,
      -0.054999999701976776,
      -0.0020000000949949026
    ],
    [
      0.21699999272823334,
      0.0,
      0.07000000029802322
    ],
    [
      0.21699999272823334,
      -0.0,
      -0.027000000700354576
    ],
    [
      0.23000000417232513,
      0.0,
      -0.07000000029802322
    ],
    [
      0.21699999272823334,
      -0.0,
      -0.07000000029802322
    ],
    [
      0.23000000417232513,
      -0.0,
      -0.11299999803304672
    ],
    [
      -0.0,
      -0.0,
      0.15600000321865082
    ],
    [
      -0.014000000432133675,
      0.0,
      0.15600000321865082
    ],
    [
      -0.01899999938905239,
      -0.0,
      0.12800000607967377
    ],
    [
      -0.01899999938905239,
      -0.0,
      0.07400000095367432
    ],
    [
      0.02500000037252903,
      -0.014000000432133675,
      -0.010999999940395355
    ],
    [
      0.0,
      0.0,
      0.041999999433755875
    ],
    [
      -0.07400000095367432,
      -0.0,
      0.12800000607967377
    ],
    [
      -0.07999999821186066,
      -0.0,
      0.15600000321865082
    ],
    [
      -0.014000000432133675,
      0.0,
      0.041999999433755875
    ],
    [
      0.02500000037252903,
      0.0,
      -0.014999999664723873
    ],
    [
      -0.07400000095367432,
      -0.0,
      0.07400000095367432
    ],
    [
      0.0,
      -0.0,
      -0.014999999664723873
    ],
    [
      -0.03500000014901161,
      -0.017999999225139618,
      -0.009999999776482582
    ],
    [
      -0.05700000002980232,
      -0.017999999225139618,
      -0.009999999776482582
    ],
    [
      -0.014000000432133675,
      0.0,
      -0.041999999433755875
    ],
    [
      -0.023000000044703484,
      0.0,
      -0.06499999761581421
    ],
    [
      -0.023000000044703484,
      -0.0,
      -0.07500000298023224
    ],
    [
      -0.017000000923871994,
      -0.0,
      -0.09200000017881393
    ],
    [
      -0.03700000047683716,
      -0.0,
      -0.09700000286102295
    ],
    [
      -0.028999999165534973,
      -0.0,
      -0.12700000405311584
    ],
    [
      -0.052000001072883606,
      -0.0,
      -0.09700000286102295
    ],
    [
      -0.014000000432133675,
      0.0,
      -0.15600000321865082
    ]
  ],
  "mconf": [
    0.9435968995094299,
    0.4385015666484833,
    0.9546700119972229,
    0.7789976000785828,
    0.9968104958534241,
    0.30548346042633057,
    0.9444258809089661,
    0.9937348365783691,
    0.99673992395401,
    0.9789612889289856,
    0.9713372588157654,
    0.8893142342567444,
    0.9957801103591919,
    0.49553775787353516,
    0.9881513714790344,
    0.9104151725769043,
    0.9990828633308411,
    0.9224725961685181,
    0.9898365139961243,
    0.997709333896637,
    0.9984723925590515,
    0.999470591545105,
    0.9967706203460693,
    0.9997393488883972,
    0.9998074173927307,
    0.9995273947715759,
    0.9985024929046631,
    0.40192002058029175
  ],
  "coverage_score": 0.7772925846688998,
  "pose_estimation_failed": false,
  "tracking_method": "loosely_coupled",
  "kf_translation_vector": [
    -0.00808405504239201,
    -0.014425593957723028,
    0.6570569113318033
  ],
  "kf_quaternion": [
    0.44988791677210765,
    -0.5216640588824971,
    -0.08934279205139023,
    0.7193645372974358
  ],
  "kf_rotation_matrix": [
    [
      0.43976895035740127,
      -0.3408406408812388,
      -0.8309217338746269
    ],
    [
      -0.5979207859408762,
      0.5792374557018304,
      -0.5540529791021028
    ],
    [
      0.6701447634962125,
      0.7404806732357953,
      0.050934944025383455
    ]
  ],
  "position_diff": 0.07344850629408338,
  "orientation_diff": 20.595429018034984,
  "timestamp": 1741869677.5052037,
  "image_file": "webcam_000050"
}