{
  "frame": 54,
  "object_rotation_in_cam": [
    [
      0.3785665782670885,
      -0.2399119593814859,
      -0.8939404888273519
    ],
    [
      -0.4545437238491361,
      0.7931456932102958,
      -0.4053515911542966
    ],
    [
      0.8062737431719509,
      0.5597876035495034,
      0.19120797573269624
    ]
  ],
  "object_translation_in_cam": [
    -0.04162352292059562,
    0.011966506419717263,
    0.7185554756603316
  ],
  "raw_rvec": [
    0.6812738856266929,
    -1.200149742739909,
    -0.15150458810520576
  ],
  "refined_raw_rvec": [
    0.6812738856266929,
    -1.200149742739909,
    -0.15150458810520576
  ],
  "num_inliers": 13,
  "total_matches": 30,
  "inlier_ratio": 0.43333333333333335,
  "reprojection_errors": [
    2.1227569580078125,
    1.8731461763381958,
    2.859962224960327,
    2.034677743911743,
    2.8210413455963135,
    3.0223608016967773,
    2.5708298683166504,
    2.2404820919036865,
    2.459848165512085,
    2.9540388584136963,
    2.319923162460327,
    2.1842591762542725,
    2.7265539169311523
  ],
  "mean_reprojection_error": 2.476144552230835,
  "std_reprojection_error": 0.36304932832717896,
  "inliers": [
    2,
    3,
    7,
    8,
    9,
    13,
    16,
    18,
    19,
    20,
    22,
    23,
    24
  ],
  "mkpts0": [
    [
      751.375,
      76.375
    ],
    [
      636.375,
      157.625
    ],
    [
      663.875,
      165.125
    ],
    [
      656.375,
      171.375
    ],
    [
      356.375,
      195.125
    ],
    [
      745.125,
      201.375
    ],
    [
      793.875,
      220.125
    ],
    [
      705.125,
      223.875
    ],
    [
      425.125,
      242.625
    ],
    [
      413.875,
      248.875
    ],
    [
      436.375,
      260.125
    ],
    [
      478.875,
      281.375
    ],
    [
      590.125,
      283.875
    ],
    [
      522.625,
      286.375
    ],
    [
      386.375,
      288.875
    ],
    [
      511.375,
      292.625
    ],
    [
      597.625,
      297.625
    ],
    [
      430.125,
      311.375
    ],
    [
      575.125,
      312.625
    ],
    [
      540.125,
      313.875
    ],
    [
      518.875,
      327.625
    ],
    [
      586.375,
      330.125
    ],
    [
      602.625,
      347.625
    ],
    [
      611.375,
      352.625
    ],
    [
      636.375,
      357.625
    ],
    [
      617.625,
      368.875
    ],
    [
      650.125,
      376.375
    ],
    [
      715.125,
      383.875
    ],
    [
      595.125,
      388.875
    ],
    [
      702.625,
      391.375
    ]
  ],
  "mkpts1": [
    [
      751.375,
      23.875
    ],
    [
      530.125,
      115.125
    ],
    [
      575.125,
      136.375
    ],
    [
      568.875,
      141.375
    ],
    [
      103.875,
      130.125
    ],
    [
      716.375,
      205.125
    ],
    [
      797.625,
      241.375
    ],
    [
      667.625,
      230.125
    ],
    [
      243.875,
      228.875
    ],
    [
      230.125,
      236.375
    ],
    [
      280.125,
      261.375
    ],
    [
      372.625,
      301.375
    ],
    [
      563.875,
      321.375
    ],
    [
      447.625,
      317.625
    ],
    [
      212.625,
      306.375
    ],
    [
      432.625,
      327.625
    ],
    [
      570.125,
      341.375
    ],
    [
      310.125,
      353.875
    ],
    [
      545.125,
      366.375
    ],
    [
      513.875,
      368.875
    ],
    [
      491.375,
      391.375
    ],
    [
      582.625,
      398.875
    ],
    [
      620.125,
      430.125
    ],
    [
      640.125,
      438.875
    ],
    [
      680.125,
      450.125
    ],
    [
      661.375,
      467.625
    ],
    [
      715.125,
      482.625
    ],
    [
      808.875,
      496.375
    ],
    [
      642.625,
      500.125
    ],
    [
      800.125,
      510.125
    ]
  ],
  "mpts3D": [
    [
      0.24300000071525574,
      -0.10400000214576721,
      0.0
    ],
    [
      0.23000000417232513,
      -0.0,
      0.11299999803304672
    ],
    [
      0.23000000417232513,
      -0.0,
      0.07000000029802322
    ],
    [
      0.21699999272823334,
      0.0,
      0.07000000029802322
    ],
    [
      -0.0,
      -0.02500000037252903,
      0.23999999463558197
    ],
    [
      0.21699999272823334,
      -0.0,
      -0.027000000700354576
    ],
    [
      0.21699999272823334,
      -0.0,
      -0.07000000029802322
    ],
    [
      0.17000000178813934,
      -0.0,
      -0.014999999664723873
    ],
    [
      -0.0,
      -0.0,
      0.15600000321865082
    ],
    [
      -0.014000000432133675,
      0.0,
      0.15600000321865082
    ],
    [
      -0.01899999938905239,
      -0.0,
      0.12800000607967377
    ],
    [
      -0.01899999938905239,
      -0.0,
      0.07400000095367432
    ],
    [
      0.02500000037252903,
      -0.014000000432133675,
      -0.010999999940395355
    ],
    [
      0.0,
      0.0,
      0.041999999433755875
    ],
    [
      -0.07400000095367432,
      -0.0,
      0.12800000607967377
    ],
    [
      -0.014000000432133675,
      0.0,
      0.041999999433755875
    ],
    [
      0.02500000037252903,
      0.0,
      -0.014999999664723873
    ],
    [
      -0.07400000095367432,
      -0.0,
      0.07400000095367432
    ],
    [
      0.0,
      -0.0,
      -0.014999999664723873
    ],
    [
      -0.03500000014901161,
      -0.017999999225139618,
      -0.009999999776482582
    ],
    [
      -0.05700000002980232,
      -0.017999999225139618,
      -0.009999999776482582
    ],
    [
      -0.014000000432133675,
      0.0,
      -0.041999999433755875
    ],
    [
      -0.023000000044703484,
      0.0,
      -0.06499999761581421
    ],
    [
      -0.023000000044703484,
      -0.0,
      -0.07500000298023224
    ],
    [
      -0.017000000923871994,
      -0.0,
      -0.09200000017881393
    ],
    [
      -0.03700000047683716,
      -0.0,
      -0.09700000286102295
    ],
    [
      -0.028999999165534973,
      -0.0,
      -0.12700000405311584
    ],
    [
      0.0,
      0.0,
      -0.15600000321865082
    ],
    [
      -0.052000001072883606,
      -0.0,
      -0.09700000286102295
    ],
    [
      -0.014000000432133675,
      0.0,
      -0.15600000321865082
    ]
  ],
  "mconf": [
    0.47171708941459656,
    0.47485849261283875,
    0.12496474385261536,
    0.7955818772315979,
    0.9666884541511536,
    0.7191393971443176,
    0.4847099184989929,
    0.868407130241394,
    0.8517510890960693,
    0.9963957667350769,
    0.9903259873390198,
    0.9990766644477844,
    0.9689018130302429,
    0.6318373084068298,
    0.9949957132339478,
    0.9626560807228088,
    0.969724714756012,
    0.9995130300521851,
    0.9889980554580688,
    0.9963082075119019,
    0.9970241785049438,
    0.9985264539718628,
    0.9961727857589722,
    0.999377965927124,
    0.9998757839202881,
    0.9998134970664978,
    0.9994221925735474,
    0.9941033124923706,
    0.9997109770774841,
    0.9996234774589539
  ],
  "coverage_score": 0.8804820237218407,
  "pose_estimation_failed": false,
  "tracking_method": "loosely_coupled",
  "kf_translation_vector": [
    -0.027013515788413787,
    -0.034275668644558055,
    0.7296282315235576
  ],
  "kf_quaternion": [
    0.45637182435098234,
    -0.46937429980120554,
    -0.11406268444254838,
    0.747263158895475
  ],
  "kf_rotation_matrix": [
    [
      0.5333549414077753,
      -0.25794872723020923,
      -0.8056022347264336
    ],
    [
      -0.5988880947847551,
      0.5574289239126315,
      -0.5749835169034778
    ],
    [
      0.5973822531687687,
      0.7891358874781458,
      0.14282504924936834
    ]
  ],
  "position_diff": 0.052403498888910036,
  "orientation_diff": 19.776226763440913,
  "timestamp": 1741869614.3147357,
  "image_file": "webcam_000054"
}