{
  "frame": 5,
  "kf_translation_vector": [
    -0.0008389159070622259,
    -0.03180074994695081,
    0.5932355866103225
  ],
  "kf_quaternion": [
    0.45959865186521004,
    -0.41285712865679797,
    -0.0973446595665414,
    0.7802833381373845
  ],
  "kf_rotation_matrix": [
    [
      0.6401460171422766,
      -0.22758432765435546,
      -0.7337700256504044
    ],
    [
      -0.5314099913200683,
      0.5585861929151112,
      -0.6368554672842239
    ],
    [
      0.5548121284381634,
      0.797613213839087,
      0.23663614104189135
    ]
  ],
  "pose_estimation_failed": false,
  "num_correspondences": 3,
  "tracking_method": "tracking",
  "avg_reprojection_error": 1.842165191968282,
  "timestamp": 1741869937.0041647,
  "image_file": "webcam_000005"
}