{
  "frame": 190,
  "object_rotation_in_cam": [
    [
      0.618496995603729,
      -0.18054938361921155,
      -0.7647636147881797
    ],
    [
      -0.541517236633461,
      0.6073065466923846,
      -0.5813242131319066
    ],
    [
      0.5694036782968835,
      0.7736799586516979,
      0.2778466712463656
    ]
  ],
  "object_translation_in_cam": [
    0.03192797809732586,
    -0.030371631233077612,
    0.6986534157392718
  ],
  "raw_rvec": [
    0.9214446273791914,
    -0.9072749072204339,
    -0.24546927289438653
  ],
  "refined_raw_rvec": [
    0.9214446273791914,
    -0.9072749072204339,
    -0.24546927289438653
  ],
  "num_inliers": 15,
  "total_matches": 21,
  "inlier_ratio": 0.7142857142857143,
  "reprojection_errors": [
    0.4893336594104767,
    1.0520665645599365,
    1.8929191827774048,
    3.4296722412109375,
    3.2344017028808594,
    0.8498497009277344,
    1.319883108139038,
    3.1327736377716064,
    2.8337793350219727,
    2.23590087890625,
    2.1252706050872803,
    3.5150299072265625,
    3.273204803466797,
    1.7832131385803223,
    3.294440269470215
  ],
  "mean_reprojection_error": 2.2974493503570557,
  "std_reprojection_error": 0.9968876838684082,
  "inliers": [
    0,
    1,
    4,
    5,
    7,
    8,
    9,
    10,
    11,
    12,
    13,
    14,
    15,
    16,
    17
  ],
  "mkpts0": [
    [
      745.125,
      201.375
    ],
    [
      705.125,
      223.875
    ],
    [
      425.125,
      242.625
    ],
    [
      413.875,
      248.875
    ],
    [
      436.375,
      260.125
    ],
    [
      478.875,
      281.375
    ],
    [
      590.125,
      283.875
    ],
    [
      522.625,
      286.375
    ],
    [
      386.375,
      288.875
    ],
    [
      511.375,
      292.625
    ],
    [
      597.625,
      297.625
    ],
    [
      430.125,
      311.375
    ],
    [
      575.125,
      312.625
    ],
    [
      540.125,
      313.875
    ],
    [
      518.875,
      327.625
    ],
    [
      586.375,
      330.125
    ],
    [
      602.625,
      347.625
    ],
    [
      611.375,
      352.625
    ],
    [
      636.375,
      357.625
    ],
    [
      617.625,
      368.875
    ],
    [
      595.125,
      388.875
    ]
  ],
  "mkpts1": [
    [
      942.625,
      88.875
    ],
    [
      877.625,
      118.875
    ],
    [
      421.375,
      98.875
    ],
    [
      403.875,
      107.625
    ],
    [
      447.625,
      138.875
    ],
    [
      530.125,
      195.125
    ],
    [
      723.875,
      236.375
    ],
    [
      602.625,
      218.875
    ],
    [
      367.625,
      191.375
    ],
    [
      585.125,
      230.125
    ],
    [
      728.875,
      257.625
    ],
    [
      452.625,
      253.875
    ],
    [
      693.875,
      283.875
    ],
    [
      650.125,
      293.875
    ],
    [
      618.875,
      320.125
    ],
    [
      723.875,
      328.875
    ],
    [
      753.875,
      371.375
    ],
    [
      772.625,
      386.375
    ],
    [
      813.875,
      400.125
    ],
    [
      786.375,
      420.125
    ],
    [
      755.125,
      458.875
    ]
  ],
  "mpts3D": [
    [
      0.21699999272823334,
      -0.0,
      -0.027000000700354576
    ],
    [
      0.17000000178813934,
      -0.0,
      -0.014999999664723873
    ],
    [
      -0.0,
      -0.0,
      0.15600000321865082
    ],
    [
      -0.014000000432133675,
      0.0,
      0.15600000321865082
    ],
    [
      -0.01899999938905239,
      -0.0,
      0.12800000607967377
    ],
    [
      -0.01899999938905239,
      -0.0,
      0.07400000095367432
    ],
    [
      0.02500000037252903,
      -0.014000000432133675,
      -0.010999999940395355
    ],
    [
      0.0,
      0.0,
      0.041999999433755875
    ],
    [
      -0.07400000095367432,
      -0.0,
      0.12800000607967377
    ],
    [
      -0.014000000432133675,
      0.0,
      0.041999999433755875
    ],
    [
      0.02500000037252903,
      0.0,
      -0.014999999664723873
    ],
    [
      -0.07400000095367432,
      -0.0,
      0.07400000095367432
    ],
    [
      0.0,
      -0.0,
      -0.014999999664723873
    ],
    [
      -0.03500000014901161,
      -0.017999999225139618,
      -0.009999999776482582
    ],
    [
      -0.05700000002980232,
      -0.017999999225139618,
      -0.009999999776482582
    ],
    [
      -0.014000000432133675,
      0.0,
      -0.041999999433755875
    ],
    [
      -0.023000000044703484,
      0.0,
      -0.06499999761581421
    ],
    [
      -0.023000000044703484,
      -0.0,
      -0.07500000298023224
    ],
    [
      -0.017000000923871994,
      -0.0,
      -0.09200000017881393
    ],
    [
      -0.03700000047683716,
      -0.0,
      -0.09700000286102295
    ],
    [
      -0.052000001072883606,
      -0.0,
      -0.09700000286102295
    ]
  ],
  "mconf": [
    0.9723474383354187,
    0.9525940418243408,
    0.9607644081115723,
    0.9962371587753296,
    0.9978423714637756,
    0.9973708391189575,
    0.8169127106666565,
    0.7592271566390991,
    0.9943984150886536,
    0.9217715859413147,
    0.932589590549469,
    0.9993932843208313,
    0.8794021010398865,
    0.9738612174987793,
    0.9978805184364319,
    0.9912599325180054,
    0.9960201978683472,
    0.9957101941108704,
    0.9992567896842957,
    0.9993218183517456,
    0.9995205998420715
  ],
  "coverage_score": 0.7742903032614272,
  "pose_estimation_failed": false,
  "tracking_method": "loosely_coupled",
  "kf_translation_vector": [
    0.024728576072671926,
    -0.0276536683169487,
    0.7808063290284228
  ],
  "kf_quaternion": [
    0.39883739439746935,
    -0.4447481518477034,
    -0.16101632244613734,
    0.7856217653325366
  ],
  "kf_rotation_matrix": [
    [
      0.5525456506679474,
      -0.10176853311708145,
      -0.8272463173657119
    ],
    [
      -0.6077602430670308,
      0.630004953472318,
      -0.48344725208387107
    ],
    [
      0.5703689953661912,
      0.7698940993848049,
      0.28625562851657926
    ]
  ],
  "position_diff": 0.08629474739753495,
  "orientation_diff": 6.833830356757798,
  "timestamp": 1741869961.9797392,
  "image_file": "webcam_000190"
}