{
  "frame": 40,
  "object_rotation_in_cam": [
    [
      0.6236035138508454,
      -0.19960356074411184,
      -0.7558287346027207
    ],
    [
      -0.4650236432051726,
      0.6824709148393016,
      -0.563902883179892
    ],
    [
      0.628388151362728,
      0.7031300512257161,
      0.3327708855808378
    ]
  ],
  "object_translation_in_cam": [
    -0.009132864743989695,
    0.014799389484565051,
    0.7230126892311264
  ],
  "raw_rvec": [
    0.8327839561967822,
    -0.9098055648170483,
    -0.17445291304104238
  ],
  "refined_raw_rvec": [
    0.8327839561967822,
    -0.9098055648170483,
    -0.17445291304104238
  ],
  "num_inliers": 16,
  "total_matches": 32,
  "inlier_ratio": 0.5,
  "reprojection_errors": [
    1.832844614982605,
    2.3271853923797607,
    1.0443780422210693,
    3.612703800201416,
    2.1614573001861572,
    1.1429944038391113,
    3.2003142833709717,
    3.347890615463257,
    2.9941840171813965,
    2.2770774364471436,
    2.7450151443481445,
    3.6557695865631104,
    1.9867920875549316,
    1.0075229406356812,
    3.7265493869781494,
    1.659472107887268
  ],
  "mean_reprojection_error": 2.4201345443725586,
  "std_reprojection_error": 0.9112769961357117,
  "inliers": [
    7,
    10,
    14,
    16,
    17,
    18,
    19,
    20,
    21,
    22,
    23,
    24,
    25,
    26,
    27,
    31
  ],
  "mkpts0": [
    [
      751.375,
      76.375
    ],
    [
      727.625,
      126.375
    ],
    [
      727.625,
      143.875
    ],
    [
      636.375,
      157.625
    ],
    [
      663.875,
      165.125
    ],
    [
      656.375,
      171.375
    ],
    [
      356.375,
      195.125
    ],
    [
      745.125,
      201.375
    ],
    [
      805.125,
      212.625
    ],
    [
      793.875,
      220.125
    ],
    [
      705.125,
      223.875
    ],
    [
      835.125,
      225.125
    ],
    [
      425.125,
      242.625
    ],
    [
      413.875,
      248.875
    ],
    [
      436.375,
      260.125
    ],
    [
      590.125,
      283.875
    ],
    [
      522.625,
      286.375
    ],
    [
      386.375,
      288.875
    ],
    [
      511.375,
      292.625
    ],
    [
      597.625,
      297.625
    ],
    [
      430.125,
      311.375
    ],
    [
      575.125,
      312.625
    ],
    [
      540.125,
      313.875
    ],
    [
      518.875,
      327.625
    ],
    [
      586.375,
      330.125
    ],
    [
      602.625,
      347.625
    ],
    [
      611.375,
      352.625
    ],
    [
      636.375,
      357.625
    ],
    [
      617.625,
      368.875
    ],
    [
      650.125,
      376.375
    ],
    [
      595.125,
      388.875
    ],
    [
      702.625,
      391.375
    ]
  ],
  "mkpts1": [
    [
      912.625,
      22.625
    ],
    [
      866.375,
      96.375
    ],
    [
      858.875,
      117.625
    ],
    [
      688.875,
      86.375
    ],
    [
      728.875,
      111.375
    ],
    [
      717.625,
      120.125
    ],
    [
      240.125,
      86.375
    ],
    [
      857.625,
      206.375
    ],
    [
      948.875,
      246.375
    ],
    [
      935.125,
      255.125
    ],
    [
      793.875,
      230.125
    ],
    [
      996.375,
      272.625
    ],
    [
      352.625,
      197.625
    ],
    [
      336.375,
      205.125
    ],
    [
      375.125,
      235.125
    ],
    [
      636.375,
      332.625
    ],
    [
      521.375,
      313.875
    ],
    [
      293.875,
      280.125
    ],
    [
      503.875,
      323.875
    ],
    [
      642.625,
      353.875
    ],
    [
      372.625,
      341.375
    ],
    [
      606.375,
      376.375
    ],
    [
      561.375,
      382.625
    ],
    [
      530.125,
      406.375
    ],
    [
      632.625,
      418.875
    ],
    [
      660.125,
      458.875
    ],
    [
      676.375,
      472.625
    ],
    [
      715.125,
      487.625
    ],
    [
      687.625,
      505.125
    ],
    [
      740.125,
      528.875
    ],
    [
      656.375,
      540.125
    ],
    [
      825.125,
      571.375
    ]
  ],
  "mpts3D": [
    [
      0.24300000071525574,
      -0.10400000214576721,
      0.0
    ],
    [
      0.20600000023841858,
      -0.07000000029802322,
      -0.0020000000949949026
    ],
    [
      0.20600000023841858,
      -0.054999999701976776,
      -0.0020000000949949026
    ],
    [
      0.23000000417232513,
      -0.0,
      0.11299999803304672
    ],
    [
      0.23000000417232513,
      -0.0,
      0.07000000029802322
    ],
    [
      0.21699999272823334,
      0.0,
      0.07000000029802322
    ],
    [
      -0.0,
      -0.02500000037252903,
      0.23999999463558197
    ],
    [
      0.21699999272823334,
      -0.0,
      -0.027000000700354576
    ],
    [
      0.23000000417232513,
      0.0,
      -0.07000000029802322
    ],
    [
      0.21699999272823334,
      -0.0,
      -0.07000000029802322
    ],
    [
      0.17000000178813934,
      -0.0,
      -0.014999999664723873
    ],
    [
      0.23000000417232513,
      -0.0,
      -0.11299999803304672
    ],
    [
      -0.0,
      -0.0,
      0.15600000321865082
    ],
    [
      -0.014000000432133675,
      0.0,
      0.15600000321865082
    ],
    [
      -0.01899999938905239,
      -0.0,
      0.12800000607967377
    ],
    [
      0.02500000037252903,
      -0.014000000432133675,
      -0.010999999940395355
    ],
    [
      0.0,
      0.0,
      0.041999999433755875
    ],
    [
      -0.07400000095367432,
      -0.0,
      0.12800000607967377
    ],
    [
      -0.014000000432133675,
      0.0,
      0.041999999433755875
    ],
    [
      0.02500000037252903,
      0.0,
      -0.014999999664723873
    ],
    [
      -0.07400000095367432,
      -0.0,
      0.07400000095367432
    ],
    [
      0.0,
      -0.0,
      -0.014999999664723873
    ],
    [
      -0.03500000014901161,
      -0.017999999225139618,
      -0.009999999776482582
    ],
    [
      -0.05700000002980232,
      -0.017999999225139618,
      -0.009999999776482582
    ],
    [
      -0.014000000432133675,
      0.0,
      -0.041999999433755875
    ],
    [
      -0.023000000044703484,
      0.0,
      -0.06499999761581421
    ],
    [
      -0.023000000044703484,
      -0.0,
      -0.07500000298023224
    ],
    [
      -0.017000000923871994,
      -0.0,
      -0.09200000017881393
    ],
    [
      -0.03700000047683716,
      -0.0,
      -0.09700000286102295
    ],
    [
      -0.028999999165534973,
      -0.0,
      -0.12700000405311584
    ],
    [
      -0.052000001072883606,
      -0.0,
      -0.09700000286102295
    ],
    [
      -0.014000000432133675,
      0.0,
      -0.15600000321865082
    ]
  ],
  "mconf": [
    0.8515281677246094,
    0.9921565055847168,
    0.8596482276916504,
    0.8307240009307861,
    0.9402109384536743,
    0.9896129369735718,
    0.8413615822792053,
    0.8683686256408691,
    0.8548896312713623,
    0.9979455471038818,
    0.3380480408668518,
    0.5618897676467896,
    0.8134868741035461,
    0.9886475205421448,
    0.9898321032524109,
    0.9691706895828247,
    0.210793137550354,
    0.983597457408905,
    0.6523678302764893,
    0.957710325717926,
    0.9929764866828918,
    0.9331560730934143,
    0.9943021535873413,
    0.9978356957435608,
    0.9974620938301086,
    0.9937430620193481,
    0.9935551881790161,
    0.9986515045166016,
    0.9975239634513855,
    0.9967235326766968,
    0.9975356459617615,
    0.45792266726493835
  ],
  "coverage_score": 0.746307034008563,
  "pose_estimation_failed": false,
  "tracking_method": "loosely_coupled",
  "kf_translation_vector": [
    0.014558433884423218,
    -0.03357852647015955,
    0.7040174424931932
  ],
  "kf_quaternion": [
    0.45944923722758685,
    -0.41183845499153215,
    -0.09761758125590601,
    0.7808753378298761
  ],