{
  "frame": 204,
  "object_rotation_in_cam": [
    [
      0.604182242285457,
      -0.09472983747573696,
      -0.7911953462949194
    ],
    [
      -0.45112150162119524,
      0.7778048090687859,
      -0.4376174925257297
    ],
    [
      0.6568509792045337,
      0.6213259505938002,
      0.42720118707320476
    ]
  ],
  "object_translation_in_cam": [
    -0.04404160699675225,
    -0.014005496140757509,
    0.6870449755184476
  ],
  "raw_rvec": [
    0.668289977911313,
    -0.9138494158213085,
    -0.2249156731712821
  ],
  "refined_raw_rvec": [
    0.668289977911313,
    -0.9138494158213085,
    -0.2249156731712821
  ],
  "num_inliers": 12,
  "total_matches": 30,
  "inlier_ratio": 0.4,
  "reprojection_errors": [
    2.6858537197113037,
    3.034716844558716,
    2.1746299266815186,
    1.8866676092147827,
    2.2323546409606934,
    3.4004642963409424,
    0.3021875023841858,
    2.351853609085083,
    2.9527597427368164,
    0.9359452724456787,
    0.39768585562705994,
    2.9207396507263184
  ],
  "mean_reprojection_error": 2.1063215732574463,
  "std_reprojection_error": 0.9968916773796082,
  "inliers": [
    0,
    1,
    7,
    8,
    11,
    13,
    16,
    17,
    22,
    23,
    24,
    25
  ],
  "mkpts0": [
    [
      727.625,
      126.375
    ],
    [
      727.625,
      143.875
    ],
    [
      636.375,
      157.625
    ],
    [
      663.875,
      165.125
    ],
    [
      656.375,
      171.375
    ],
    [
      356.375,
      195.125
    ],
    [
      745.125,
      201.375
    ],
    [
      805.125,
      212.625
    ],
    [
      793.875,
      220.125
    ],
    [
      425.125,
      242.625
    ],
    [
      413.875,
      248.875
    ],
    [
      436.375,
      260.125
    ],
    [
      590.125,
      283.875
    ],
    [
      522.625,
      286.375
    ],
    [
      386.375,
      288.875
    ],
    [
      350.125,
      290.125
    ],
    [
      511.375,
      292.625
    ],
    [
      597.625,
      297.625
    ],
    [
      430.125,
      311.375
    ],
    [
      575.125,
      312.625
    ],
    [
      540.125,
      313.875
    ],
    [
      518.875,
      327.625
    ],
    [
      586.375,
      330.125
    ],
    [
      602.625,
      347.625
    ],
    [
      611.375,
      352.625
    ],
    [
      636.375,
      357.625
    ],
    [
      617.625,
      368.875
    ],
    [
      650.125,
      376.375
    ],
    [
      496.375,
      377.625
    ],
    [
      595.125,
      388.875
    ]
  ],
  "mkpts1": [
    [
      772.625,
      25.125
    ],
    [
      768.875,
      51.375
    ],
    [
      601.375,
      55.125
    ],
    [
      645.125,
      75.125
    ],
    [
      635.125,
      82.625
    ],
    [
      143.875,
      80.125
    ],
    [
      780.125,
      145.125
    ],
    [
      873.875,
      172.625
    ],
    [
      862.625,
      181.375
    ],
    [
      265.125,
      173.875
    ],
    [
      246.375,
      181.375
    ],
    [
      288.875,
      205.125
    ],
    [
      560.125,
      270.125
    ],
    [
      441.375,
      263.875
    ],
    [
      205.125,
      251.375
    ],
    [
      142.625,
      242.625
    ],
    [
      423.875,
      273.875
    ],
    [
      567.625,
      291.375
    ],
    [
      287.625,
      298.875
    ],
    [
      531.375,
      313.875
    ],
    [
      483.875,
      317.625
    ],
    [
      451.375,
      341.375
    ],
    [
      560.125,
      350.125
    ],
    [
      590.125,
      383.875
    ],
    [
      607.625,
      395.125
    ],
    [
      650.125,
      406.375
    ],
    [
      622.625,
      425.125
    ],
    [
      676.375,
      442.625
    ],
    [
      411.375,
      427.625
    ],
    [
      590.125,
      458.875
    ]
  ],
  "mpts3D": [
    [
      0.20600000023841858,
      -0.07000000029802322,
      -0.0020000000949949026
    ],
    [
      0.20600000023841858,
      -0.054999999701976776,
      -0.0020000000949949026
    ],
    [
      0.23000000417232513,
      -0.0,
      0.11299999803304672
    ],
    [
      0.23000000417232513,
      -0.0,
      0.07000000029802322
    ],
    [
      0.21699999272823334,
      0.0,
      0.07000000029802322
    ],
    [
      -0.0,
      -0.02500000037252903,
      0.23999999463558197
    ],
    [
      0.21699999272823334,
      -0.0,
      -0.027000000700354576
    ],
    [
      0.23000000417232513,
      0.0,
      -0.07000000029802322
    ],
    [
      0.21699999272823334,
      -0.0,
      -0.07000000029802322
    ],
    [
      -0.0,
      -0.0,
      0.15600000321865082
    ],
    [
      -0.014000000432133675,
      0.0,
      0.15600000321865082
    ],
    [
      -0.01899999938905239,
      -0.0,
      0.12800000607967377
    ],
    [
      0.02500000037252903,
      -0.014000000432133675,
      -0.010999999940395355
    ],
    [
      0.0,
      0.0,
      0.041999999433755875
    ],
    [
      -0.07400000095367432,
      -0.0,
      0.12800000607967377
    ],
    [
      -0.07999999821186066,
      -0.0,
      0.15600000321865082
    ],
    [
      -0.014000000432133675,
      0.0,
      0.041999999433755875
    ],
    [
      0.02500000037252903,
      0.0,
      -0.014999999664723873
    ],
    [
      -0.07400000095367432,
      -0.0,
      0.07400000095367432
    ],
    [
      0.0,
      -0.0,
      -0.014999999664723873
    ],
    [
      -0.03500000014901161,
      -0.017999999225139618,
      -0.009999999776482582
    ],
    [
      -0.05700000002980232,
      -0.017999999225139618,
      -0.009999999776482582
    ],
    [
      -0.014000000432133675,
      0.0,
      -0.041999999433755875
    ],
    [
      -0.023000000044703484,
      0.0,
      -0.06499999761581421
    ],
    [
      -0.023000000044703484,
      -0.0,
      -0.07500000298023224
    ],
    [
      -0.017000000923871994,
      -0.0,
      -0.09200000017881393
    ],
    [
      -0.03700000047683716,
      -0.0,
      -0.09700000286102295
    ],
    [
      -0.028999999165534973,
      -0.0,
      -0.12700000405311584
    ],
    [
      -0.09000000357627869,
      -0.0,
      -0.014999999664723873
    ],
    [
      -0.052000001072883606,
      -0.0,
      -0.09700000286102295
    ]
  ],
  "mconf": [
    0.9965261220932007,
    0.9951568245887756,
    0.9645239114761353,
    0.9056704640388489,
    0.9880533814430237,
    0.9682409167289734,
    0.986295759677887,
    0.4018518328666687,
    0.9956003427505493,
    0.9791443347930908,
    0.9985236525535583,
    0.9994981288909912,
    0.9853130578994751,
    0.9931479096412659,
    0.9987435340881348,
    0.15121152997016907,
    0.9982399940490723,
    0.9660335183143616,
    0.999530553817749,
    0.9594327211380005,
    0.9954447150230408,
    0.9995623826980591,
    0.998584508895874,
    0.9979122877120972,
    0.9995200037956238,
    0.999799907207489,
    0.9997965693473816,
    0.999565064907074,
    0.9065163135528564,
    0.9996887445449829
  ],
  "coverage_score": 0.7474594241169754,
  "pose_estimation_failed": false,
  "tracking_method": "loosely_coupled",
  "kf_translation_vector": [
    -0.038724624794397734,
    -0.018884073384452235,
    0.7031423304357647
  ],
  "kf_quaternion": [
    0.44813284326904623,
    -0.47130703064389484,
    -0.1305664273406574,
    0.7483308397364978
  ],
  "kf_rotation_matrix": [
    [
      0.5216441818342632,
      -0.22700255096382302,
      -0.8224093806702225
    ],
    [
      -0.6178300878167373,
      0.5642587256701945,
      -0.5476295034906453
    ],
    [
      0.588364963391622,
      0.7937770041774737,
      0.1540932752984705
    ]
  ],
  "position_diff": 0.017209251537827687,
  "orientation_diff": 19.08200219097791,
  "timestamp": 1741869634.6062362,
  "image_file": "webcam_000204"
}