{
  "frame": 162,
  "object_rotation_in_cam": [
    [
      0.6037800050862787,
      -0.1618670400213815,
      -0.7805438916631975
    ],
    [
      -0.5595831749705754,
      0.6112966607387094,
      -0.559627610880265
    ],
    [
      0.5677291394211357,
      0.7746711908444895,
      0.27851062875178934
    ]
  ],
  "object_translation_in_cam": [
    0.010653095781720374,
    -0.045787720913899835,
    0.6902667300649814
  ],
  "raw_rvec": [
    0.9097283445320195,
    -0.9192560099432209,
    -0.27116388066399544
  ],
  "refined_raw_rvec": [
    0.9097283445320195,
    -0.9192560099432209,
    -0.27116388066399544
  ],
  "num_inliers": 14,
  "total_matches": 26,
  "inlier_ratio": 0.5384615384615384,
  "reprojection_errors": [
    0.9876624941825867,
    0.20480433106422424,
    2.065370798110962,
    3.444775104522705,
    1.7556229829788208,
    3.142807960510254,
    3.5051417350769043,
    2.300804615020752,
    2.1999671459198,
    1.5985878705978394,
    3.503695249557495,
    1.6267814636230469,
    1.435139536857605,
    1.9320191144943237
  ],
  "mean_reprojection_error": 2.1216554641723633,
  "std_reprojection_error": 0.9553931951522827,
  "inliers": [
    0,
    3,
    6,
    9,
    10,
    13,
    14,
    16,
    17,
    18,
    19,
    20,
    21,
    22
  ],
  "mkpts0": [
    [
      745.125,
      201.375
    ],
    [
      805.125,
      212.625
    ],
    [
      793.875,
      220.125
    ],
    [
      705.125,
      223.875
    ],
    [
      835.125,
      225.125
    ],
    [
      425.125,
      242.625
    ],
    [
      413.875,
      248.875
    ],
    [
      436.375,
      260.125
    ],
    [
      478.875,
      281.375
    ],
    [
      590.125,
      283.875
    ],
    [
      522.625,
      286.375
    ],
    [
      386.375,
      288.875
    ],
    [
      350.125,
      290.125
    ],
    [
      511.375,
      292.625
    ],
    [
      597.625,
      297.625
    ],
    [
      430.125,
      311.375
    ],
    [
      575.125,
      312.625
    ],
    [
      540.125,
      313.875
    ],
    [
      518.875,
      327.625
    ],
    [
      586.375,
      330.125
    ],
    [
      602.625,
      347.625
    ],
    [
      611.375,
      352.625
    ],
    [
      636.375,
      357.625
    ],
    [
      617.625,
      368.875
    ],
    [
      650.125,
      376.375
    ],
    [
      595.125,
      388.875
    ]
  ],
  "mkpts1": [
    [
      902.625,
      51.375
    ],
    [
      998.875,
      88.875
    ],
    [
      986.375,
      100.125
    ],
    [
      837.625,
      81.375
    ],
    [
      1051.375,
      116.375
    ],
    [
      376.375,
      65.125
    ],
    [
      358.875,
      75.125
    ],
    [
      402.625,
      106.375
    ],
    [
      486.375,
      161.375
    ],
    [
      680.125,
      200.125
    ],
    [
      560.125,
      185.125
    ],
    [
      321.375,
      160.125
    ],
    [
      257.625,
      143.875
    ],
    [
      541.375,
      196.375
    ],
    [
      686.375,
      221.375
    ],
    [
      407.625,
      221.375
    ],
    [
      650.125,
      248.875
    ],
    [
      606.375,
      260.125
    ],
    [
      575.125,
      286.375
    ],
    [
      680.125,
      293.875
    ],
    [
      708.875,
      335.125
    ],
    [
      726.375,
      348.875
    ],
    [
      767.625,
      362.625
    ],
    [
      741.375,
      383.875
    ],
    [
      792.625,
      405.125
    ],
    [
      708.875,
      422.625
    ]
  ],
  "mpts3D": [
    [
      0.21699999272823334,
      -0.0,
      -0.027000000700354576
    ],
    [
      0.23000000417232513,
      0.0,
      -0.07000000029802322
    ],
    [
      0.21699999272823334,
      -0.0,
      -0.07000000029802322
    ],
    [
      0.17000000178813934,
      -0.0,
      -0.014999999664723873
    ],
    [
      0.23000000417232513,
      -0.0,
      -0.11299999803304672
    ],
    [
      -0.0,
      -0.0,
      0.15600000321865082
    ],
    [
      -0.014000000432133675,
      0.0,
      0.15600000321865082
    ],
    [
      -0.01899999938905239,
      -0.0,
      0.12800000607967377
    ],
    [
      -0.01899999938905239,
      -0.0,
      0.07400000095367432
    ],
    [
      0.02500000037252903,
      -0.014000000432133675,
      -0.010999999940395355
    ],
    [
      0.0,
      0.0,
      0.041999999433755875
    ],
    [
      -0.07400000095367432,
      -0.0,
      0.12800000607967377
    ],
    [
      -0.07999999821186066,
      -0.0,
      0.15600000321865082
    ],
    [
      -0.014000000432133675,
      0.0,
      0.041999999433755875
    ],
    [
      0.02500000037252903,
      0.0,
      -0.014999999664723873
    ],
    [
      -0.07400000095367432,
      -0.0,
      0.07400000095367432
    ],
    [
      0.0,
      -0.0,
      -0.014999999664723873
    ],
    [
      -0.03500000014901161,
      -0.017999999225139618,
      -0.009999999776482582
    ],
    [
      -0.05700000002980232,
      -0.017999999225139618,
      -0.009999999776482582
    ],
    [
      -0.014000000432133675,
      0.0,
      -0.041999999433755875
    ],
    [
      -0.023000000044703484,
      0.0,
      -0.06499999761581421
    ],
    [
      -0.023000000044703484,
      -0.0,
      -0.07500000298023224
    ],
    [
      -0.017000000923871994,
      -0.0,
      -0.09200000017881393
    ],
    [
      -0.03700000047683716,
      -0.0,
      -0.09700000286102295
    ],
    [
      -0.028999999165534973,
      -0.0,
      -0.12700000405311584
    ],
    [
      -0.052000001072883606,
      -0.0,
      -0.09700000286102295
    ]
  ],
  "mconf": [
    0.9894061088562012,
    0.7313409447669983,
    0.9970925450325012,
    0.8422481417655945,
    0.5848196148872375,
    0.9642278552055359,
    0.9945719242095947,
    0.9975937008857727,
    0.9979540705680847,
    0.9581019282341003,
    0.8048537373542786,
    0.9966562390327454,
    0.3180505335330963,
    0.970816433429718,
    0.9347394704818726,
    0.99922114610672,
    0.9801663160324097,
    0.994070291519165,
    0.9986619353294373,
    0.9989473819732666,
    0.9971427321434021,
    0.998781144618988,
    0.9998109936714172,
    0.9997997879981995,
    0.999675989151001,
    0.999812662601471
  ],
  "coverage_score": 0.7295739585136225,
  "pose_estimation_failed": false,
  "tracking_method": "loosely_coupled",
  "kf_translation_vector": [
    0.023126059462806502,
    -0.03972639990137918,
    0.8078617280161285
  ],
  "kf_quaternion": [
    0.4107718868093365,
    -0.4378922984980861,
    -0.1436415280055315,
    0.7866917460831764
  ],
  "kf_rotation_matrix": [
    [
      0.5752348926965983,
      -0.13374448239321793,
      -0.8069803167696863
    ],
    [
      -0.5857509003001262,
      0.6212671368786674,
      -0.5205026680355969
    ],
    [
      0.570964710837653,
      0.7721007434680744,
      0.2790335838463214
    ]
  ],
  "position_diff": 0.12313888459156974,
  "orientation_diff": 2.650257538107799,
  "timestamp": 1741869958.2198174,
  "image_file": "webcam_000162"
}