{
  "frame": 82,
  "object_rotation_in_cam": [
    [
      0.6040767449052153,
      -0.19793615196203904,
      -0.7719537330767821
    ],
    [
      -0.5768243494371585,
      0.5597772865689512,
      -0.5949143294104628
    ],
    [
      0.5498772191690775,
      0.8046556214853424,
      0.22397404905684826
    ]
  ],
  "object_translation_in_cam": [
    -0.022394659493155285,
    -0.061601107469215544,
    0.6919753670589041
  ],
  "raw_rvec": [
    0.9812825724393693,
    -0.9267773120733167,
    -0.26565044844477403
  ],
  "refined_raw_rvec": [
    0.9812825724393693,
    -0.9267773120733167,
    -0.26565044844477403
  ],
  "num_inliers": 13,
  "total_matches": 23,
  "inlier_ratio": 0.5652173913043478,
  "reprojection_errors": [
    1.0671584606170654,
    0.9344967007637024,
    0.6435750722885132,
    2.6822445392608643,
    2.363459348678589,
    2.0209877490997314,
    2.3268096446990967,
    2.763927698135376,
    2.9768941402435303,
    0.38382694125175476,
    0.9890994429588318,
    2.537753105163574,
    1.68843674659729
  ],
  "mean_reprojection_error": 1.7983590364456177,
  "std_reprojection_error": 0.8584293127059937,
  "inliers": [
    0,
    2,
    5,
    7,
    8,
    9,
    10,
    11,
    13,
    14,
    15,
    17,
    18
  ],
  "mkpts0": [
    [
      745.125,
      201.375
    ],
    [
      793.875,
      220.125
    ],
    [
      705.125,
      223.875
    ],
    [
      425.125,
      242.625
    ],
    [
      413.875,
      248.875
    ],
    [
      436.375,
      260.125
    ],
    [
      478.875,
      281.375
    ],
    [
      590.125,
      283.875
    ],
    [
      522.625,
      286.375
    ],
    [
      386.375,
      288.875
    ],
    [
      511.375,
      292.625
    ],
    [
      597.625,
      297.625
    ],
    [
      430.125,
      311.375
    ],
    [
      575.125,
      312.625
    ],
    [
      540.125,
      313.875
    ],
    [
      518.875,
      327.625
    ],
    [
      586.375,
      330.125
    ],
    [
      602.625,
      347.625
    ],
    [
      611.375,
      352.625
    ],
    [
      617.625,
      368.875
    ],
    [
      650.125,
      376.375
    ],
    [
      595.125,
      388.875
    ],
    [
      702.625,
      391.375
    ]
  ],
  "mkpts1": [
    [
      841.375,
      16.375
    ],
    [
      923.875,
      68.875
    ],
    [
      775.125,
      47.625
    ],
    [
      301.375,
      21.375
    ],
    [
      281.375,
      30.125
    ],
    [
      327.625,
      65.125
    ],
    [
      412.625,
      123.875
    ],
    [
      611.375,
      167.625
    ],
    [
      488.875,
      150.125
    ],
    [
      240.125,
      118.875
    ],
    [
      468.875,
      161.375
    ],
    [
      616.375,
      188.875
    ],
    [
      328.875,
      185.125
    ],
    [
      578.875,
      216.375
    ],
    [
      532.625,
      227.625
    ],
    [
      500.125,
      253.875
    ],
    [
      607.625,
      262.625
    ],
    [
      637.625,
      306.375
    ],
    [
      653.875,
      321.375
    ],
    [
      666.375,
      356.375
    ],
    [
      720.125,
      378.875
    ],
    [
      633.875,
      395.125
    ],
    [
      808.875,
      421.375
    ]
  ],
  "mpts3D": [
    [
      0.21699999272823334,
      -0.0,
      -0.027000000700354576
    ],
    [
      0.21699999272823334,
      -0.0,
      -0.07000000029802322
    ],
    [
      0.17000000178813934,
      -0.0,
      -0.014999999664723873
    ],
    [
      -0.0,
      -0.0,
      0.15600000321865082
    ],
    [
      -0.014000000432133675,
      0.0,
      0.15600000321865082
    ],
    [
      -0.01899999938905239,
      -0.0,
      0.12800000607967377
    ],
    [
      -0.01899999938905239,
      -0.0,
      0.07400000095367432
    ],
    [
      0.02500000037252903,
      -0.014000000432133675,
      -0.010999999940395355
    ],
    [
      0.0,
      0.0,
      0.041999999433755875
    ],
    [
      -0.07400000095367432,
      -0.0,
      0.12800000607967377
    ],
    [
      -0.014000000432133675,
      0.0,
      0.041999999433755875
    ],
    [
      0.02500000037252903,
      0.0,
      -0.014999999664723873
    ],
    [
      -0.07400000095367432,
      -0.0,
      0.07400000095367432
    ],
    [
      0.0,
      -0.0,
      -0.014999999664723873
    ],
    [
      -0.03500000014901161,
      -0.017999999225139618,
      -0.009999999776482582
    ],
    [
      -0.05700000002980232,
      -0.017999999225139618,
      -0.009999999776482582
    ],
    [
      -0.014000000432133675,
      0.0,
      -0.041999999433755875
    ],
    [
      -0.023000000044703484,
      0.0,
      -0.06499999761581421
    ],
    [
      -0.023000000044703484,
      -0.0,
      -0.07500000298023224
    ],
    [
      -0.03700000047683716,
      -0.0,
      -0.09700000286102295
    ],
    [
      -0.028999999165534973,
      -0.0,
      -0.12700000405311584
    ],
    [
      -0.052000001072883606,
      -0.0,
      -0.09700000286102295
    ],
    [
      -0.014000000432133675,
      0.0,
      -0.15600000321865082
    ]
  ],
  "mconf": [
    0.9902741312980652,
    0.8073939085006714,
    0.8992975354194641,
    0.893998384475708,
    0.9923313856124878,
    0.9973028302192688,
    0.995705246925354,
    0.9146292805671692,
    0.8719894886016846,
    0.9959590435028076,
    0.974208414554596,
    0.9477547407150269,
    0.9985299706459045,
    0.9278389811515808,
    0.9968249201774597,
    0.999506950378418,
    0.998785138130188,
    0.9982072710990906,
    0.9951512813568115,
    0.9994193911552429,
    0.9990915060043335,
    0.9996721148490906,
    0.16799168288707733
  ],
  "coverage_score": 0.7863118319475819,
  "pose_estimation_failed": false,
  "tracking_method": "loosely_coupled",
  "kf_translation_vector": [
    0.021518228565021426,
    -0.028096228826451033,
    0.7702438651159704
  ],
  "kf_quaternion": [
    0.45064919174792756,
    -0.4162383895675111,
    -0.11026247764379198,
    0.7819866335501118
  ],
  "kf_rotation_matrix": [
    [
      0.6291755781481942,
      -0.202707420266989,
      -0.7503651068850336
    ],
    [
      -0.5476025550652424,
      0.5695149840015838,
      -0.6130123364857301
    ],
    [
      0.5516063211638383,
      0.7965942409824327,
      0.24732181805436904
    ]
  ],
  "position_diff": 0.09980911667421576,
  "orientation_diff": 2.2677690135641266,
  "timestamp": 1741869947.3455849,
  "image_file": "webcam_000082"
}