{
  "frame": 68,
  "object_rotation_in_cam": [
    [
      0.6737972896247615,
      -0.13357621584286203,
      -0.7267424626753457
    ],
    [
      -0.4979449668739869,
      0.6445810483276244,
      -0.5801431565585553
    ],
    [
      0.5459377459556988,
      0.752776637986303,
      0.36780335893361427
    ]
  ],
  "object_translation_in_cam": [
    0.0026587580542199087,
    -0.013009367356602571,
    0.6986424032854686
  ],
  "raw_rvec": [
    0.8660416321855222,
    -0.8269020008885067,
    -0.23674230749056202
  ],
  "refined_raw_rvec": [
    0.8660416321855222,
    -0.8269020008885067,
    -0.23674230749056202
  ],
  "num_inliers": 15,
  "total_matches": 33,
  "inlier_ratio": 0.45454545454545453,
  "reprojection_errors": [
    1.64407217502594,
    2.5845141410827637,
    1.780935287475586,
    3.4954545497894287,
    3.1468520164489746,
    1.3217153549194336,
    2.700669050216675,
    3.527355909347534,
    2.0953404903411865,
    2.0198657512664795,
    2.7164647579193115,
    3.048604726791382,
    2.6242733001708984,
    2.050955295562744,
    1.983872652053833
  ],
  "mean_reprojection_error": 2.4493963718414307,
  "std_reprojection_error": 0.6499950289726257,
  "inliers": [
    6,
    9,
    13,
    14,
    16,
    19,
    20,
    21,
    22,
    23,
    24,
    25,
    26,
    27,
    28
  ],
  "mkpts0": [
    [
      727.625,
      126.375
    ],
    [
      727.625,
      143.875
    ],
    [
      636.375,
      157.625
    ],
    [
      663.875,
      165.125
    ],
    [
      656.375,
      171.375
    ],
    [
      356.375,
      195.125
    ],
    [
      745.125,
      201.375
    ],
    [
      805.125,
      212.625
    ],
    [
      793.875,
      220.125
    ],
    [
      705.125,
      223.875
    ],
    [
      835.125,
      225.125
    ],
    [
      425.125,
      242.625
    ],
    [
      413.875,
      248.875
    ],
    [
      436.375,
      260.125
    ],
    [
      478.875,
      281.375
    ],
    [
      590.125,
      283.875
    ],
    [
      522.625,
      286.375
    ],
    [
      386.375,
      288.875
    ],
    [
      350.125,
      290.125
    ],
    [
      511.375,
      292.625
    ],
    [
      597.625,
      297.625
    ],
    [
      430.125,
      311.375
    ],
    [
      575.125,
      312.625
    ],
    [
      540.125,
      313.875
    ],
    [
      518.875,
      327.625
    ],
    [
      586.375,
      330.125
    ],
    [
      470.125,
      338.875
    ],
    [
      602.625,
      347.625
    ],
    [
      611.375,
      352.625
    ],
    [
      636.375,
      357.625
    ],
    [
      650.125,
      376.375
    ],
    [
      496.375,
      377.625
    ],
    [
      595.125,
      388.875
    ]
  ],
  "mkpts1": [
    [
      912.625,
      20.125
    ],
    [
      906.375,
      42.625
    ],
    [
      735.125,
      12.625
    ],
    [
      776.375,
      37.625
    ],
    [
      765.125,
      48.875
    ],
    [
      266.375,
      23.875
    ],
    [
      910.125,
      136.375
    ],
    [
      1006.375,
      177.625
    ],
    [
      991.375,
      187.625
    ],
    [
      840.125,
      165.125
    ],
    [
      1056.375,
      205.125
    ],
    [
      378.875,
      136.375
    ],
    [
      360.125,
      145.125
    ],
    [
      398.875,
      175.125
    ],
    [
      473.875,
      230.125
    ],
    [
      662.625,
      273.875
    ],
    [
      546.375,
      255.125
    ],
    [
      313.875,
      223.875
    ],
    [
      255.125,
      207.625
    ],
    [
      526.375,
      265.125
    ],
    [
      670.125,
      295.125
    ],
    [
      390.125,
      285.125
    ],
    [
      631.375,
      320.125
    ],
    [
      580.125,
      327.625
    ],
    [
      545.125,
      352.625
    ],
    [
      656.375,
      365.125
    ],
    [
      458.875,
      368.875
    ],
    [
      682.625,
      407.625
    ],
    [
      698.875,
      422.625
    ],
    [
      738.875,
      437.625
    ],
    [
      761.375,
      481.375
    ],
    [
      501.375,
      436.375
    ],
    [
      672.625,
      493.875
    ]
  ],
  "mpts3D": [
    [
      0.20600000023841858,
      -0.07000000029802322,
      -0.0020000000949949026
    ],
    [
      0.20600000023841858,
      -0.054999999701976776,
      -0.0020000000949949026
    ],
    [
      0.23000000417232513,
      -0.0,
      0.11299999803304672
    ],
    [
      0.23000000417232513,
      -0.0,
      0.07000000029802322
    ],
    [
      0.21699999272823334,
      0.0,
      0.07000000029802322
    ],
    [
      -0.0,
      -0.02500000037252903,
      0.23999999463558197
    ],
    [
      0.21699999272823334,
      -0.0,
      -0.027000000700354576
    ],
    [
      0.23000000417232513,
      0.0,
      -0.07000000029802322
    ],
    [
      0.21699999272823334,
      -0.0,
      -0.07000000029802322
    ],
    [
      0.17000000178813934,
      -0.0,
      -0.014999999664723873
    ],
    [
      0.23000000417232513,
      -0.0,
      -0.11299999803304672
    ],
    [
      -0.0,
      -0.0,
      0.15600000321865082
    ],
    [
      -0.014000000432133675,
      0.0,
      0.15600000321865082
    ],
    [
      -0.01899999938905239,
      -0.0,
      0.12800000607967377
    ],
    [
      -0.01899999938905239,
      -0.0,
      0.07400000095367432
    ],
    [
      0.02500000037252903,
      -0.014000000432133675,
      -0.010999999940395355
    ],
    [
      0.0,
      0.0,
      0.041999999433755875
    ],
    [
      -0.07400000095367432,
      -0.0,
      0.12800000607967377
    ],
    [
      -0.07999999821186066,
      -0.0,
      0.15600000321865082
    ],
    [
      -0.014000000432133675,
      0.0,
      0.041999999433755875
    ],
    [
      0.02500000037252903,
      0.0,
      -0.014999999664723873
    ],
    [
      -0.07400000095367432,
      -0.0,
      0.07400000095367432
    ],
    [
      0.0,
      -0.0,
      -0.014999999664723873
    ],
    [
      -0.03500000014901161,
      -0.017999999225139618,
      -0.009999999776482582
    ],
    [
      -0.05700000002980232,
      -0.017999999225139618,
      -0.009999999776482582
    ],
    [
      -0.014000000432133675,
      0.0,
      -0.041999999433755875
    ],
    [
      -0.10000000149011612,
      -0.029999999329447746,
      0.0
    ],
    [
      -0.023000000044703484,
      0.0,
      -0.06499999761581421
    ],
    [
      -0.023000000044703484,
      -0.0,
      -0.07500000298023224
    ],
    [
      -0.017000000923871994,
      -0.0,
      -0.09200000017881393
    ],
    [
      -0.028999999165534973,
      -0.0,
      -0.12700000405311584
    ],
    [
      -0.09000000357627869,
      -0.0,
      -0.014999999664723873
    ],
    [
      -0.052000001072883606,
      -0.0,
      -0.09700000286102295
    ]
  ],
  "mconf": [
    0.7689691781997681,
    0.6594952344894409,
    0.6705425977706909,
    0.5006592273712158,
    0.940190851688385,
    0.20510655641555786,
    0.9899195432662964,
    0.9024806022644043,
    0.9974352121353149,
    0.6754320859909058,
    0.38218626379966736,
    0.8255830407142639,
    0.9906514286994934,
    0.9934960007667542,
    0.9565814137458801,
    0.9653725028038025,
    0.4755365550518036,
    0.9915422201156616,
    0.3967302441596985,
    0.8830782771110535,
    0.9213040471076965,
    0.950569748878479,
    0.9700552821159363,
    0.994934618473053,
    0.9983132481575012,
    0.9980573058128357,
    0.9874411225318909,
    0.993883490562439,
    0.9631404876708984,
    0.9981002807617188,
    0.9984498620033264,
    0.40786033868789673,
    0.9987682700157166
  ],
  "coverage_score": 0.7772925846688998,
  "pose_estimation_failed": false,
  "tracking_method": "loosely_coupled",
  "kf_translation_vector": [
    0.025342901021167347,
    -0.016506556517846556,
    0.7691389904823218
  ],
  "kf_quaternion": [
    0.4556356987250642,
    -0.41058550410633715,
    -0.105081327086823,
    0.7827985491572783
  ],