{
  "frame": 27,
  "object_rotation_in_cam": [
    [
      0.4839102668530073,
      -0.2998751542782989,
      -0.8221348706148024
    ],
    [
      -0.5021332688212925,
      0.6742712769784798,
      -0.5414983152186662
    ],
    [
      0.7167238198756165,
      0.6748578642116997,
      0.17570950211792255
    ]
  ],
  "object_translation_in_cam": [
    -0.02320890152378381,
    0.007225643980503594,
    0.7491358402864858
  ],
  "raw_rvec": [
    0.8654594045926702,
    -1.0949257697262664,
    -0.14391030386213974
  ],
  "refined_raw_rvec": [
    0.8654594045926702,
    -1.0949257697262664,
    -0.14391030386213974
  ],
  "num_inliers": 14,
  "total_matches": 25,
  "inlier_ratio": 0.56,
  "reprojection_errors": [
    0.898922324180603,
    2.1210875511169434,
    2.70017409324646,
    1.7902672290802002,
    0.4495311677455902,
    3.1864943504333496,
    2.6548233032226562,
    3.356189012527466,
    3.704242706298828,
    3.70967435836792,
    2.1888277530670166,
    1.1360838413238525,
    3.515517473220825,
    1.5088484287261963
  ],
  "mean_reprojection_error": 2.3514773845672607,
  "std_reprojection_error": 1.04399573802948,
  "inliers": [
    5,
    8,
    9,
    10,
    11,
    12,
    13,
    14,
    15,
    16,
    17,
    18,
    19,
    24
  ],
  "mkpts0": [
    [
      751.375,
      76.375
    ],
    [
      356.375,
      195.125
    ],
    [
      705.125,
      223.875
    ],
    [
      425.125,
      242.625
    ],
    [
      413.875,
      248.875
    ],
    [
      436.375,
      260.125
    ],
    [
      478.875,
      281.375
    ],
    [
      590.125,
      283.875
    ],
    [
      522.625,
      286.375
    ],
    [
      386.375,
      288.875
    ],
    [
      511.375,
      292.625
    ],
    [
      597.625,
      297.625
    ],
    [
      430.125,
      311.375
    ],
    [
      575.125,
      312.625
    ],
    [
      540.125,
      313.875
    ],
    [
      518.875,
      327.625
    ],
    [
      586.375,
      330.125
    ],
    [
      602.625,
      347.625
    ],
    [
      611.375,
      352.625
    ],
    [
      636.375,
      357.625
    ],
    [
      617.625,
      368.875
    ],
    [
      650.125,
      376.375
    ],
    [
      715.125,
      383.875
    ],
    [
      595.125,
      388.875
    ],
    [
      702.625,
      391.375
    ]
  ],
  "mkpts1": [
    [
      821.375,
      13.875
    ],
    [
      172.625,
      76.375
    ],
    [
      716.375,
      211.375
    ],
    [
      303.875,
      190.125
    ],
    [
      290.125,
      197.625
    ],
    [
      336.375,
      227.625
    ],
    [
      405.125,
      278.875
    ],
    [
      603.875,
      315.125
    ],
    [
      491.375,
      300.125
    ],
    [
      268.875,
      276.375
    ],
    [
      476.375,
      311.375
    ],
    [
      607.625,
      333.875
    ],
    [
      357.625,
      335.125
    ],
    [
      581.375,
      360.125
    ],
    [
      548.875,
      368.875
    ],
    [
      523.875,
      392.625
    ],
    [
      612.625,
      398.875
    ],
    [
      645.125,
      436.375
    ],
    [
      661.375,
      448.875
    ],
    [
      697.625,
      460.125
    ],
    [
      677.625,
      478.875
    ],
    [
      727.625,
      498.875
    ],
    [
      815.125,
      518.875
    ],
    [
      656.375,
      513.875
    ],
    [
      806.375,
      532.625
    ]
  ],
  "mpts3D": [
    [
      0.24300000071525574,
      -0.10400000214576721,
      0.0
    ],
    [
      -0.0,
      -0.02500000037252903,
      0.23999999463558197
    ],
    [
      0.17000000178813934,
      -0.0,
      -0.014999999664723873
    ],
    [
      -0.0,
      -0.0,
      0.15600000321865082
    ],
    [
      -0.014000000432133675,
      0.0,
      0.15600000321865082
    ],
    [
      -0.01899999938905239,
      -0.0,
      0.12800000607967377
    ],
    [
      -0.01899999938905239,
      -0.0,
      0.07400000095367432
    ],
    [
      0.02500000037252903,
      -0.014000000432133675,
      -0.010999999940395355
    ],
    [
      0.0,
      0.0,
      0.041999999433755875
    ],
    [
      -0.07400000095367432,
      -0.0,
      0.12800000607967377
    ],
    [
      -0.014000000432133675,
      0.0,
      0.041999999433755875
    ],
    [
      0.02500000037252903,
      0.0,
      -0.014999999664723873
    ],
    [
      -0.07400000095367432,
      -0.0,
      0.07400000095367432
    ],
    [
      0.0,
      -0.0,
      -0.014999999664723873
    ],
    [
      -0.03500000014901161,
      -0.017999999225139618,
      -0.009999999776482582
    ],
    [
      -0.05700000002980232,
      -0.017999999225139618,
      -0.009999999776482582
    ],
    [
      -0.014000000432133675,
      0.0,
      -0.041999999433755875
    ],
    [
      -0.023000000044703484,
      0.0,
      -0.06499999761581421
    ],
    [
      -0.023000000044703484,
      -0.0,
      -0.07500000298023224
    ],
    [
      -0.017000000923871994,
      -0.0,
      -0.09200000017881393
    ],
    [
      -0.03700000047683716,
      -0.0,
      -0.09700000286102295
    ],
    [
      -0.028999999165534973,
      -0.0,
      -0.12700000405311584
    ],
    [
      0.0,
      0.0,
      -0.15600000321865082
    ],
    [
      -0.052000001072883606,
      -0.0,
      -0.09700000286102295
    ],
    [
      -0.014000000432133675,
      0.0,
      -0.15600000321865082
    ]
  ],
  "mconf": [
    0.5035654306411743,
    0.32494956254959106,
    0.829072117805481,
    0.8789952993392944,
    0.9872528314590454,
    0.9947175979614258,
    0.8450730443000793,
    0.8311082124710083,
    0.5435110926628113,
    0.990849494934082,
    0.9030553698539734,
    0.9769608974456787,
    0.9967288970947266,
    0.9936254024505615,
    0.9955917000770569,
    0.9988476634025574,
    0.9980374574661255,
    0.9949127435684204,
    0.9950024485588074,
    0.9997818470001221,
    0.9994377493858337,
    0.999687671661377,
    0.9901471138000488,
    0.9997298717498779,
    0.9995971322059631
  ],
  "coverage_score": 0.6403360647604436,
  "pose_estimation_failed": false,
  "tracking_method": "loosely_coupled",
  "kf_translation_vector": [
    -0.013799843100807514,
    -0.08281722395781906,
    0.7123057845440176
  ],
  "kf_quaternion": [
    0.45849330385627796,
    -0.4798254000598699,
    -0.10985364631035066,
    0.7399213824242824
  ],
  "kf_rotation_matrix": [
    [
      0.5153995236994123,
      -0.2774273422106145,
      -0.8108004691441499
    ],
    [
      -0.6025595895798258,
      0.5554321334225503,
      -0.5730768588654287
    ],
    [
      0.6093318241941832,
      0.7839191380210264,
      0.11910295155268114
    ]
  ],
  "position_diff": 0.10065757395206569,
  "orientation_diff": 9.362218113952427,
  "timestamp": 1741869610.6910167,
  "image_file": "webcam_000027"
}