{
  "frame": 155,
  "object_rotation_in_cam": [
    [
      0.662001117984885,
      -0.19306305025458365,
      -0.7242107279053234
    ],
    [
      -0.33734743972782805,
      0.7860950707024658,
      -0.5179297681407825
    ],
    [
      0.6692915842111282,
      0.5871807204291378,
      0.45526648993801083
    ]
  ],
  "object_translation_in_cam": [
    0.0015045244927772217,
    -0.01006253023786993,
    0.683193642036934
  ],
  "raw_rvec": [
    0.6825951642964786,
    -0.8607265513492316,
    -0.08912034367292593
  ],
  "refined_raw_rvec": [
    0.6825951642964786,
    -0.8607265513492316,
    -0.08912034367292593
  ],
  "num_inliers": 14,
  "total_matches": 36,
  "inlier_ratio": 0.3888888888888889,
  "reprojection_errors": [
    1.210909128189087,
    1.6169637441635132,
    3.444577693939209,
    2.559248208999634,
    1.0860403776168823,
    2.0836241245269775,
    3.3507351875305176,
    3.34765362739563,
    3.0167453289031982,
    2.811152696609497,
    2.8553085327148438,
    2.5471866130828857,
    2.0548126697540283,
    1.7756645679473877
  ],
  "mean_reprojection_error": 2.411473035812378,
  "std_reprojection_error": 0.7586458921432495,
  "inliers": [
    5,
    9,
    12,
    13,
    16,
    18,
    19,
    20,
    21,
    22,
    23,
    24,
    26,
    27
  ],
  "mkpts0": [
    [
      727.625,
      126.375
    ],
    [
      636.375,
      157.625
    ],
    [
      663.875,
      165.125
    ],
    [
      656.375,
      171.375
    ],
    [
      356.375,
      195.125
    ],
    [
      745.125,
      201.375
    ],
    [
      805.125,
      212.625
    ],
    [
      793.875,
      220.125
    ],
    [
      705.125,
      223.875
    ],
    [
      835.125,
      225.125
    ],
    [
      425.125,
      242.625
    ],
    [
      413.875,
      248.875
    ],
    [
      436.375,
      260.125
    ],
    [
      478.875,
      281.375
    ],
    [
      590.125,
      283.875
    ],
    [
      522.625,
      286.375
    ],
    [
      386.375,
      288.875
    ],
    [
      350.125,
      290.125
    ],
    [
      511.375,
      292.625
    ],
    [
      597.625,
      297.625
    ],
    [
      430.125,
      311.375
    ],
    [
      575.125,
      312.625
    ],
    [
      540.125,
      313.875
    ],
    [
      518.875,
      327.625
    ],
    [
      586.375,
      330.125
    ],
    [
      470.125,
      338.875
    ],
    [
      602.625,
      347.625
    ],
    [
      611.375,
      352.625
    ],
    [
      636.375,
      357.625
    ],
    [
      617.625,
      368.875
    ],
    [
      650.125,
      376.375
    ],
    [
      496.375,
      377.625
    ],
    [
      715.125,
      383.875
    ],
    [
      516.375,
      388.875
    ],
    [
      595.125,
      388.875
    ],
    [
      702.625,
      391.375
    ]
  ],
  "mkpts1": [
    [
      907.625,
      75.125
    ],
    [
      725.125,
      96.375
    ],
    [
      767.625,
      121.375
    ],
    [
      756.375,
      126.375
    ],
    [
      270.125,
      56.375
    ],
    [
      900.125,
      205.125
    ],
    [
      996.375,
      245.125
    ],
    [
      982.625,
      251.375
    ],
    [
      840.125,
      227.625
    ],
    [
      1051.375,
      272.625
    ],
    [
      373.875,
      158.875
    ],
    [
      356.375,
      163.875
    ],
    [
      395.125,
      191.375
    ],
    [
      470.125,
      238.875
    ],
    [
      662.625,
      283.875
    ],
    [
      538.875,
      260.125
    ],
    [
      306.375,
      218.875
    ],
    [
      246.375,
      203.875
    ],
    [
      522.625,
      270.125
    ],
    [
      667.625,
      308.875
    ],
    [
      381.375,
      273.875
    ],
    [
      628.875,
      325.125
    ],
    [
      580.125,
      315.125
    ],
    [
      543.875,
      331.375
    ],
    [
      655.125,
      362.625
    ],
    [
      456.375,
      331.375
    ],
    [
      682.625,
      398.875
    ],
    [
      700.125,
      412.625
    ],
    [
      742.625,
      428.875
    ],
    [
      712.625,
      442.625
    ],
    [
      770.125,
      468.875
    ],
    [
      490.125,
      413.875
    ],
    [
      880.125,
      505.125
    ],
    [
      515.125,
      432.625
    ],
    [
      675.125,
      470.125
    ],
    [
      862.625,
      515.125
    ]
  ],
  "mpts3D": [
    [
      0.20600000023841858,
      -0.07000000029802322,
      -0.0020000000949949026
    ],
    [
      0.23000000417232513,
      -0.0,
      0.11299999803304672
    ],
    [
      0.23000000417232513,
      -0.0,
      0.07000000029802322
    ],
    [
      0.21699999272823334,
      0.0,
      0.07000000029802322
    ],
    [
      -0.0,
      -0.02500000037252903,
      0.23999999463558197
    ],
    [
      0.21699999272823334,
      -0.0,
      -0.027000000700354576
    ],
    [
      0.23000000417232513,
      0.0,
      -0.07000000029802322
    ],
    [
      0.21699999272823334,
      -0.0,
      -0.07000000029802322
    ],
    [
      0.17000000178813934,
      -0.0,
      -0.014999999664723873
    ],
    [
      0.23000000417232513,
      -0.0,
      -0.11299999803304672
    ],
    [
      -0.0,
      -0.0,
      0.15600000321865082
    ],
    [
      -0.014000000432133675,
      0.0,
      0.15600000321865082
    ],
    [
      -0.01899999938905239,
      -0.0,
      0.12800000607967377
    ],
    [
      -0.01899999938905239,
      -0.0,
      0.07400000095367432
    ],
    [
      0.02500000037252903,
      -0.014000000432133675,
      -0.010999999940395355
    ],
    [
      0.0,
      0.0,
      0.041999999433755875
    ],
    [
      -0.07400000095367432,
      -0.0,
      0.12800000607967377
    ],
    [
      -0.07999999821186066,
      -0.0,
      0.15600000321865082
    ],
    [
      -0.014000000432133675,
      0.0,
      0.041999999433755875
    ],
    [
      0.02500000037252903,
      0.0,
      -0.014999999664723873
    ],
    [
      -0.07400000095367432,
      -0.0,
      0.07400000095367432
    ],
    [
      0.0,
      -0.0,
      -0.014999999664723873
    ],
    [
      -0.03500000014901161,
      -0.017999999225139618,
      -0.009999999776482582
    ],
    [
      -0.05700000002980232,
      -0.017999999225139618,
      -0.009999999776482582
    ],
    [
      -0.014000000432133675,
      0.0,
      -0.041999999433755875
    ],
    [
      -0.10000000149011612,
      -0.029999999329447746,
      0.0
    ],
    [
      -0.023000000044703484,
      0.0,
      -0.06499999761581421
    ],
    [
      -0.023000000044703484,
      -0.0,
      -0.07500000298023224
    ],
    [
      -0.017000000923871994,
      -0.0,
      -0.09200000017881393
    ],
    [
      -0.03700000047683716,
      -0.0,
      -0.09700000286102295
    ],
    [
      -0.028999999165534973,
      -0.0,
      -0.12700000405311584
    ],
    [
      -0.09000000357627869,
      -0.0,
      -0.014999999664723873
    ],
    [
      0.0,
      0.0,
      -0.15600000321865082
    ],
    [
      -0.09000000357627869,
      -0.0,
      -0.041999999433755875
    ],
    [
      -0.052000001072883606,
      -0.0,
      -0.09700000286102295
    ],
    [
      -0.014000000432133675,
      0.0,
      -0.15600000321865082
    ]
  ],