{
  "frame": 145,
  "object_rotation_in_cam": [
    [
      0.7563507532237286,
      -0.1798793311932387,
      -0.628949095163807
    ],
    [
      -0.3106173779314533,
      0.7473982694790005,
      -0.5872926623982154
    ],
    [
      0.5757172766427001,
      0.6395617663598009,
      0.5094215978792459
    ]
  ],
  "object_translation_in_cam": [
    0.018374657774957153,
    -0.003949945585986814,
    0.6328954519439923
  ],
  "raw_rvec": [
    0.7396336373593498,
    -0.72625712513076,
    -0.07881803642191929
  ],
  "refined_raw_rvec": [
    0.7396336373593498,
    -0.72625712513076,
    -0.07881803642191929
  ],
  "num_inliers": 14,
  "total_matches": 37,
  "inlier_ratio": 0.3783783783783784,
  "reprojection_errors": [
    0.8374790549278259,
    2.6102116107940674,
    3.042097568511963,
    2.8324532508850098,
    0.35670366883277893,
    1.8098512887954712,
    3.074246883392334,
    4.045727729797363,
    3.5411276817321777,
    2.5495026111602783,
    2.8118395805358887,
    2.253765821456909,
    3.818307638168335,
    0.29178550839424133
  ],
  "mean_reprojection_error": 2.4196503162384033,
  "std_reprojection_error": 1.1568926572799683,
  "inliers": [
    6,
    13,
    14,
    16,
    17,
    19,
    20,
    21,
    22,
    23,
    24,
    26,
    28,
    33
  ],
  "mkpts0": [
    [
      727.625,
      126.375
    ],
    [
      727.625,
      143.875
    ],
    [
      636.375,
      157.625
    ],
    [
      663.875,
      165.125
    ],
    [
      656.375,
      171.375
    ],
    [
      356.375,
      195.125
    ],
    [
      745.125,
      201.375
    ],
    [
      805.125,
      212.625
    ],
    [
      793.875,
      220.125
    ],
    [
      705.125,
      223.875
    ],
    [
      835.125,
      225.125
    ],
    [
      425.125,
      242.625
    ],
    [
      413.875,
      248.875
    ],
    [
      436.375,
      260.125
    ],
    [
      478.875,
      281.375
    ],
    [
      590.125,
      283.875
    ],
    [
      522.625,
      286.375
    ],
    [
      386.375,
      288.875
    ],
    [
      350.125,
      290.125
    ],
    [
      511.375,
      292.625
    ],
    [
      597.625,
      297.625
    ],
    [
      430.125,
      311.375
    ],
    [
      575.125,
      312.625
    ],
    [
      540.125,
      313.875
    ],
    [
      518.875,
      327.625
    ],
    [
      586.375,
      330.125
    ],
    [
      470.125,
      338.875
    ],
    [
      602.625,
      347.625
    ],
    [
      611.375,
      352.625
    ],
    [
      636.375,
      357.625
    ],
    [
      617.625,
      368.875
    ],
    [
      650.125,
      376.375
    ],
    [
      496.375,
      377.625
    ],
    [
      715.125,
      383.875
    ],
    [
      516.375,
      388.875
    ],
    [
      595.125,
      388.875
    ],
    [
      702.625,
      391.375
    ]
  ],
  "mkpts1": [
    [
      1021.375,
      82.625
    ],
    [
      1007.625,
      110.125
    ],
    [
      826.375,
      87.625
    ],
    [
      867.625,
      116.375
    ],
    [
      853.875,
      122.625
    ],
    [
      335.125,
      20.125
    ],
    [
      998.875,
      218.875
    ],
    [
      1100.125,
      271.375
    ],
    [
      1083.875,
      277.625
    ],
    [
      922.625,
      236.375
    ],
    [
      1157.625,
      308.875
    ],
    [
      427.625,
      138.875
    ],
    [
      406.375,
      142.625
    ],
    [
      441.375,
      175.125
    ],
    [
      511.375,
      233.875
    ],
    [
      710.125,
      297.625
    ],
    [
      587.625,
      267.625
    ],
    [
      338.875,
      202.625
    ],
    [
      281.375,
      182.625
    ],
    [
      561.375,
      272.625
    ],
    [
      713.875,
      323.875
    ],
    [
      407.625,
      267.625
    ],
    [
      666.375,
      338.875
    ],
    [
      610.125,
      328.875
    ],
    [
      565.125,
      346.375
    ],
    [
      687.625,
      383.875
    ],
    [
      466.375,
      342.625
    ],
    [
      711.375,
      427.625
    ],
    [
      727.625,
      443.875
    ],
    [
      772.625,
      465.125
    ],
    [
      735.125,
      477.625
    ],
    [
      792.625,
      511.375
    ],
    [
      500.125,
      430.125
    ],
    [
      913.875,
      561.375
    ],
    [
      522.625,
      453.875
    ],
    [
      687.625,
      508.875
    ],
    [
      893.875,
      571.375
    ]
  ],
  "mpts3D": [
    [
      0.20600000023841858,
      -0.07000000029802322,
      -0.0020000000949949026
    ],
    [
      0.20600000023841858,
      -0.054999999701976776,
      -0.0020000000949949026
    ],
    [
      0.23000000417232513,
      -0.0,
      0.11299999803304672
    ],
    [
      0.23000000417232513,
      -0.0,
      0.07000000029802322
    ],
    [
      0.21699999272823334,
      0.0,
      0.07000000029802322
    ],
    [
      -0.0,
      -0.02500000037252903,
      0.23999999463558197
    ],
    [
      0.21699999272823334,
      -0.0,
      -0.027000000700354576
    ],
    [
      0.23000000417232513,
      0.0,
      -0.07000000029802322
    ],
    [
      0.21699999272823334,
      -0.0,
      -0.07000000029802322
    ],
    [
      0.17000000178813934,
      -0.0,
      -0.014999999664723873
    ],
    [
      0.23000000417232513,
      -0.0,
      -0.11299999803304672
    ],
    [
      -0.0,
      -0.0,
      0.15600000321865082
    ],
    [
      -0.014000000432133675,
      0.0,
      0.15600000321865082
    ],
    [
      -0.01899999938905239,
      -0.0,
      0.12800000607967377
    ],
    [
      -0.01899999938905239,
      -0.0,
      0.07400000095367432
    ],
    [
      0.02500000037252903,
      -0.014000000432133675,
      -0.010999999940395355
    ],
    [
      0.0,
      0.0,
      0.041999999433755875
    ],
    [
      -0.07400000095367432,
      -0.0,
      0.12800000607967377
    ],
    [
      -0.07999999821186066,
      -0.0,
      0.15600000321865082
    ],
    [
      -0.014000000432133675,
      0.0,
      0.041999999433755875
    ],
    [
      0.02500000037252903,
      0.0,
      -0.014999999664723873
    ],
    [
      -0.07400000095367432,
      -0.0,
      0.07400000095367432
    ],
    [
      0.0,
      -0.0,
      -0.014999999664723873
    ],
    [
      -0.03500000014901161,
      -0.017999999225139618,
      -0.009999999776482582
    ],
    [
      -0.05700000002980232,
      -0.017999999225139618,
      -0.009999999776482582
    ],
    [
      -0.014000000432133675,
      0.0,
      -0.041999999433755875
    ],
    [
      -0.10000000149011612,
      -0.029999999329447746,
      0.0
    ],
    [
      -0.023000000044703484,
      0.0,
      -0.06499999761581421
    ],
    [
      -0.023000000044703484,
      -0.0,
      -0.07500000298023224
    ],
    [
      -0.017000000923871994,
      -0.0,
      -0.09200000017881393
    ],
    [
      -0.03700000047683716,
      -0.0,
      -0.09700000286102295
    ],
    [
      -0.028999999165534973,
      -0.0,
      -0.12700000405311584
    ],
    [
      -0.09000000357627869,
      -0.0,
      -0.014999999664723873
    ],
    [
      0.0,
      0.0,
      -0.15600000321865082
    ],
    [
      -0.09000000357627869,
      -0.0,
      -0.041999999433755875
    ],
    [
      -0.052000001072883606,
      -0.0,
      -0.09700000286102295
    ],
    [
      -0.014000000432133675,
      0.0,
      -0.15600000321865082
    ]
  ],