{
  "frame": 163,
  "object_rotation_in_cam": [
    [
      0.5947457029522965,
      -0.18475236179376198,
      -0.7823963916272914
    ],
    [
      -0.5684634709439315,
      0.5915170375315629,
      -0.5718014310162768
    ],
    [
      0.5684424606080698,
      0.784840212477362,
      0.2467772474445984
    ]
  ],
  "object_translation_in_cam": [
    0.0034504418622656042,
    -0.04798586563301666,
    0.7026982049881395
  ],
  "raw_rvec": [
    0.9397540333037838,
    -0.9357344040114506,
    -0.2657990517810837
  ],
  "refined_raw_rvec": [
    0.9397540333037838,
    -0.9357344040114506,
    -0.2657990517810837
  ],
  "num_inliers": 13,
  "total_matches": 24,
  "inlier_ratio": 0.5416666666666666,
  "reprojection_errors": [
    2.2808895111083984,
    2.190272092819214,
    0.7475313544273376,
    3.9921040534973145,
    2.812776565551758,
    1.6641372442245483,
    3.1083874702453613,
    3.806986093521118,
    1.4144530296325684,
    1.2402637004852295,
    1.8249716758728027,
    3.2678465843200684,
    2.452486753463745
  ],
  "mean_reprojection_error": 2.36946964263916,
  "std_reprojection_error": 0.9570655226707458,
  "inliers": [
    3,
    4,
    7,
    9,
    10,
    11,
    12,
    13,
    15,
    16,
    17,
    18,
    19
  ],
  "mkpts0": [
    [
      745.125,
      201.375
    ],
    [
      805.125,
      212.625
    ],
    [
      793.875,
      220.125
    ],
    [
      705.125,
      223.875
    ],
    [
      835.125,
      225.125
    ],
    [
      425.125,
      242.625
    ],
    [
      413.875,
      248.875
    ],
    [
      436.375,
      260.125
    ],
    [
      478.875,
      281.375
    ],
    [
      590.125,
      283.875
    ],
    [
      522.625,
      286.375
    ],
    [
      386.375,
      288.875
    ],
    [
      511.375,
      292.625
    ],
    [
      597.625,
      297.625
    ],
    [
      430.125,
      311.375
    ],
    [
      575.125,
      312.625
    ],
    [
      540.125,
      313.875
    ],
    [
      518.875,
      327.625
    ],
    [
      586.375,
      330.125
    ],
    [
      602.625,
      347.625
    ],
    [
      611.375,
      352.625
    ],
    [
      636.375,
      357.625
    ],
    [
      650.125,
      376.375
    ],
    [
      595.125,
      388.875
    ]
  ],
  "mkpts1": [
    [
      883.875,
      47.625
    ],
    [
      980.125,
      86.375
    ],
    [
      967.625,
      96.375
    ],
    [
      820.125,
      78.875
    ],
    [
      1032.625,
      113.875
    ],
    [
      357.625,
      63.875
    ],
    [
      340.125,
      72.625
    ],
    [
      385.125,
      105.125
    ],
    [
      451.375,
      160.125
    ],
    [
      663.875,
      198.875
    ],
    [
      543.875,
      183.875
    ],
    [
      303.875,
      158.875
    ],
    [
      523.875,
      193.875
    ],
    [
      670.125,
      218.875
    ],
    [
      391.375,
      221.375
    ],
    [
      635.125,
      246.375
    ],
    [
      591.375,
      257.625
    ],
    [
      560.125,
      283.875
    ],
    [
      665.125,
      291.375
    ],
    [
      695.125,
      332.625
    ],
    [
      713.875,
      347.625
    ],
    [
      753.875,
      360.125
    ],
    [
      780.125,
      403.875
    ],
    [
      697.625,
      420.125
    ]
  ],
  "mpts3D": [
    [
      0.21699999272823334,
      -0.0,
      -0.027000000700354576
    ],
    [
      0.23000000417232513,
      0.0,
      -0.07000000029802322
    ],
    [
      0.21699999272823334,
      -0.0,
      -0.07000000029802322
    ],
    [
      0.17000000178813934,
      -0.0,
      -0.014999999664723873
    ],
    [
      0.23000000417232513,
      -0.0,
      -0.11299999803304672
    ],
    [
      -0.0,
      -0.0,
      0.15600000321865082
    ],
    [
      -0.014000000432133675,
      0.0,
      0.15600000321865082
    ],
    [
      -0.01899999938905239,
      -0.0,
      0.12800000607967377
    ],
    [
      -0.01899999938905239,
      -0.0,
      0.07400000095367432
    ],
    [
      0.02500000037252903,
      -0.014000000432133675,
      -0.010999999940395355
    ],
    [
      0.0,
      0.0,
      0.041999999433755875
    ],
    [
      -0.07400000095367432,
      -0.0,
      0.12800000607967377
    ],
    [
      -0.014000000432133675,
      0.0,
      0.041999999433755875
    ],
    [
      0.02500000037252903,
      0.0,
      -0.014999999664723873
    ],
    [
      -0.07400000095367432,
      -0.0,
      0.07400000095367432
    ],
    [
      0.0,
      -0.0,
      -0.014999999664723873
    ],
    [
      -0.03500000014901161,
      -0.017999999225139618,
      -0.009999999776482582
    ],
    [
      -0.05700000002980232,
      -0.017999999225139618,
      -0.009999999776482582
    ],
    [
      -0.014000000432133675,
      0.0,
      -0.041999999433755875
    ],
    [
      -0.023000000044703484,
      0.0,
      -0.06499999761581421
    ],
    [
      -0.023000000044703484,
      -0.0,
      -0.07500000298023224
    ],
    [
      -0.017000000923871994,
      -0.0,
      -0.09200000017881393
    ],
    [
      -0.028999999165534973,
      -0.0,
      -0.12700000405311584
    ],
    [
      -0.052000001072883606,
      -0.0,
      -0.09700000286102295
    ]
  ],
  "mconf": [
    0.9942671656608582,
    0.7176321744918823,
    0.9863343834877014,
    0.864041805267334,
    0.3740971088409424,
    0.945568859577179,
    0.9957847595214844,
    0.9977236390113831,
    0.7143020629882812,
    0.9714901447296143,
    0.3761823773384094,
    0.9952530860900879,
    0.6629106402397156,
    0.9706960320472717,
    0.9985297918319702,
    0.9896451830863953,
    0.9957590699195862,
    0.9992936253547668,
    0.9984475374221802,
    0.9943230748176575,
    0.9923003315925598,
    0.9994349479675293,
    0.9994728565216064,
    0.9996423721313477
  ],
  "coverage_score": 0.7863118319475819,
  "pose_estimation_failed": false,
  "tracking_method": "loosely_coupled",
  "kf_translation_vector": [
    0.02282654900632392,
    -0.04017864730060401,
    0.806997462300219
  ],
  "kf_quaternion": [
    0.41028914585217047,
    -0.43831009537524845,
    -0.1442076760786676,
    0.786607413674717
  ],
  "kf_rotation_matrix": [
    [
      0.5741768129042614,
      -0.13279809507522397,
      -0.8078896295085715
    ],
    [
      -0.5865374035243522,
      0.6217339259117729,
      -0.5190576072434016
    ],
    [
      0.5712222525339995,
      0.7718883282669365,
      0.27909415417607397
    ]
  ],
  "position_diff": 0.11066082054377227,
  "orientation_diff": 3.760312510105685,
  "timestamp": 1741869958.3557956,
  "image_file": "webcam_000163"
}