{
  "frame": 22,
  "object_rotation_in_cam": [
    [
      0.4925966065995835,
      -0.30028866680472993,
      -0.8168079944241566
    ],
    [
      -0.5105682104383926,
      0.6603555446847382,
      -0.5506819927089135
    ],
    [
      0.7047472494847442,
      0.6883002769088216,
      0.1719710532354999
    ]
  ],
  "object_translation_in_cam": [
    -0.025047047726829655,
    0.012664509114292802,
    0.745969212098498
  ],
  "raw_rvec": [
    0.8837434569746043,
    -1.0852976061108286,
    -0.14998856349993658
  ],
  "refined_raw_rvec": [
    0.8837434569746043,
    -1.0852976061108286,
    -0.14998856349993658
  ],
  "num_inliers": 15,
  "total_matches": 26,
  "inlier_ratio": 0.5769230769230769,
  "reprojection_errors": [
    1.1909985542297363,
    1.398602843284607,
    2.424758195877075,
    2.5266783237457275,
    1.617604374885559,
    0.8588988184928894,
    3.3614258766174316,
    3.339893341064453,
    2.2377617359161377,
    0.9953519701957703,
    3.258967399597168,
    3.31432843208313,
    2.3911120891571045,
    3.9316437244415283,
    0.2715965509414673
  ],
  "mean_reprojection_error": 2.207974672317505,
  "std_reprojection_error": 1.0699596405029297,
  "inliers": [
    0,
    6,
    9,
    10,
    11,
    12,
    13,
    14,
    15,
    16,
    17,
    18,
    19,
    23,
    25
  ],
  "mkpts0": [
    [
      751.375,
      76.375
    ],
    [
      636.375,
      157.625
    ],
    [
      356.375,
      195.125
    ],
    [
      705.125,
      223.875
    ],
    [
      425.125,
      242.625
    ],
    [
      413.875,
      248.875
    ],
    [
      436.375,
      260.125
    ],
    [
      478.875,
      281.375
    ],
    [
      590.125,
      283.875
    ],
    [
      522.625,
      286.375
    ],
    [
      386.375,
      288.875
    ],
    [
      511.375,
      292.625
    ],
    [
      597.625,
      297.625
    ],
    [
      430.125,
      311.375
    ],
    [
      575.125,
      312.625
    ],
    [
      540.125,
      313.875
    ],
    [
      518.875,
      327.625
    ],
    [
      586.375,
      330.125
    ],
    [
      602.625,
      347.625
    ],
    [
      611.375,
      352.625
    ],
    [
      636.375,
      357.625
    ],
    [
      617.625,
      368.875
    ],
    [
      650.125,
      376.375
    ],
    [
      715.125,
      383.875
    ],
    [
      595.125,
      388.875
    ],
    [
      702.625,
      391.375
    ]
  ],
  "mkpts1": [
    [
      822.625,
      15.125
    ],
    [
      596.375,
      72.625
    ],
    [
      172.625,
      80.125
    ],
    [
      713.875,
      218.875
    ],
    [
      301.375,
      197.625
    ],
    [
      286.375,
      206.375
    ],
    [
      332.625,
      236.375
    ],
    [
      401.375,
      290.125
    ],
    [
      600.125,
      325.125
    ],
    [
      487.625,
      310.125
    ],
    [
      263.875,
      287.625
    ],
    [
      472.625,
      321.375
    ],
    [
      603.875,
      345.125
    ],
    [
      352.625,
      346.375
    ],
    [
      576.375,
      370.125
    ],
    [
      543.875,
      380.125
    ],
    [
      520.125,
      403.875
    ],
    [
      608.875,
      411.375
    ],
    [
      641.375,
      448.875
    ],
    [
      657.625,
      461.375
    ],
    [
      695.125,
      473.875
    ],
    [
      673.875,
      493.875
    ],
    [
      722.625,
      512.625
    ],
    [
      812.625,
      532.625
    ],
    [
      651.375,
      528.875
    ],
    [
      801.375,
      546.375
    ]
  ],
  "mpts3D": [
    [
      0.24300000071525574,
      -0.10400000214576721,
      0.0
    ],
    [
      0.23000000417232513,
      -0.0,
      0.11299999803304672
    ],
    [
      -0.0,
      -0.02500000037252903,
      0.23999999463558197
    ],
    [
      0.17000000178813934,
      -0.0,
      -0.014999999664723873
    ],
    [
      -0.0,
      -0.0,
      0.15600000321865082
    ],
    [
      -0.014000000432133675,
      0.0,
      0.15600000321865082
    ],
    [
      -0.01899999938905239,
      -0.0,
      0.12800000607967377
    ],
    [
      -0.01899999938905239,
      -0.0,
      0.07400000095367432
    ],
    [
      0.02500000037252903,
      -0.014000000432133675,
      -0.010999999940395355
    ],
    [
      0.0,
      0.0,
      0.041999999433755875
    ],
    [
      -0.07400000095367432,
      -0.0,
      0.12800000607967377
    ],
    [
      -0.014000000432133675,
      0.0,
      0.041999999433755875
    ],
    [
      0.02500000037252903,
      0.0,
      -0.014999999664723873
    ],
    [
      -0.07400000095367432,
      -0.0,
      0.07400000095367432
    ],
    [
      0.0,
      -0.0,
      -0.014999999664723873
    ],
    [
      -0.03500000014901161,
      -0.017999999225139618,
      -0.009999999776482582
    ],
    [
      -0.05700000002980232,
      -0.017999999225139618,
      -0.009999999776482582
    ],
    [
      -0.014000000432133675,
      0.0,
      -0.041999999433755875
    ],
    [
      -0.023000000044703484,
      0.0,
      -0.06499999761581421
    ],
    [
      -0.023000000044703484,
      -0.0,
      -0.07500000298023224
    ],
    [
      -0.017000000923871994,
      -0.0,
      -0.09200000017881393
    ],
    [
      -0.03700000047683716,
      -0.0,
      -0.09700000286102295
    ],
    [
      -0.028999999165534973,
      -0.0,
      -0.12700000405311584
    ],
    [
      0.0,
      0.0,
      -0.15600000321865082
    ],
    [
      -0.052000001072883606,
      -0.0,
      -0.09700000286102295
    ],
    [
      -0.014000000432133675,
      0.0,
      -0.15600000321865082
    ]
  ],
  "mconf": [
    0.4039459526538849,
    0.20937131345272064,
    0.5795095562934875,
    0.7527110576629639,
    0.9370230436325073,
    0.9943335056304932,
    0.9959273338317871,
    0.8904582262039185,
    0.8199604153633118,
    0.5035174489021301,
    0.9952189922332764,
    0.8410717844963074,
    0.9776565432548523,
    0.9960551857948303,
    0.979625940322876,
    0.9960677623748779,
    0.9987874627113342,
    0.9952349066734314,
    0.9930613040924072,
    0.9957608580589294,
    0.9995812773704529,
    0.9996224641799927,
    0.9997459650039673,
    0.9942741394042969,
    0.999427855014801,
    0.9997110962867737
  ],
  "coverage_score": 0.6610896727583333,
  "pose_estimation_failed": false,
  "tracking_method": "loosely_coupled",
  "kf_translation_vector": [
    -0.011885872940953857,
    -0.08960312933944824,
    0.6996468443592972
  ],
  "kf_quaternion": [
    0.4573616205132558,
    -0.4836392468059331,
    -0.11143486143693787,
    0.7378995180151622
  ],
  "kf_rotation_matrix": [
    [
      0.5073507012110403,
      -0.27794059823713846,
      -0.8156863918395643
    ],
    [
      -0.6068515204147498,
      0.5568052394760381,
      -0.5671852937641616
    ],
    [
      0.6118222766056922,
      0.7827623835772982,
      0.1138268540609566
    ]
  ],
  "position_diff": 0.11560887382763585,
  "orientation_diff": 8.304920956075225,
  "timestamp": 1741869610.0189025,
  "image_file": "webcam_000022"
}