{
  "frame": 104,
  "object_rotation_in_cam": [
    [
      0.6052788975777883,
      -0.21963706636388844,
      -0.765112419992044
    ],
    [
      -0.5438315181005063,
      0.5877896691785072,
      -0.5989579156564504
    ],
    [
      0.5812785357017027,
      0.7786288357658517,
      0.23633112373616458
    ]
  ],
  "object_translation_in_cam": [
    -0.017403915666819914,
    -0.04338374626343741,
    0.6897452145632444
  ],
  "raw_rvec": [
    0.9551847281972503,
    -0.9335543316845718,
    -0.22478844903624462
  ],
  "refined_raw_rvec": [
    0.9551847281972503,
    -0.9335543316845718,
    -0.22478844903624462
  ],
  "num_inliers": 14,
  "total_matches": 25,
  "inlier_ratio": 0.56,
  "reprojection_errors": [
    1.281297206878662,
    2.3227450847625732,
    2.2765512466430664,
    1.4585955142974854,
    2.742245674133301,
    2.0409042835235596,
    3.409909725189209,
    2.4391162395477295,
    3.669837713241577,
    3.1219799518585205,
    1.5511480569839478,
    0.8347355127334595,
    3.3277676105499268,
    0.9995487332344055
  ],
  "mean_reprojection_error": 2.2483131885528564,
  "std_reprojection_error": 0.895652711391449,
  "inliers": [
    0,
    2,
    6,
    11,
    12,
    13,
    14,
    15,
    16,
    17,
    18,
    19,
    20,
    24
  ],
  "mkpts0": [
    [
      745.125,
      201.375
    ],
    [
      793.875,
      220.125
    ],
    [
      705.125,
      223.875
    ],
    [
      425.125,
      242.625
    ],
    [
      413.875,
      248.875
    ],
    [
      436.375,
      260.125
    ],
    [
      478.875,
      281.375
    ],
    [
      590.125,
      283.875
    ],
    [
      522.625,
      286.375
    ],
    [
      386.375,
      288.875
    ],
    [
      350.125,
      290.125
    ],
    [
      511.375,
      292.625
    ],
    [
      597.625,
      297.625
    ],
    [
      430.125,
      311.375
    ],
    [
      575.125,
      312.625
    ],
    [
      540.125,
      313.875
    ],
    [
      518.875,
      327.625
    ],
    [
      586.375,
      330.125
    ],
    [
      602.625,
      347.625
    ],
    [
      611.375,
      352.625
    ],
    [
      636.375,
      357.625
    ],
    [
      617.625,
      368.875
    ],
    [
      650.125,
      376.375
    ],
    [
      595.125,
      388.875
    ],
    [
      702.625,
      391.375
    ]
  ],
  "mkpts1": [
    [
      848.875,
      66.375
    ],
    [
      930.125,
      117.625
    ],
    [
      782.625,
      93.875
    ],
    [
      316.375,
      62.625
    ],
    [
      298.875,
      71.375
    ],
    [
      342.625,
      105.125
    ],
    [
      425.125,
      163.875
    ],
    [
      621.375,
      208.875
    ],
    [
      500.125,
      190.125
    ],
    [
      256.375,
      156.375
    ],
    [
      188.875,
      138.875
    ],
    [
      480.125,
      200.125
    ],
    [
      626.375,
      230.125
    ],
    [
      342.625,
      222.625
    ],
    [
      588.875,
      256.375
    ],
    [
      543.875,
      266.375
    ],
    [
      510.125,
      292.625
    ],
    [
      617.625,
      302.625
    ],
    [
      646.375,
      345.125
    ],
    [
      662.625,
      358.875
    ],
    [
      702.625,
      373.875
    ],
    [
      675.125,
      395.125
    ],
    [
      728.875,
      418.875
    ],
    [
      641.375,
      432.625
    ],
    [
      816.375,
      460.125
    ]
  ],
  "mpts3D": [
    [
      0.21699999272823334,
      -0.0,
      -0.027000000700354576
    ],
    [
      0.21699999272823334,
      -0.0,
      -0.07000000029802322
    ],
    [
      0.17000000178813934,
      -0.0,
      -0.014999999664723873
    ],
    [
      -0.0,
      -0.0,
      0.15600000321865082
    ],
    [
      -0.014000000432133675,
      0.0,
      0.15600000321865082
    ],
    [
      -0.01899999938905239,
      -0.0,
      0.12800000607967377
    ],
    [
      -0.01899999938905239,
      -0.0,
      0.07400000095367432
    ],
    [
      0.02500000037252903,
      -0.014000000432133675,
      -0.010999999940395355
    ],
    [
      0.0,
      0.0,
      0.041999999433755875
    ],
    [
      -0.07400000095367432,
      -0.0,
      0.12800000607967377
    ],
    [
      -0.07999999821186066,
      -0.0,
      0.15600000321865082
    ],
    [
      -0.014000000432133675,
      0.0,
      0.041999999433755875
    ],
    [
      0.02500000037252903,
      0.0,
      -0.014999999664723873
    ],
    [
      -0.07400000095367432,
      -0.0,
      0.07400000095367432
    ],
    [
      0.0,
      -0.0,
      -0.014999999664723873
    ],
    [
      -0.03500000014901161,
      -0.017999999225139618,
      -0.009999999776482582
    ],
    [
      -0.05700000002980232,
      -0.017999999225139618,
      -0.009999999776482582
    ],
    [
      -0.014000000432133675,
      0.0,
      -0.041999999433755875
    ],
    [
      -0.023000000044703484,
      0.0,
      -0.06499999761581421
    ],
    [
      -0.023000000044703484,
      -0.0,
      -0.07500000298023224
    ],
    [
      -0.017000000923871994,
      -0.0,
      -0.09200000017881393
    ],
    [
      -0.03700000047683716,
      -0.0,
      -0.09700000286102295
    ],
    [
      -0.028999999165534973,
      -0.0,
      -0.12700000405311584
    ],
    [
      -0.052000001072883606,
      -0.0,
      -0.09700000286102295
    ],
    [
      -0.014000000432133675,
      0.0,
      -0.15600000321865082
    ]
  ],
  "mconf": [
    0.9509865045547485,
    0.22069066762924194,
    0.7843289971351624,
    0.9447240233421326,
    0.9939194321632385,
    0.9954899549484253,
    0.996092677116394,
    0.8891156315803528,
    0.9446455836296082,
    0.9935993552207947,
    0.2224450260400772,
    0.997181236743927,
    0.9671779870986938,
    0.9989672899246216,
    0.9382840991020203,
    0.9930825233459473,
    0.9985647797584534,
    0.9984992742538452,
    0.9945760369300842,
    0.9947972893714905,
    0.9996485710144043,
    0.9997205138206482,
    0.999099850654602,
    0.9995607733726501,
    0.11057353019714355
  ],
  "coverage_score": 0.7286329568116936,
  "pose_estimation_failed": false,
  "tracking_method": "loosely_coupled",
  "kf_translation_vector": [
    -0.0032481926544161532,
    -0.04313173907251394,
    0.7652151412073465
  ],
  "kf_quaternion": [
    0.440429194133806,
    -0.4245876023540346,
    -0.11728391711766457,
    0.7822991599557264
  ],
  "kf_rotation_matrix": [
    [
      0.611939701425578,
      -0.19049933141305259,
      -0.7676195715003328
    ],
    [
      -0.5575037707629167,
      0.584533215480366,
      -0.5895001828543509
    ],
    [
      0.5609985270963763,
      0.788689371509065,
      0.2514949857637969
    ]
  ],
  "position_diff": 0.0802393428045041,
  "orientation_diff": 1.753019947499669,
  "timestamp": 1741869950.2998827,
  "image_file": "webcam_000104"
}