{
  "frame": 86,
  "object_rotation_in_cam": [
    [
      0.7363475338214733,
      -0.23200469228116596,
      -0.635583300751802
    ],
    [
      -0.2864462823019426,
      0.7441422558420403,
      -0.6034905388038119
    ],
    [
      0.6129770279467494,
      0.6264392435263302,
      0.4814904333210881
    ]
  ],
  "object_translation_in_cam": [
    -0.03487004632889779,
    -0.02274479532910511,
    0.6431542807876371
  ],
  "raw_rvec": [
    0.7498411415739855,
    -0.7611994730476479,
    -0.03319095496081279
  ],
  "refined_raw_rvec": [
    0.7498411415739855,
    -0.7611994730476479,
    -0.03319095496081279
  ],
  "num_inliers": 12,
  "total_matches": 34,
  "inlier_ratio": 0.35294117647058826,
  "reprojection_errors": [
    0.6526169776916504,
    3.3472490310668945,
    3.707902669906616,
    3.2426416873931885,
    2.4537675380706787,
    1.428084373474121,
    3.3845882415771484,
    1.273201584815979,
    2.480008125305176,
    3.883823871612549,
    2.041978359222412,
    0.8586385846138
  ],
  "mean_reprojection_error": 2.3962082862854004,
  "std_reprojection_error": 1.0904823541641235,
  "inliers": [
    2,
    11,
    12,
    13,
    14,
    17,
    18,
    19,
    21,
    25,
    30,
    33
  ],
  "mkpts0": [
    [
      727.625,
      126.375
    ],
    [
      727.625,
      143.875
    ],
    [
      636.375,
      157.625
    ],
    [
      663.875,
      165.125
    ],
    [
      656.375,
      171.375
    ],
    [
      745.125,
      201.375
    ],
    [
      805.125,
      212.625
    ],
    [
      793.875,
      220.125
    ],
    [
      705.125,
      223.875
    ],
    [
      425.125,
      242.625
    ],
    [
      413.875,
      248.875
    ],
    [
      436.375,
      260.125
    ],
    [
      478.875,
      281.375
    ],
    [
      590.125,
      283.875
    ],
    [
      522.625,
      286.375
    ],
    [
      386.375,
      288.875
    ],
    [
      350.125,
      290.125
    ],
    [
      511.375,
      292.625
    ],
    [
      597.625,
      297.625
    ],
    [
      430.125,
      311.375
    ],
    [
      575.125,
      312.625
    ],
    [
      540.125,
      313.875
    ],
    [
      518.875,
      327.625
    ],
    [
      586.375,
      330.125
    ],
    [
      602.625,
      347.625
    ],
    [
      611.375,
      352.625
    ],
    [
      636.375,
      357.625
    ],
    [
      617.625,
      368.875
    ],
    [
      650.125,
      376.375
    ],
    [
      496.375,
      377.625
    ],
    [
      715.125,
      383.875
    ],
    [
      516.375,
      388.875
    ],
    [
      595.125,
      388.875
    ],
    [
      702.625,
      391.375
    ]
  ],
  "mkpts1": [
    [
      892.625,
      51.375
    ],
    [
      882.625,
      77.625
    ],
    [
      713.875,
      55.125
    ],
    [
      753.875,
      85.125
    ],
    [
      740.125,
      90.125
    ],
    [
      878.875,
      186.375
    ],
    [
      973.875,
      238.875
    ],
    [
      956.375,
      243.875
    ],
    [
      822.625,
      218.875
    ],
    [
      313.875,
      97.625
    ],
    [
      291.375,
      100.125
    ],
    [
      326.375,
      131.375
    ],
    [
      393.875,
      188.875
    ],
    [
      588.875,
      255.125
    ],
    [
      466.375,
      223.875
    ],
    [
      220.125,
      155.125
    ],
    [
      162.625,
      135.125
    ],
    [
      442.625,
      228.875
    ],
    [
      592.625,
      281.375
    ],
    [
      286.375,
      220.125
    ],
    [
      542.625,
      293.875
    ],
    [
      483.875,
      282.625
    ],
    [
      440.125,
      298.875
    ],
    [
      561.375,
      337.625
    ],
    [
      580.125,
      380.125
    ],
    [
      595.125,
      396.375
    ],
    [
      637.625,
      418.875
    ],
    [
      597.625,
      430.125
    ],
    [
      653.875,
      465.125
    ],
    [
      370.125,
      377.625
    ],
    [
      768.875,
      513.875
    ],
    [
      393.875,
      406.375
    ],
    [
      548.875,
      458.875
    ],
    [
      746.375,
      525.125
    ]
  ],
  "mpts3D": [
    [
      0.20600000023841858,
      -0.07000000029802322,
      -0.0020000000949949026
    ],
    [
      0.20600000023841858,
      -0.054999999701976776,
      -0.0020000000949949026
    ],
    [
      0.23000000417232513,
      -0.0,
      0.11299999803304672
    ],
    [
      0.23000000417232513,
      -0.0,
      0.07000000029802322
    ],
    [
      0.21699999272823334,
      0.0,
      0.07000000029802322
    ],
    [
      0.21699999272823334,
      -0.0,
      -0.027000000700354576
    ],
    [
      0.23000000417232513,
      0.0,
      -0.07000000029802322
    ],
    [
      0.21699999272823334,
      -0.0,
      -0.07000000029802322
    ],
    [
      0.17000000178813934,
      -0.0,
      -0.014999999664723873
    ],
    [
      -0.0,
      -0.0,
      0.15600000321865082
    ],
    [
      -0.014000000432133675,
      0.0,
      0.15600000321865082
    ],
    [
      -0.01899999938905239,
      -0.0,
      0.12800000607967377
    ],
    [
      -0.01899999938905239,
      -0.0,
      0.07400000095367432
    ],
    [
      0.02500000037252903,
      -0.014000000432133675,
      -0.010999999940395355
    ],
    [
      0.0,
      0.0,
      0.041999999433755875
    ],
    [
      -0.07400000095367432,
      -0.0,
      0.12800000607967377
    ],
    [
      -0.07999999821186066,
      -0.0,
      0.15600000321865082
    ],
    [
      -0.014000000432133675,
      0.0,
      0.041999999433755875
    ],
    [
      0.02500000037252903,
      0.0,
      -0.014999999664723873
    ],
    [
      -0.07400000095367432,
      -0.0,
      0.07400000095367432
    ],
    [
      0.0,
      -0.0,
      -0.014999999664723873
    ],
    [
      -0.03500000014901161,
      -0.017999999225139618,
      -0.009999999776482582
    ],
    [
      -0.05700000002980232,
      -0.017999999225139618,
      -0.009999999776482582
    ],
    [
      -0.014000000432133675,
      0.0,
      -0.041999999433755875
    ],
    [
      -0.023000000044703484,
      0.0,
      -0.06499999761581421
    ],
    [
      -0.023000000044703484,
      -0.0,
      -0.07500000298023224
    ],
    [
      -0.017000000923871994,
      -0.0,
      -0.09200000017881393
    ],
    [
      -0.03700000047683716,
      -0.0,
      -0.09700000286102295
    ],
    [
      -0.028999999165534973,
      -0.0,
      -0.12700000405311584
    ],
    [
      -0.09000000357627869,
      -0.0,
      -0.014999999664723873
    ],
    [
      0.0,
      0.0,
      -0.15600000321865082
    ],
    [
      -0.09000000357627869,
      -0.0,
      -0.041999999433755875
    ],
    [
      -0.052000001072883606,
      -0.0,
      -0.09700000286102295
    ],
    [
      -0.014000000432133675,
      0.0,
      -0.15600000321865082
    ]
  ],
  "mconf": [
    0.9983347058296204,
    0.9883669018745422,
    0.8444690108299255,
    0.7741386890411377,
    0.9873865246772766,
    0.8233602046966553,
    0.5613569617271423,
    0.9893413186073303,
    0.16343140602111816,
    0.798423707485199,
    0.9987976551055908,
    0.9992992281913757,
    0.9968857169151306,
    0.9784973859786987,
    0.9382874965667725,
    0.9985366463661194,
    0.18578898906707764,
    0.99139803647995,
    0.9972665905952454,
    0.9986793398857117,
    0.9951720833778381,
    0.9973077774047852,
    0.9995206594467163,
    0.999390184879303,
    0.9994606971740723,
    0.9988370537757874,
    0.9998963475227356,
    0.9998460412025452,
    0.9996851682662964,
    0.9868445992469788,
    0.9945645332336426,
    0.6635552048683167,
    0.9998536109924316,
    0.998607873916626
  ],
  "coverage_score": 0.9232196723355078,
  "pose_estimation_failed": false,
  "tracking_method": "loosely_coupled",
  "kf_translation_vector": [
    -0.03007769703287554,
    -0.0167396633628882,
    0.6870822758519275
  ],