{
  "frame": 129,
  "object_rotation_in_cam": [
    [
      0.8330593095279227,
      -0.24004250997988874,
      -0.4983891854880238
    ],
    [
      -0.09078881182873577,
      0.8294027056259088,
      -0.5512245853979562
    ],
    [
      0.5456826719400087,
      0.5044509344851859,
      0.669148470999849
    ]
  ],
  "object_translation_in_cam": [
    0.000386072573028732,
    0.0002597200332399284,
    0.6031417579625837
  ],
  "raw_rvec": [
    0.5958213127093256,
    -0.5892722270612994,
    0.08423851144050906
  ],
  "refined_raw_rvec": [
    0.5958213127093256,
    -0.5892722270612994,
    0.08423851144050906
  ],
  "num_inliers": 7,
  "total_matches": 15,
  "inlier_ratio": 0.4666666666666667,
  "reprojection_errors": [
    0.6771001815795898,
    2.8671557903289795,
    1.525239109992981,
    2.0011024475097656,
    1.0430539846420288,
    1.0827568769454956,
    1.619314193725586
  ],
  "mean_reprojection_error": 1.5451031923294067,
  "std_reprojection_error": 0.674103319644928,
  "inliers": [
    0,
    4,
    6,
    7,
    8,
    10,
    11
  ],
  "mkpts0": [
    [
      727.625,
      126.375
    ],
    [
      356.375,
      195.125
    ],
    [
      425.125,
      242.625
    ],
    [
      413.875,
      248.875
    ],
    [
      436.375,
      260.125
    ],
    [
      478.875,
      281.375
    ],
    [
      386.375,
      288.875
    ],
    [
      430.125,
      311.375
    ],
    [
      586.375,
      330.125
    ],
    [
      470.125,
      338.875
    ],
    [
      602.625,
      347.625
    ],
    [
      636.375,
      357.625
    ],
    [
      650.125,
      376.375
    ],
    [
      496.375,
      377.625
    ],
    [
      595.125,
      388.875
    ]
  ],
  "mkpts1": [
    [
      1022.625,
      162.625
    ],
    [
      362.625,
      45.125
    ],
    [
      426.375,
      151.375
    ],
    [
      405.125,
      151.375
    ],
    [
      430.125,
      181.375
    ],
    [
      485.125,
      235.125
    ],
    [
      321.375,
      185.125
    ],
    [
      370.125,
      246.375
    ],
    [
      628.875,
      391.375
    ],
    [
      401.375,
      303.875
    ],
    [
      640.125,
      430.125
    ],
    [
      693.875,
      473.875
    ],
    [
      703.875,
      520.125
    ],
    [
      421.375,
      400.125
    ],
    [
      591.375,
      496.375
    ]
  ],
  "mpts3D": [
    [
      0.20600000023841858,
      -0.07000000029802322,
      -0.0020000000949949026
    ],
    [
      -0.0,
      -0.02500000037252903,
      0.23999999463558197
    ],
    [
      -0.0,
      -0.0,
      0.15600000321865082
    ],
    [
      -0.014000000432133675,
      0.0,
      0.15600000321865082
    ],
    [
      -0.01899999938905239,
      -0.0,
      0.12800000607967377
    ],
    [
      -0.01899999938905239,
      -0.0,
      0.07400000095367432
    ],
    [
      -0.07400000095367432,
      -0.0,
      0.12800000607967377
    ],
    [
      -0.07400000095367432,
      -0.0,
      0.07400000095367432
    ],
    [
      -0.014000000432133675,
      0.0,
      -0.041999999433755875
    ],
    [
      -0.10000000149011612,
      -0.029999999329447746,
      0.0
    ],
    [
      -0.023000000044703484,
      0.0,
      -0.06499999761581421
    ],
    [
      -0.017000000923871994,
      -0.0,
      -0.09200000017881393
    ],
    [
      -0.028999999165534973,
      -0.0,
      -0.12700000405311584
    ],
    [
      -0.09000000357627869,
      -0.0,
      -0.014999999664723873
    ],
    [
      -0.052000001072883606,
      -0.0,
      -0.09700000286102295
    ]
  ],
  "mconf": [
    0.15204448997974396,
    0.9940066337585449,
    0.777690589427948,
    0.9994671940803528,
    0.9983479976654053,
    0.9445767402648926,
    0.9974259734153748,
    0.9985269904136658,
    0.3178808093070984,
    0.8766511678695679,
    0.5722194314002991,
    0.18869192898273468,
    0.4259961247444153,
    0.528927743434906,
    0.1350524127483368
  ],
  "coverage_score": 0.7244078178625923,
  "pose_estimation_failed": false,
  "tracking_method": "loosely_coupled",
  "kf_translation_vector": [
    -0.014129400873022212,
    -0.004369846547689361,
    0.6489106949543996
  ],
  "kf_quaternion": [
    0.44966132821529814,
    -0.47137968948601455,
    -0.1332133866994906,
    0.7469003091790594
  ],
  "kf_rotation_matrix": [
    [
      0.520110763888241,
      -0.22492819511071396,
      -0.8239490884343686
    ],
    [
      -0.6229166739612705,
      0.5601177670234118,
      -0.5461162004241729
    ],
    [
      0.5843454548369643,
      0.7972925398553179,
      0.15121175649544483
    ]
  ],
  "position_diff": 0.051029530183655795,
  "orientation_diff": 39.51079116216949,
  "timestamp": 1741869624.3965092,
  "image_file": "webcam_000129"
}