{
  "frame": 61,
  "object_rotation_in_cam": [
    [
      0.6803560216268756,
      -0.11986277286224103,
      -0.7230135541729664
    ],
    [
      -0.5329149752578286,
      0.5963236393170717,
      -0.6003330295241058
    ],
    [
      0.503107655459543,
      0.7937449419513913,
      0.3418357122136069
    ]
  ],
  "object_translation_in_cam": [
    0.006216509775415751,
    -0.01949438614053281,
    0.7254455245780697
  ],
  "raw_rvec": [
    0.9208923388926019,
    -0.809944387335263,
    -0.2728517461230816
  ],
  "refined_raw_rvec": [
    0.9208923388926019,
    -0.809944387335263,
    -0.2728517461230816
  ],
  "num_inliers": 15,
  "total_matches": 28,
  "inlier_ratio": 0.5357142857142857,
  "reprojection_errors": [
    1.6083271503448486,
    1.041969656944275,
    1.5996335744857788,
    3.2585220336914062,
    2.257464647293091,
    1.1062136888504028,
    3.012162923812866,
    3.9193966388702393,
    3.2863330841064453,
    1.8002163171768188,
    0.7556225657463074,
    1.3124569654464722,
    3.318631649017334,
    1.1309839487075806,
    2.0979764461517334
  ],
  "mean_reprojection_error": 2.1003942489624023,
  "std_reprojection_error": 0.9817416667938232,
  "inliers": [
    3,
    6,
    9,
    11,
    12,
    13,
    14,
    15,
    16,
    17,
    18,
    19,
    20,
    21,
    22
  ],
  "mkpts0": [
    [
      727.625,
      143.875
    ],
    [
      663.875,
      165.125
    ],
    [
      656.375,
      171.375
    ],
    [
      745.125,
      201.375
    ],
    [
      805.125,
      212.625
    ],
    [
      793.875,
      220.125
    ],
    [
      705.125,
      223.875
    ],
    [
      425.125,
      242.625
    ],
    [
      413.875,
      248.875
    ],
    [
      436.375,
      260.125
    ],
    [
      478.875,
      281.375
    ],
    [
      590.125,
      283.875
    ],
    [
      522.625,
      286.375
    ],
    [
      386.375,
      288.875
    ],
    [
      511.375,
      292.625
    ],
    [
      597.625,
      297.625
    ],
    [
      430.125,
      311.375
    ],
    [
      575.125,
      312.625
    ],
    [
      540.125,
      313.875
    ],
    [
      518.875,
      327.625
    ],
    [
      586.375,
      330.125
    ],
    [
      602.625,
      347.625
    ],
    [
      611.375,
      352.625
    ],
    [
      636.375,
      357.625
    ],
    [
      617.625,
      368.875
    ],
    [
      650.125,
      376.375
    ],
    [
      595.125,
      388.875
    ],
    [
      702.625,
      391.375
    ]
  ],
  "mkpts1": [
    [
      910.125,
      23.875
    ],
    [
      838.875,
      36.375
    ],
    [
      822.625,
      42.625
    ],
    [
      912.625,
      116.375
    ],
    [
      1007.625,
      158.875
    ],
    [
      992.625,
      168.875
    ],
    [
      843.875,
      146.375
    ],
    [
      392.625,
      123.875
    ],
    [
      373.875,
      132.625
    ],
    [
      412.625,
      163.875
    ],
    [
      485.125,
      218.875
    ],
    [
      668.875,
      261.375
    ],
    [
      556.375,
      242.625
    ],
    [
      330.125,
      213.875
    ],
    [
      535.125,
      252.625
    ],
    [
      676.375,
      282.625
    ],
    [
      403.875,
      275.125
    ],
    [
      637.625,
      307.625
    ],
    [
      587.625,
      317.625
    ],
    [
      553.875,
      342.625
    ],
    [
      661.375,
      352.625
    ],
    [
      685.125,
      395.125
    ],
    [
      701.375,
      410.125
    ],
    [
      741.375,
      425.125
    ],
    [
      711.375,
      443.875
    ],
    [
      761.375,
      468.875
    ],
    [
      675.125,
      481.375
    ],
    [
      847.625,
      512.625
    ]
  ],
  "mpts3D": [
    [
      0.20600000023841858,
      -0.054999999701976776,
      -0.0020000000949949026
    ],
    [
      0.23000000417232513,
      -0.0,
      0.07000000029802322
    ],
    [
      0.21699999272823334,
      0.0,
      0.07000000029802322
    ],
    [
      0.21699999272823334,
      -0.0,
      -0.027000000700354576
    ],
    [
      0.23000000417232513,
      0.0,
      -0.07000000029802322
    ],
    [
      0.21699999272823334,
      -0.0,
      -0.07000000029802322
    ],
    [
      0.17000000178813934,
      -0.0,
      -0.014999999664723873
    ],
    [
      -0.0,
      -0.0,
      0.15600000321865082
    ],
    [
      -0.014000000432133675,
      0.0,
      0.15600000321865082
    ],
    [
      -0.01899999938905239,
      -0.0,
      0.12800000607967377
    ],
    [
      -0.01899999938905239,
      -0.0,
      0.07400000095367432
    ],
    [
      0.02500000037252903,
      -0.014000000432133675,
      -0.010999999940395355
    ],
    [
      0.0,
      0.0,
      0.041999999433755875
    ],
    [
      -0.07400000095367432,
      -0.0,
      0.12800000607967377
    ],
    [
      -0.014000000432133675,
      0.0,
      0.041999999433755875
    ],
    [
      0.02500000037252903,
      0.0,
      -0.014999999664723873
    ],
    [
      -0.07400000095367432,
      -0.0,
      0.07400000095367432
    ],
    [
      0.0,
      -0.0,
      -0.014999999664723873
    ],
    [
      -0.03500000014901161,
      -0.017999999225139618,
      -0.009999999776482582
    ],
    [
      -0.05700000002980232,
      -0.017999999225139618,
      -0.009999999776482582
    ],
    [
      -0.014000000432133675,
      0.0,
      -0.041999999433755875
    ],
    [
      -0.023000000044703484,
      0.0,
      -0.06499999761581421
    ],
    [
      -0.023000000044703484,
      -0.0,
      -0.07500000298023224
    ],
    [
      -0.017000000923871994,
      -0.0,
      -0.09200000017881393
    ],
    [
      -0.03700000047683716,
      -0.0,
      -0.09700000286102295
    ],
    [
      -0.028999999165534973,
      -0.0,
      -0.12700000405311584
    ],
    [
      -0.052000001072883606,
      -0.0,
      -0.09700000286102295
    ],
    [
      -0.014000000432133675,
      0.0,
      -0.15600000321865082
    ]
  ],
  "mconf": [
    0.8905669450759888,
    0.26569339632987976,
    0.1664646416902542,
    0.9918969869613647,
    0.5619757175445557,
    0.9718160629272461,
    0.41857245564460754,
    0.7945913672447205,
    0.991230845451355,
    0.995715856552124,
    0.9851881265640259,
    0.9888448119163513,
    0.9307206869125366,
    0.9913235902786255,
    0.9921488165855408,
    0.9404106140136719,
    0.9955357313156128,
    0.9422048926353455,
    0.9943425059318542,
    0.9982152581214905,
    0.9980515241622925,
    0.9980069398880005,
    0.9910232424736023,
    0.999510645866394,
    0.9996159672737122,
    0.999129593372345,
    0.9992809891700745,
    0.36549970507621765
  ],
  "coverage_score": 0.7883106100537457,
  "pose_estimation_failed": false,
  "tracking_method": "loosely_coupled",
  "kf_translation_vector": [
    -0.01019904197641816,
    -0.015374246151280024,
    0.6478213685089282
  ],
  "kf_quaternion": [
    0.45336286350384863,
    -0.5189687083823641,
    -0.08553645430044998,
    0.7195951005261492
  ],
  "kf_rotation_matrix": [
    [
      0.44670998941129547,
      -0.34745905254027937,
      -0.8244527834679023
    ],
    [
      -0.59366550626421,
      0.5742912579625955,
      -0.5636939042599263
    ],
    [
      0.66933657604543,
      0.7412568770915728,
      0.050267187431062954
    ]
  ],
  "position_diff": 0.081657016421116,
  "orientation_diff": 19.85863001586563,
  "timestamp": 1741869678.985129,
  "image_file": "webcam_000061"
}