{
  "frame": 4,
  "kf_translation_vector": [
    -0.001446857026183772,
    -0.0313800199242034,
    0.5920597777581211
  ],
  "kf_quaternion": [
    0.4596470852503801,
    -0.41313664779574366,
    -0.0968636094382697,
    0.7801667183592977
  ],
  "kf_rotation_matrix": [
    [
      0.639871102829372,
      -0.22865458333106978,
      -0.7336770769797964
    ],
    [
      -0.530933640546636,
      0.5586839963748402,
      -0.637166902412965
    ],
    [
      0.555584773999269,
      0.7972385299998567,
      0.23608533453785085
    ]
  ],
  "pose_estimation_failed": false,
  "num_correspondences": 3,
  "tracking_method": "tracking",
  "avg_reprojection_error": 3.142381429672241,
  "timestamp": 1741869936.8720734,
  "image_file": "webcam_000004"
}