{
  "frame": 59,
  "object_rotation_in_cam": [
    [
      0.7824543030540396,
      -0.09058554726430995,
      -0.6160840220773807
    ],
    [
      -0.41324966653811407,
      0.664563502969256,
      -0.6225592852310284
    ],
    [
      0.4658218293922629,
      0.7417207083182031,
      0.48255612535081177
    ]
  ],
  "object_translation_in_cam": [
    0.0419555484954575,
    0.027690920211774633,
    0.7036375682716423
  ],
  "raw_rvec": [
    0.8377476166842838,
    -0.6643533972726013,
    -0.1981346191319109
  ],
  "refined_raw_rvec": [
    0.8377476166842838,
    -0.6643533972726013,
    -0.1981346191319109
  ],
  "num_inliers": 15,
  "total_matches": 35,
  "inlier_ratio": 0.42857142857142855,
  "reprojection_errors": [
    1.8647204637527466,
    1.8441859483718872,
    4.41248893737793,
    1.14378821849823,
    2.3024544715881348,
    1.8897225856781006,
    2.572012186050415,
    1.4021751880645752,
    1.299489140510559,
    0.9332276582717896,
    2.2429559230804443,
    3.065725803375244,
    2.2790918350219727,
    3.12907338142395,
    1.4715248346328735
  ],
  "mean_reprojection_error": 2.123509407043457,
  "std_reprojection_error": 0.8797991871833801,
  "inliers": [
    9,
    13,
    14,
    15,
    16,
    17,
    19,
    21,
    22,
    23,
    24,
    26,
    27,
    32,
    34
  ],
  "mkpts0": [
    [
      751.375,
      76.375
    ],
    [
      727.625,
      126.375
    ],
    [
      727.625,
      143.875
    ],
    [
      636.375,
      157.625
    ],
    [
      663.875,
      165.125
    ],
    [
      656.375,
      171.375
    ],
    [
      356.375,
      195.125
    ],
    [
      745.125,
      201.375
    ],
    [
      805.125,
      212.625
    ],
    [
      793.875,
      220.125
    ],
    [
      705.125,
      223.875
    ],
    [
      425.125,
      242.625
    ],
    [
      413.875,
      248.875
    ],
    [
      436.375,
      260.125
    ],
    [
      478.875,
      281.375
    ],
    [
      590.125,
      283.875
    ],
    [
      522.625,
      286.375
    ],
    [
      386.375,
      288.875
    ],
    [
      350.125,
      290.125
    ],
    [
      511.375,
      292.625
    ],
    [
      597.625,
      297.625
    ],
    [
      430.125,
      311.375
    ],
    [
      575.125,
      312.625
    ],
    [
      540.125,
      313.875
    ],
    [
      518.875,
      327.625
    ],
    [
      586.375,
      330.125
    ],
    [
      602.625,
      347.625
    ],
    [
      611.375,
      352.625
    ],
    [
      636.375,
      357.625
    ],
    [
      617.625,
      368.875
    ],
    [
      650.125,
      376.375
    ],
    [
      496.375,
      377.625
    ],
    [
      715.125,
      383.875
    ],
    [
      595.125,
      388.875
    ],
    [
      702.625,
      391.375
    ]
  ],
  "mkpts1": [
    [
      1095.125,
      33.875
    ],
    [
      1037.625,
      113.875
    ],
    [
      1030.125,
      137.625
    ],
    [
      865.125,
      100.125
    ],
    [
      905.125,
      127.625
    ],
    [
      891.375,
      137.625
    ],
    [
      396.375,
      93.875
    ],
    [
      1033.875,
      235.125
    ],
    [
      1133.875,
      283.875
    ],
    [
      1116.375,
      292.625
    ],
    [
      955.125,
      260.125
    ],
    [
      490.125,
      206.375
    ],
    [
      471.375,
      212.625
    ],
    [
      503.875,
      245.125
    ],
    [
      570.125,
      303.875
    ],
    [
      748.875,
      360.125
    ],
    [
      636.375,
      333.875
    ],
    [
      413.875,
      287.625
    ],
    [
      356.375,
      270.125
    ],
    [
      613.875,
      341.375
    ],
    [
      756.375,
      382.625
    ],
    [
      476.375,
      352.625
    ],
    [
      711.375,
      405.125
    ],
    [
      653.875,
      408.875
    ],
    [
      615.125,
      431.375
    ],
    [
      728.875,
      452.625
    ],
    [
      748.875,
      498.875
    ],
    [
      762.625,
      513.875
    ],
    [
      802.625,
      535.125
    ],
    [
      767.625,
      551.375
    ],
    [
      818.875,
      582.625
    ],
    [
      561.375,
      512.625
    ],
    [
      930.125,
      627.625
    ],
    [
      723.875,
      586.375
    ],
    [
      908.875,
      640.125
    ]
  ],
  "mpts3D": [
    [
      0.24300000071525574,
      -0.10400000214576721,
      0.0
    ],
    [
      0.20600000023841858,
      -0.07000000029802322,
      -0.0020000000949949026
    ],
    [
      0.20600000023841858,
      -0.054999999701976776,
      -0.0020000000949949026
    ],
    [
      0.23000000417232513,
      -0.0,
      0.11299999803304672
    ],
    [
      0.23000000417232513,
      -0.0,
      0.07000000029802322
    ],
    [
      0.21699999272823334,
      0.0,
      0.07000000029802322
    ],
    [
      -0.0,
      -0.02500000037252903,
      0.23999999463558197
    ],
    [
      0.21699999272823334,
      -0.0,
      -0.027000000700354576
    ],
    [
      0.23000000417232513,
      0.0,
      -0.07000000029802322
    ],
    [
      0.21699999272823334,
      -0.0,
      -0.07000000029802322
    ],
    [
      0.17000000178813934,
      -0.0,
      -0.014999999664723873
    ],
    [
      -0.0,
      -0.0,
      0.15600000321865082
    ],
    [
      -0.014000000432133675,
      0.0,
      0.15600000321865082
    ],
    [
      -0.01899999938905239,
      -0.0,
      0.12800000607967377
    ],
    [
      -0.01899999938905239,
      -0.0,
      0.07400000095367432
    ],
    [
      0.02500000037252903,
      -0.014000000432133675,
      -0.010999999940395355
    ],
    [
      0.0,
      0.0,
      0.041999999433755875
    ],
    [
      -0.07400000095367432,
      -0.0,
      0.12800000607967377
    ],
    [
      -0.07999999821186066,
      -0.0,
      0.15600000321865082
    ],
    [
      -0.014000000432133675,
      0.0,
      0.041999999433755875
    ],
    [
      0.02500000037252903,
      0.0,
      -0.014999999664723873
    ],
    [
      -0.07400000095367432,
      -0.0,
      0.07400000095367432
    ],
    [
      0.0,
      -0.0,
      -0.014999999664723873
    ],
    [
      -0.03500000014901161,
      -0.017999999225139618,
      -0.009999999776482582
    ],
    [
      -0.05700000002980232,
      -0.017999999225139618,
      -0.009999999776482582
    ],
    [
      -0.014000000432133675,
      0.0,
      -0.041999999433755875
    ],
    [
      -0.023000000044703484,
      0.0,
      -0.06499999761581421
    ],
    [
      -0.023000000044703484,
      -0.0,
      -0.07500000298023224
    ],
    [
      -0.017000000923871994,
      -0.0,
      -0.09200000017881393
    ],
    [
      -0.03700000047683716,
      -0.0,
      -0.09700000286102295
    ],
    [
      -0.028999999165534973,
      -0.0,
      -0.12700000405311584
    ],
    [
      -0.09000000357627869,
      -0.0,
      -0.014999999664723873
    ],
    [
      0.0,
      0.0,
      -0.15600000321865082
    ],
    [
      -0.052000001072883606,
      -0.0,
      -0.09700000286102295
    ],
    [
      -0.014000000432133675,
      0.0,
      -0.15600000321865082
    ]
  ],
  "mconf": [
    0.7548694610595703,
    0.9867604374885559,
    0.9192850589752197,
    0.7372844815254211,
    0.6459776163101196,
    0.9191173911094666,
    0.8207883238792419,
    0.9352462887763977,
    0.905390739440918,
    0.9993212223052979,
    0.32501015067100525,
    0.7699589729309082,
    0.9946489930152893,
    0.9977841377258301,
    0.5105351209640503,
    0.9399007558822632,
    0.8631475567817688,
    0.9971573352813721,
    0.3612552285194397,
    0.9970607757568359,
    0.9391909241676331,
    0.9977487921714783,
    0.9195297956466675,
    0.9937047958374023,
    0.9978247284889221,
    0.9983454942703247,
    0.9964296221733093,
    0.9968053698539734,
    0.9991023540496826,
    0.9993818998336792,
    0.9991649985313416,
    0.3242481052875519,
    0.8636546730995178,
    0.9988501071929932,
    0.9979613423347473
  ],