{
  "frame": 39,
  "object_rotation_in_cam": [
    [
      0.4499922482264548,
      -0.2120270131067859,
      -0.8674972750672567
    ],
    [
      -0.46591651434059617,
      0.772980158991194,
      -0.4306082621950693
    ],
    [
      0.7618587652582398,
      0.5979516866093475,
      0.2490481926861283
    ]
  ],
  "object_translation_in_cam": [
    -0.02671454773065761,
    0.04201198116836266,
    0.7284917855428735
  ],
  "raw_rvec": [
    0.7052197902121783,
    -1.117148423166716,
    -0.17407629084265336
  ],
  "refined_raw_rvec": [
    0.7052197902121783,
    -1.117148423166716,
    -0.17407629084265336
  ],
  "num_inliers": 14,
  "total_matches": 29,
  "inlier_ratio": 0.4827586206896552,
  "reprojection_errors": [
    1.1708353757858276,
    1.9199775457382202,
    2.0893192291259766,
    3.698491334915161,
    3.24204421043396,
    2.3810508251190186,
    3.220491886138916,
    3.068016529083252,
    3.721160650253296,
    2.2539448738098145,
    2.1577889919281006,
    4.0695881843566895,
    2.7896251678466797,
    1.4076893329620361
  ],
  "mean_reprojection_error": 2.6564300060272217,
  "std_reprojection_error": 0.8527939915657043,
  "inliers": [
    0,
    9,
    12,
    13,
    14,
    15,
    17,
    18,
    19,
    20,
    21,
    22,
    25,
    27
  ],
  "mkpts0": [
    [
      751.375,
      76.375
    ],
    [
      727.625,
      143.875
    ],
    [
      656.375,
      171.375
    ],
    [
      356.375,
      195.125
    ],
    [
      745.125,
      201.375
    ],
    [
      705.125,
      223.875
    ],
    [
      425.125,
      242.625
    ],
    [
      413.875,
      248.875
    ],
    [
      436.375,
      260.125
    ],
    [
      478.875,
      281.375
    ],
    [
      590.125,
      283.875
    ],
    [
      522.625,
      286.375
    ],
    [
      386.375,
      288.875
    ],
    [
      511.375,
      292.625
    ],
    [
      597.625,
      297.625
    ],
    [
      430.125,
      311.375
    ],
    [
      575.125,
      312.625
    ],
    [
      540.125,
      313.875
    ],
    [
      518.875,
      327.625
    ],
    [
      586.375,
      330.125
    ],
    [
      602.625,
      347.625
    ],
    [
      611.375,
      352.625
    ],
    [
      636.375,
      357.625
    ],
    [
      617.625,
      368.875
    ],
    [
      650.125,
      376.375
    ],
    [
      715.125,
      383.875
    ],
    [
      595.125,
      388.875
    ],
    [
      702.625,
      391.375
    ],
    [
      815.125,
      415.125
    ]
  ],
  "mkpts1": [
    [
      785.125,
      68.875
    ],
    [
      753.875,
      166.375
    ],
    [
      603.875,
      190.125
    ],
    [
      143.875,
      192.625
    ],
    [
      742.625,
      237.625
    ],
    [
      698.875,
      282.625
    ],
    [
      277.625,
      290.125
    ],
    [
      265.125,
      300.125
    ],
    [
      313.875,
      325.125
    ],
    [
      403.875,
      365.125
    ],
    [
      592.625,
      383.875
    ],
    [
      477.625,
      380.125
    ],
    [
      246.375,
      373.875
    ],
    [
      461.375,
      391.375
    ],
    [
      598.875,
      403.875
    ],
    [
      340.125,
      421.375
    ],
    [
      573.875,
      430.125
    ],
    [
      540.125,
      435.125
    ],
    [
      517.625,
      460.125
    ],
    [
      608.875,
      463.875
    ],
    [
      646.375,
      496.375
    ],
    [
      665.125,
      506.375
    ],
    [
      703.875,
      515.125
    ],
    [
      685.125,
      533.875
    ],
    [
      738.875,
      550.125
    ],
    [
      833.875,
      562.625
    ],
    [
      666.375,
      570.125
    ],
    [
      825.125,
      576.375
    ],
    [
      1018.875,
      617.625
    ]
  ],
  "mpts3D": [
    [
      0.24300000071525574,
      -0.10400000214576721,
      0.0
    ],
    [
      0.20600000023841858,
      -0.054999999701976776,
      -0.0020000000949949026
    ],
    [
      0.21699999272823334,
      0.0,
      0.07000000029802322
    ],
    [
      -0.0,
      -0.02500000037252903,
      0.23999999463558197
    ],
    [
      0.21699999272823334,
      -0.0,
      -0.027000000700354576
    ],
    [
      0.17000000178813934,
      -0.0,
      -0.014999999664723873
    ],
    [
      -0.0,
      -0.0,
      0.15600000321865082
    ],
    [
      -0.014000000432133675,
      0.0,
      0.15600000321865082
    ],
    [
      -0.01899999938905239,
      -0.0,
      0.12800000607967377
    ],
    [
      -0.01899999938905239,
      -0.0,
      0.07400000095367432
    ],
    [
      0.02500000037252903,
      -0.014000000432133675,
      -0.010999999940395355
    ],
    [
      0.0,
      0.0,
      0.041999999433755875
    ],
    [
      -0.07400000095367432,
      -0.0,
      0.12800000607967377
    ],
    [
      -0.014000000432133675,
      0.0,
      0.041999999433755875
    ],
    [
      0.02500000037252903,
      0.0,
      -0.014999999664723873
    ],
    [
      -0.07400000095367432,
      -0.0,
      0.07400000095367432
    ],
    [
      0.0,
      -0.0,
      -0.014999999664723873
    ],
    [
      -0.03500000014901161,
      -0.017999999225139618,
      -0.009999999776482582
    ],
    [
      -0.05700000002980232,
      -0.017999999225139618,
      -0.009999999776482582
    ],
    [
      -0.014000000432133675,
      0.0,
      -0.041999999433755875
    ],
    [
      -0.023000000044703484,
      0.0,
      -0.06499999761581421
    ],
    [
      -0.023000000044703484,
      -0.0,
      -0.07500000298023224
    ],
    [
      -0.017000000923871994,
      -0.0,
      -0.09200000017881393
    ],
    [
      -0.03700000047683716,
      -0.0,
      -0.09700000286102295
    ],
    [
      -0.028999999165534973,
      -0.0,
      -0.12700000405311584
    ],
    [
      0.0,
      0.0,
      -0.15600000321865082
    ],
    [
      -0.052000001072883606,
      -0.0,
      -0.09700000286102295
    ],
    [
      -0.014000000432133675,
      0.0,
      -0.15600000321865082
    ],
    [
      -0.0,
      -0.02500000037252903,
      -0.23999999463558197
    ]
  ],
  "mconf": [
    0.5688471794128418,
    0.23859643936157227,
    0.29589566588401794,
    0.9663803577423096,
    0.12048841267824173,
    0.7641069889068604,
    0.9399137496948242,
    0.9952883124351501,
    0.9959090948104858,
    0.9979521036148071,
    0.7429950833320618,
    0.6370332837104797,
    0.9921385645866394,
    0.9590060710906982,
    0.9810847640037537,
    0.9989449977874756,
    0.9914819598197937,
    0.9980226755142212,
    0.9967201352119446,
    0.9979398250579834,
    0.9966568946838379,
    0.9988225698471069,
    0.9997950792312622,
    0.9984100461006165,
    0.9995909333229065,
    0.9957098960876465,
    0.9996201992034912,
    0.9991909265518188,
    0.10013396292924881
  ],
  "coverage_score": 0.6403360647604436,
  "pose_estimation_failed": false,
  "tracking_method": "loosely_coupled",
  "kf_translation_vector": [
    -0.017068799531846392,
    -0.0532831620248858,
    0.7251915363246695
  ],
  "kf_quaternion": [
    0.4582404502837693,
    -0.47238763456034927,
    -0.11222588575372748,
    0.7444937629053702
  ],
  "kf_rotation_matrix": [
    [
      0.5285105465625384,
      -0.2658313007784767,
      -0.8062321760501685
    ],
    [
      -0.6000371886991998,
      0.5548420805810392,
      -0.5762860728791426
    ],
    [
      0.6005264143650368,
      0.7883425557097159,
      0.13373122487641254
    ]
  ],
  "position_diff": 0.09988781879498922,
  "orientation_diff": 17.0203222806326,
  "timestamp": 1741869612.302779,
  "image_file": "webcam_000039"
}