{
  "frame": 10,
  "object_rotation_in_cam": [
    [
      0.6244313927513533,
      -0.17841479786185754,
      -0.760429875564156
    ],
    [
      -0.45849634128738015,
      0.7044550625185922,
      -0.5417787093620536
    ],
    [
      0.6323500144482418,
      0.6869579498017611,
      0.35808132376803703
    ]
  ],
  "object_translation_in_cam": [
    -0.04217086252706468,
    0.07202646308139932,
    0.7078569318085046
  ],
  "raw_rvec": [
    0.7981988046440277,
    -0.9047628188261962,
    -0.18194358530593938
  ],
  "refined_raw_rvec": [
    0.7981988046440277,
    -0.9047628188261962,
    -0.18194358530593938
  ],
  "num_inliers": 12,
  "total_matches": 32,
  "inlier_ratio": 0.375,
  "reprojection_errors": [
    0.5272760987281799,
    2.557089328765869,
    2.176907539367676,
    2.6338820457458496,
    4.615502834320068,
    3.1610233783721924,
    1.3863364458084106,
    1.0565372705459595,
    4.281283378601074,
    3.049811363220215,
    1.7866226434707642,
    2.0872442722320557
  ],
  "mean_reprojection_error": 2.443293333053589,
  "std_reprojection_error": 1.1679502725601196,
  "inliers": [
    9,
    10,
    11,
    14,
    16,
    20,
    21,
    22,
    24,
    25,
    26,
    31
  ],
  "mkpts0": [
    [
      751.375,
      76.375
    ],
    [
      727.625,
      126.375
    ],
    [
      727.625,
      143.875
    ],
    [
      636.375,
      157.625
    ],
    [
      656.375,
      171.375
    ],
    [
      356.375,
      195.125
    ],
    [
      745.125,
      201.375
    ],
    [
      805.125,
      212.625
    ],
    [
      793.875,
      220.125
    ],
    [
      705.125,
      223.875
    ],
    [
      425.125,
      242.625
    ],
    [
      413.875,
      248.875
    ],
    [
      436.375,
      260.125
    ],
    [
      478.875,
      281.375
    ],
    [
      590.125,
      283.875
    ],
    [
      386.375,
      288.875
    ],
    [
      350.125,
      290.125
    ],
    [
      511.375,
      292.625
    ],
    [
      597.625,
      297.625
    ],
    [
      430.125,
      311.375
    ],
    [
      575.125,
      312.625
    ],
    [
      540.125,
      313.875
    ],
    [
      518.875,
      327.625
    ],
    [
      586.375,
      330.125
    ],
    [
      470.125,
      338.875
    ],
    [
      602.625,
      347.625
    ],
    [
      636.375,
      357.625
    ],
    [
      617.625,
      368.875
    ],
    [
      650.125,
      376.375
    ],
    [
      496.375,
      377.625
    ],
    [
      595.125,
      388.875
    ],
    [
      702.625,
      391.375
    ]
  ],
  "mkpts1": [
    [
      860.125,
      121.375
    ],
    [
      811.375,
      196.375
    ],
    [
      805.125,
      217.625
    ],
    [
      645.125,
      175.125
    ],
    [
      701.375,
      215.125
    ],
    [
      168.875,
      196.375
    ],
    [
      811.375,
      302.625
    ],
    [
      905.125,
      342.625
    ],
    [
      890.125,
      355.125
    ],
    [
      740.125,
      332.625
    ],
    [
      291.375,
      303.875
    ],
    [
      271.375,
      315.125
    ],
    [
      310.125,
      347.625
    ],
    [
      378.875,
      402.625
    ],
    [
      571.375,
      447.625
    ],
    [
      225.125,
      397.625
    ],
    [
      160.125,
      382.625
    ],
    [
      437.625,
      437.625
    ],
    [
      578.875,
      467.625
    ],
    [
      300.125,
      458.875
    ],
    [
      541.375,
      492.625
    ],
    [
      488.875,
      506.375
    ],
    [
      455.125,
      532.625
    ],
    [
      565.125,
      540.125
    ],
    [
      366.375,
      553.875
    ],
    [
      591.375,
      587.625
    ],
    [
      643.875,
      613.875
    ],
    [
      613.875,
      635.125
    ],
    [
      667.625,
      658.875
    ],
    [
      407.625,
      615.125
    ],
    [
      580.125,
      675.125
    ],
    [
      757.625,
      703.875
    ]
  ],
  "mpts3D": [
    [
      0.24300000071525574,
      -0.10400000214576721,
      0.0
    ],
    [
      0.20600000023841858,
      -0.07000000029802322,
      -0.0020000000949949026
    ],
    [
      0.20600000023841858,
      -0.054999999701976776,
      -0.0020000000949949026
    ],
    [
      0.23000000417232513,
      -0.0,
      0.11299999803304672
    ],
    [
      0.21699999272823334,
      0.0,
      0.07000000029802322
    ],
    [
      -0.0,
      -0.02500000037252903,
      0.23999999463558197
    ],
    [
      0.21699999272823334,
      -0.0,
      -0.027000000700354576
    ],
    [
      0.23000000417232513,
      0.0,
      -0.07000000029802322
    ],
    [
      0.21699999272823334,
      -0.0,
      -0.07000000029802322
    ],
    [
      0.17000000178813934,
      -0.0,
      -0.014999999664723873
    ],
    [
      -0.0,
      -0.0,
      0.15600000321865082
    ],
    [
      -0.014000000432133675,
      0.0,
      0.15600000321865082
    ],
    [
      -0.01899999938905239,
      -0.0,
      0.12800000607967377
    ],
    [
      -0.01899999938905239,
      -0.0,
      0.07400000095367432
    ],
    [
      0.02500000037252903,
      -0.014000000432133675,
      -0.010999999940395355
    ],
    [
      -0.07400000095367432,
      -0.0,
      0.12800000607967377
    ],
    [
      -0.07999999821186066,
      -0.0,
      0.15600000321865082
    ],
    [
      -0.014000000432133675,
      0.0,
      0.041999999433755875
    ],
    [
      0.02500000037252903,
      0.0,
      -0.014999999664723873
    ],
    [
      -0.07400000095367432,
      -0.0,
      0.07400000095367432
    ],
    [
      0.0,
      -0.0,
      -0.014999999664723873
    ],
    [
      -0.03500000014901161,
      -0.017999999225139618,
      -0.009999999776482582
    ],
    [
      -0.05700000002980232,
      -0.017999999225139618,
      -0.009999999776482582
    ],
    [
      -0.014000000432133675,
      0.0,
      -0.041999999433755875
    ],
    [
      -0.10000000149011612,
      -0.029999999329447746,
      0.0
    ],
    [
      -0.023000000044703484,
      0.0,
      -0.06499999761581421
    ],
    [
      -0.017000000923871994,
      -0.0,
      -0.09200000017881393
    ],
    [
      -0.03700000047683716,
      -0.0,
      -0.09700000286102295
    ],
    [
      -0.028999999165534973,
      -0.0,
      -0.12700000405311584
    ],
    [
      -0.09000000357627869,
      -0.0,
      -0.014999999664723873
    ],
    [
      -0.052000001072883606,
      -0.0,
      -0.09700000286102295
    ],
    [
      -0.014000000432133675,
      0.0,
      -0.15600000321865082
    ]
  ],
  "mconf": [
    0.7891391515731812,
    0.9345143437385559,
    0.9385448098182678,
    0.17262084782123566,
    0.10941024124622345,
    0.804674506187439,
    0.9353143572807312,
    0.6029347777366638,
    0.9795577526092529,
    0.9840518236160278,
    0.2145598977804184,
    0.9888135194778442,
    0.9936861991882324,
    0.9650596976280212,
    0.8890182971954346,
    0.9871403574943542,
    0.5199980139732361,
    0.16959020495414734,
    0.9525340795516968,
    0.9959789514541626,
    0.5049986243247986,
    0.9901006817817688,
    0.993577778339386,
    0.9704346656799316,
    0.6941531300544739,
    0.9972898960113525,
    0.9992934465408325,
    0.9995303153991699,
    0.9985865950584412,
    0.7462418079376221,
    0.9976783394813538,
    0.4509173035621643
  ],
  "coverage_score": 0.7177602521413333,
  "pose_estimation_failed": false,
  "tracking_method": "loosely_coupled",
  "kf_translation_vector": [
    -0.042694314372736124,
    0.073772698133082,
    0.7076962088344128
  ],
  "kf_quaternion": [
    0.3489678647670581,
    -0.4151990525094109,
    -0.08984716512431948,
    0.8353194976021636
  ],