{
  "frame": 185,
  "object_rotation_in_cam": [
    [
      0.5711757219237429,
      -0.10621549508593905,
      -0.8139266326202503
    ],
    [
      -0.4878928793348851,
      0.7534831192995185,
      -0.44070821097976226
    ],
    [
      0.6600900188453134,
      0.6488308389205282,
      0.3785494808957971
    ]
  ],
  "object_translation_in_cam": [
    -0.03576492686000582,
    -0.0453799152072,
    0.7069974883506701
  ],
  "raw_rvec": [
    0.7050107291673259,
    -0.9537956022316224,
    -0.24697292951606709
  ],
  "refined_raw_rvec": [
    0.7050107291673259,
    -0.9537956022316224,
    -0.24697292951606709
  ],
  "num_inliers": 13,
  "total_matches": 26,
  "inlier_ratio": 0.5,
  "reprojection_errors": [
    0.4063534736633301,
    1.8025888204574585,
    2.0528056621551514,
    1.0724714994430542,
    1.6402688026428223,
    2.8522591590881348,
    3.0483925342559814,
    3.8398404121398926,
    2.4999799728393555,
    3.615020275115967,
    0.3566696047782898,
    1.4483163356781006,
    2.8626527786254883
  ],
  "mean_reprojection_error": 2.115201711654663,
  "std_reprojection_error": 1.0818954706192017,
  "inliers": [
    0,
    1,
    3,
    4,
    7,
    9,
    12,
    13,
    14,
    15,
    16,
    17,
    18
  ],
  "mkpts0": [
    [
      663.875,
      165.125
    ],
    [
      656.375,
      171.375
    ],
    [
      745.125,
      201.375
    ],
    [
      425.125,
      242.625
    ],
    [
      413.875,
      248.875
    ],
    [
      436.375,
      260.125
    ],
    [
      590.125,
      283.875
    ],
    [
      522.625,
      286.375
    ],
    [
      386.375,
      288.875
    ],
    [
      511.375,
      292.625
    ],
    [
      597.625,
      297.625
    ],
    [
      430.125,
      311.375
    ],
    [
      575.125,
      312.625
    ],
    [
      540.125,
      313.875
    ],
    [
      518.875,
      327.625
    ],
    [
      586.375,
      330.125
    ],
    [
      602.625,
      347.625
    ],
    [
      611.375,
      352.625
    ],
    [
      636.375,
      357.625
    ],
    [
      617.625,
      368.875
    ],
    [
      650.125,
      376.375
    ],
    [
      496.375,
      377.625
    ],
    [
      715.125,
      383.875
    ],
    [
      516.375,
      388.875
    ],
    [
      595.125,
      388.875
    ],
    [
      702.625,
      391.375
    ]
  ],
  "mkpts1": [
    [
      667.625,
      17.625
    ],
    [
      657.625,
      26.375
    ],
    [
      803.875,
      88.875
    ],
    [
      287.625,
      110.125
    ],
    [
      268.875,
      117.625
    ],
    [
      311.375,
      141.375
    ],
    [
      582.625,
      205.125
    ],
    [
      462.625,
      197.625
    ],
    [
      227.625,
      182.625
    ],
    [
      445.125,
      208.875
    ],
    [
      590.125,
      226.375
    ],
    [
      310.125,
      230.125
    ],
    [
      552.625,
      247.625
    ],
    [
      506.375,
      250.125
    ],
    [
      473.875,
      271.375
    ],
    [
      582.625,
      282.625
    ],
    [
      613.875,
      316.375
    ],
    [
      630.125,
      326.375
    ],
    [
      672.625,
      336.375
    ],
    [
      645.125,
      353.875
    ],
    [
      698.875,
      372.625
    ],
    [
      433.875,
      352.625
    ],
    [
      805.125,
      392.625
    ],
    [
      453.875,
      367.625
    ],
    [
      611.375,
      386.375
    ],
    [
      791.375,
      405.125
    ]
  ],
  "mpts3D": [
    [
      0.23000000417232513,
      -0.0,
      0.07000000029802322
    ],
    [
      0.21699999272823334,
      0.0,
      0.07000000029802322
    ],
    [
      0.21699999272823334,
      -0.0,
      -0.027000000700354576
    ],
    [
      -0.0,
      -0.0,
      0.15600000321865082
    ],
    [
      -0.014000000432133675,
      0.0,
      0.15600000321865082
    ],
    [
      -0.01899999938905239,
      -0.0,
      0.12800000607967377
    ],
    [
      0.02500000037252903,
      -0.014000000432133675,
      -0.010999999940395355
    ],
    [
      0.0,
      0.0,
      0.041999999433755875
    ],
    [
      -0.07400000095367432,
      -0.0,
      0.12800000607967377
    ],
    [
      -0.014000000432133675,
      0.0,
      0.041999999433755875
    ],
    [
      0.02500000037252903,
      0.0,
      -0.014999999664723873
    ],
    [
      -0.07400000095367432,
      -0.0,
      0.07400000095367432
    ],
    [
      0.0,
      -0.0,
      -0.014999999664723873
    ],
    [
      -0.03500000014901161,
      -0.017999999225139618,
      -0.009999999776482582
    ],
    [
      -0.05700000002980232,
      -0.017999999225139618,
      -0.009999999776482582
    ],
    [
      -0.014000000432133675,
      0.0,
      -0.041999999433755875
    ],
    [
      -0.023000000044703484,
      0.0,
      -0.06499999761581421
    ],
    [
      -0.023000000044703484,
      -0.0,
      -0.07500000298023224
    ],
    [
      -0.017000000923871994,
      -0.0,
      -0.09200000017881393
    ],
    [
      -0.03700000047683716,
      -0.0,
      -0.09700000286102295
    ],
    [
      -0.028999999165534973,
      -0.0,
      -0.12700000405311584
    ],
    [
      -0.09000000357627869,
      -0.0,
      -0.014999999664723873
    ],
    [
      0.0,
      0.0,
      -0.15600000321865082
    ],
    [
      -0.09000000357627869,
      -0.0,
      -0.041999999433755875
    ],
    [
      -0.052000001072883606,
      -0.0,
      -0.09700000286102295
    ],
    [
      -0.014000000432133675,
      0.0,
      -0.15600000321865082
    ]
  ],
  "mconf": [
    0.19493234157562256,
    0.9191120266914368,
    0.2652580440044403,
    0.9931465983390808,
    0.9990099668502808,
    0.9985964298248291,
    0.9605819582939148,
    0.9022983908653259,
    0.9969202280044556,
    0.9702038168907166,
    0.9831746816635132,
    0.998797595500946,
    0.909734845161438,
    0.9964075088500977,
    0.9996160268783569,
    0.9986564517021179,
    0.9991492033004761,
    0.9990442991256714,
    0.9997559189796448,
    0.9996696710586548,
    0.9988941550254822,
    0.9862454533576965,
    0.820178747177124,
    0.29859042167663574,
    0.9996674060821533,
    0.9946621656417847
  ],
  "coverage_score": 0.6854752972273345,
  "pose_estimation_failed": false,
  "tracking_method": "loosely_coupled",
  "kf_translation_vector": [
    -0.0164537215671792,
    -0.016215581287611018,
    0.6944107837470117
  ],
  "kf_quaternion": [
    0.4516652835645146,
    -0.4697855075960249,
    -0.13179754713662234,
    0.7469467551600326
  ],
  "kf_rotation_matrix": [
    [
      0.5238619668430301,
      -0.22748010866221297,
      -0.8208662740412593
    ],
    [
      -0.6212631093492189,
      0.557255756382713,
      -0.550906680790922
    ],
    [
      0.5827527680389792,
      0.7985729911168786,
      0.1506000969506638
    ]
  ],
  "position_diff": 0.03891137507686489,
  "orientation_diff": 16.55651653918144,
  "timestamp": 1741869631.924205,
  "image_file": "webcam_000185"
}