{
  "frame": 172,
  "object_rotation_in_cam": [
    [
      0.594323007115348,
      -0.1737057263000997,
      -0.7852429457587792
    ],
    [
      -0.4794213107035159,
      0.7074140693446949,
      -0.5193462634278813
    ],
    [
      0.6457053275734165,
      0.6851216352909418,
      0.33715422998914435
    ]
  ],
  "object_translation_in_cam": [
    0.015624337819872717,
    0.04710483749142472,
    0.7020049302706802
  ],
  "raw_rvec": [
    0.7916528283617501,
    -0.9405101198859306,
    -0.20093570557145107
  ],
  "refined_raw_rvec": [
    0.7916528283617501,
    -0.9405101198859306,
    -0.20093570557145107
  ],
  "num_inliers": 15,
  "total_matches": 30,
  "inlier_ratio": 0.5,
  "reprojection_errors": [
    3.3084661960601807,
    2.814293384552002,
    0.7999845147132874,
    0.6428426504135132,
    3.0399603843688965,
    3.0127077102661133,
    1.760135293006897,
    2.815458297729492,
    2.1239402294158936,
    1.740295648574829,
    2.9180755615234375,
    2.4703640937805176,
    2.188088893890381,
    2.633683204650879,
    0.9643499255180359
  ],
  "mean_reprojection_error": 2.2155098915100098,
  "std_reprojection_error": 0.8345226645469666,
  "inliers": [
    0,
    6,
    8,
    11,
    14,
    15,
    16,
    17,
    19,
    20,
    21,
    22,
    23,
    24,
    29
  ],
  "mkpts0": [
    [
      751.375,
      76.375
    ],
    [
      727.625,
      126.375
    ],
    [
      727.625,
      143.875
    ],
    [
      663.875,
      165.125
    ],
    [
      656.375,
      171.375
    ],
    [
      356.375,
      195.125
    ],
    [
      745.125,
      201.375
    ],
    [
      793.875,
      220.125
    ],
    [
      705.125,
      223.875
    ],
    [
      425.125,
      242.625
    ],
    [
      413.875,
      248.875
    ],
    [
      436.375,
      260.125
    ],
    [
      478.875,
      281.375
    ],
    [
      590.125,
      283.875
    ],
    [
      522.625,
      286.375
    ],
    [
      386.375,
      288.875
    ],
    [
      511.375,
      292.625
    ],
    [
      597.625,
      297.625
    ],
    [
      430.125,
      311.375
    ],
    [
      575.125,
      312.625
    ],
    [
      540.125,
      313.875
    ],
    [
      518.875,
      327.625
    ],
    [
      586.375,
      330.125
    ],
    [
      602.625,
      347.625
    ],
    [
      611.375,
      352.625
    ],
    [
      636.375,
      357.625
    ],
    [
      617.625,
      368.875
    ],
    [
      650.125,
      376.375
    ],
    [
      595.125,
      388.875
    ],
    [
      702.625,
      391.375
    ]
  ],
  "mkpts1": [
    [
      938.875,
      62.625
    ],
    [
      898.875,
      137.625
    ],
    [
      892.625,
      160.125
    ],
    [
      798.875,
      181.375
    ],
    [
      745.125,
      170.125
    ],
    [
      260.125,
      162.625
    ],
    [
      896.375,
      251.375
    ],
    [
      982.625,
      298.875
    ],
    [
      836.375,
      280.125
    ],
    [
      385.125,
      268.875
    ],
    [
      367.625,
      278.875
    ],
    [
      411.375,
      307.625
    ],
    [
      495.125,
      360.125
    ],
    [
      687.625,
      396.375
    ],
    [
      567.625,
      382.625
    ],
    [
      333.875,
      360.125
    ],
    [
      550.125,
      393.875
    ],
    [
      693.875,
      417.625
    ],
    [
      417.625,
      418.875
    ],
    [
      660.125,
      443.875
    ],
    [
      616.375,
      453.875
    ],
    [
      586.375,
      481.375
    ],
    [
      691.375,
      488.875
    ],
    [
      722.625,
      528.875
    ],
    [
      741.375,
      543.875
    ],
    [
      782.625,
      556.375
    ],
    [
      756.375,
      576.375
    ],
    [
      811.375,
      600.125
    ],
    [
      727.625,
      616.375
    ],
    [
      906.375,
      641.375
    ]
  ],
  "mpts3D": [
    [
      0.24300000071525574,
      -0.10400000214576721,
      0.0
    ],
    [
      0.20600000023841858,
      -0.07000000029802322,
      -0.0020000000949949026
    ],
    [
      0.20600000023841858,
      -0.054999999701976776,
      -0.0020000000949949026
    ],
    [
      0.23000000417232513,
      -0.0,
      0.07000000029802322
    ],
    [
      0.21699999272823334,
      0.0,
      0.07000000029802322
    ],
    [
      -0.0,
      -0.02500000037252903,
      0.23999999463558197
    ],
    [
      0.21699999272823334,
      -0.0,
      -0.027000000700354576
    ],
    [
      0.21699999272823334,
      -0.0,
      -0.07000000029802322
    ],
    [
      0.17000000178813934,
      -0.0,
      -0.014999999664723873
    ],
    [
      -0.0,
      -0.0,
      0.15600000321865082
    ],
    [
      -0.014000000432133675,
      0.0,
      0.15600000321865082
    ],
    [
      -0.01899999938905239,
      -0.0,
      0.12800000607967377
    ],
    [
      -0.01899999938905239,
      -0.0,
      0.07400000095367432
    ],
    [
      0.02500000037252903,
      -0.014000000432133675,
      -0.010999999940395355
    ],
    [
      0.0,
      0.0,
      0.041999999433755875
    ],
    [
      -0.07400000095367432,
      -0.0,
      0.12800000607967377
    ],
    [
      -0.014000000432133675,
      0.0,
      0.041999999433755875
    ],
    [
      0.02500000037252903,
      0.0,
      -0.014999999664723873
    ],
    [
      -0.07400000095367432,
      -0.0,
      0.07400000095367432
    ],
    [
      0.0,
      -0.0,
      -0.014999999664723873
    ],
    [
      -0.03500000014901161,
      -0.017999999225139618,
      -0.009999999776482582
    ],
    [
      -0.05700000002980232,
      -0.017999999225139618,
      -0.009999999776482582
    ],
    [
      -0.014000000432133675,
      0.0,
      -0.041999999433755875
    ],
    [
      -0.023000000044703484,
      0.0,
      -0.06499999761581421
    ],
    [
      -0.023000000044703484,
      -0.0,
      -0.07500000298023224
    ],
    [
      -0.017000000923871994,
      -0.0,
      -0.09200000017881393
    ],
    [
      -0.03700000047683716,
      -0.0,
      -0.09700000286102295
    ],
    [
      -0.028999999165534973,
      -0.0,
      -0.12700000405311584
    ],
    [
      -0.052000001072883606,
      -0.0,
      -0.09700000286102295
    ],
    [
      -0.014000000432133675,
      0.0,
      -0.15600000321865082
    ]
  ],
  "mconf": [
    0.5698298215866089,
    0.9786909818649292,
    0.7987975478172302,
    0.2043357640504837,
    0.19662366807460785,
    0.912268877029419,
    0.9543638825416565,
    0.1345517337322235,
    0.8266525864601135,
    0.9601971507072449,
    0.9968380928039551,
    0.998380184173584,
    0.994695246219635,
    0.8964170813560486,
    0.3198656141757965,
    0.9927352666854858,
    0.8399072885513306,
    0.9624522924423218,
    0.9974277019500732,
    0.9347659349441528,
    0.9899952411651611,
    0.996458113193512,
    0.9976418614387512,
    0.9946047067642212,
    0.9949625730514526,
    0.999085009098053,
    0.9974623918533325,
    0.9974220395088196,
    0.99864262342453,
    0.6878299713134766
  ],
  "coverage_score": 0.75,
  "pose_estimation_failed": false,
  "tracking_method": "loosely_coupled",
  "kf_translation_vector": [
    0.01101432943886093,
    -0.03462856587802965,
    0.7964831203343418
  ],
  "kf_quaternion": [
    0.4042840038230717,
    -0.44091004688986535,
    -0.14942487176183047,
    0.7872896433354905
  ],
  "kf_rotation_matrix": [
    [
      0.5665410765010745,
      -0.12122445017526026,
      -0.8150679979711566
    ],
    [
      -0.5917870661545519,
      0.6284533039034941,
      -0.5048113639221787
    ],
    [
      0.5734276562646692,
      0.768343072782262,
      0.28430554960872656
    ]
  ],
  "position_diff": 0.13047683068533017,
  "orientation_diff": 7.89770772853923,
  "timestamp": 1741869959.56382,
  "image_file": "webcam_000172"
}