{
  "frame": 32,
  "object_rotation_in_cam": [
    [
      0.6661826393540087,
      -0.1274747508181461,
      -0.7348134994181711
    ],
    [
      -0.5381020603445352,
      0.6000451983201336,
      -0.5919391291559614
    ],
    [
      0.5163786049753544,
      0.7897442294039275,
      0.3311452678914555
    ]
  ],
  "object_translation_in_cam": [
    -0.0072366616231236995,
    -0.010908587704422113,
    0.7256590317462133
  ],
  "raw_rvec": [
    0.9175114111693282,
    -0.8308582615792328,
    -0.2726784251211573
  ],
  "refined_raw_rvec": [
    0.9175114111693282,
    -0.8308582615792328,
    -0.2726784251211573
  ],
  "num_inliers": 14,
  "total_matches": 29,
  "inlier_ratio": 0.4827586206896552,
  "reprojection_errors": [
    1.454319953918457,
    1.9403454065322876,
    0.8132595419883728,
    3.3756489753723145,
    0.49577566981315613,
    2.488900899887085,
    3.5009334087371826,
    3.069007635116577,
    2.466270923614502,
    1.3627026081085205,
    0.8636245131492615,
    3.0089094638824463,
    0.904549241065979,
    1.4685778617858887
  ],
  "mean_reprojection_error": 1.9437732696533203,
  "std_reprojection_error": 0.9953587055206299,
  "inliers": [
    3,
    6,
    10,
    13,
    14,
    15,
    16,
    17,
    18,
    19,
    20,
    21,
    22,
    23
  ],
  "mkpts0": [
    [
      727.625,
      126.375
    ],
    [
      727.625,
      143.875
    ],
    [
      656.375,
      171.375
    ],
    [
      745.125,
      201.375
    ],
    [
      805.125,
      212.625
    ],
    [
      793.875,
      220.125
    ],
    [
      705.125,
      223.875
    ],
    [
      835.125,
      225.125
    ],
    [
      425.125,
      242.625
    ],
    [
      413.875,
      248.875
    ],
    [
      436.375,
      260.125
    ],
    [
      478.875,
      281.375
    ],
    [
      590.125,
      283.875
    ],
    [
      522.625,
      286.375
    ],
    [
      386.375,
      288.875
    ],
    [
      511.375,
      292.625
    ],
    [
      597.625,
      297.625
    ],
    [
      430.125,
      311.375
    ],
    [
      575.125,
      312.625
    ],
    [
      540.125,
      313.875
    ],
    [
      518.875,
      327.625
    ],
    [
      586.375,
      330.125
    ],
    [
      602.625,
      347.625
    ],
    [
      611.375,
      352.625
    ],
    [
      636.375,
      357.625
    ],
    [
      617.625,
      368.875
    ],
    [
      650.125,
      376.375
    ],
    [
      595.125,
      388.875
    ],
    [
      702.625,
      391.375
    ]
  ],
  "mkpts1": [
    [
      886.375,
      16.375
    ],
    [
      878.875,
      38.875
    ],
    [
      741.375,
      41.375
    ],
    [
      882.625,
      131.375
    ],
    [
      975.125,
      171.375
    ],
    [
      961.375,
      181.375
    ],
    [
      813.875,
      160.125
    ],
    [
      1040.125,
      212.625
    ],
    [
      363.875,
      141.375
    ],
    [
      345.125,
      151.375
    ],
    [
      383.875,
      181.375
    ],
    [
      457.625,
      236.375
    ],
    [
      641.375,
      278.875
    ],
    [
      528.875,
      261.375
    ],
    [
      300.125,
      233.875
    ],
    [
      507.625,
      271.375
    ],
    [
      648.875,
      298.875
    ],
    [
      376.375,
      295.125
    ],
    [
      610.125,
      325.125
    ],
    [
      560.125,
      336.375
    ],
    [
      527.625,
      361.375
    ],
    [
      633.875,
      370.125
    ],
    [
      658.875,
      412.625
    ],
    [
      675.125,
      426.375
    ],
    [
      713.875,
      440.125
    ],
    [
      685.125,
      461.375
    ],
    [
      735.125,
      485.125
    ],
    [
      648.875,
      498.875
    ],
    [
      821.375,
      527.625
    ]
  ],
  "mpts3D": [
    [
      0.20600000023841858,
      -0.07000000029802322,
      -0.0020000000949949026
    ],
    [
      0.20600000023841858,
      -0.054999999701976776,
      -0.0020000000949949026
    ],
    [
      0.21699999272823334,
      0.0,
      0.07000000029802322
    ],
    [
      0.21699999272823334,
      -0.0,
      -0.027000000700354576
    ],
    [
      0.23000000417232513,
      0.0,
      -0.07000000029802322
    ],
    [
      0.21699999272823334,
      -0.0,
      -0.07000000029802322
    ],
    [
      0.17000000178813934,
      -0.0,
      -0.014999999664723873
    ],
    [
      0.23000000417232513,
      -0.0,
      -0.11299999803304672
    ],
    [
      -0.0,
      -0.0,
      0.15600000321865082
    ],
    [
      -0.014000000432133675,
      0.0,
      0.15600000321865082
    ],
    [
      -0.01899999938905239,
      -0.0,
      0.12800000607967377
    ],
    [
      -0.01899999938905239,
      -0.0,
      0.07400000095367432
    ],
    [
      0.02500000037252903,
      -0.014000000432133675,
      -0.010999999940395355
    ],
    [
      0.0,
      0.0,
      0.041999999433755875
    ],
    [
      -0.07400000095367432,
      -0.0,
      0.12800000607967377
    ],
    [
      -0.014000000432133675,
      0.0,
      0.041999999433755875
    ],
    [
      0.02500000037252903,
      0.0,
      -0.014999999664723873
    ],
    [
      -0.07400000095367432,
      -0.0,
      0.07400000095367432
    ],
    [
      0.0,
      -0.0,
      -0.014999999664723873
    ],
    [
      -0.03500000014901161,
      -0.017999999225139618,
      -0.009999999776482582
    ],
    [
      -0.05700000002980232,
      -0.017999999225139618,
      -0.009999999776482582
    ],
    [
      -0.014000000432133675,
      0.0,
      -0.041999999433755875
    ],
    [
      -0.023000000044703484,
      0.0,
      -0.06499999761581421
    ],
    [
      -0.023000000044703484,
      -0.0,
      -0.07500000298023224
    ],
    [
      -0.017000000923871994,
      -0.0,
      -0.09200000017881393
    ],
    [
      -0.03700000047683716,
      -0.0,
      -0.09700000286102295
    ],
    [
      -0.028999999165534973,
      -0.0,
      -0.12700000405311584
    ],
    [
      -0.052000001072883606,
      -0.0,
      -0.09700000286102295
    ],
    [
      -0.014000000432133675,
      0.0,
      -0.15600000321865082
    ]
  ],
  "mconf": [
    0.8283607959747314,
    0.8873099088668823,
    0.2095574140548706,
    0.9957864880561829,
    0.8312807083129883,
    0.9963625073432922,
    0.22578954696655273,
    0.26513785123825073,
    0.9295260906219482,
    0.993568480014801,
    0.9971203207969666,
    0.9729475975036621,
    0.9717984795570374,
    0.8796057105064392,
    0.9936156272888184,
    0.9902545809745789,
    0.8906961679458618,
    0.9981237053871155,
    0.8259011507034302,
    0.9925838708877563,
    0.9981284737586975,
    0.998161792755127,
    0.9982619285583496,
    0.9949111938476562,
    0.9994958639144897,
    0.9995996356010437,
    0.9988129138946533,
    0.9991216659545898,
    0.12755441665649414
  ],
  "coverage_score": 0.7772925846688998,
  "pose_estimation_failed": false,
  "tracking_method": "loosely_coupled",
  "kf_translation_vector": [
    -0.004208207554164581,
    -0.0144450348068884,
    0.7097297741279689
  ],
  "kf_quaternion": [
    0.4347802708028153,
    -0.5267682648226761,
    -0.0662743718823486,
    0.7273850554747039
  ],
  "kf_rotation_matrix": [
    [
      0.43624580561461423,
      -0.36164292232347794,
      -0.8239563057692996
    ],
    [
      -0.5544708729962511,
      0.6131476475044615,
      -0.5626828710370702
    ],
    [
      0.7086971483521236,
      0.7023278145517802,
      0.06696262259267516
    ]
  ],
  "position_diff": 0.015772218215960174,
  "orientation_diff": 19.584351482738885,
  "timestamp": 1741869675.0892062,
  "image_file": "webcam_000032"
}