{
  "frame": 33,
  "object_rotation_in_cam": [
    [
      0.6301240190463754,
      -0.20869320813587375,
      -0.7479243715101147
    ],
    [
      -0.47362826564004257,
      0.6599791014222705,
      -0.5831842347600438
    ],
    [
      0.6153210435273999,
      0.7217165167597381,
      0.3170256816545662
    ]
  ],
  "object_translation_in_cam": [
    -0.017117567404527485,
    0.02123300621432967,
    0.7235158578075245
  ],
  "raw_rvec": [
    0.8644217566508418,
    -0.9030717432268028,
    -0.17550425006608145
  ],
  "refined_raw_rvec": [
    0.8644217566508418,
    -0.9030717432268028,
    -0.17550425006608145
  ],
  "num_inliers": 15,
  "total_matches": 32,
  "inlier_ratio": 0.46875,
  "reprojection_errors": [
    2.1921279430389404,
    3.0091724395751953,
    2.114629030227661,
    2.8007497787475586,
    3.0191614627838135,
    2.480278253555298,
    2.318234920501709,
    1.9932737350463867,
    2.769202709197998,
    1.1374576091766357,
    1.0189467668533325,
    2.1265738010406494,
    1.499070167541504,
    2.9214489459991455,
    3.2478854656219482
  ],
  "mean_reprojection_error": 2.3098807334899902,
  "std_reprojection_error": 0.6638936400413513,
  "inliers": [
    0,
    6,
    13,
    15,
    16,
    17,
    18,
    19,
    21,
    22,
    23,
    25,
    26,
    27,
    31
  ],
  "mkpts0": [
    [
      751.375,
      76.375
    ],
    [
      727.625,
      126.375
    ],
    [
      727.625,
      143.875
    ],
    [
      636.375,
      157.625
    ],
    [
      663.875,
      165.125
    ],
    [
      656.375,
      171.375
    ],
    [
      745.125,
      201.375
    ],
    [
      805.125,
      212.625
    ],
    [
      793.875,
      220.125
    ],
    [
      705.125,
      223.875
    ],
    [
      835.125,
      225.125
    ],
    [
      425.125,
      242.625
    ],
    [
      413.875,
      248.875
    ],
    [
      436.375,
      260.125
    ],
    [
      478.875,
      281.375
    ],
    [
      590.125,
      283.875
    ],
    [
      522.625,
      286.375
    ],
    [
      386.375,
      288.875
    ],
    [
      511.375,
      292.625
    ],
    [
      597.625,
      297.625
    ],
    [
      430.125,
      311.375
    ],
    [
      575.125,
      312.625
    ],
    [
      540.125,
      313.875
    ],
    [
      518.875,
      327.625
    ],
    [
      586.375,
      330.125
    ],
    [
      602.625,
      347.625
    ],
    [
      611.375,
      352.625
    ],
    [
      636.375,
      357.625
    ],
    [
      617.625,
      368.875
    ],
    [
      650.125,
      376.375
    ],
    [
      595.125,
      388.875
    ],
    [
      702.625,
      391.375
    ]
  ],
  "mkpts1": [
    [
      898.875,
      27.625
    ],
    [
      852.625,
      101.375
    ],
    [
      843.875,
      123.875
    ],
    [
      675.125,
      91.375
    ],
    [
      716.375,
      117.625
    ],
    [
      705.125,
      126.375
    ],
    [
      842.625,
      213.875
    ],
    [
      932.625,
      253.875
    ],
    [
      920.125,
      263.875
    ],
    [
      780.125,
      238.875
    ],
    [
      980.125,
      282.625
    ],
    [
      340.125,
      205.125
    ],
    [
      321.375,
      212.625
    ],
    [
      361.375,
      243.875
    ],
    [
      420.125,
      298.875
    ],
    [
      622.625,
      343.875
    ],
    [
      507.625,
      325.125
    ],
    [
      278.875,
      290.125
    ],
    [
      487.625,
      333.875
    ],
    [
      626.375,
      365.125
    ],
    [
      356.375,
      352.625
    ],
    [
      590.125,
      388.875
    ],
    [
      545.125,
      395.125
    ],
    [
      512.625,
      420.125
    ],
    [
      613.875,
      432.625
    ],
    [
      640.125,
      475.125
    ],
    [
      656.375,
      488.875
    ],
    [
      695.125,
      505.125
    ],
    [
      667.625,
      525.125
    ],
    [
      718.875,
      548.875
    ],
    [
      636.375,
      562.625
    ],
    [
      805.125,
      592.625
    ]
  ],
  "mpts3D": [
    [
      0.24300000071525574,
      -0.10400000214576721,
      0.0
    ],
    [
      0.20600000023841858,
      -0.07000000029802322,
      -0.0020000000949949026
    ],
    [
      0.20600000023841858,
      -0.054999999701976776,
      -0.0020000000949949026
    ],
    [
      0.23000000417232513,
      -0.0,
      0.11299999803304672
    ],
    [
      0.23000000417232513,
      -0.0,
      0.07000000029802322
    ],
    [
      0.21699999272823334,
      0.0,
      0.07000000029802322
    ],
    [
      0.21699999272823334,
      -0.0,
      -0.027000000700354576
    ],
    [
      0.23000000417232513,
      0.0,
      -0.07000000029802322
    ],
    [
      0.21699999272823334,
      -0.0,
      -0.07000000029802322
    ],
    [
      0.17000000178813934,
      -0.0,
      -0.014999999664723873
    ],
    [
      0.23000000417232513,
      -0.0,
      -0.11299999803304672
    ],
    [
      -0.0,
      -0.0,
      0.15600000321865082
    ],
    [
      -0.014000000432133675,
      0.0,
      0.15600000321865082
    ],
    [
      -0.01899999938905239,
      -0.0,
      0.12800000607967377
    ],
    [
      -0.01899999938905239,
      -0.0,
      0.07400000095367432
    ],
    [
      0.02500000037252903,
      -0.014000000432133675,
      -0.010999999940395355
    ],
    [
      0.0,
      0.0,
      0.041999999433755875
    ],
    [
      -0.07400000095367432,
      -0.0,
      0.12800000607967377
    ],
    [
      -0.014000000432133675,
      0.0,
      0.041999999433755875
    ],
    [
      0.02500000037252903,
      0.0,
      -0.014999999664723873
    ],
    [
      -0.07400000095367432,
      -0.0,
      0.07400000095367432
    ],
    [
      0.0,
      -0.0,
      -0.014999999664723873
    ],
    [
      -0.03500000014901161,
      -0.017999999225139618,
      -0.009999999776482582
    ],
    [
      -0.05700000002980232,
      -0.017999999225139618,
      -0.009999999776482582
    ],
    [
      -0.014000000432133675,
      0.0,
      -0.041999999433755875
    ],
    [
      -0.023000000044703484,
      0.0,
      -0.06499999761581421
    ],
    [
      -0.023000000044703484,
      -0.0,
      -0.07500000298023224
    ],
    [
      -0.017000000923871994,
      -0.0,
      -0.09200000017881393
    ],
    [
      -0.03700000047683716,
      -0.0,
      -0.09700000286102295
    ],
    [
      -0.028999999165534973,
      -0.0,
      -0.12700000405311584
    ],
    [
      -0.052000001072883606,
      -0.0,
      -0.09700000286102295
    ],
    [
      -0.014000000432133675,
      0.0,
      -0.15600000321865082
    ]
  ],
  "mconf": [
    0.8595798015594482,
    0.9951350688934326,
    0.8674429059028625,
    0.8580292463302612,
    0.8401530981063843,
    0.9619700312614441,
    0.9748352766036987,
    0.7508544921875,
    0.9974220991134644,
    0.23788423836231232,
    0.4670541286468506,
    0.7826696038246155,
    0.9935088753700256,
    0.9925966858863831,
    0.6186650991439819,
    0.912545919418335,
    0.49978044629096985,
    0.9898537993431091,
    0.7593585848808289,
    0.9316795468330383,
    0.9933638572692871,
    0.9644206166267395,
    0.9899471998214722,
    0.9967816472053528,
    0.9984325170516968,
    0.9866762161254883,
    0.9862591624259949,
    0.9963814616203308,
    0.9975183010101318,
    0.9971718788146973,
    0.9920726418495178,
    0.3143712282180786
  ],
  "coverage_score": 0.75,
  "pose_estimation_failed": false,
  "tracking_method": "loosely_coupled",
  "kf_translation_vector": [
    0.011934573405840478,
    -0.03426064937290376,
    0.6797171876621325
  ],
  "kf_quaternion": [
    0.45966908486827485,
    -0.41254557248460827,
    -0.0976739611179868,
    0.780365478708042
  ],