{
  "frame": 192,
  "object_rotation_in_cam": [
    [
      0.5642098657787905,
      -0.10763465506051306,
      -0.8185853702503383
    ],
    [
      -0.5221478875258686,
      0.7214956611534996,
      -0.45475883112804666
    ],
    [
      0.6395536028435396,
      0.6840020409082701,
      0.35087376237497336
    ]
  ],
  "object_translation_in_cam": [
    -0.0627265730878729,
    -0.04870441303852429,
    0.6999468633258578
  ],
  "raw_rvec": [
    0.7488914944861365,
    -0.9589264098757422,
    -0.272599315420946
  ],
  "refined_raw_rvec": [
    0.7488914944861365,
    -0.9589264098757422,
    -0.272599315420946
  ],
  "num_inliers": 14,
  "total_matches": 24,
  "inlier_ratio": 0.5833333333333334,
  "reprojection_errors": [
    0.7692660093307495,
    3.4441654682159424,
    2.2442808151245117,
    2.1146817207336426,
    2.875863552093506,
    1.6744033098220825,
    3.17085599899292,
    2.301845073699951,
    0.9917535185813904,
    2.976384401321411,
    0.6658872961997986,
    1.504848837852478,
    0.5769115090370178,
    3.114621162414551
  ],
  "mean_reprojection_error": 2.030412197113037,
  "std_reprojection_error": 0.973133385181427,
  "inliers": [
    0,
    1,
    3,
    4,
    6,
    7,
    9,
    10,
    11,
    12,
    13,
    14,
    15,
    16
  ],
  "mkpts0": [
    [
      425.125,
      242.625
    ],
    [
      413.875,
      248.875
    ],
    [
      436.375,
      260.125
    ],
    [
      590.125,
      283.875
    ],
    [
      522.625,
      286.375
    ],
    [
      386.375,
      288.875
    ],
    [
      511.375,
      292.625
    ],
    [
      597.625,
      297.625
    ],
    [
      430.125,
      311.375
    ],
    [
      575.125,
      312.625
    ],
    [
      540.125,
      313.875
    ],
    [
      518.875,
      327.625
    ],
    [
      586.375,
      330.125
    ],
    [
      470.125,
      338.875
    ],
    [
      602.625,
      347.625
    ],
    [
      611.375,
      352.625
    ],
    [
      636.375,
      357.625
    ],
    [
      617.625,
      368.875
    ],
    [
      650.125,
      376.375
    ],
    [
      496.375,
      377.625
    ],
    [
      715.125,
      383.875
    ],
    [
      516.375,
      388.875
    ],
    [
      595.125,
      388.875
    ],
    [
      702.625,
      391.375
    ]
  ],
  "mkpts1": [
    [
      221.375,
      90.125
    ],
    [
      201.375,
      102.625
    ],
    [
      247.625,
      126.375
    ],
    [
      523.875,
      191.375
    ],
    [
      403.875,
      187.625
    ],
    [
      160.125,
      175.125
    ],
    [
      385.125,
      200.125
    ],
    [
      531.375,
      215.125
    ],
    [
      245.125,
      226.375
    ],
    [
      495.125,
      240.125
    ],
    [
      446.375,
      242.625
    ],
    [
      412.625,
      267.625
    ],
    [
      523.875,
      278.875
    ],
    [
      326.375,
      285.125
    ],
    [
      556.375,
      313.875
    ],
    [
      572.625,
      322.625
    ],
    [
      613.875,
      335.125
    ],
    [
      586.375,
      355.125
    ],
    [
      641.375,
      372.625
    ],
    [
      373.875,
      358.875
    ],
    [
      748.875,
      391.375
    ],
    [
      393.875,
      376.375
    ],
    [
      553.875,
      391.375
    ],
    [
      735.125,
      406.375
    ]
  ],
  "mpts3D": [
    [
      -0.0,
      -0.0,
      0.15600000321865082
    ],
    [
      -0.014000000432133675,
      0.0,
      0.15600000321865082
    ],
    [
      -0.01899999938905239,
      -0.0,
      0.12800000607967377
    ],
    [
      0.02500000037252903,
      -0.014000000432133675,
      -0.010999999940395355
    ],
    [
      0.0,
      0.0,
      0.041999999433755875
    ],
    [
      -0.07400000095367432,
      -0.0,
      0.12800000607967377
    ],
    [
      -0.014000000432133675,
      0.0,
      0.041999999433755875
    ],
    [
      0.02500000037252903,
      0.0,
      -0.014999999664723873
    ],
    [
      -0.07400000095367432,
      -0.0,
      0.07400000095367432
    ],
    [
      0.0,
      -0.0,
      -0.014999999664723873
    ],
    [
      -0.03500000014901161,
      -0.017999999225139618,
      -0.009999999776482582
    ],
    [
      -0.05700000002980232,
      -0.017999999225139618,
      -0.009999999776482582
    ],
    [
      -0.014000000432133675,
      0.0,
      -0.041999999433755875
    ],
    [
      -0.10000000149011612,
      -0.029999999329447746,
      0.0
    ],
    [
      -0.023000000044703484,
      0.0,
      -0.06499999761581421
    ],
    [
      -0.023000000044703484,
      -0.0,
      -0.07500000298023224
    ],
    [
      -0.017000000923871994,
      -0.0,
      -0.09200000017881393
    ],
    [
      -0.03700000047683716,
      -0.0,
      -0.09700000286102295
    ],
    [
      -0.028999999165534973,
      -0.0,
      -0.12700000405311584
    ],
    [
      -0.09000000357627869,
      -0.0,
      -0.014999999664723873
    ],
    [
      0.0,
      0.0,
      -0.15600000321865082
    ],
    [
      -0.09000000357627869,
      -0.0,
      -0.041999999433755875
    ],
    [
      -0.052000001072883606,
      -0.0,
      -0.09700000286102295
    ],
    [
      -0.014000000432133675,
      0.0,
      -0.15600000321865082
    ]
  ],
  "mconf": [
    0.9697450399398804,
    0.9955849647521973,
    0.9977729916572571,
    0.9929170608520508,
    0.6008479595184326,
    0.9891000390052795,
    0.8998296856880188,
    0.9901748895645142,
    0.9973939657211304,
    0.9703478217124939,
    0.9977896809577942,
    0.999336838722229,
    0.99878990650177,
    0.9988561272621155,
    0.9996180534362793,
    0.9996064901351929,
    0.9999183416366577,
    0.9997965693473816,
    0.9996703863143921,
    0.9753991365432739,
    0.709226131439209,
    0.9637494087219238,
    0.999767541885376,
    0.9953272938728333
  ],
  "coverage_score": 0.6854752972273345,
  "pose_estimation_failed": false,
  "tracking_method": "loosely_coupled",
  "kf_translation_vector": [
    -0.023254763987444717,
    -0.03306416452832201,
    0.6994031010753942
  ],
  "kf_quaternion": [
    0.45140384057086774,
    -0.4716748424560038,
    -0.13006977846391027,
    0.7462166364014703
  ],
  "kf_rotation_matrix": [
    [
      0.5212093914489067,
      -0.23171120560495115,
      -0.8213712239070472
    ],
    [
      -0.6199521359362452,
      0.5586328508964399,
      -0.5509888266084926
    ],
    [
      0.5865152337438031,
      0.7963913956695012,
      0.14751483142394928
    ]
  ],
  "position_diff": 0.044609327499450006,
  "orientation_diff": 14.058930922103293,
  "timestamp": 1741869632.8620741,
  "image_file": "webcam_000192"
}