{
  "frame": 46,
  "object_rotation_in_cam": [
    [
      0.368548276502985,
      -0.2337792646772336,
      -0.8997329733280042
    ],
    [
      -0.5414366242674138,
      0.7327712677799472,
      -0.41218036224215726
    ],
    [
      0.7556576935283505,
      0.6390567459335209,
      0.14348493192064724
    ]
  ],
  "object_translation_in_cam": [
    -0.05559431704614949,
    -0.0488920097055773,
    0.72341223532048
  ],
  "raw_rvec": [
    0.7669077665497559,
    -1.2076551990152533,
    -0.22444491035458214
  ],
  "refined_raw_rvec": [
    0.7669077665497559,
    -1.2076551990152533,
    -0.22444491035458214
  ],
  "num_inliers": 11,
  "total_matches": 22,
  "inlier_ratio": 0.5,
  "reprojection_errors": [
    1.177595615386963,
    4.101966381072998,
    2.377305507659912,
    0.38773855566978455,
    1.2999333143234253,
    2.5945773124694824,
    3.4414265155792236,
    3.5174453258514404,
    1.1268813610076904,
    0.9302198886871338,
    2.763371229171753
  ],
  "mean_reprojection_error": 2.1562235355377197,
  "std_reprojection_error": 1.1786495447158813,
  "inliers": [
    0,
    5,
    7,
    9,
    10,
    12,
    13,
    14,
    15,
    16,
    17
  ],
  "mkpts0": [
    [
      745.125,
      201.375
    ],
    [
      793.875,
      220.125
    ],
    [
      425.125,
      242.625
    ],
    [
      413.875,
      248.875
    ],
    [
      436.375,
      260.125
    ],
    [
      478.875,
      281.375
    ],
    [
      590.125,
      283.875
    ],
    [
      522.625,
      286.375
    ],
    [
      386.375,
      288.875
    ],
    [
      511.375,
      292.625
    ],
    [
      597.625,
      297.625
    ],
    [
      430.125,
      311.375
    ],
    [
      540.125,
      313.875
    ],
    [
      518.875,
      327.625
    ],
    [
      586.375,
      330.125
    ],
    [
      602.625,
      347.625
    ],
    [
      611.375,
      352.625
    ],
    [
      636.375,
      357.625
    ],
    [
      617.625,
      368.875
    ],
    [
      715.125,
      383.875
    ],
    [
      595.125,
      388.875
    ],
    [
      702.625,
      391.375
    ]
  ],
  "mkpts1": [
    [
      683.875,
      72.625
    ],
    [
      767.625,
      107.625
    ],
    [
      207.625,
      112.625
    ],
    [
      192.625,
      121.375
    ],
    [
      245.125,
      145.125
    ],
    [
      341.375,
      183.875
    ],
    [
      533.875,
      197.625
    ],
    [
      417.625,
      197.625
    ],
    [
      178.875,
      192.625
    ],
    [
      402.625,
      208.875
    ],
    [
      540.125,
      218.875
    ],
    [
      280.125,
      238.875
    ],
    [
      485.125,
      247.625
    ],
    [
      462.625,
      271.375
    ],
    [
      555.125,
      276.375
    ],
    [
      593.875,
      307.625
    ],
    [
      612.625,
      316.375
    ],
    [
      651.375,
      325.125
    ],
    [
      633.875,
      343.875
    ],
    [
      780.125,
      368.875
    ],
    [
      616.375,
      377.625
    ],
    [
      771.375,
      382.625
    ]
  ],
  "mpts3D": [
    [
      0.21699999272823334,
      -0.0,
      -0.027000000700354576
    ],
    [
      0.21699999272823334,
      -0.0,
      -0.07000000029802322
    ],
    [
      -0.0,
      -0.0,
      0.15600000321865082
    ],
    [
      -0.014000000432133675,
      0.0,
      0.15600000321865082
    ],
    [
      -0.01899999938905239,
      -0.0,
      0.12800000607967377
    ],
    [
      -0.01899999938905239,
      -0.0,
      0.07400000095367432
    ],
    [
      0.02500000037252903,
      -0.014000000432133675,
      -0.010999999940395355
    ],
    [
      0.0,
      0.0,
      0.041999999433755875
    ],
    [
      -0.07400000095367432,
      -0.0,
      0.12800000607967377
    ],
    [
      -0.014000000432133675,
      0.0,
      0.041999999433755875
    ],
    [
      0.02500000037252903,
      0.0,
      -0.014999999664723873
    ],
    [
      -0.07400000095367432,
      -0.0,
      0.07400000095367432
    ],
    [
      -0.03500000014901161,
      -0.017999999225139618,
      -0.009999999776482582
    ],
    [
      -0.05700000002980232,
      -0.017999999225139618,
      -0.009999999776482582
    ],
    [
      -0.014000000432133675,
      0.0,
      -0.041999999433755875
    ],
    [
      -0.023000000044703484,
      0.0,
      -0.06499999761581421
    ],
    [
      -0.023000000044703484,
      -0.0,
      -0.07500000298023224
    ],
    [
      -0.017000000923871994,
      -0.0,
      -0.09200000017881393
    ],
    [
      -0.03700000047683716,
      -0.0,
      -0.09700000286102295
    ],
    [
      0.0,
      0.0,
      -0.15600000321865082
    ],
    [
      -0.052000001072883606,
      -0.0,
      -0.09700000286102295
    ],
    [
      -0.014000000432133675,
      0.0,
      -0.15600000321865082
    ]
  ],
  "mconf": [
    0.2062930315732956,
    0.3643033802509308,
    0.9633111357688904,
    0.9971588253974915,
    0.9932746887207031,
    0.9993341565132141,
    0.6152382493019104,
    0.5161380767822266,
    0.9732874035835266,
    0.9254499673843384,
    0.9438992738723755,
    0.9994949102401733,
    0.9979882836341858,
    0.9992976188659668,
    0.99288409948349,
    0.9995405673980713,
    0.9995602965354919,
    0.9998612999916077,
    0.999838650226593,
    0.9947769045829773,
    0.999580442905426,
    0.9991602301597595
  ],
  "coverage_score": 0.6854752972273345,
  "pose_estimation_failed": false,
  "tracking_method": "loosely_coupled",
  "kf_translation_vector": [
    -0.018172645173709524,
    -0.049343529097772586,
    0.7284094929348636
  ],
  "kf_quaternion": [
    0.4580918905374953,
    -0.4714438834299884,
    -0.1128618571122797,
    0.7450870323723279
  ],
  "kf_rotation_matrix": [
    [
      0.5300057319712377,
      -0.2637454273179275,
      -0.8059356510581452
    ],
    [
      -0.6001130520532003,
      0.5548280420659015,
      -0.5762205901325561
    ],
    [
      0.5991312450815978,
      0.7890527189650904,
      0.13578496920046979
    ]
  ],
  "position_diff": 0.03957912396655673,
  "orientation_diff": 15.500919861015795,
  "timestamp": 1741869613.242742,
  "image_file": "webcam_000046"
}