{
  "frame": 24,
  "object_rotation_in_cam": [
    [
      0.489186093293553,
      -0.2994707010903711,
      -0.8191546040379879
    ],
    [
      -0.5048839355102152,
      0.6686098131541409,
      -0.5459424231708887
    ],
    [
      0.7111885669721555,
      0.6806454414321941,
      0.1758766762980968
    ]
  ],
  "object_translation_in_cam": [
    -0.028196874718700984,
    0.016716646265747776,
    0.7506615288123115
  ],
  "raw_rvec": [
    0.8727919777693188,
    -1.0889323801715014,
    -0.14616402811656992
  ],
  "refined_raw_rvec": [
    0.8727919777693188,
    -1.0889323801715014,
    -0.14616402811656992
  ],
  "num_inliers": 14,
  "total_matches": 26,
  "inlier_ratio": 0.5384615384615384,
  "reprojection_errors": [
    1.0496844053268433,
    2.0212817192077637,
    3.8243167400360107,
    3.2037932872772217,
    1.9742774963378906,
    2.2038443088531494,
    0.6423897743225098,
    3.711247205734253,
    3.762889862060547,
    2.0452823638916016,
    1.7336854934692383,
    2.682119846343994,
    2.425319194793701,
    1.1755473613739014
  ],
  "mean_reprojection_error": 2.3182625770568848,
  "std_reprojection_error": 0.9849972128868103,
  "inliers": [
    0,
    7,
    8,
    10,
    11,
    12,
    13,
    14,
    15,
    16,
    17,
    19,
    20,
    25
  ],
  "mkpts0": [
    [
      751.375,
      76.375
    ],
    [
      656.375,
      171.375
    ],
    [
      356.375,
      195.125
    ],
    [
      793.875,
      220.125
    ],
    [
      705.125,
      223.875
    ],
    [
      425.125,
      242.625
    ],
    [
      413.875,
      248.875
    ],
    [
      436.375,
      260.125
    ],
    [
      478.875,
      281.375
    ],
    [
      590.125,
      283.875
    ],
    [
      522.625,
      286.375
    ],
    [
      386.375,
      288.875
    ],
    [
      511.375,
      292.625
    ],
    [
      597.625,
      297.625
    ],
    [
      430.125,
      311.375
    ],
    [
      575.125,
      312.625
    ],
    [
      540.125,
      313.875
    ],
    [
      518.875,
      327.625
    ],
    [
      586.375,
      330.125
    ],
    [
      602.625,
      347.625
    ],
    [
      611.375,
      352.625
    ],
    [
      617.625,
      368.875
    ],
    [
      650.125,
      376.375
    ],
    [
      715.125,
      383.875
    ],
    [
      595.125,
      388.875
    ],
    [
      702.625,
      391.375
    ]
  ],
  "mkpts1": [
    [
      813.875,
      26.375
    ],
    [
      622.625,
      117.625
    ],
    [
      167.625,
      91.375
    ],
    [
      835.125,
      246.375
    ],
    [
      707.625,
      227.625
    ],
    [
      296.375,
      207.625
    ],
    [
      281.375,
      216.375
    ],
    [
      327.625,
      246.375
    ],
    [
      413.875,
      297.625
    ],
    [
      593.875,
      332.625
    ],
    [
      481.375,
      318.875
    ],
    [
      258.875,
      296.375
    ],
    [
      466.375,
      330.125
    ],
    [
      597.625,
      352.625
    ],
    [
      347.625,
      353.875
    ],
    [
      571.375,
      380.125
    ],
    [
      538.875,
      387.625
    ],
    [
      513.875,
      411.375
    ],
    [
      601.375,
      417.625
    ],
    [
      633.875,
      455.125
    ],
    [
      651.375,
      467.625
    ],
    [
      667.625,
      498.875
    ],
    [
      716.375,
      518.875
    ],
    [
      805.125,
      538.875
    ],
    [
      645.125,
      535.125
    ],
    [
      795.125,
      552.625
    ]
  ],
  "mpts3D": [
    [
      0.24300000071525574,
      -0.10400000214576721,
      0.0
    ],
    [
      0.21699999272823334,
      0.0,
      0.07000000029802322
    ],
    [
      -0.0,
      -0.02500000037252903,
      0.23999999463558197
    ],
    [
      0.21699999272823334,
      -0.0,
      -0.07000000029802322
    ],
    [
      0.17000000178813934,
      -0.0,
      -0.014999999664723873
    ],
    [
      -0.0,
      -0.0,
      0.15600000321865082
    ],
    [
      -0.014000000432133675,
      0.0,
      0.15600000321865082
    ],
    [
      -0.01899999938905239,
      -0.0,
      0.12800000607967377
    ],
    [
      -0.01899999938905239,
      -0.0,
      0.07400000095367432
    ],
    [
      0.02500000037252903,
      -0.014000000432133675,
      -0.010999999940395355
    ],
    [
      0.0,
      0.0,
      0.041999999433755875
    ],
    [
      -0.07400000095367432,
      -0.0,
      0.12800000607967377
    ],
    [
      -0.014000000432133675,
      0.0,
      0.041999999433755875
    ],
    [
      0.02500000037252903,
      0.0,
      -0.014999999664723873
    ],
    [
      -0.07400000095367432,
      -0.0,
      0.07400000095367432
    ],
    [
      0.0,
      -0.0,
      -0.014999999664723873
    ],
    [
      -0.03500000014901161,
      -0.017999999225139618,
      -0.009999999776482582
    ],
    [
      -0.05700000002980232,
      -0.017999999225139618,
      -0.009999999776482582
    ],
    [
      -0.014000000432133675,
      0.0,
      -0.041999999433755875
    ],
    [
      -0.023000000044703484,
      0.0,
      -0.06499999761581421
    ],
    [
      -0.023000000044703484,
      -0.0,
      -0.07500000298023224
    ],
    [
      -0.03700000047683716,
      -0.0,
      -0.09700000286102295
    ],
    [
      -0.028999999165534973,
      -0.0,
      -0.12700000405311584
    ],
    [
      0.0,
      0.0,
      -0.15600000321865082
    ],
    [
      -0.052000001072883606,
      -0.0,
      -0.09700000286102295
    ],
    [
      -0.014000000432133675,
      0.0,
      -0.15600000321865082
    ]
  ],
  "mconf": [
    0.7433475255966187,
    0.3427559733390808,
    0.48678022623062134,
    0.17983831465244293,
    0.896692156791687,
    0.9498984217643738,
    0.9925993084907532,
    0.9980482459068298,
    0.9932307004928589,
    0.7537816166877747,
    0.722149133682251,
    0.9942507743835449,
    0.897643506526947,
    0.979179859161377,
    0.9969446659088135,
    0.9951662421226501,
    0.9966499209403992,
    0.9989340901374817,
    0.9982383847236633,
    0.9921485185623169,
    0.984352707862854,
    0.9990605711936951,
    0.9996955990791321,
    0.9947986006736755,
    0.9997632503509521,
    0.9996755123138428
  ],
  "coverage_score": 0.6742939480062112,
  "pose_estimation_failed": false,
  "tracking_method": "loosely_coupled",
  "kf_translation_vector": [
    -0.012795574169930516,
    -0.08639053957324463,
    0.7059387590356364
  ],
  "kf_quaternion": [
    0.4579850116349408,
    -0.48169184282284566,
    -0.110540249752203,
    0.7389205308153205
  ],
  "kf_rotation_matrix": [
    [
      0.5115076434853031,
      -0.2778543684326422,
      -0.813115539513918
    ],
    [
      -0.604576208526066,
      0.5560611646049274,
      -0.5703363825870299
    ],
    [
      0.6106124292383501,
      0.783321729023975,
      0.11644539535134824
    ]
  ],
  "position_diff": 0.11635724352939805,
  "orientation_diff": 8.917104565226406,
  "timestamp": 1741869610.2868533,
  "image_file": "webcam_000024"
}