{
  "frame": 102,
  "object_rotation_in_cam": [
    [
      0.5831374294339878,
      -0.20881594113166727,
      -0.7850774745987921
    ],
    [
      -0.5501541734960195,
      0.6095499675672591,
      -0.5707707266702323
    ],
    [
      0.5977299756395296,
      0.7647514235148892,
      0.2405704396926563
    ]
  ],
  "object_translation_in_cam": [
    -0.021783419218253126,
    -0.03775485250574414,
    0.6793407783951778
  ],
  "raw_rvec": [
    0.925071012320318,
    -0.957823939991357,
    -0.23643344598451643
  ],
  "refined_raw_rvec": [
    0.925071012320318,
    -0.957823939991357,
    -0.23643344598451643
  ],
  "num_inliers": 13,
  "total_matches": 27,
  "inlier_ratio": 0.48148148148148145,
  "reprojection_errors": [
    1.5363590717315674,
    1.8019683361053467,
    1.2880216836929321,
    3.9693055152893066,
    2.3881869316101074,
    3.184297800064087,
    1.8839187622070312,
    1.4759494066238403,
    0.26493021845817566,
    4.123520851135254,
    0.49544280767440796,
    1.7538814544677734,
    2.5741665363311768
  ],
  "mean_reprojection_error": 2.0569193363189697,
  "std_reprojection_error": 1.1304265260696411,
  "inliers": [
    0,
    3,
    4,
    8,
    9,
    13,
    15,
    16,
    17,
    18,
    19,
    20,
    21
  ],
  "mkpts0": [
    [
      745.125,
      201.375
    ],
    [
      805.125,
      212.625
    ],
    [
      793.875,
      220.125
    ],
    [
      705.125,
      223.875
    ],
    [
      425.125,
      242.625
    ],
    [
      413.875,
      248.875
    ],
    [
      436.375,
      260.125
    ],
    [
      478.875,
      281.375
    ],
    [
      590.125,
      283.875
    ],
    [
      522.625,
      286.375
    ],
    [
      386.375,
      288.875
    ],
    [
      350.125,
      290.125
    ],
    [
      511.375,
      292.625
    ],
    [
      597.625,
      297.625
    ],
    [
      430.125,
      311.375
    ],
    [
      575.125,
      312.625
    ],
    [
      540.125,
      313.875
    ],
    [
      518.875,
      327.625
    ],
    [
      586.375,
      330.125
    ],
    [
      602.625,
      347.625
    ],
    [
      611.375,
      352.625
    ],
    [
      636.375,
      357.625
    ],
    [
      617.625,
      368.875
    ],
    [
      650.125,
      376.375
    ],
    [
      715.125,
      383.875
    ],
    [
      595.125,
      388.875
    ],
    [
      702.625,
      391.375
    ]
  ],
  "mkpts1": [
    [
      835.125,
      70.125
    ],
    [
      930.125,
      113.875
    ],
    [
      917.625,
      123.875
    ],
    [
      770.125,
      98.875
    ],
    [
      303.875,
      67.625
    ],
    [
      286.375,
      76.375
    ],
    [
      330.125,
      110.125
    ],
    [
      397.625,
      170.125
    ],
    [
      611.375,
      216.375
    ],
    [
      490.125,
      196.375
    ],
    [
      246.375,
      162.625
    ],
    [
      180.125,
      143.875
    ],
    [
      471.375,
      207.625
    ],
    [
      617.625,
      237.625
    ],
    [
      333.875,
      228.875
    ],
    [
      581.375,
      265.125
    ],
    [
      536.375,
      273.875
    ],
    [
      503.875,
      301.375
    ],
    [
      610.125,
      311.375
    ],
    [
      640.125,
      355.125
    ],
    [
      657.625,
      370.125
    ],
    [
      697.625,
      385.125
    ],
    [
      670.125,
      405.125
    ],
    [
      723.875,
      430.125
    ],
    [
      823.875,
      457.625
    ],
    [
      638.875,
      443.875
    ],
    [
      811.375,
      471.375
    ]
  ],
  "mpts3D": [
    [
      0.21699999272823334,
      -0.0,
      -0.027000000700354576
    ],
    [
      0.23000000417232513,
      0.0,
      -0.07000000029802322
    ],
    [
      0.21699999272823334,
      -0.0,
      -0.07000000029802322
    ],
    [
      0.17000000178813934,
      -0.0,
      -0.014999999664723873
    ],
    [
      -0.0,
      -0.0,
      0.15600000321865082
    ],
    [
      -0.014000000432133675,
      0.0,
      0.15600000321865082
    ],
    [
      -0.01899999938905239,
      -0.0,
      0.12800000607967377
    ],
    [
      -0.01899999938905239,
      -0.0,
      0.07400000095367432
    ],
    [
      0.02500000037252903,
      -0.014000000432133675,
      -0.010999999940395355
    ],
    [
      0.0,
      0.0,
      0.041999999433755875
    ],
    [
      -0.07400000095367432,
      -0.0,
      0.12800000607967377
    ],
    [
      -0.07999999821186066,
      -0.0,
      0.15600000321865082
    ],
    [
      -0.014000000432133675,
      0.0,
      0.041999999433755875
    ],
    [
      0.02500000037252903,
      0.0,
      -0.014999999664723873
    ],
    [
      -0.07400000095367432,
      -0.0,
      0.07400000095367432
    ],
    [
      0.0,
      -0.0,
      -0.014999999664723873
    ],
    [
      -0.03500000014901161,
      -0.017999999225139618,
      -0.009999999776482582
    ],
    [
      -0.05700000002980232,
      -0.017999999225139618,
      -0.009999999776482582
    ],
    [
      -0.014000000432133675,
      0.0,
      -0.041999999433755875
    ],
    [
      -0.023000000044703484,
      0.0,
      -0.06499999761581421
    ],
    [
      -0.023000000044703484,
      -0.0,
      -0.07500000298023224
    ],
    [
      -0.017000000923871994,
      -0.0,
      -0.09200000017881393
    ],
    [
      -0.03700000047683716,
      -0.0,
      -0.09700000286102295
    ],
    [
      -0.028999999165534973,
      -0.0,
      -0.12700000405311584
    ],
    [
      0.0,
      0.0,
      -0.15600000321865082
    ],
    [
      -0.052000001072883606,
      -0.0,
      -0.09700000286102295
    ],
    [
      -0.014000000432133675,
      0.0,
      -0.15600000321865082
    ]
  ],
  "mconf": [
    0.982071578502655,
    0.5792677402496338,
    0.9975553154945374,
    0.5953194499015808,
    0.8924677968025208,
    0.9942068457603455,
    0.9932433366775513,
    0.7349840998649597,
    0.9557053446769714,
    0.21338734030723572,
    0.9945449233055115,
    0.2808079123497009,
    0.6084895730018616,
    0.9344683289527893,
    0.9967703819274902,
    0.9923373460769653,
    0.9811509251594543,
    0.9952833652496338,
    0.9989709258079529,
    0.9951272010803223,
    0.9961265325546265,
    0.9997269511222839,
    0.9994412660598755,
    0.9994431734085083,
    0.8223966956138611,
    0.9992361068725586,
    0.9939355254173279
  ],
  "coverage_score": 0.4854752972273344,
  "pose_estimation_failed": false,
  "tracking_method": "loosely_coupled",
  "kf_translation_vector": [
    -0.00304129512809612,
    -0.04304389484943739,
    0.7651369330297682
  ],
  "kf_quaternion": [
    0.4410502292005431,
    -0.4241041699548025,
    -0.11649141803064496,
    0.7823299162593145
  ],
  "kf_rotation_matrix": [
    [
      0.6131308051043151,
      -0.19183304010125693,
      -0.7663358927765579
    ],
    [
      -0.55637192535263,
      0.5838088896947159,
      -0.5912845854517355
    ],
    [
      0.560821626287309,
      0.7889025700547139,
      0.2512206966981928
    ]
  ],
  "position_diff": 0.09193084878065423,
  "orientation_diff": 2.816864717305506,
  "timestamp": 1741869950.0318682,
  "image_file": "webcam_000102"
}