{
  "frame": 49,
  "object_rotation_in_cam": [
    [
      0.6941752656912712,
      -0.15932924068787377,
      -0.701950777166233
    ],
    [
      -0.4533021135515386,
      0.6607585260640294,
      -0.5982602812182998
    ],
    [
      0.5591403172300857,
      0.7334932605658464,
      0.3864579438338954
    ]
  ],
  "object_translation_in_cam": [
    0.02465336169654864,
    0.016377650682653,
    0.7161458960802697
  ],
  "raw_rvec": [
    0.8539229798067506,
    -0.8086140801187395,
    -0.18849598195307768
  ],
  "refined_raw_rvec": [
    0.8539229798067506,
    -0.8086140801187395,
    -0.18849598195307768
  ],
  "num_inliers": 16,
  "total_matches": 34,
  "inlier_ratio": 0.47058823529411764,
  "reprojection_errors": [
    1.4705147743225098,
    2.170173168182373,
    2.7921783924102783,
    2.6972432136535645,
    1.3009579181671143,
    1.642011046409607,
    2.091367721557617,
    2.9575798511505127,
    3.330341339111328,
    1.3473232984542847,
    2.4153404235839844,
    3.237863779067993,
    1.442823886871338,
    0.06859660148620605,
    3.2436656951904297,
    2.0637876987457275
  ],
  "mean_reprojection_error": 2.1419856548309326,
  "std_reprojection_error": 0.8708730936050415,
  "inliers": [
    7,
    10,
    13,
    14,
    17,
    18,
    19,
    20,
    21,
    22,
    23,
    24,
    26,
    27,
    28,
    33
  ],
  "mkpts0": [
    [
      751.375,
      76.375
    ],
    [
      727.625,
      126.375
    ],
    [
      727.625,
      143.875
    ],
    [
      636.375,
      157.625
    ],
    [
      663.875,
      165.125
    ],
    [
      656.375,
      171.375
    ],
    [
      356.375,
      195.125
    ],
    [
      745.125,
      201.375
    ],
    [
      805.125,
      212.625
    ],
    [
      793.875,
      220.125
    ],
    [
      705.125,
      223.875
    ],
    [
      425.125,
      242.625
    ],
    [
      413.875,
      248.875
    ],
    [
      436.375,
      260.125
    ],
    [
      478.875,
      281.375
    ],
    [
      590.125,
      283.875
    ],
    [
      522.625,
      286.375
    ],
    [
      386.375,
      288.875
    ],
    [
      511.375,
      292.625
    ],
    [
      597.625,
      297.625
    ],
    [
      430.125,
      311.375
    ],
    [
      575.125,
      312.625
    ],
    [
      540.125,
      313.875
    ],
    [
      518.875,
      327.625
    ],
    [
      586.375,
      330.125
    ],
    [
      470.125,
      338.875
    ],
    [
      602.625,
      347.625
    ],
    [
      611.375,
      352.625
    ],
    [
      636.375,
      357.625
    ],
    [
      617.625,
      368.875
    ],
    [
      650.125,
      376.375
    ],
    [
      496.375,
      377.625
    ],
    [
      595.125,
      388.875
    ],
    [
      702.625,
      391.375
    ]
  ],
  "mkpts1": [
    [
      1010.125,
      22.625
    ],
    [
      957.625,
      97.625
    ],
    [
      950.125,
      121.375
    ],
    [
      780.125,
      86.375
    ],
    [
      820.125,
      112.625
    ],
    [
      807.625,
      121.375
    ],
    [
      330.125,
      81.375
    ],
    [
      948.875,
      211.375
    ],
    [
      1042.625,
      255.125
    ],
    [
      1028.875,
      263.875
    ],
    [
      880.125,
      236.375
    ],
    [
      433.875,
      192.625
    ],
    [
      415.125,
      200.125
    ],
    [
      452.625,
      231.375
    ],
    [
      523.875,
      287.625
    ],
    [
      707.625,
      337.625
    ],
    [
      593.875,
      315.125
    ],
    [
      368.875,
      275.125
    ],
    [
      573.875,
      323.875
    ],
    [
      712.625,
      357.625
    ],
    [
      441.375,
      337.625
    ],
    [
      673.875,
      381.375
    ],
    [
      626.375,
      386.375
    ],
    [
      592.625,
      410.125
    ],
    [
      697.625,
      426.375
    ],
    [
      507.625,
      421.375
    ],
    [
      722.625,
      468.875
    ],
    [
      737.625,
      483.875
    ],
    [
      776.375,
      500.125
    ],
    [
      747.625,
      518.875
    ],
    [
      800.125,
      545.125
    ],
    [
      543.875,
      490.125
    ],
    [
      711.375,
      553.875
    ],
    [
      886.375,
      593.875
    ]
  ],
  "mpts3D": [
    [
      0.24300000071525574,
      -0.10400000214576721,
      0.0
    ],
    [
      0.20600000023841858,
      -0.07000000029802322,
      -0.0020000000949949026
    ],
    [
      0.20600000023841858,
      -0.054999999701976776,
      -0.0020000000949949026
    ],
    [
      0.23000000417232513,
      -0.0,
      0.11299999803304672
    ],
    [
      0.23000000417232513,
      -0.0,
      0.07000000029802322
    ],
    [
      0.21699999272823334,
      0.0,
      0.07000000029802322
    ],
    [
      -0.0,
      -0.02500000037252903,
      0.23999999463558197
    ],
    [
      0.21699999272823334,
      -0.0,
      -0.027000000700354576
    ],
    [
      0.23000000417232513,
      0.0,
      -0.07000000029802322
    ],
    [
      0.21699999272823334,
      -0.0,
      -0.07000000029802322
    ],
    [
      0.17000000178813934,
      -0.0,
      -0.014999999664723873
    ],
    [
      -0.0,
      -0.0,
      0.15600000321865082
    ],
    [
      -0.014000000432133675,
      0.0,
      0.15600000321865082
    ],
    [
      -0.01899999938905239,
      -0.0,
      0.12800000607967377
    ],
    [
      -0.01899999938905239,
      -0.0,
      0.07400000095367432
    ],
    [
      0.02500000037252903,
      -0.014000000432133675,
      -0.010999999940395355
    ],
    [
      0.0,
      0.0,
      0.041999999433755875
    ],
    [
      -0.07400000095367432,
      -0.0,
      0.12800000607967377
    ],
    [
      -0.014000000432133675,
      0.0,
      0.041999999433755875
    ],
    [
      0.02500000037252903,
      0.0,
      -0.014999999664723873
    ],
    [
      -0.07400000095367432,
      -0.0,
      0.07400000095367432
    ],
    [
      0.0,
      -0.0,
      -0.014999999664723873
    ],
    [
      -0.03500000014901161,
      -0.017999999225139618,
      -0.009999999776482582
    ],
    [
      -0.05700000002980232,
      -0.017999999225139618,
      -0.009999999776482582
    ],
    [
      -0.014000000432133675,
      0.0,
      -0.041999999433755875
    ],
    [
      -0.10000000149011612,
      -0.029999999329447746,
      0.0
    ],
    [
      -0.023000000044703484,
      0.0,
      -0.06499999761581421
    ],
    [
      -0.023000000044703484,
      -0.0,
      -0.07500000298023224
    ],
    [
      -0.017000000923871994,
      -0.0,
      -0.09200000017881393
    ],
    [
      -0.03700000047683716,
      -0.0,
      -0.09700000286102295
    ],
    [
      -0.028999999165534973,
      -0.0,
      -0.12700000405311584
    ],
    [
      -0.09000000357627869,
      -0.0,
      -0.014999999664723873
    ],
    [
      -0.052000001072883606,
      -0.0,
      -0.09700000286102295
    ],
    [
      -0.014000000432133675,
      0.0,
      -0.15600000321865082
    ]
  ],
  "mconf": [
    0.6686902046203613,
    0.9347129464149475,
    0.7029427289962769,
    0.9394068121910095,
    0.9434792995452881,
    0.9937644004821777,
    0.9337512850761414,
    0.9422769546508789,
    0.7941892743110657,
    0.9902090430259705,
    0.32090210914611816,
    0.8414852619171143,
    0.9948708415031433,
    0.9972015023231506,
    0.988335132598877,
    0.9485069513320923,
    0.7972407937049866,
    0.9946067333221436,
    0.9817589521408081,
    0.888974130153656,
    0.9898257255554199,
    0.9642459154129028,
    0.9940276741981506,
    0.9973269701004028,
    0.9979297518730164,
    0.9880191087722778,
    0.9872725009918213,
    0.9825409054756165,
    0.9987924695014954,
    0.998643696308136,
    0.9977860450744629,
    0.5054653882980347,
    0.9977463483810425,
    0.24764807522296906
  ],
  "coverage_score": 0.7529115501041425,
  "pose_estimation_failed": false,
  "tracking_method": "loosely_coupled",