{
  "frame": 59,
  "object_rotation_in_cam": [
    [
      0.678253540297027,
      -0.11792228141207867,
      -0.7253043985949068
    ],
    [
      -0.5318725124236623,
      0.6022799534507803,
      -0.5952902554212247
    ],
    [
      0.5070342844450366,
      0.7895271959963737,
      0.345778890592548
    ]
  ],
  "object_translation_in_cam": [
    0.0048514494228868894,
    -0.018934393589437003,
    0.7221734889741018
  ],
  "raw_rvec": [
    0.9130139204333587,
    -0.8124842528177303,
    -0.27291851564499825
  ],
  "refined_raw_rvec": [
    0.9130139204333587,
    -0.8124842528177303,
    -0.27291851564499825
  ],
  "num_inliers": 15,
  "total_matches": 29,
  "inlier_ratio": 0.5172413793103449,
  "reprojection_errors": [
    0.8904943466186523,
    2.418046474456787,
    2.945850372314453,
    1.3671034574508667,
    1.799944519996643,
    2.971496343612671,
    3.574028968811035,
    3.0436947345733643,
    1.4756851196289062,
    2.1938247680664062,
    4.2385406494140625,
    1.4124057292938232,
    0.7260202765464783,
    3.0594370365142822,
    3.280776023864746
  ],
  "mean_reprojection_error": 2.35982346534729,
  "std_reprojection_error": 1.0120666027069092,
  "inliers": [
    3,
    6,
    10,
    14,
    15,
    16,
    17,
    18,
    19,
    20,
    21,
    22,
    23,
    24,
    28
  ],
  "mkpts0": [
    [
      727.625,
      143.875
    ],
    [
      663.875,
      165.125
    ],
    [
      656.375,
      171.375
    ],
    [
      745.125,
      201.375
    ],
    [
      805.125,
      212.625
    ],
    [
      793.875,
      220.125
    ],
    [
      705.125,
      223.875
    ],
    [
      835.125,
      225.125
    ],
    [
      425.125,
      242.625
    ],
    [
      413.875,
      248.875
    ],
    [
      436.375,
      260.125
    ],
    [
      478.875,
      281.375
    ],
    [
      590.125,
      283.875
    ],
    [
      522.625,
      286.375
    ],
    [
      386.375,
      288.875
    ],
    [
      511.375,
      292.625
    ],
    [
      597.625,
      297.625
    ],
    [
      430.125,
      311.375
    ],
    [
      575.125,
      312.625
    ],
    [
      540.125,
      313.875
    ],
    [
      518.875,
      327.625
    ],
    [
      586.375,
      330.125
    ],
    [
      602.625,
      347.625
    ],
    [
      611.375,
      352.625
    ],
    [
      636.375,
      357.625
    ],
    [
      650.125,
      376.375
    ],
    [
      715.125,
      383.875
    ],
    [
      595.125,
      388.875
    ],
    [
      702.625,
      391.375
    ]
  ],
  "mkpts1": [
    [
      907.625,
      23.875
    ],
    [
      836.375,
      36.375
    ],
    [
      807.625,
      36.375
    ],
    [
      910.125,
      117.625
    ],
    [
      1003.875,
      158.875
    ],
    [
      988.875,
      168.875
    ],
    [
      840.125,
      146.375
    ],
    [
      1068.875,
      200.125
    ],
    [
      388.875,
      126.375
    ],
    [
      371.375,
      135.125
    ],
    [
      410.125,
      166.375
    ],
    [
      465.125,
      220.125
    ],
    [
      666.375,
      262.625
    ],
    [
      552.625,
      245.125
    ],
    [
      326.375,
      216.375
    ],
    [
      532.625,
      255.125
    ],
    [
      672.625,
      283.875
    ],
    [
      400.125,
      276.375
    ],
    [
      633.875,
      308.875
    ],
    [
      583.875,
      318.875
    ],
    [
      550.125,
      343.875
    ],
    [
      657.625,
      352.625
    ],
    [
      682.625,
      395.125
    ],
    [
      697.625,
      410.125
    ],
    [
      736.375,
      423.875
    ],
    [
      758.875,
      467.625
    ],
    [
      860.125,
      496.375
    ],
    [
      671.375,
      480.125
    ],
    [
      845.125,
      511.375
    ]
  ],
  "mpts3D": [
    [
      0.20600000023841858,
      -0.054999999701976776,
      -0.0020000000949949026
    ],
    [
      0.23000000417232513,
      -0.0,
      0.07000000029802322
    ],
    [
      0.21699999272823334,
      0.0,
      0.07000000029802322
    ],
    [
      0.21699999272823334,
      -0.0,
      -0.027000000700354576
    ],
    [
      0.23000000417232513,
      0.0,
      -0.07000000029802322
    ],
    [
      0.21699999272823334,
      -0.0,
      -0.07000000029802322
    ],
    [
      0.17000000178813934,
      -0.0,
      -0.014999999664723873
    ],
    [
      0.23000000417232513,
      -0.0,
      -0.11299999803304672
    ],
    [
      -0.0,
      -0.0,
      0.15600000321865082
    ],
    [
      -0.014000000432133675,
      0.0,
      0.15600000321865082
    ],
    [
      -0.01899999938905239,
      -0.0,
      0.12800000607967377
    ],
    [
      -0.01899999938905239,
      -0.0,
      0.07400000095367432
    ],
    [
      0.02500000037252903,
      -0.014000000432133675,
      -0.010999999940395355
    ],
    [
      0.0,
      0.0,
      0.041999999433755875
    ],
    [
      -0.07400000095367432,
      -0.0,
      0.12800000607967377
    ],
    [
      -0.014000000432133675,
      0.0,
      0.041999999433755875
    ],
    [
      0.02500000037252903,
      0.0,
      -0.014999999664723873
    ],
    [
      -0.07400000095367432,
      -0.0,
      0.07400000095367432
    ],
    [
      0.0,
      -0.0,
      -0.014999999664723873
    ],
    [
      -0.03500000014901161,
      -0.017999999225139618,
      -0.009999999776482582
    ],
    [
      -0.05700000002980232,
      -0.017999999225139618,
      -0.009999999776482582
    ],
    [
      -0.014000000432133675,
      0.0,
      -0.041999999433755875
    ],
    [
      -0.023000000044703484,
      0.0,
      -0.06499999761581421
    ],
    [
      -0.023000000044703484,
      -0.0,
      -0.07500000298023224
    ],
    [
      -0.017000000923871994,
      -0.0,
      -0.09200000017881393
    ],
    [
      -0.028999999165534973,
      -0.0,
      -0.12700000405311584
    ],
    [
      0.0,
      0.0,
      -0.15600000321865082
    ],
    [
      -0.052000001072883606,
      -0.0,
      -0.09700000286102295
    ],
    [
      -0.014000000432133675,
      0.0,
      -0.15600000321865082
    ]
  ],
  "mconf": [
    0.7229782342910767,
    0.21371448040008545,
    0.3188132643699646,
    0.9956541657447815,
    0.763009786605835,
    0.9990749955177307,
    0.44468244910240173,
    0.28771939873695374,
    0.9329901337623596,
    0.9918941855430603,
    0.9967430233955383,
    0.5736609101295471,
    0.9927631616592407,
    0.3337050676345825,
    0.9950897097587585,
    0.7440752387046814,
    0.9502469897270203,
    0.9928632378578186,
    0.9853211045265198,
    0.9932004809379578,
    0.9983991980552673,
    0.9975229501724243,
    0.9980418682098389,
    0.9802458882331848,
    0.9997052550315857,
    0.999465823173523,
    0.7455610632896423,
    0.999596118927002,
    0.9693824052810669
  ],
  "coverage_score": 0.746307034008563,
  "pose_estimation_failed": false,
  "tracking_method": "loosely_coupled",
  "kf_translation_vector": [
    -0.009931878735232436,
    -0.015208797023958593,
    0.6485598444814537
  ],
  "kf_quaternion": [
    0.45264620164394953,
    -0.5195236794398602,
    -0.08631371013299445,
    0.7195529904611971
  ],
  "kf_rotation_matrix": [
    [
      0.44529017988869346,
      -0.346106263837089,
      -0.8257887803957052
    ],
    [
      -0.5945354168130773,
      0.5753227191607648,
      -0.5617218234788143
    ],
    [
      0.6695104882297179,
      0.7410898885764096,
      0.050413125277148696
    ]
  ],
  "position_diff": 0.077135924348781,
  "orientation_diff": 19.882956378277026,
  "timestamp": 1741869678.7171469,
  "image_file": "webcam_000059"
}