{
  "frame": 132,
  "object_rotation_in_cam": [
    [
      0.6173719636300041,
      -0.1786792618574271,
      -0.7661106838477831
    ],
    [
      -0.5330774942603499,
      0.6211540388770808,
      -0.5744528223447046
    ],
    [
      0.5785155517674003,
      0.7630474306154075,
      0.28823319551100507
    ]
  ],
  "object_translation_in_cam": [
    0.023481581557833822,
    -0.015787655013448847,
    0.6765514659246418
  ],
  "raw_rvec": [
    0.9041560921738533,
    -0.9089732879957221,
    -0.2395747740410363
  ],
  "refined_raw_rvec": [
    0.9041560921738533,
    -0.9089732879957221,
    -0.2395747740410363
  ],
  "num_inliers": 13,
  "total_matches": 30,
  "inlier_ratio": 0.43333333333333335,
  "reprojection_errors": [
    0.5160163044929504,
    0.620533287525177,
    2.875279188156128,
    1.0492358207702637,
    1.6244109869003296,
    3.749119281768799,
    3.3952887058258057,
    3.166172504425049,
    0.1950640082359314,
    0.34678125381469727,
    1.6269904375076294,
    1.5681602954864502,
    1.8865257501602173
  ],
  "mean_reprojection_error": 1.7399675846099854,
  "std_reprojection_error": 1.1679331064224243,
  "inliers": [
    3,
    6,
    8,
    9,
    13,
    15,
    16,
    18,
    19,
    20,
    23,
    24,
    25
  ],
  "mkpts0": [
    [
      727.625,
      143.875
    ],
    [
      636.375,
      157.625
    ],
    [
      663.875,
      165.125
    ],
    [
      745.125,
      201.375
    ],
    [
      805.125,
      212.625
    ],
    [
      793.875,
      220.125
    ],
    [
      705.125,
      223.875
    ],
    [
      835.125,
      225.125
    ],
    [
      425.125,
      242.625
    ],
    [
      413.875,
      248.875
    ],
    [
      436.375,
      260.125
    ],
    [
      478.875,
      281.375
    ],
    [
      590.125,
      283.875
    ],
    [
      522.625,
      286.375
    ],
    [
      386.375,
      288.875
    ],
    [
      511.375,
      292.625
    ],
    [
      597.625,
      297.625
    ],
    [
      430.125,
      311.375
    ],
    [
      575.125,
      312.625
    ],
    [
      540.125,
      313.875
    ],
    [
      518.875,
      327.625
    ],
    [
      586.375,
      330.125
    ],
    [
      470.125,
      338.875
    ],
    [
      602.625,
      347.625
    ],
    [
      611.375,
      352.625
    ],
    [
      636.375,
      357.625
    ],
    [
      617.625,
      368.875
    ],
    [
      650.125,
      376.375
    ],
    [
      595.125,
      388.875
    ],
    [
      702.625,
      391.375
    ]
  ],
  "mkpts1": [
    [
      936.375,
      13.875
    ],
    [
      795.125,
      10.125
    ],
    [
      835.125,
      32.625
    ],
    [
      933.875,
      113.875
    ],
    [
      1031.375,
      156.375
    ],
    [
      1018.875,
      167.625
    ],
    [
      868.875,
      143.875
    ],
    [
      1085.125,
      187.625
    ],
    [
      406.375,
      116.375
    ],
    [
      388.875,
      126.375
    ],
    [
      432.625,
      160.125
    ],
    [
      513.875,
      218.875
    ],
    [
      708.875,
      265.125
    ],
    [
      587.625,
      245.125
    ],
    [
      350.125,
      212.625
    ],
    [
      570.125,
      256.375
    ],
    [
      715.125,
      286.375
    ],
    [
      435.125,
      278.875
    ],
    [
      677.625,
      312.625
    ],
    [
      633.875,
      322.625
    ],
    [
      602.625,
      350.125
    ],
    [
      707.625,
      360.125
    ],
    [
      518.875,
      366.375
    ],
    [
      737.625,
      403.875
    ],
    [
      755.125,
      418.875
    ],
    [
      796.375,
      435.125
    ],
    [
      770.125,
      455.125
    ],
    [
      821.375,
      480.125
    ],
    [
      737.625,
      495.125
    ],
    [
      927.625,
      510.125
    ]
  ],
  "mpts3D": [
    [
      0.20600000023841858,
      -0.054999999701976776,
      -0.0020000000949949026
    ],
    [
      0.23000000417232513,
      -0.0,
      0.11299999803304672
    ],
    [
      0.23000000417232513,
      -0.0,
      0.07000000029802322
    ],
    [
      0.21699999272823334,
      -0.0,
      -0.027000000700354576
    ],
    [
      0.23000000417232513,
      0.0,
      -0.07000000029802322
    ],
    [
      0.21699999272823334,
      -0.0,
      -0.07000000029802322
    ],
    [
      0.17000000178813934,
      -0.0,
      -0.014999999664723873
    ],
    [
      0.23000000417232513,
      -0.0,
      -0.11299999803304672
    ],
    [
      -0.0,
      -0.0,
      0.15600000321865082
    ],
    [
      -0.014000000432133675,
      0.0,
      0.15600000321865082
    ],
    [
      -0.01899999938905239,
      -0.0,
      0.12800000607967377
    ],
    [
      -0.01899999938905239,
      -0.0,
      0.07400000095367432
    ],
    [
      0.02500000037252903,
      -0.014000000432133675,
      -0.010999999940395355
    ],
    [
      0.0,
      0.0,
      0.041999999433755875
    ],
    [
      -0.07400000095367432,
      -0.0,
      0.12800000607967377
    ],
    [
      -0.014000000432133675,
      0.0,
      0.041999999433755875
    ],
    [
      0.02500000037252903,
      0.0,
      -0.014999999664723873
    ],
    [
      -0.07400000095367432,
      -0.0,
      0.07400000095367432
    ],
    [
      0.0,
      -0.0,
      -0.014999999664723873
    ],
    [
      -0.03500000014901161,
      -0.017999999225139618,
      -0.009999999776482582
    ],
    [
      -0.05700000002980232,
      -0.017999999225139618,
      -0.009999999776482582
    ],
    [
      -0.014000000432133675,
      0.0,
      -0.041999999433755875
    ],
    [
      -0.10000000149011612,
      -0.029999999329447746,
      0.0
    ],
    [
      -0.023000000044703484,
      0.0,
      -0.06499999761581421
    ],
    [
      -0.023000000044703484,
      -0.0,
      -0.07500000298023224
    ],
    [
      -0.017000000923871994,
      -0.0,
      -0.09200000017881393
    ],
    [
      -0.03700000047683716,
      -0.0,
      -0.09700000286102295
    ],
    [
      -0.028999999165534973,
      -0.0,
      -0.12700000405311584
    ],
    [
      -0.052000001072883606,
      -0.0,
      -0.09700000286102295
    ],
    [
      -0.014000000432133675,
      0.0,
      -0.15600000321865082
    ]
  ],
  "mconf": [
    0.5430005788803101,
    0.12494761496782303,
    0.2059028148651123,
    0.995064377784729,
    0.7491703033447266,
    0.9728317260742188,
    0.7450681924819946,
    0.3911779224872589,
    0.7616653442382812,
    0.9706425666809082,
    0.9934539794921875,
    0.9948991537094116,
    0.978318452835083,
    0.3055071234703064,
    0.9862841367721558,
    0.7964150309562683,
    0.9235620498657227,
    0.9849778413772583,
    0.969886064529419,
    0.9928969144821167,
    0.9973325133323669,
    0.9973671436309814,
    0.9951046109199524,
    0.9960638284683228,
    0.9969249367713928,
    0.9994337558746338,
    0.999315083026886,
    0.9988288879394531,
    0.9986096024513245,
    0.22633065283298492
  ],
  "coverage_score": 0.7427376486136673,
  "pose_estimation_failed": false,
  "tracking_method": "loosely_coupled",
  "kf_translation_vector": [
    0.005759333439874169,
    -0.04560637359654425,
    0.8057576716337791
  ],
  "kf_quaternion": [
    0.42060511036791254,
    -0.43059769739523435,
    -0.12288629037276505,
    0.7890348051694165
  ],
  "kf_rotation_matrix": [
    [
      0.5989691652726854,
      -0.16830006370964906,
      -0.7828863439911766
    ],
    [
      -0.5561463044387172,
      0.6159806015416331,
      -0.5579150352729041
    ],
    [
      0.5761399370914158,
      0.7695732499767232,
      0.27535392826063665
    ]
  ],
  "position_diff": 0.13522578553435047,
  "orientation_diff": 1.6595855168869067,
  "timestamp": 1741869954.0598743,
  "image_file": "webcam_000132"
}