{
  "frame": 101,
  "object_rotation_in_cam": [
    [
      0.8432056373450328,
      -0.10227998048676942,
      -0.527771786609689
    ],
    [
      -0.13623201720360095,
      0.9090355660473521,
      -0.3938212502514409
    ],
    [
      0.5200433545755535,
      0.40397171343127025,
      0.7525701057770027
    ]
  ],
  "object_translation_in_cam": [
    -0.006702524987518299,
    -0.0012836019615583756,
    0.6053493095913207
  ],
  "raw_rvec": [
    0.4354673423975397,
    -0.5719394575123258,
    -0.018532381045093332
  ],
  "refined_raw_rvec": [
    0.4354673423975397,
    -0.5719394575123258,
    -0.018532381045093332
  ],
  "num_inliers": 10,
  "total_matches": 29,
  "inlier_ratio": 0.3448275862068966,
  "reprojection_errors": [
    0.34824469685554504,
    0.7462178468704224,
    3.117542028427124,
    0.9836065173149109,
    1.5664654970169067,
    0.4327254295349121,
    0.8873238563537598,
    1.849990725517273,
    2.873328447341919,
    1.9967681169509888
  ],
  "mean_reprojection_error": 1.4802212715148926,
  "std_reprojection_error": 0.924558699131012,
  "inliers": [
    0,
    1,
    8,
    12,
    16,
    20,
    21,
    22,
    23,
    28
  ],
  "mkpts0": [
    [
      727.625,
      126.375
    ],
    [
      727.625,
      143.875
    ],
    [
      656.375,
      171.375
    ],
    [
      356.375,
      195.125
    ],
    [
      745.125,
      201.375
    ],
    [
      705.125,
      223.875
    ],
    [
      835.125,
      225.125
    ],
    [
      413.875,
      248.875
    ],
    [
      436.375,
      260.125
    ],
    [
      478.875,
      281.375
    ],
    [
      590.125,
      283.875
    ],
    [
      522.625,
      286.375
    ],
    [
      386.375,
      288.875
    ],
    [
      350.125,
      290.125
    ],
    [
      511.375,
      292.625
    ],
    [
      597.625,
      297.625
    ],
    [
      430.125,
      311.375
    ],
    [
      575.125,
      312.625
    ],
    [
      540.125,
      313.875
    ],
    [
      518.875,
      327.625
    ],
    [
      586.375,
      330.125
    ],
    [
      602.625,
      347.625
    ],
    [
      611.375,
      352.625
    ],
    [
      636.375,
      357.625
    ],
    [
      617.625,
      368.875
    ],
    [
      650.125,
      376.375
    ],
    [
      715.125,
      383.875
    ],
    [
      595.125,
      388.875
    ],
    [
      702.625,
      391.375
    ]
  ],
  "mkpts1": [
    [
      985.125,
      128.875
    ],
    [
      976.375,
      160.125
    ],
    [
      843.875,
      211.375
    ],
    [
      333.875,
      120.125
    ],
    [
      985.125,
      280.125
    ],
    [
      917.625,
      303.875
    ],
    [
      1147.625,
      347.625
    ],
    [
      381.375,
      205.125
    ],
    [
      410.125,
      226.375
    ],
    [
      460.125,
      262.625
    ],
    [
      651.375,
      307.625
    ],
    [
      537.625,
      278.875
    ],
    [
      301.375,
      236.375
    ],
    [
      243.875,
      230.125
    ],
    [
      502.625,
      290.125
    ],
    [
      656.375,
      337.625
    ],
    [
      350.125,
      280.125
    ],
    [
      602.625,
      342.625
    ],
    [
      532.625,
      315.125
    ],
    [
      483.875,
      323.875
    ],
    [
      613.875,
      372.625
    ],
    [
      626.375,
      401.375
    ],
    [
      640.125,
      412.625
    ],
    [
      683.875,
      431.375
    ],
    [
      623.875,
      440.125
    ],
    [
      697.625,
      466.375
    ],
    [
      833.875,
      515.125
    ],
    [
      580.125,
      456.375
    ],
    [
      797.625,
      518.875
    ]
  ],
  "mpts3D": [
    [
      0.20600000023841858,
      -0.07000000029802322,
      -0.0020000000949949026
    ],
    [
      0.20600000023841858,
      -0.054999999701976776,
      -0.0020000000949949026
    ],
    [
      0.21699999272823334,
      0.0,
      0.07000000029802322
    ],
    [
      -0.0,
      -0.02500000037252903,
      0.23999999463558197
    ],
    [
      0.21699999272823334,
      -0.0,
      -0.027000000700354576
    ],
    [
      0.17000000178813934,
      -0.0,
      -0.014999999664723873
    ],
    [
      0.23000000417232513,
      -0.0,
      -0.11299999803304672
    ],
    [
      -0.014000000432133675,
      0.0,
      0.15600000321865082
    ],
    [
      -0.01899999938905239,
      -0.0,
      0.12800000607967377
    ],
    [
      -0.01899999938905239,
      -0.0,
      0.07400000095367432
    ],
    [
      0.02500000037252903,
      -0.014000000432133675,
      -0.010999999940395355
    ],
    [
      0.0,
      0.0,
      0.041999999433755875
    ],
    [
      -0.07400000095367432,
      -0.0,
      0.12800000607967377
    ],
    [
      -0.07999999821186066,
      -0.0,
      0.15600000321865082
    ],
    [
      -0.014000000432133675,
      0.0,
      0.041999999433755875
    ],
    [
      0.02500000037252903,
      0.0,
      -0.014999999664723873
    ],
    [
      -0.07400000095367432,
      -0.0,
      0.07400000095367432
    ],
    [
      0.0,
      -0.0,
      -0.014999999664723873
    ],
    [
      -0.03500000014901161,
      -0.017999999225139618,
      -0.009999999776482582
    ],
    [
      -0.05700000002980232,
      -0.017999999225139618,
      -0.009999999776482582
    ],
    [
      -0.014000000432133675,
      0.0,
      -0.041999999433755875
    ],
    [
      -0.023000000044703484,
      0.0,
      -0.06499999761581421
    ],
    [
      -0.023000000044703484,
      -0.0,
      -0.07500000298023224
    ],
    [
      -0.017000000923871994,
      -0.0,
      -0.09200000017881393
    ],
    [
      -0.03700000047683716,
      -0.0,
      -0.09700000286102295
    ],
    [
      -0.028999999165534973,
      -0.0,
      -0.12700000405311584
    ],
    [
      0.0,
      0.0,
      -0.15600000321865082
    ],
    [
      -0.052000001072883606,
      -0.0,
      -0.09700000286102295
    ],
    [
      -0.014000000432133675,
      0.0,
      -0.15600000321865082
    ]
  ],
  "mconf": [
    0.9618918299674988,
    0.9792813658714294,
    0.13257768750190735,
    0.9774088859558105,
    0.8768790364265442,
    0.4309368431568146,
    0.5279918313026428,
    0.9945056438446045,
    0.9446761608123779,
    0.994226336479187,
    0.9833205342292786,
    0.37086018919944763,
    0.9840059280395508,
    0.19587662816047668,
    0.8756616115570068,
    0.9451295733451843,
    0.9930583834648132,
    0.9630252122879028,
    0.611444354057312,
    0.896708607673645,
    0.9972532987594604,
    0.9961579442024231,
    0.9931041598320007,
    0.9994760751724243,
    0.3753034174442291,
    0.9990881085395813,
    0.35306987166404724,
    0.999295175075531,
    0.9880582094192505
  ],
  "coverage_score": 0.7427376486136673,
  "pose_estimation_failed": false,
  "tracking_method": "loosely_coupled",
  "kf_translation_vector": [
    -0.02559665724403611,
    -0.01729941506810575,
    0.6608411390206809
  ],
  "kf_quaternion": [
    0.4501191123496853,
    -0.4721489931911484,
    -0.12757216618937925,
    0.7471234538815295
  ],
  "kf_rotation_matrix": [
    [
      0.5216013412846686,
      -0.23442225657887966,
      -0.8203525134906948
    ],
    [
      -0.6156708862691096,
      0.5622362542225615,
      -0.5521229521025116
    ],
    [
      0.5906618326679351,
      0.7930552314046287,
      0.14893622585223254
    ]
  ],
  "position_diff": 0.06368191811648206,
  "orientation_diff": 43.565310587044095,
  "timestamp": 1741869620.634584,
  "image_file": "webcam_000101"
}