{
  "frame": 106,
  "object_rotation_in_cam": [
    [
      0.582694996340245,
      -0.20824215833663495,
      -0.785558237644633
    ],
    [
      -0.5560753422652969,
      0.6027472943547258,
      -0.5722551117050771
    ],
    [
      0.5926607418790067,
      0.7702797560882391,
      0.2354195030070112
    ]
  ],
  "object_translation_in_cam": [
    -0.014233850407548678,
    -0.041677263791806494,
    0.674632482321277
  ],
  "raw_rvec": [
    0.9329961456669916,
    -0.9577948600278818,
    -0.24172706998212606
  ],
  "refined_raw_rvec": [
    0.9329961456669916,
    -0.9577948600278818,
    -0.24172706998212606
  ],
  "num_inliers": 11,
  "total_matches": 23,
  "inlier_ratio": 0.4782608695652174,
  "reprojection_errors": [
    0.7083002924919128,
    2.0551977157592773,
    0.6509246230125427,
    1.797654390335083,
    2.3360304832458496,
    3.1304707527160645,
    0.678703784942627,
    0.9868955612182617,
    1.0266577005386353,
    1.1691957712173462,
    2.6876323223114014
  ],
  "mean_reprojection_error": 1.5661511421203613,
  "std_reprojection_error": 0.8385900259017944,
  "inliers": [
    0,
    2,
    4,
    8,
    11,
    13,
    14,
    15,
    17,
    18,
    19
  ],
  "mkpts0": [
    [
      745.125,
      201.375
    ],
    [
      793.875,
      220.125
    ],
    [
      705.125,
      223.875
    ],
    [
      425.125,
      242.625
    ],
    [
      413.875,
      248.875
    ],
    [
      436.375,
      260.125
    ],
    [
      478.875,
      281.375
    ],
    [
      590.125,
      283.875
    ],
    [
      522.625,
      286.375
    ],
    [
      386.375,
      288.875
    ],
    [
      511.375,
      292.625
    ],
    [
      597.625,
      297.625
    ],
    [
      430.125,
      311.375
    ],
    [
      575.125,
      312.625
    ],
    [
      540.125,
      313.875
    ],
    [
      518.875,
      327.625
    ],
    [
      586.375,
      330.125
    ],
    [
      602.625,
      347.625
    ],
    [
      611.375,
      352.625
    ],
    [
      636.375,
      357.625
    ],
    [
      650.125,
      376.375
    ],
    [
      595.125,
      388.875
    ],
    [
      702.625,
      391.375
    ]
  ],
  "mkpts1": [
    [
      850.125,
      58.875
    ],
    [
      933.875,
      111.375
    ],
    [
      785.125,
      87.625
    ],
    [
      315.125,
      58.875
    ],
    [
      297.625,
      68.875
    ],
    [
      343.875,
      102.625
    ],
    [
      430.125,
      162.625
    ],
    [
      626.375,
      207.625
    ],
    [
      505.125,
      188.875
    ],
    [
      260.125,
      156.375
    ],
    [
      486.375,
      198.875
    ],
    [
      632.625,
      227.625
    ],
    [
      348.875,
      222.625
    ],
    [
      596.375,
      256.375
    ],
    [
      551.375,
      266.375
    ],
    [
      520.125,
      292.625
    ],
    [
      627.625,
      302.625
    ],
    [
      657.625,
      346.375
    ],
    [
      675.125,
      361.375
    ],
    [
      716.375,
      376.375
    ],
    [
      741.375,
      421.375
    ],
    [
      658.875,
      436.375
    ],
    [
      832.625,
      463.875
    ]
  ],
  "mpts3D": [
    [
      0.21699999272823334,
      -0.0,
      -0.027000000700354576
    ],
    [
      0.21699999272823334,
      -0.0,
      -0.07000000029802322
    ],
    [
      0.17000000178813934,
      -0.0,
      -0.014999999664723873
    ],
    [
      -0.0,
      -0.0,
      0.15600000321865082
    ],
    [
      -0.014000000432133675,
      0.0,
      0.15600000321865082
    ],
    [
      -0.01899999938905239,
      -0.0,
      0.12800000607967377
    ],
    [
      -0.01899999938905239,
      -0.0,
      0.07400000095367432
    ],
    [
      0.02500000037252903,
      -0.014000000432133675,
      -0.010999999940395355
    ],
    [
      0.0,
      0.0,
      0.041999999433755875
    ],
    [
      -0.07400000095367432,
      -0.0,
      0.12800000607967377
    ],
    [
      -0.014000000432133675,
      0.0,
      0.041999999433755875
    ],
    [
      0.02500000037252903,
      0.0,
      -0.014999999664723873
    ],
    [
      -0.07400000095367432,
      -0.0,
      0.07400000095367432
    ],
    [
      0.0,
      -0.0,
      -0.014999999664723873
    ],
    [
      -0.03500000014901161,
      -0.017999999225139618,
      -0.009999999776482582
    ],
    [
      -0.05700000002980232,
      -0.017999999225139618,
      -0.009999999776482582
    ],
    [
      -0.014000000432133675,
      0.0,
      -0.041999999433755875
    ],
    [
      -0.023000000044703484,
      0.0,
      -0.06499999761581421
    ],
    [
      -0.023000000044703484,
      -0.0,
      -0.07500000298023224
    ],
    [
      -0.017000000923871994,
      -0.0,
      -0.09200000017881393
    ],
    [
      -0.028999999165534973,
      -0.0,
      -0.12700000405311584
    ],
    [
      -0.052000001072883606,
      -0.0,
      -0.09700000286102295
    ],
    [
      -0.014000000432133675,
      0.0,
      -0.15600000321865082
    ]
  ],
  "mconf": [
    0.975448727607727,
    0.6631357669830322,
    0.8695276379585266,
    0.8705659508705139,
    0.993069052696228,
    0.9964600205421448,
    0.9959756731987,
    0.9104437828063965,
    0.9202358722686768,
    0.9953998923301697,
    0.9920760989189148,
    0.9672802686691284,
    0.9988791346549988,
    0.9919078946113586,
    0.9959788918495178,
    0.9990149736404419,
    0.9989722371101379,
    0.9959765672683716,
    0.995836079120636,
    0.9996107816696167,
    0.9992257356643677,
    0.9995587468147278,
    0.11552239209413528
  ],
  "coverage_score": 0.6758220575766961,
  "pose_estimation_failed": false,
  "tracking_method": "loosely_coupled",
  "kf_translation_vector": [
    -0.003708349718784748,
    -0.04351831144251435,
    0.7645490920068135
  ],
  "kf_quaternion": [
    0.43973050122571555,
    -0.42516586349682967,
    -0.11812967572130309,
    0.7822508897551707
  ],
  "kf_rotation_matrix": [
    [
      0.6105587364619499,
      -0.18910270864009188,
      -0.7690631930569605
    ],
    [
      -0.5587308843980083,
      0.5853649320115215,
      -0.5875097405073098
    ],
    [
      0.5612823069987212,
      0.788408562837903,
      0.25174214961755226
    ]
  ],
  "position_diff": 0.09462518842457064,
  "orientation_diff": 2.438107997328512,
  "timestamp": 1741869950.5679076,
  "image_file": "webcam_000106"
}