{
  "frame": 175,
  "object_rotation_in_cam": [
    [
      0.638225570212273,
      -0.09612025550933889,
      -0.7638252535809735
    ],
    [
      -0.3893997344216731,
      0.8155866263285009,
      -0.42800268899438576
    ],
    [
      0.6641053894974422,
      0.5705956111248262,
      0.48309903767813156
    ]
  ],
  "object_translation_in_cam": [
    -0.021079232576530032,
    0.00020988062447342167,
    0.6910544644446099
  ],
  "raw_rvec": [
    0.6121968847546385,
    -0.8754017418554944,
    -0.17979680451204533
  ],
  "refined_raw_rvec": [
    0.6121968847546385,
    -0.8754017418554944,
    -0.17979680451204533
  ],
  "num_inliers": 14,
  "total_matches": 31,
  "inlier_ratio": 0.45161290322580644,
  "reprojection_errors": [
    1.95464289188385,
    1.4114855527877808,
    0.8352406024932861,
    1.7480216026306152,
    1.7432522773742676,
    3.149446725845337,
    0.3938860595226288,
    1.7364798784255981,
    3.1205081939697266,
    3.1416871547698975,
    2.750488758087158,
    1.7843210697174072,
    3.537900924682617,
    3.5857136249542236
  ],
  "mean_reprojection_error": 2.206648349761963,
  "std_reprojection_error": 0.9730390906333923,
  "inliers": [
    0,
    1,
    6,
    7,
    10,
    13,
    15,
    16,
    18,
    21,
    22,
    23,
    24,
    30
  ],
  "mkpts0": [
    [
      727.625,
      126.375
    ],
    [
      727.625,
      143.875
    ],
    [
      636.375,
      157.625
    ],
    [
      663.875,
      165.125
    ],
    [
      656.375,
      171.375
    ],
    [
      745.125,
      201.375
    ],
    [
      805.125,
      212.625
    ],
    [
      793.875,
      220.125
    ],
    [
      425.125,
      242.625
    ],
    [
      413.875,
      248.875
    ],
    [
      436.375,
      260.125
    ],
    [
      478.875,
      281.375
    ],
    [
      590.125,
      283.875
    ],
    [
      522.625,
      286.375
    ],
    [
      386.375,
      288.875
    ],
    [
      511.375,
      292.625
    ],
    [
      597.625,
      297.625
    ],
    [
      430.125,
      311.375
    ],
    [
      575.125,
      312.625
    ],
    [
      540.125,
      313.875
    ],
    [
      518.875,
      327.625
    ],
    [
      586.375,
      330.125
    ],
    [
      602.625,
      347.625
    ],
    [
      611.375,
      352.625
    ],
    [
      636.375,
      357.625
    ],
    [
      617.625,
      368.875
    ],
    [
      650.125,
      376.375
    ],
    [
      496.375,
      377.625
    ],
    [
      715.125,
      383.875
    ],
    [
      595.125,
      388.875
    ],
    [
      702.625,
      391.375
    ]
  ],
  "mkpts1": [
    [
      826.375,
      75.125
    ],
    [
      820.125,
      100.125
    ],
    [
      656.375,
      110.125
    ],
    [
      698.875,
      128.875
    ],
    [
      688.875,
      135.125
    ],
    [
      832.625,
      195.125
    ],
    [
      927.625,
      222.625
    ],
    [
      913.875,
      230.125
    ],
    [
      322.625,
      206.375
    ],
    [
      306.375,
      213.875
    ],
    [
      345.125,
      236.375
    ],
    [
      421.375,
      275.125
    ],
    [
      610.125,
      301.375
    ],
    [
      492.625,
      293.875
    ],
    [
      262.625,
      273.875
    ],
    [
      475.125,
      302.625
    ],
    [
      617.625,
      323.875
    ],
    [
      341.375,
      321.375
    ],
    [
      581.375,
      343.875
    ],
    [
      533.875,
      341.375
    ],
    [
      500.125,
      362.625
    ],
    [
      608.875,
      377.625
    ],
    [
      638.875,
      411.375
    ],
    [
      655.125,
      421.375
    ],
    [
      696.375,
      433.875
    ],
    [
      670.125,
      450.125
    ],
    [
      725.125,
      470.125
    ],
    [
      457.625,
      446.375
    ],
    [
      830.125,
      493.875
    ],
    [
      636.375,
      482.625
    ],
    [
      816.375,
      505.125
    ]
  ],
  "mpts3D": [
    [
      0.20600000023841858,
      -0.07000000029802322,
      -0.0020000000949949026
    ],
    [
      0.20600000023841858,
      -0.054999999701976776,
      -0.0020000000949949026
    ],
    [
      0.23000000417232513,
      -0.0,
      0.11299999803304672
    ],
    [
      0.23000000417232513,
      -0.0,
      0.07000000029802322
    ],
    [
      0.21699999272823334,
      0.0,
      0.07000000029802322
    ],
    [
      0.21699999272823334,
      -0.0,
      -0.027000000700354576
    ],
    [
      0.23000000417232513,
      0.0,
      -0.07000000029802322
    ],
    [
      0.21699999272823334,
      -0.0,
      -0.07000000029802322
    ],
    [
      -0.0,
      -0.0,
      0.15600000321865082
    ],
    [
      -0.014000000432133675,
      0.0,
      0.15600000321865082
    ],
    [
      -0.01899999938905239,
      -0.0,
      0.12800000607967377
    ],
    [
      -0.01899999938905239,
      -0.0,
      0.07400000095367432
    ],
    [
      0.02500000037252903,
      -0.014000000432133675,
      -0.010999999940395355
    ],
    [
      0.0,
      0.0,
      0.041999999433755875
    ],
    [
      -0.07400000095367432,
      -0.0,
      0.12800000607967377
    ],
    [
      -0.014000000432133675,
      0.0,
      0.041999999433755875
    ],
    [
      0.02500000037252903,
      0.0,
      -0.014999999664723873
    ],
    [
      -0.07400000095367432,
      -0.0,
      0.07400000095367432
    ],
    [
      0.0,
      -0.0,
      -0.014999999664723873
    ],
    [
      -0.03500000014901161,
      -0.017999999225139618,
      -0.009999999776482582
    ],
    [
      -0.05700000002980232,
      -0.017999999225139618,
      -0.009999999776482582
    ],
    [
      -0.014000000432133675,
      0.0,
      -0.041999999433755875
    ],
    [
      -0.023000000044703484,
      0.0,
      -0.06499999761581421
    ],
    [
      -0.023000000044703484,
      -0.0,
      -0.07500000298023224
    ],
    [
      -0.017000000923871994,
      -0.0,
      -0.09200000017881393
    ],
    [
      -0.03700000047683716,
      -0.0,
      -0.09700000286102295
    ],
    [
      -0.028999999165534973,
      -0.0,
      -0.12700000405311584
    ],
    [
      -0.09000000357627869,
      -0.0,
      -0.014999999664723873
    ],
    [
      0.0,
      0.0,
      -0.15600000321865082
    ],
    [
      -0.052000001072883606,
      -0.0,
      -0.09700000286102295
    ],
    [
      -0.014000000432133675,
      0.0,
      -0.15600000321865082
    ]
  ],
  "mconf": [
    0.9960451126098633,
    0.991655170917511,
    0.8454292416572571,
    0.6377836465835571,
    0.9898578524589539,
    0.9841150045394897,
    0.4812164604663849,
    0.9821542501449585,
    0.9968674182891846,
    0.9992026686668396,
    0.9994900822639465,
    0.9985585808753967,
    0.9847759008407593,
    0.9979316592216492,
    0.9993711113929749,
    0.999721884727478,
    0.9875416159629822,
    0.9997963905334473,
    0.9628517031669617,
    0.9952496290206909,
    0.9994536638259888,
    0.9987443685531616,
    0.9990355372428894,
    0.9997902512550354,
    0.9998672604560852,
    0.9997121691703796,
    0.9996610879898071,
    0.9978773593902588,
    0.9416067004203796,
    0.9998736381530762,
    0.9968516826629639
  ],
  "coverage_score": 0.7416778774908438,
  "pose_estimation_failed": false,
  "tracking_method": "loosely_coupled",
  "kf_translation_vector": [
    -0.007988790769462049,
    -0.01633351230338391,
    0.6815970665475206
  ],
  "kf_quaternion": [
    0.4519681096520051,
    -0.47051054917012897,
    -0.1330603294128284,
    0.7460828370320326
  ],
  "kf_rotation_matrix": [
    [
      0.5218295437123466,
      -0.22676347083002035,
      -0.8223577418654773
    ],
    [
      -0.6238595830889796,
      0.5560395531882854,
      -0.5491987216647694
    ],
    [
      0.5818016396479206,
      0.7996238763239218,
      0.14868930195443353
    ]
  ],
  "position_diff": 0.024218492517076775,
  "orientation_diff": 23.886585579512293,
  "timestamp": 1741869630.5804577,