{
  "frame": 120,
  "object_rotation_in_cam": [
    [
      0.8234477373728223,
      -0.18291282470916284,
      -0.5371002907953919
    ],
    [
      -0.06064219046305685,
      0.9128181252502355,
      -0.40383857536209655
    ],
    [
      0.5641421350612112,
      0.3651108992779597,
      0.7405657855160591
    ]
  ],
  "object_translation_in_cam": [
    -0.002239594638791184,
    0.017189273430024916,
    0.6276239934090609
  ],
  "raw_rvec": [
    0.42195181147914773,
    -0.6042935872807462,
    0.06709454562667984
  ],
  "refined_raw_rvec": [
    0.42195181147914773,
    -0.6042935872807462,
    0.06709454562667984
  ],
  "num_inliers": 10,
  "total_matches": 26,
  "inlier_ratio": 0.38461538461538464,
  "reprojection_errors": [
    0.6780562996864319,
    1.4871811866760254,
    1.7850127220153809,
    1.1384778022766113,
    2.7112104892730713,
    1.7822701930999756,
    3.045097827911377,
    3.124340534210205,
    3.5111982822418213,
    4.263185024261475
  ],
  "mean_reprojection_error": 2.3526031970977783,
  "std_reprojection_error": 1.0895408391952515,
  "inliers": [
    0,
    6,
    10,
    12,
    13,
    16,
    18,
    19,
    20,
    25
  ],
  "mkpts0": [
    [
      751.375,
      76.375
    ],
    [
      727.625,
      126.375
    ],
    [
      727.625,
      143.875
    ],
    [
      356.375,
      195.125
    ],
    [
      425.125,
      242.625
    ],
    [
      413.875,
      248.875
    ],
    [
      436.375,
      260.125
    ],
    [
      478.875,
      281.375
    ],
    [
      590.125,
      283.875
    ],
    [
      522.625,
      286.375
    ],
    [
      386.375,
      288.875
    ],
    [
      597.625,
      297.625
    ],
    [
      430.125,
      311.375
    ],
    [
      575.125,
      312.625
    ],
    [
      540.125,
      313.875
    ],
    [
      518.875,
      327.625
    ],
    [
      586.375,
      330.125
    ],
    [
      470.125,
      338.875
    ],
    [
      602.625,
      347.625
    ],
    [
      611.375,
      352.625
    ],
    [
      636.375,
      357.625
    ],
    [
      617.625,
      368.875
    ],
    [
      650.125,
      376.375
    ],
    [
      715.125,
      383.875
    ],
    [
      595.125,
      388.875
    ],
    [
      702.625,
      391.375
    ]
  ],
  "mkpts1": [
    [
      1060.125,
      133.875
    ],
    [
      997.625,
      201.375
    ],
    [
      1018.875,
      265.125
    ],
    [
      357.625,
      156.375
    ],
    [
      420.125,
      240.125
    ],
    [
      400.125,
      240.125
    ],
    [
      426.375,
      261.375
    ],
    [
      477.625,
      298.875
    ],
    [
      665.125,
      352.625
    ],
    [
      535.125,
      317.625
    ],
    [
      320.125,
      265.125
    ],
    [
      668.875,
      382.625
    ],
    [
      367.625,
      308.875
    ],
    [
      616.375,
      385.125
    ],
    [
      550.125,
      352.625
    ],
    [
      501.375,
      357.625
    ],
    [
      627.625,
      413.875
    ],
    [
      395.125,
      336.375
    ],
    [
      638.875,
      441.375
    ],
    [
      652.625,
      453.875
    ],
    [
      696.375,
      475.125
    ],
    [
      636.375,
      478.875
    ],
    [
      708.875,
      510.125
    ],
    [
      832.625,
      565.125
    ],
    [
      592.625,
      491.375
    ],
    [
      807.625,
      567.625
    ]
  ],
  "mpts3D": [
    [
      0.24300000071525574,
      -0.10400000214576721,
      0.0
    ],
    [
      0.20600000023841858,
      -0.07000000029802322,
      -0.0020000000949949026
    ],
    [
      0.20600000023841858,
      -0.054999999701976776,
      -0.0020000000949949026
    ],
    [
      -0.0,
      -0.02500000037252903,
      0.23999999463558197
    ],
    [
      -0.0,
      -0.0,
      0.15600000321865082
    ],
    [
      -0.014000000432133675,
      0.0,
      0.15600000321865082
    ],
    [
      -0.01899999938905239,
      -0.0,
      0.12800000607967377
    ],
    [
      -0.01899999938905239,
      -0.0,
      0.07400000095367432
    ],
    [
      0.02500000037252903,
      -0.014000000432133675,
      -0.010999999940395355
    ],
    [
      0.0,
      0.0,
      0.041999999433755875
    ],
    [
      -0.07400000095367432,
      -0.0,
      0.12800000607967377
    ],
    [
      0.02500000037252903,
      0.0,
      -0.014999999664723873
    ],
    [
      -0.07400000095367432,
      -0.0,
      0.07400000095367432
    ],
    [
      0.0,
      -0.0,
      -0.014999999664723873
    ],
    [
      -0.03500000014901161,
      -0.017999999225139618,
      -0.009999999776482582
    ],
    [
      -0.05700000002980232,
      -0.017999999225139618,
      -0.009999999776482582
    ],
    [
      -0.014000000432133675,
      0.0,
      -0.041999999433755875
    ],
    [
      -0.10000000149011612,
      -0.029999999329447746,
      0.0
    ],
    [
      -0.023000000044703484,
      0.0,
      -0.06499999761581421
    ],
    [
      -0.023000000044703484,
      -0.0,
      -0.07500000298023224
    ],
    [
      -0.017000000923871994,
      -0.0,
      -0.09200000017881393
    ],
    [
      -0.03700000047683716,
      -0.0,
      -0.09700000286102295
    ],
    [
      -0.028999999165534973,
      -0.0,
      -0.12700000405311584
    ],
    [
      0.0,
      0.0,
      -0.15600000321865082
    ],
    [
      -0.052000001072883606,
      -0.0,
      -0.09700000286102295
    ],
    [
      -0.014000000432133675,
      0.0,
      -0.15600000321865082
    ]
  ],
  "mconf": [
    0.3169562518596649,
    0.49355557560920715,
    0.2874315679073334,
    0.9681777954101562,
    0.8702163100242615,
    0.9969475865364075,
    0.982929527759552,
    0.9498641490936279,
    0.8652517795562744,
    0.20817379653453827,
    0.9891260862350464,
    0.4072760045528412,
    0.9921901226043701,
    0.5806418657302856,
    0.8586854934692383,
    0.9067164063453674,
    0.972145140171051,
    0.915054976940155,
    0.9934267997741699,
    0.9750669598579407,
    0.9982185363769531,
    0.372958779335022,
    0.9986622333526611,
    0.34372466802597046,
    0.9989615082740784,
    0.978978157043457
  ],
  "coverage_score": 0.4772170014624825,
  "pose_estimation_failed": false,
  "tracking_method": "loosely_coupled",
  "kf_translation_vector": [
    -0.018181160529393725,
    -0.0071941763855272525,
    0.6531248991841314
  ],
  "kf_quaternion": [
    0.44976277112047786,
    -0.47145254399065173,
    -0.131452789469325,
    0.7471051549945997
  ],
  "kf_rotation_matrix": [
    [
      0.5209053258109518,
      -0.22766549197216393,
      -0.8226943936279493
    ],
    [
      -0.6205017185759741,
      0.5608672277095239,
      -0.5480926656375689
    ],
    [
      0.5862041101749876,
      0.7959876736774922,
      0.15089189695754257
    ]
  ],
  "position_diff": 0.040911500584861336,
  "orientation_diff": 44.899192318166435,
  "timestamp": 1741869623.1865313,
  "image_file": "webcam_000120"
}