{
  "frame": 22,
  "object_rotation_in_cam": [
    [
      0.6577280529641519,
      -0.16708355935963168,
      -0.7344909070476653
    ],
    [
      -0.49024429548396486,
      0.6453540281833032,
      -0.5858145688296041
    ],
    [
      0.5718866488119971,
      0.7453866530192907,
      0.34255568658436064
    ]
  ],
  "object_translation_in_cam": [
    0.03289859104297179,
    -0.04570606123238582,
    0.6687420974338799
  ],
  "raw_rvec": [
    0.873502528109927,
    -0.8572138298705769,
    -0.21205037627475376
  ],
  "refined_raw_rvec": [
    0.873502528109927,
    -0.8572138298705769,
    -0.21205037627475376
  ],
  "num_inliers": 12,
  "total_matches": 27,
  "inlier_ratio": 0.4444444444444444,
  "reprojection_errors": [
    3.0971450805664062,
    1.578000783920288,
    2.5977694988250732,
    1.6494923830032349,
    3.239506483078003,
    3.025765895843506,
    1.0643446445465088,
    3.5364460945129395,
    3.39068341255188,
    2.6720504760742188,
    1.5989348888397217,
    2.8866536617279053
  ],
  "mean_reprojection_error": 2.5280661582946777,
  "std_reprojection_error": 0.7996404767036438,
  "inliers": [
    1,
    7,
    9,
    10,
    11,
    12,
    14,
    15,
    16,
    19,
    20,
    26
  ],
  "mkpts0": [
    [
      745.125,
      201.375
    ],
    [
      805.125,
      212.625
    ],
    [
      793.875,
      220.125
    ],
    [
      705.125,
      223.875
    ],
    [
      835.125,
      225.125
    ],
    [
      425.125,
      242.625
    ],
    [
      413.875,
      248.875
    ],
    [
      436.375,
      260.125
    ],
    [
      478.875,
      281.375
    ],
    [
      590.125,
      283.875
    ],
    [
      522.625,
      286.375
    ],
    [
      386.375,
      288.875
    ],
    [
      511.375,
      292.625
    ],
    [
      597.625,
      297.625
    ],
    [
      430.125,
      311.375
    ],
    [
      575.125,
      312.625
    ],
    [
      540.125,
      313.875
    ],
    [
      518.875,
      327.625
    ],
    [
      586.375,
      330.125
    ],
    [
      602.625,
      347.625
    ],
    [
      611.375,
      352.625
    ],
    [
      636.375,
      357.625
    ],
    [
      650.125,
      376.375
    ],
    [
      496.375,
      377.625
    ],
    [
      715.125,
      383.875
    ],
    [
      595.125,
      388.875
    ],
    [
      702.625,
      391.375
    ]
  ],
  "mkpts1": [
    [
      978.875,
      51.375
    ],
    [
      1081.375,
      92.625
    ],
    [
      1067.625,
      102.625
    ],
    [
      985.125,
      127.625
    ],
    [
      1136.375,
      122.625
    ],
    [
      427.625,
      53.875
    ],
    [
      408.875,
      62.625
    ],
    [
      451.375,
      95.125
    ],
    [
      533.875,
      152.625
    ],
    [
      732.625,
      196.375
    ],
    [
      607.625,
      177.625
    ],
    [
      365.125,
      146.375
    ],
    [
      587.625,
      188.875
    ],
    [
      738.875,
      218.875
    ],
    [
      447.625,
      210.125
    ],
    [
      698.875,
      245.125
    ],
    [
      650.125,
      252.625
    ],
    [
      615.125,
      278.875
    ],
    [
      727.625,
      291.375
    ],
    [
      757.625,
      335.125
    ],
    [
      775.125,
      350.125
    ],
    [
      816.375,
      366.375
    ],
    [
      842.625,
      411.375
    ],
    [
      567.625,
      367.625
    ],
    [
      953.875,
      442.625
    ],
    [
      751.375,
      425.125
    ],
    [
      938.875,
      457.625
    ]
  ],
  "mpts3D": [
    [
      0.21699999272823334,
      -0.0,
      -0.027000000700354576
    ],
    [
      0.23000000417232513,
      0.0,
      -0.07000000029802322
    ],
    [
      0.21699999272823334,
      -0.0,
      -0.07000000029802322
    ],
    [
      0.17000000178813934,
      -0.0,
      -0.014999999664723873
    ],
    [
      0.23000000417232513,
      -0.0,
      -0.11299999803304672
    ],
    [
      -0.0,
      -0.0,
      0.15600000321865082
    ],
    [
      -0.014000000432133675,
      0.0,
      0.15600000321865082
    ],
    [
      -0.01899999938905239,
      -0.0,
      0.12800000607967377
    ],
    [
      -0.01899999938905239,
      -0.0,
      0.07400000095367432
    ],
    [
      0.02500000037252903,
      -0.014000000432133675,
      -0.010999999940395355
    ],
    [
      0.0,
      0.0,
      0.041999999433755875
    ],
    [
      -0.07400000095367432,
      -0.0,
      0.12800000607967377
    ],
    [
      -0.014000000432133675,
      0.0,
      0.041999999433755875
    ],
    [
      0.02500000037252903,
      0.0,
      -0.014999999664723873
    ],
    [
      -0.07400000095367432,
      -0.0,
      0.07400000095367432
    ],
    [
      0.0,
      -0.0,
      -0.014999999664723873
    ],
    [
      -0.03500000014901161,
      -0.017999999225139618,
      -0.009999999776482582
    ],
    [
      -0.05700000002980232,
      -0.017999999225139618,
      -0.009999999776482582
    ],
    [
      -0.014000000432133675,
      0.0,
      -0.041999999433755875
    ],
    [
      -0.023000000044703484,
      0.0,
      -0.06499999761581421
    ],
    [
      -0.023000000044703484,
      -0.0,
      -0.07500000298023224
    ],
    [
      -0.017000000923871994,
      -0.0,
      -0.09200000017881393
    ],
    [
      -0.028999999165534973,
      -0.0,
      -0.12700000405311584
    ],
    [
      -0.09000000357627869,
      -0.0,
      -0.014999999664723873
    ],
    [
      0.0,
      0.0,
      -0.15600000321865082
    ],
    [
      -0.052000001072883606,
      -0.0,
      -0.09700000286102295
    ],
    [
      -0.014000000432133675,
      0.0,
      -0.15600000321865082
    ]
  ],
  "mconf": [
    0.9896260499954224,
    0.772890567779541,
    0.9990408420562744,
    0.42880505323410034,
    0.5793387293815613,
    0.8576405644416809,
    0.9898247718811035,
    0.9933044910430908,
    0.9691811800003052,
    0.9788050055503845,
    0.8788837194442749,
    0.9969847798347473,
    0.9876609444618225,
    0.9868915677070618,
    0.9981014132499695,
    0.990023136138916,
    0.9972403645515442,
    0.9991846680641174,
    0.9975562691688538,
    0.9982092380523682,
    0.9976664185523987,
    0.9994819760322571,
    0.9995169639587402,
    0.9716013669967651,
    0.6993936896324158,
    0.9992747902870178,
    0.9979056715965271
  ],
  "coverage_score": 0.7609640474436813,
  "pose_estimation_failed": false,
  "tracking_method": "loosely_coupled",
  "kf_translation_vector": [
    0.03311700003412094,
    -0.04129756814426225,
    0.7571409759227414
  ],
  "kf_quaternion": [
    0.40676034873074995,
    -0.42626217310513753,
    -0.19358892559709526,
    0.7844551653002783
  ],
  "kf_rotation_matrix": [
    [
      0.5616477753316962,
      -0.04304943510680087,
      -0.8262557247014644
    ],
    [
      -0.6504967656250913,
      0.594138693173202,
      -0.4731312409741453
    ],
    [
      0.5112785291563215,
      0.8032097854305718,
      0.3056931569602489
    ]
  ],
  "position_diff": 0.09952520497594752,
  "orientation_diff": 11.20796905651693,
  "timestamp": 1741869977.4634151,
  "image_file": "webcam_000022"
}