{
  "frame": 33,
  "object_rotation_in_cam": [
    [
      0.4481596445832634,
      -0.30237676516401785,
      -0.8412616863116658
    ],
    [
      -0.4978436428888034,
      0.6972026878660535,
      -0.5158101581663123
    ],
    [
      0.7424989159602919,
      0.6499820796924288,
      0.16192175850235963
    ]
  ],
  "object_translation_in_cam": [
    -0.014795136141806067,
    0.007653227376332208,
    0.7276076954547037
  ],
  "raw_rvec": [
    0.8356192527591335,
    -1.135211582340461,
    -0.14010720006469762
  ],
  "refined_raw_rvec": [
    0.8356192527591335,
    -1.135211582340461,
    -0.14010720006469762
  ],
  "num_inliers": 12,
  "total_matches": 23,
  "inlier_ratio": 0.5217391304347826,
  "reprojection_errors": [
    2.8068761825561523,
    1.191985845565796,
    1.696303367614746,
    3.1653993129730225,
    2.650742292404175,
    1.8378537893295288,
    2.431641101837158,
    3.2979800701141357,
    3.339571237564087,
    0.7116416692733765,
    1.1491897106170654,
    3.4570744037628174
  ],
  "mean_reprojection_error": 2.311354875564575,
  "std_reprojection_error": 0.9225465655326843,
  "inliers": [
    1,
    2,
    6,
    8,
    9,
    11,
    12,
    13,
    14,
    15,
    16,
    17
  ],
  "mkpts0": [
    [
      356.375,
      195.125
    ],
    [
      705.125,
      223.875
    ],
    [
      413.875,
      248.875
    ],
    [
      436.375,
      260.125
    ],
    [
      478.875,
      281.375
    ],
    [
      590.125,
      283.875
    ],
    [
      522.625,
      286.375
    ],
    [
      386.375,
      288.875
    ],
    [
      511.375,
      292.625
    ],
    [
      597.625,
      297.625
    ],
    [
      430.125,
      311.375
    ],
    [
      575.125,
      312.625
    ],
    [
      540.125,
      313.875
    ],
    [
      518.875,
      327.625
    ],
    [
      586.375,
      330.125
    ],
    [
      602.625,
      347.625
    ],
    [
      611.375,
      352.625
    ],
    [
      636.375,
      357.625
    ],
    [
      617.625,
      368.875
    ],
    [
      650.125,
      376.375
    ],
    [
      715.125,
      383.875
    ],
    [
      595.125,
      388.875
    ],
    [
      702.625,
      391.375
    ]
  ],
  "mkpts1": [
    [
      171.375,
      83.875
    ],
    [
      728.875,
      210.125
    ],
    [
      302.625,
      198.875
    ],
    [
      348.875,
      228.875
    ],
    [
      436.375,
      280.125
    ],
    [
      620.125,
      313.875
    ],
    [
      506.375,
      300.125
    ],
    [
      281.375,
      277.625
    ],
    [
      491.375,
      311.375
    ],
    [
      625.125,
      335.125
    ],
    [
      372.625,
      335.125
    ],
    [
      600.125,
      361.375
    ],
    [
      567.625,
      367.625
    ],
    [
      543.875,
      391.375
    ],
    [
      632.625,
      400.125
    ],
    [
      666.375,
      437.625
    ],
    [
      685.125,
      450.125
    ],
    [
      722.625,
      462.625
    ],
    [
      703.875,
      481.375
    ],
    [
      751.375,
      500.125
    ],
    [
      843.875,
      521.375
    ],
    [
      681.375,
      517.625
    ],
    [
      835.125,
      535.125
    ]
  ],
  "mpts3D": [
    [
      -0.0,
      -0.02500000037252903,
      0.23999999463558197
    ],
    [
      0.17000000178813934,
      -0.0,
      -0.014999999664723873
    ],
    [
      -0.014000000432133675,
      0.0,
      0.15600000321865082
    ],
    [
      -0.01899999938905239,
      -0.0,
      0.12800000607967377
    ],
    [
      -0.01899999938905239,
      -0.0,
      0.07400000095367432
    ],
    [
      0.02500000037252903,
      -0.014000000432133675,
      -0.010999999940395355
    ],
    [
      0.0,
      0.0,
      0.041999999433755875
    ],
    [
      -0.07400000095367432,
      -0.0,
      0.12800000607967377
    ],
    [
      -0.014000000432133675,
      0.0,
      0.041999999433755875
    ],
    [
      0.02500000037252903,
      0.0,
      -0.014999999664723873
    ],
    [
      -0.07400000095367432,
      -0.0,
      0.07400000095367432
    ],
    [
      0.0,
      -0.0,
      -0.014999999664723873
    ],
    [
      -0.03500000014901161,
      -0.017999999225139618,
      -0.009999999776482582
    ],
    [
      -0.05700000002980232,
      -0.017999999225139618,
      -0.009999999776482582
    ],
    [
      -0.014000000432133675,
      0.0,
      -0.041999999433755875
    ],
    [
      -0.023000000044703484,
      0.0,
      -0.06499999761581421
    ],
    [
      -0.023000000044703484,
      -0.0,
      -0.07500000298023224
    ],
    [
      -0.017000000923871994,
      -0.0,
      -0.09200000017881393
    ],
    [
      -0.03700000047683716,
      -0.0,
      -0.09700000286102295
    ],
    [
      -0.028999999165534973,
      -0.0,
      -0.12700000405311584
    ],
    [
      0.0,
      0.0,
      -0.15600000321865082
    ],
    [
      -0.052000001072883606,
      -0.0,
      -0.09700000286102295
    ],
    [
      -0.014000000432133675,
      0.0,
      -0.15600000321865082
    ]
  ],
  "mconf": [
    0.14015163481235504,
    0.6926873326301575,
    0.9936330318450928,
    0.9944003224372864,
    0.9983987808227539,
    0.9408225417137146,
    0.9434390068054199,
    0.9951083064079285,
    0.997231662273407,
    0.9810604453086853,
    0.9989587068557739,
    0.9967412948608398,
    0.9980496764183044,
    0.9985599517822266,
    0.998501181602478,
    0.9946240186691284,
    0.9964078664779663,
    0.9996636509895325,
    0.9995869994163513,
    0.9997318387031555,
    0.9960193634033203,
    0.9998141527175903,
    0.9996722340583801
  ],
  "coverage_score": 0.6854752972273345,
  "pose_estimation_failed": false,
  "tracking_method": "loosely_coupled",
  "kf_translation_vector": [
    -0.015003884155142798,
    -0.0728444736213837,
    0.7215575896894706
  ],
  "kf_quaternion": [
    0.4589541805859476,
    -0.47643646944921914,
    -0.10999135136925184,
    0.7418027051213891
  ],
  "kf_rotation_matrix": [
    [
      0.5218203864054581,
      -0.27414125490332003,
      -0.8078057047902617
    ],
    [
      -0.600508782845993,
      0.5545259254932944,
      -0.5760991231382232
    ],
    [
      0.6058817426333977,
      0.7857146876034827,
      0.12473870140288934
    ]
  ],
  "position_diff": 0.0835164410887104,
  "orientation_diff": 11.468377491712278,
  "timestamp": 1741869611.496429,
  "image_file": "webcam_000033"
}