{
  "frame": 56,
  "object_rotation_in_cam": [
    [
      0.6705733929492724,
      -0.12611040820574868,
      -0.7310454771152612
    ],
    [
      -0.5422790937587362,
      0.5891281237305441,
      -0.5990504472095254
    ],
    [
      0.5062259467280439,
      0.7981379697595573,
      0.3266666069364721
    ]
  ],
  "object_translation_in_cam": [
    0.006501166624033841,
    -0.02825242631375364,
    0.7211215787052921
  ],
  "raw_rvec": [
    0.9303624597797835,
    -0.8238766306116353,
    -0.2771191897040788
  ],
  "refined_raw_rvec": [
    0.9303624597797835,
    -0.8238766306116353,
    -0.2771191897040788
  ],
  "num_inliers": 14,
  "total_matches": 26,
  "inlier_ratio": 0.5384615384615384,
  "reprojection_errors": [
    1.1028704643249512,
    0.9965490698814392,
    1.9483028650283813,
    3.512573719024658,
    2.9480385780334473,
    0.9844698309898376,
    2.087444543838501,
    1.937272548675537,
    2.8728959560394287,
    2.884342908859253,
    1.7784851789474487,
    1.334836721420288,
    1.4597378969192505,
    4.463860034942627
  ],
  "mean_reprojection_error": 2.1651198863983154,
  "std_reprojection_error": 1.002150297164917,
  "inliers": [
    0,
    3,
    7,
    8,
    10,
    11,
    12,
    13,
    14,
    15,
    16,
    19,
    20,
    21
  ],
  "mkpts0": [
    [
      745.125,
      201.375
    ],
    [
      805.125,
      212.625
    ],
    [
      793.875,
      220.125
    ],
    [
      705.125,
      223.875
    ],
    [
      835.125,
      225.125
    ],
    [
      425.125,
      242.625
    ],
    [
      413.875,
      248.875
    ],
    [
      436.375,
      260.125
    ],
    [
      478.875,
      281.375
    ],
    [
      590.125,
      283.875
    ],
    [
      522.625,
      286.375
    ],
    [
      386.375,
      288.875
    ],
    [
      511.375,
      292.625
    ],
    [
      597.625,
      297.625
    ],
    [
      430.125,
      311.375
    ],
    [
      575.125,
      312.625
    ],
    [
      540.125,
      313.875
    ],
    [
      518.875,
      327.625
    ],
    [
      586.375,
      330.125
    ],
    [
      602.625,
      347.625
    ],
    [
      611.375,
      352.625
    ],
    [
      636.375,
      357.625
    ],
    [
      617.625,
      368.875
    ],
    [
      650.125,
      376.375
    ],
    [
      595.125,
      388.875
    ],
    [
      702.625,
      391.375
    ]
  ],
  "mkpts1": [
    [
      911.375,
      96.375
    ],
    [
      1006.375,
      136.375
    ],
    [
      991.375,
      147.625
    ],
    [
      842.625,
      126.375
    ],
    [
      1056.375,
      165.125
    ],
    [
      390.125,
      106.375
    ],
    [
      371.375,
      115.125
    ],
    [
      410.125,
      146.375
    ],
    [
      485.125,
      201.375
    ],
    [
      668.875,
      243.875
    ],
    [
      555.125,
      225.125
    ],
    [
      327.625,
      197.625
    ],
    [
      535.125,
      236.375
    ],
    [
      675.125,
      263.875
    ],
    [
      403.875,
      258.875
    ],
    [
      637.625,
      290.125
    ],
    [
      587.625,
      300.125
    ],
    [
      553.875,
      325.125
    ],
    [
      661.375,
      333.875
    ],
    [
      686.375,
      376.375
    ],
    [
      701.375,
      391.375
    ],
    [
      742.625,
      406.375
    ],
    [
      712.625,
      425.125
    ],
    [
      762.625,
      450.125
    ],
    [
      676.375,
      462.625
    ],
    [
      850.125,
      493.875
    ]
  ],
  "mpts3D": [
    [
      0.21699999272823334,
      -0.0,
      -0.027000000700354576
    ],
    [
      0.23000000417232513,
      0.0,
      -0.07000000029802322
    ],
    [
      0.21699999272823334,
      -0.0,
      -0.07000000029802322
    ],
    [
      0.17000000178813934,
      -0.0,
      -0.014999999664723873
    ],
    [
      0.23000000417232513,
      -0.0,
      -0.11299999803304672
    ],
    [
      -0.0,
      -0.0,
      0.15600000321865082
    ],
    [
      -0.014000000432133675,
      0.0,
      0.15600000321865082
    ],
    [
      -0.01899999938905239,
      -0.0,
      0.12800000607967377
    ],
    [
      -0.01899999938905239,
      -0.0,
      0.07400000095367432
    ],
    [
      0.02500000037252903,
      -0.014000000432133675,
      -0.010999999940395355
    ],
    [
      0.0,
      0.0,
      0.041999999433755875
    ],
    [
      -0.07400000095367432,
      -0.0,
      0.12800000607967377
    ],
    [
      -0.014000000432133675,
      0.0,
      0.041999999433755875
    ],
    [
      0.02500000037252903,
      0.0,
      -0.014999999664723873
    ],
    [
      -0.07400000095367432,
      -0.0,
      0.07400000095367432
    ],
    [
      0.0,
      -0.0,
      -0.014999999664723873
    ],
    [
      -0.03500000014901161,
      -0.017999999225139618,
      -0.009999999776482582
    ],
    [
      -0.05700000002980232,
      -0.017999999225139618,
      -0.009999999776482582
    ],
    [
      -0.014000000432133675,
      0.0,
      -0.041999999433755875
    ],
    [
      -0.023000000044703484,
      0.0,
      -0.06499999761581421
    ],
    [
      -0.023000000044703484,
      -0.0,
      -0.07500000298023224
    ],
    [
      -0.017000000923871994,
      -0.0,
      -0.09200000017881393
    ],
    [
      -0.03700000047683716,
      -0.0,
      -0.09700000286102295
    ],
    [
      -0.028999999165534973,
      -0.0,
      -0.12700000405311584
    ],
    [
      -0.052000001072883606,
      -0.0,
      -0.09700000286102295
    ],
    [
      -0.014000000432133675,
      0.0,
      -0.15600000321865082
    ]
  ],
  "mconf": [
    0.9757387638092041,
    0.77547287940979,
    0.9982276558876038,
    0.7006903886795044,
    0.5342599749565125,
    0.928697407245636,
    0.9917039275169373,
    0.9973639249801636,
    0.9886735081672668,
    0.9789459705352783,
    0.7800248265266418,
    0.9949238896369934,
    0.9785887002944946,
    0.9512727856636047,
    0.9977548122406006,
    0.9876106977462769,
    0.9909687042236328,
    0.998714804649353,
    0.9984021782875061,
    0.9986032247543335,
    0.9928131699562073,
    0.9996127486228943,
    0.9995998740196228,
    0.9993411302566528,
    0.9994909167289734,
    0.6988686919212341
  ],
  "coverage_score": 0.7772925846688998,
  "pose_estimation_failed": false,
  "tracking_method": "loosely_coupled",
  "kf_translation_vector": [
    -0.009423720257035443,
    -0.014968133963679481,
    0.6504077992999341
  ],
  "kf_quaternion": [
    0.4516278082730358,
    -0.5203199130965408,
    -0.08743053139780418,
    0.7194827398966567
  ],
  "kf_rotation_matrix": [
    [
      0.44324618042941166,
      -0.3441723673437887,
      -0.8276945119376532
    ],
    [
      -0.59579140046664,
      0.5767764499479833,
      -0.5588931328218317
    ],
    [
      0.6697502748523047,
      0.7408605188173912,
      0.05059902165940455
    ]
  ],
  "position_diff": 0.07525657515127146,
  "orientation_diff": 19.076036772478417,
  "timestamp": 1741869678.3131638,
  "image_file": "webcam_000056"
}