{
  "frame": 161,
  "object_rotation_in_cam": [
    [
      0.6526500104331743,
      -0.20147537410774075,
      -0.7303804744855406
    ],
    [
      -0.345619408971477,
      0.7786855482204345,
      -0.5236373183176006
    ],
    [
      0.674236744789087,
      0.5941855691791809,
      0.438575331448804
    ]
  ],
  "object_translation_in_cam": [
    -0.000705668758229723,
    -0.026290700555121994,
    0.6845133946913201
  ],
  "raw_rvec": [
    0.6956863578082166,
    -0.8741751920826405,
    -0.08970923724660454
  ],
  "refined_raw_rvec": [
    0.6956863578082166,
    -0.8741751920826405,
    -0.08970923724660454
  ],
  "num_inliers": 16,
  "total_matches": 34,
  "inlier_ratio": 0.47058823529411764,
  "reprojection_errors": [
    1.9436371326446533,
    2.4642319679260254,
    3.260875701904297,
    3.0731358528137207,
    1.7830777168273926,
    1.6077951192855835,
    2.808103561401367,
    3.062652349472046,
    3.2247018814086914,
    3.332353353500366,
    3.9125843048095703,
    3.6208343505859375,
    2.9985406398773193,
    2.8002684116363525,
    3.042008638381958,
    1.6261775493621826
  ],
  "mean_reprojection_error": 2.7850611209869385,
  "std_reprojection_error": 0.6848951578140259,
  "inliers": [
    6,
    10,
    14,
    16,
    17,
    18,
    19,
    20,
    21,
    22,
    23,
    24,
    25,
    26,
    31,
    33
  ],
  "mkpts0": [
    [
      727.625,
      126.375
    ],
    [
      727.625,
      143.875
    ],
    [
      636.375,
      157.625
    ],
    [
      663.875,
      165.125
    ],
    [
      656.375,
      171.375
    ],
    [
      356.375,
      195.125
    ],
    [
      745.125,
      201.375
    ],
    [
      805.125,
      212.625
    ],
    [
      793.875,
      220.125
    ],
    [
      705.125,
      223.875
    ],
    [
      835.125,
      225.125
    ],
    [
      425.125,
      242.625
    ],
    [
      413.875,
      248.875
    ],
    [
      436.375,
      260.125
    ],
    [
      478.875,
      281.375
    ],
    [
      590.125,
      283.875
    ],
    [
      522.625,
      286.375
    ],
    [
      386.375,
      288.875
    ],
    [
      511.375,
      292.625
    ],
    [
      597.625,
      297.625
    ],
    [
      430.125,
      311.375
    ],
    [
      575.125,
      312.625
    ],
    [
      540.125,
      313.875
    ],
    [
      518.875,
      327.625
    ],
    [
      586.375,
      330.125
    ],
    [
      602.625,
      347.625
    ],
    [
      611.375,
      352.625
    ],
    [
      636.375,
      357.625
    ],
    [
      617.625,
      368.875
    ],
    [
      650.125,
      376.375
    ],
    [
      496.375,
      377.625
    ],
    [
      715.125,
      383.875
    ],
    [
      595.125,
      388.875
    ],
    [
      702.625,
      391.375
    ]
  ],
  "mkpts1": [
    [
      902.625,
      43.875
    ],
    [
      895.125,
      72.625
    ],
    [
      718.875,
      67.625
    ],
    [
      760.125,
      90.125
    ],
    [
      750.125,
      96.375
    ],
    [
      263.875,
      23.875
    ],
    [
      892.625,
      173.875
    ],
    [
      987.625,
      212.625
    ],
    [
      972.625,
      218.875
    ],
    [
      832.625,
      196.375
    ],
    [
      1040.125,
      240.125
    ],
    [
      367.625,
      126.375
    ],
    [
      350.125,
      131.375
    ],
    [
      388.875,
      157.625
    ],
    [
      465.125,
      203.875
    ],
    [
      657.625,
      250.125
    ],
    [
      538.875,
      231.375
    ],
    [
      301.375,
      185.125
    ],
    [
      517.625,
      237.625
    ],
    [
      662.625,
      273.875
    ],
    [
      377.625,
      238.875
    ],
    [
      623.875,
      290.125
    ],
    [
      576.375,
      280.125
    ],
    [
      540.125,
      296.375
    ],
    [
      650.125,
      326.375
    ],
    [
      677.625,
      361.375
    ],
    [
      695.125,
      373.875
    ],
    [
      737.625,
      391.375
    ],
    [
      706.375,
      402.625
    ],
    [
      763.875,
      428.875
    ],
    [
      487.625,
      376.375
    ],
    [
      873.875,
      462.625
    ],
    [
      670.125,
      430.125
    ],
    [
      856.375,
      472.625
    ]
  ],
  "mpts3D": [
    [
      0.20600000023841858,
      -0.07000000029802322,
      -0.0020000000949949026
    ],
    [
      0.20600000023841858,
      -0.054999999701976776,
      -0.0020000000949949026
    ],
    [
      0.23000000417232513,
      -0.0,
      0.11299999803304672
    ],
    [
      0.23000000417232513,
      -0.0,
      0.07000000029802322
    ],
    [
      0.21699999272823334,
      0.0,
      0.07000000029802322
    ],
    [
      -0.0,
      -0.02500000037252903,
      0.23999999463558197
    ],
    [
      0.21699999272823334,
      -0.0,
      -0.027000000700354576
    ],
    [
      0.23000000417232513,
      0.0,
      -0.07000000029802322
    ],
    [
      0.21699999272823334,
      -0.0,
      -0.07000000029802322
    ],
    [
      0.17000000178813934,
      -0.0,
      -0.014999999664723873
    ],
    [
      0.23000000417232513,
      -0.0,
      -0.11299999803304672
    ],
    [
      -0.0,
      -0.0,
      0.15600000321865082
    ],
    [
      -0.014000000432133675,
      0.0,
      0.15600000321865082
    ],
    [
      -0.01899999938905239,
      -0.0,
      0.12800000607967377
    ],
    [
      -0.01899999938905239,
      -0.0,
      0.07400000095367432
    ],
    [
      0.02500000037252903,
      -0.014000000432133675,
      -0.010999999940395355
    ],
    [
      0.0,
      0.0,
      0.041999999433755875
    ],
    [
      -0.07400000095367432,
      -0.0,
      0.12800000607967377
    ],
    [
      -0.014000000432133675,
      0.0,
      0.041999999433755875
    ],
    [
      0.02500000037252903,
      0.0,
      -0.014999999664723873
    ],
    [
      -0.07400000095367432,
      -0.0,
      0.07400000095367432
    ],
    [
      0.0,
      -0.0,
      -0.014999999664723873
    ],
    [
      -0.03500000014901161,
      -0.017999999225139618,
      -0.009999999776482582
    ],
    [
      -0.05700000002980232,
      -0.017999999225139618,
      -0.009999999776482582
    ],
    [
      -0.014000000432133675,
      0.0,
      -0.041999999433755875
    ],
    [
      -0.023000000044703484,
      0.0,
      -0.06499999761581421
    ],
    [
      -0.023000000044703484,
      -0.0,
      -0.07500000298023224
    ],
    [
      -0.017000000923871994,
      -0.0,
      -0.09200000017881393
    ],
    [
      -0.03700000047683716,
      -0.0,
      -0.09700000286102295
    ],
    [
      -0.028999999165534973,
      -0.0,
      -0.12700000405311584
    ],
    [
      -0.09000000357627869,
      -0.0,
      -0.014999999664723873
    ],
    [
      0.0,
      0.0,
      -0.15600000321865082
    ],
    [
      -0.052000001072883606,
      -0.0,
      -0.09700000286102295
    ],
    [
      -0.014000000432133675,
      0.0,
      -0.15600000321865082
    ]
  ],
  "mconf": [
    0.9907069206237793,
    0.8895527124404907,
    0.9712092280387878,
    0.9534235000610352,
    0.9965131878852844,
    0.9748484492301941,
    0.9928790926933289,
    0.9453674554824829,
    0.9987980723381042,
    0.8750097155570984,
    0.7772406339645386,
    0.9895613193511963,
    0.9993868470191956,
    0.9997002482414246,
    0.9989625215530396,
    0.991904616355896,
    0.9187841415405273,
    0.9993822574615479,
    0.9958099126815796,
    0.918252170085907,
    0.9994378089904785,
    0.9694110751152039,
    0.9959530234336853,
    0.998850405216217,
    0.9990395903587341,
    0.9993484616279602,
    0.9998908042907715,
    0.9999370574951172,
    0.9998623728752136,
    0.9998384118080139,
    0.9898614883422852,
    0.9152446985244751,
    0.9998559951782227,
    0.9986080527305603
  ],
  "coverage_score": 0.7631174549747612,
  "pose_estimation_failed": false,
  "tracking_method": "loosely_coupled",