{
  "frame": 167,
  "object_rotation_in_cam": [
    [
      0.6107537551082062,
      -0.14413404577528802,
      -0.7785918234027843
    ],
    [
      -0.5738514439990944,
      0.5969566021680529,
      -0.5606579486176285
    ],
    [
      0.5455954278046872,
      0.7892199895950559,
      0.2818819561131933
    ]
  ],
  "object_translation_in_cam": [
    -0.032431974993169556,
    -0.052814723332588256,
    0.7147386002089305
  ],
  "raw_rvec": [
    0.921303941279003,
    -0.90376981428719,
    -0.29328602343404936
  ],
  "refined_raw_rvec": [
    0.921303941279003,
    -0.90376981428719,
    -0.29328602343404936
  ],
  "num_inliers": 15,
  "total_matches": 26,
  "inlier_ratio": 0.5769230769230769,
  "reprojection_errors": [
    1.637017011642456,
    0.6168091297149658,
    0.6724132299423218,
    3.5211830139160156,
    2.851985216140747,
    2.0484724044799805,
    3.2443020343780518,
    3.047041893005371,
    4.42567777633667,
    4.167214393615723,
    2.5269339084625244,
    1.8417110443115234,
    1.7774080038070679,
    1.2537002563476562,
    1.2988561391830444
  ],
  "mean_reprojection_error": 2.3287150859832764,
  "std_reprojection_error": 1.150507926940918,
  "inliers": [
    0,
    3,
    7,
    8,
    9,
    10,
    11,
    12,
    14,
    15,
    16,
    18,
    19,
    20,
    25
  ],
  "mkpts0": [
    [
      745.125,
      201.375
    ],
    [
      805.125,
      212.625
    ],
    [
      793.875,
      220.125
    ],
    [
      705.125,
      223.875
    ],
    [
      835.125,
      225.125
    ],
    [
      425.125,
      242.625
    ],
    [
      413.875,
      248.875
    ],
    [
      436.375,
      260.125
    ],
    [
      590.125,
      283.875
    ],
    [
      522.625,
      286.375
    ],
    [
      386.375,
      288.875
    ],
    [
      511.375,
      292.625
    ],
    [
      597.625,
      297.625
    ],
    [
      430.125,
      311.375
    ],
    [
      575.125,
      312.625
    ],
    [
      540.125,
      313.875
    ],
    [
      518.875,
      327.625
    ],
    [
      586.375,
      330.125
    ],
    [
      470.125,
      338.875
    ],
    [
      602.625,
      347.625
    ],
    [
      611.375,
      352.625
    ],
    [
      636.375,
      357.625
    ],
    [
      617.625,
      368.875
    ],
    [
      650.125,
      376.375
    ],
    [
      595.125,
      388.875
    ],
    [
      702.625,
      391.375
    ]
  ],
  "mkpts1": [
    [
      820.125,
      40.125
    ],
    [
      912.625,
      77.625
    ],
    [
      898.875,
      87.625
    ],
    [
      755.125,
      71.375
    ],
    [
      962.625,
      103.875
    ],
    [
      292.625,
      60.125
    ],
    [
      272.625,
      70.125
    ],
    [
      317.625,
      102.625
    ],
    [
      592.625,
      190.125
    ],
    [
      472.625,
      177.625
    ],
    [
      230.125,
      155.125
    ],
    [
      451.375,
      187.625
    ],
    [
      596.375,
      208.875
    ],
    [
      313.875,
      215.125
    ],
    [
      557.625,
      237.625
    ],
    [
      513.875,
      250.125
    ],
    [
      481.375,
      275.125
    ],
    [
      585.125,
      280.125
    ],
    [
      397.625,
      296.375
    ],
    [
      613.875,
      320.125
    ],
    [
      630.125,
      332.625
    ],
    [
      671.375,
      345.125
    ],
    [
      643.875,
      366.375
    ],
    [
      695.125,
      386.375
    ],
    [
      610.125,
      403.875
    ],
    [
      781.375,
      421.375
    ]
  ],
  "mpts3D": [
    [
      0.21699999272823334,
      -0.0,
      -0.027000000700354576
    ],
    [
      0.23000000417232513,
      0.0,
      -0.07000000029802322
    ],
    [
      0.21699999272823334,
      -0.0,
      -0.07000000029802322
    ],
    [
      0.17000000178813934,
      -0.0,
      -0.014999999664723873
    ],
    [
      0.23000000417232513,
      -0.0,
      -0.11299999803304672
    ],
    [
      -0.0,
      -0.0,
      0.15600000321865082
    ],
    [
      -0.014000000432133675,
      0.0,
      0.15600000321865082
    ],
    [
      -0.01899999938905239,
      -0.0,
      0.12800000607967377
    ],
    [
      0.02500000037252903,
      -0.014000000432133675,
      -0.010999999940395355
    ],
    [
      0.0,
      0.0,
      0.041999999433755875
    ],
    [
      -0.07400000095367432,
      -0.0,
      0.12800000607967377
    ],
    [
      -0.014000000432133675,
      0.0,
      0.041999999433755875
    ],
    [
      0.02500000037252903,
      0.0,
      -0.014999999664723873
    ],
    [
      -0.07400000095367432,
      -0.0,
      0.07400000095367432
    ],
    [
      0.0,
      -0.0,
      -0.014999999664723873
    ],
    [
      -0.03500000014901161,
      -0.017999999225139618,
      -0.009999999776482582
    ],
    [
      -0.05700000002980232,
      -0.017999999225139618,
      -0.009999999776482582
    ],
    [
      -0.014000000432133675,
      0.0,
      -0.041999999433755875
    ],
    [
      -0.10000000149011612,
      -0.029999999329447746,
      0.0
    ],
    [
      -0.023000000044703484,
      0.0,
      -0.06499999761581421
    ],
    [
      -0.023000000044703484,
      -0.0,
      -0.07500000298023224
    ],
    [
      -0.017000000923871994,
      -0.0,
      -0.09200000017881393
    ],
    [
      -0.03700000047683716,
      -0.0,
      -0.09700000286102295
    ],
    [
      -0.028999999165534973,
      -0.0,
      -0.12700000405311584
    ],
    [
      -0.052000001072883606,
      -0.0,
      -0.09700000286102295
    ],
    [
      -0.014000000432133675,
      0.0,
      -0.15600000321865082
    ]
  ],
  "mconf": [
    0.9676934480667114,
    0.8043591976165771,
    0.9973417520523071,
    0.8286147713661194,
    0.7012496590614319,
    0.9363877177238464,
    0.9930118322372437,
    0.9963430166244507,
    0.9770384430885315,
    0.5415214896202087,
    0.9940973520278931,
    0.9025686979293823,
    0.9609686732292175,
    0.9877456426620483,
    0.9938994646072388,
    0.9969202280044556,
    0.9989469051361084,
    0.9992026686668396,
    0.9957535266876221,
    0.999573826789856,
    0.9993392825126648,
    0.9998219013214111,
    0.9998987913131714,
    0.9996952414512634,
    0.9997925162315369,
    0.7362135052680969
  ],
  "coverage_score": 0.7772925846688996,
  "pose_estimation_failed": false,
  "tracking_method": "loosely_coupled",
  "kf_translation_vector": [
    0.019954238568828782,
    -0.04191462396031948,
    0.8037774008441265
  ],
  "kf_quaternion": [
    0.4081677591657293,
    -0.43994960525987725,
    -0.14624457867348578,
    0.7864197024604102
  ],
  "kf_rotation_matrix": [
    [
      0.5701137360805857,
      -0.12912725295584104,
      -0.8113547192666809
    ],
    [
      -0.589165725143244,
      0.6240232071724837,
      -0.5133018461164961
    ],
    [
      0.5725854313975093,
      0.7706628247516846,
      0.27968685041861074
    ]
  ],
  "position_diff": 0.10826719327600502,
  "orientation_diff": 3.353807532461861,
  "timestamp": 1741869958.8917575,
  "image_file": "webcam_000167"
}