{
  "frame": 166,
  "object_rotation_in_cam": [
    [
      0.6055704925218499,
      -0.17340771646288253,
      -0.7766686181750699
    ],
    [
      -0.5636696202187775,
      0.5954684140656684,
      -0.5724455669253948
    ],
    [
      0.5617481088791161,
      0.7844406489475454,
      0.2628534391053132
    ]
  ],
  "object_translation_in_cam": [
    -0.0034753543173212547,
    -0.046488515724434645,
    0.7062656798559664
  ],
  "raw_rvec": [
    0.9323128300449548,
    -0.9196224944894281,
    -0.26814789309014625
  ],
  "refined_raw_rvec": [
    0.9323128300449548,
    -0.9196224944894281,
    -0.26814789309014625
  ],
  "num_inliers": 16,
  "total_matches": 24,
  "inlier_ratio": 0.6666666666666666,
  "reprojection_errors": [
    2.444206476211548,
    1.4188100099563599,
    3.273607015609741,
    1.1981717348098755,
    3.552656888961792,
    2.817566394805908,
    1.4785422086715698,
    2.2642247676849365,
    2.8195207118988037,
    2.9372951984405518,
    0.7147576808929443,
    0.926906406879425,
    3.946674346923828,
    2.0286104679107666,
    0.5684031248092651,
    1.595132827758789
  ],
  "mean_reprojection_error": 2.124068021774292,
  "std_reprojection_error": 1.010320782661438,
  "inliers": [
    0,
    2,
    3,
    6,
    8,
    9,
    10,
    11,
    12,
    14,
    15,
    16,
    17,
    18,
    19,
    23
  ],
  "mkpts0": [
    [
      745.125,
      201.375
    ],
    [
      793.875,
      220.125
    ],
    [
      705.125,
      223.875
    ],
    [
      835.125,
      225.125
    ],
    [
      425.125,
      242.625
    ],
    [
      413.875,
      248.875
    ],
    [
      436.375,
      260.125
    ],
    [
      478.875,
      281.375
    ],
    [
      590.125,
      283.875
    ],
    [
      522.625,
      286.375
    ],
    [
      386.375,
      288.875
    ],
    [
      511.375,
      292.625
    ],
    [
      597.625,
      297.625
    ],
    [
      430.125,
      311.375
    ],
    [
      575.125,
      312.625
    ],
    [
      540.125,
      313.875
    ],
    [
      518.875,
      327.625
    ],
    [
      586.375,
      330.125
    ],
    [
      602.625,
      347.625
    ],
    [
      611.375,
      352.625
    ],
    [
      636.375,
      357.625
    ],
    [
      617.625,
      368.875
    ],
    [
      595.125,
      388.875
    ],
    [
      702.625,
      391.375
    ]
  ],
  "mkpts1": [
    [
      872.625,
      53.875
    ],
    [
      955.125,
      103.875
    ],
    [
      808.875,
      85.125
    ],
    [
      1018.875,
      120.125
    ],
    [
      347.625,
      68.875
    ],
    [
      330.125,
      77.625
    ],
    [
      373.875,
      110.125
    ],
    [
      456.375,
      163.875
    ],
    [
      650.125,
      202.625
    ],
    [
      530.125,
      187.625
    ],
    [
      291.375,
      162.625
    ],
    [
      511.375,
      197.625
    ],
    [
      655.125,
      222.625
    ],
    [
      376.375,
      223.875
    ],
    [
      618.875,
      250.125
    ],
    [
      575.125,
      260.125
    ],
    [
      543.875,
      286.375
    ],
    [
      648.875,
      293.875
    ],
    [
      677.625,
      335.125
    ],
    [
      693.875,
      348.875
    ],
    [
      735.125,
      362.625
    ],
    [
      707.625,
      381.375
    ],
    [
      675.125,
      420.125
    ],
    [
      847.625,
      442.625
    ]
  ],
  "mpts3D": [
    [
      0.21699999272823334,
      -0.0,
      -0.027000000700354576
    ],
    [
      0.21699999272823334,
      -0.0,
      -0.07000000029802322
    ],
    [
      0.17000000178813934,
      -0.0,
      -0.014999999664723873
    ],
    [
      0.23000000417232513,
      -0.0,
      -0.11299999803304672
    ],
    [
      -0.0,
      -0.0,
      0.15600000321865082
    ],
    [
      -0.014000000432133675,
      0.0,
      0.15600000321865082
    ],
    [
      -0.01899999938905239,
      -0.0,
      0.12800000607967377
    ],
    [
      -0.01899999938905239,
      -0.0,
      0.07400000095367432
    ],
    [
      0.02500000037252903,
      -0.014000000432133675,
      -0.010999999940395355
    ],
    [
      0.0,
      0.0,
      0.041999999433755875
    ],
    [
      -0.07400000095367432,
      -0.0,
      0.12800000607967377
    ],
    [
      -0.014000000432133675,
      0.0,
      0.041999999433755875
    ],
    [
      0.02500000037252903,
      0.0,
      -0.014999999664723873
    ],
    [
      -0.07400000095367432,
      -0.0,
      0.07400000095367432
    ],
    [
      0.0,
      -0.0,
      -0.014999999664723873
    ],
    [
      -0.03500000014901161,
      -0.017999999225139618,
      -0.009999999776482582
    ],
    [
      -0.05700000002980232,
      -0.017999999225139618,
      -0.009999999776482582
    ],
    [
      -0.014000000432133675,
      0.0,
      -0.041999999433755875
    ],
    [
      -0.023000000044703484,
      0.0,
      -0.06499999761581421
    ],
    [
      -0.023000000044703484,
      -0.0,
      -0.07500000298023224
    ],
    [
      -0.017000000923871994,
      -0.0,
      -0.09200000017881393
    ],
    [
      -0.03700000047683716,
      -0.0,
      -0.09700000286102295
    ],
    [
      -0.052000001072883606,
      -0.0,
      -0.09700000286102295
    ],
    [
      -0.014000000432133675,
      0.0,
      -0.15600000321865082
    ]
  ],
  "mconf": [
    0.9704384207725525,
    0.9982025623321533,
    0.7617606520652771,
    0.7258672118186951,
    0.9269754886627197,
    0.9924293756484985,
    0.997037947177887,
    0.9952722787857056,
    0.9586212038993835,
    0.8106368780136108,
    0.9948176741600037,
    0.9615923166275024,
    0.927646279335022,
    0.9989225268363953,
    0.9654914736747742,
    0.992229700088501,
    0.998366117477417,
    0.9966761469841003,
    0.9983617663383484,
    0.9973781704902649,
    0.999608039855957,
    0.9988297820091248,
    0.999703049659729,
    0.38204655051231384
  ],
  "coverage_score": 0.7653094974242585,
  "pose_estimation_failed": false,
  "tracking_method": "loosely_coupled",
  "kf_translation_vector": [
    0.021676876548359023,
    -0.041312226759855575,
    0.8042049798444246
  ],
  "kf_quaternion": [
    0.40880647924451347,
    -0.4395234001458588,
    -0.14590310388177546,
    0.7863896791855756
  ],
  "kf_rotation_matrix": [
    [
      0.5710629300037743,
      -0.12988663741087378,
      -0.8105655996880208
    ],
    [
      -0.5888334176259502,
      0.6231790936107381,
      -0.5147067355042504
    ],
    [
      0.5719810628530002,
      0.77121804874406,
      0.2793928865038571
    ]
  ],
  "position_diff": 0.10547830579166036,
  "orientation_diff": 3.861270257738772,
  "timestamp": 1741869958.7637,
  "image_file": "webcam_000166"
}