{
  "frame": 5,
  "object_rotation_in_cam": [
    [
      0.48350976232489973,
      -0.2776177804821841,
      -0.8301485877218996
    ],
    [
      -0.6295389857041285,
      0.548651913150045,
      -0.5501470200550139
    ],
    [
      0.608193205498989,
      0.7886123548087113,
      0.09050734018809431
    ]
  ],
  "object_translation_in_cam": [
    -0.005995933886270429,
    -0.0923962677943508,
    0.6753288509749906
  ],
  "raw_rvec": [
    1.0122831544409128,
    -1.087580931228997,
    -0.2661000284483389
  ],
  "refined_raw_rvec": [
    1.0122831544409128,
    -1.087580931228997,
    -0.2661000284483389
  ],
  "num_inliers": 10,
  "total_matches": 17,
  "inlier_ratio": 0.5882352941176471,
  "reprojection_errors": [
    4.546192646026611,
    3.010611057281494,
    1.3996409177780151,
    0.6180529594421387,
    2.5978269577026367,
    1.6311522722244263,
    1.4563039541244507,
    3.0577504634857178,
    2.249990701675415,
    0.4453546404838562
  ],
  "mean_reprojection_error": 2.101287603378296,
  "std_reprojection_error": 1.185721516609192,
  "inliers": [
    0,
    2,
    5,
    6,
    7,
    8,
    9,
    11,
    12,
    16
  ],
  "mkpts0": [
    [
      478.875,
      281.375
    ],
    [
      590.125,
      283.875
    ],
    [
      522.625,
      286.375
    ],
    [
      386.375,
      288.875
    ],
    [
      350.125,
      290.125
    ],
    [
      511.375,
      292.625
    ],
    [
      597.625,
      297.625
    ],
    [
      575.125,
      312.625
    ],
    [
      540.125,
      313.875
    ],
    [
      518.875,
      327.625
    ],
    [
      586.375,
      330.125
    ],
    [
      602.625,
      347.625
    ],
    [
      611.375,
      352.625
    ],
    [
      650.125,
      376.375
    ],
    [
      715.125,
      383.875
    ],
    [
      595.125,
      388.875
    ],
    [
      702.625,
      391.375
    ]
  ],
  "mkpts1": [
    [
      438.875,
      60.125
    ],
    [
      638.875,
      95.125
    ],
    [
      515.125,
      82.625
    ],
    [
      266.375,
      62.625
    ],
    [
      190.125,
      50.125
    ],
    [
      498.875,
      95.125
    ],
    [
      643.875,
      117.625
    ],
    [
      616.375,
      147.625
    ],
    [
      581.375,
      158.875
    ],
    [
      556.375,
      187.625
    ],
    [
      652.625,
      191.375
    ],
    [
      688.875,
      232.625
    ],
    [
      707.625,
      246.375
    ],
    [
      780.125,
      298.875
    ],
    [
      876.375,
      318.875
    ],
    [
      703.875,
      320.125
    ],
    [
      865.125,
      333.875
    ]
  ],
  "mpts3D": [
    [
      -0.01899999938905239,
      -0.0,
      0.07400000095367432
    ],
    [
      0.02500000037252903,
      -0.014000000432133675,
      -0.010999999940395355
    ],
    [
      0.0,
      0.0,
      0.041999999433755875
    ],
    [
      -0.07400000095367432,
      -0.0,
      0.12800000607967377
    ],
    [
      -0.07999999821186066,
      -0.0,
      0.15600000321865082
    ],
    [
      -0.014000000432133675,
      0.0,
      0.041999999433755875
    ],
    [
      0.02500000037252903,
      0.0,
      -0.014999999664723873
    ],
    [
      0.0,
      -0.0,
      -0.014999999664723873
    ],
    [
      -0.03500000014901161,
      -0.017999999225139618,
      -0.009999999776482582
    ],
    [
      -0.05700000002980232,
      -0.017999999225139618,
      -0.009999999776482582
    ],
    [
      -0.014000000432133675,
      0.0,
      -0.041999999433755875
    ],
    [
      -0.023000000044703484,
      0.0,
      -0.06499999761581421
    ],
    [
      -0.023000000044703484,
      -0.0,
      -0.07500000298023224
    ],
    [
      -0.028999999165534973,
      -0.0,
      -0.12700000405311584
    ],
    [
      0.0,
      0.0,
      -0.15600000321865082
    ],
    [
      -0.052000001072883606,
      -0.0,
      -0.09700000286102295
    ],
    [
      -0.014000000432133675,
      0.0,
      -0.15600000321865082
    ]
  ],
  "mconf": [
    0.9928570985794067,
    0.8548681139945984,
    0.5897170901298523,
    0.9964354634284973,
    0.804351806640625,
    0.9783050417900085,
    0.9639711380004883,
    0.9981180429458618,
    0.9878156781196594,
    0.9989994168281555,
    0.9988440871238708,
    0.9993317127227783,
    0.9987531900405884,
    0.9993489384651184,
    0.996497392654419,
    0.999459445476532,
    0.9998471736907959
  ],
  "coverage_score": 0.6493974703476993,
  "pose_estimation_failed": false,
  "tracking_method": "loosely_coupled",
  "kf_translation_vector": [
    -0.008905069695924271,
    -0.09210644792381983,
    0.6732187448179014
  ],
  "kf_quaternion": [
    0.4528844816947611,
    -0.49075184886333206,
    -0.1171895711626805,
    0.7350679380084512
  ],
  "kf_rotation_matrix": [
    [
      0.49085845449585663,
      -0.2722232005651394,
      -0.8276185756276929
    ],
    [
      -0.6167923862877241,
      0.5623245013015493,
      -0.5507797267996154
    ],
    [
      0.6153252228435254,
      0.7808237216619612,
      0.10811653815457778
    ]
  ],
  "position_diff": 0.003607970019827001,
  "orientation_diff": 1.1888798675073229,
  "timestamp": 1741869607.7349408,
  "image_file": "webcam_000005"
}