{
  "frame": 26,
  "object_rotation_in_cam": [
    [
      0.6696331260130514,
      -0.12710596515398873,
      -0.7317346173089408
    ],
    [
      -0.5370258629238485,
      0.5977060658800295,
      -0.5952736189023614
    ],
    [
      0.5130250472412482,
      0.791575348550276,
      0.3319845907126175
    ]
  ],
  "object_translation_in_cam": [
    -0.005584734533304067,
    -0.011095454511745907,
    0.7195382528091205
  ],
  "raw_rvec": [
    0.9204939143420131,
    -0.8261849148155239,
    -0.27207632562753614
  ],
  "refined_raw_rvec": [
    0.9204939143420131,
    -0.8261849148155239,
    -0.27207632562753614
  ],
  "num_inliers": 15,
  "total_matches": 29,
  "inlier_ratio": 0.5172413793103449,
  "reprojection_errors": [
    1.1079323291778564,
    1.4232910871505737,
    1.0518752336502075,
    3.409522533416748,
    2.26957631111145,
    2.504563570022583,
    1.6468465328216553,
    3.383094072341919,
    3.262937545776367,
    0.7925407886505127,
    0.9003232717514038,
    3.2139084339141846,
    0.8992319703102112,
    1.0045329332351685,
    3.562476873397827
  ],
  "mean_reprojection_error": 2.028843879699707,
  "std_reprojection_error": 1.0566085577011108,
  "inliers": [
    3,
    6,
    9,
    11,
    12,
    13,
    14,
    15,
    17,
    18,
    19,
    20,
    21,
    22,
    23
  ],
  "mkpts0": [
    [
      727.625,
      126.375
    ],
    [
      727.625,
      143.875
    ],
    [
      656.375,
      171.375
    ],
    [
      745.125,
      201.375
    ],
    [
      805.125,
      212.625
    ],
    [
      793.875,
      220.125
    ],
    [
      705.125,
      223.875
    ],
    [
      425.125,
      242.625
    ],
    [
      413.875,
      248.875
    ],
    [
      436.375,
      260.125
    ],
    [
      478.875,
      281.375
    ],
    [
      590.125,
      283.875
    ],
    [
      522.625,
      286.375
    ],
    [
      386.375,
      288.875
    ],
    [
      511.375,
      292.625
    ],
    [
      597.625,
      297.625
    ],
    [
      430.125,
      311.375
    ],
    [
      575.125,
      312.625
    ],
    [
      540.125,
      313.875
    ],
    [
      518.875,
      327.625
    ],
    [
      586.375,
      330.125
    ],
    [
      602.625,
      347.625
    ],
    [
      611.375,
      352.625
    ],
    [
      636.375,
      357.625
    ],
    [
      617.625,
      368.875
    ],
    [
      650.125,
      376.375
    ],
    [
      715.125,
      383.875
    ],
    [
      595.125,
      388.875
    ],
    [
      702.625,
      391.375
    ]
  ],
  "mkpts1": [
    [
      895.125,
      13.875
    ],
    [
      887.625,
      37.625
    ],
    [
      797.625,
      52.625
    ],
    [
      888.875,
      130.125
    ],
    [
      982.625,
      171.375
    ],
    [
      968.875,
      181.375
    ],
    [
      820.125,
      158.875
    ],
    [
      367.625,
      138.875
    ],
    [
      348.875,
      147.625
    ],
    [
      386.375,
      178.875
    ],
    [
      461.375,
      233.875
    ],
    [
      645.125,
      277.625
    ],
    [
      531.375,
      258.875
    ],
    [
      302.625,
      230.125
    ],
    [
      511.375,
      270.125
    ],
    [
      652.625,
      297.625
    ],
    [
      377.625,
      292.625
    ],
    [
      612.625,
      323.875
    ],
    [
      562.625,
      335.125
    ],
    [
      530.125,
      361.375
    ],
    [
      637.625,
      370.125
    ],
    [
      661.375,
      412.625
    ],
    [
      677.625,
      427.625
    ],
    [
      716.375,
      442.625
    ],
    [
      686.375,
      462.625
    ],
    [
      737.625,
      486.375
    ],
    [
      840.125,
      515.125
    ],
    [
      650.125,
      500.125
    ],
    [
      823.875,
      530.125
    ]
  ],
  "mpts3D": [
    [
      0.20600000023841858,
      -0.07000000029802322,
      -0.0020000000949949026
    ],
    [
      0.20600000023841858,
      -0.054999999701976776,
      -0.0020000000949949026
    ],
    [
      0.21699999272823334,
      0.0,
      0.07000000029802322
    ],
    [
      0.21699999272823334,
      -0.0,
      -0.027000000700354576
    ],
    [
      0.23000000417232513,
      0.0,
      -0.07000000029802322
    ],
    [
      0.21699999272823334,
      -0.0,
      -0.07000000029802322
    ],
    [
      0.17000000178813934,
      -0.0,
      -0.014999999664723873
    ],
    [
      -0.0,
      -0.0,
      0.15600000321865082
    ],
    [
      -0.014000000432133675,
      0.0,
      0.15600000321865082
    ],
    [
      -0.01899999938905239,
      -0.0,
      0.12800000607967377
    ],
    [
      -0.01899999938905239,
      -0.0,
      0.07400000095367432
    ],
    [
      0.02500000037252903,
      -0.014000000432133675,
      -0.010999999940395355
    ],
    [
      0.0,
      0.0,
      0.041999999433755875
    ],
    [
      -0.07400000095367432,
      -0.0,
      0.12800000607967377
    ],
    [
      -0.014000000432133675,
      0.0,
      0.041999999433755875
    ],
    [
      0.02500000037252903,
      0.0,
      -0.014999999664723873
    ],
    [
      -0.07400000095367432,
      -0.0,
      0.07400000095367432
    ],
    [
      0.0,
      -0.0,
      -0.014999999664723873
    ],
    [
      -0.03500000014901161,
      -0.017999999225139618,
      -0.009999999776482582
    ],
    [
      -0.05700000002980232,
      -0.017999999225139618,
      -0.009999999776482582
    ],
    [
      -0.014000000432133675,
      0.0,
      -0.041999999433755875
    ],
    [
      -0.023000000044703484,
      0.0,
      -0.06499999761581421
    ],
    [
      -0.023000000044703484,
      -0.0,
      -0.07500000298023224
    ],
    [
      -0.017000000923871994,
      -0.0,
      -0.09200000017881393
    ],
    [
      -0.03700000047683716,
      -0.0,
      -0.09700000286102295
    ],
    [
      -0.028999999165534973,
      -0.0,
      -0.12700000405311584
    ],
    [
      0.0,
      0.0,
      -0.15600000321865082
    ],
    [
      -0.052000001072883606,
      -0.0,
      -0.09700000286102295
    ],
    [
      -0.014000000432133675,
      0.0,
      -0.15600000321865082
    ]
  ],
  "mconf": [
    0.9404782652854919,
    0.951841413974762,
    0.164810448884964,
    0.9858513474464417,
    0.2717265784740448,
    0.9094891548156738,
    0.24567702412605286,
    0.8975412845611572,
    0.9921029806137085,
    0.996106743812561,
    0.9294962882995605,
    0.9600304961204529,
    0.8170760869979858,
    0.9931395053863525,
    0.9590524435043335,
    0.8110263347625732,
    0.9962689876556396,
    0.7380950450897217,
    0.9891099333763123,
    0.9971453547477722,
    0.9946712851524353,
    0.9972618818283081,
    0.99250328540802,
    0.9995337724685669,
    0.9997496008872986,
    0.9993614554405212,
    0.15053433179855347,
    0.9997167587280273,
    0.9006032347679138
  ],
  "coverage_score": 0.7631174549747612,
  "pose_estimation_failed": false,
  "tracking_method": "loosely_coupled",
  "kf_translation_vector": [
    -0.0006366297689991633,
    -0.013381565838326568,
    0.7130013978738382
  ],
  "kf_quaternion": [
    0.39716089477973726,
    -0.4909485525168102,
    -0.07187737066716762,
    0.7720533569808385
  ],
  "kf_rotation_matrix": [
    [
      0.5076063247352469,
      -0.27898480218770066,
      -0.8151707178481479
    ],
    [
      -0.500957463445872,
      0.6741937344874661,
      -0.5426826219768992
    ],
    [
      0.7009831944537993,
      0.6838349863279398,
      0.20246548487881466
    ]
  ],
  "position_diff": 0.01072506285339941,
  "orientation_diff": 14.667219535830444,
  "timestamp": 1741869674.2853591,
  "image_file": "webcam_000026"
}