{
  "frame": 80,
  "object_rotation_in_cam": [
    [
      0.6010423393026822,
      -0.20142837301101216,
      -0.7734175566352858
    ],
    [
      -0.5716550072599726,
      0.5679396388709391,
      -0.5921613963048818
    ],
    [
      0.55853259442951,
      0.7980420898331636,
      0.22620823109373528
    ]
  ],
  "object_translation_in_cam": [
    -0.006735380218749672,
    -0.05705252158868728,
    0.6830104780917029
  ],
  "raw_rvec": [
    0.9727844033233272,
    -0.9320220715022155,
    -0.2590632947503026
  ],
  "refined_raw_rvec": [
    0.9727844033233272,
    -0.9320220715022155,
    -0.2590632947503026
  ],
  "num_inliers": 14,
  "total_matches": 25,
  "inlier_ratio": 0.56,
  "reprojection_errors": [
    1.1700140237808228,
    2.4092283248901367,
    3.43051815032959,
    2.8128299713134766,
    2.4760076999664307,
    2.2492754459381104,
    1.9095277786254883,
    2.8252713680267334,
    1.6232044696807861,
    1.923822045326233,
    3.4529223442077637,
    2.221529483795166,
    1.6703524589538574,
    2.950486660003662
  ],
  "mean_reprojection_error": 2.3660709857940674,
  "std_reprojection_error": 0.653846800327301,
  "inliers": [
    0,
    6,
    7,
    10,
    12,
    13,
    14,
    15,
    16,
    17,
    18,
    19,
    20,
    24
  ],
  "mkpts0": [
    [
      745.125,
      201.375
    ],
    [
      805.125,
      212.625
    ],
    [
      793.875,
      220.125
    ],
    [
      705.125,
      223.875
    ],
    [
      425.125,
      242.625
    ],
    [
      413.875,
      248.875
    ],
    [
      436.375,
      260.125
    ],
    [
      478.875,
      281.375
    ],
    [
      590.125,
      283.875
    ],
    [
      522.625,
      286.375
    ],
    [
      386.375,
      288.875
    ],
    [
      350.125,
      290.125
    ],
    [
      511.375,
      292.625
    ],
    [
      597.625,
      297.625
    ],
    [
      430.125,
      311.375
    ],
    [
      575.125,
      312.625
    ],
    [
      540.125,
      313.875
    ],
    [
      518.875,
      327.625
    ],
    [
      586.375,
      330.125
    ],
    [
      602.625,
      347.625
    ],
    [
      611.375,
      352.625
    ],
    [
      636.375,
      357.625
    ],
    [
      617.625,
      368.875
    ],
    [
      595.125,
      388.875
    ],
    [
      702.625,
      391.375
    ]
  ],
  "mkpts1": [
    [
      870.125,
      23.875
    ],
    [
      966.375,
      63.875
    ],
    [
      953.875,
      76.375
    ],
    [
      808.875,
      68.875
    ],
    [
      330.125,
      31.375
    ],
    [
      311.375,
      41.375
    ],
    [
      357.625,
      75.125
    ],
    [
      443.875,
      133.875
    ],
    [
      642.625,
      176.375
    ],
    [
      518.875,
      158.875
    ],
    [
      273.875,
      130.125
    ],
    [
      206.375,
      112.625
    ],
    [
      500.125,
      170.125
    ],
    [
      648.875,
      197.625
    ],
    [
      362.625,
      196.375
    ],
    [
      612.625,
      226.375
    ],
    [
      566.375,
      236.375
    ],
    [
      535.125,
      263.875
    ],
    [
      641.375,
      272.625
    ],
    [
      672.625,
      315.125
    ],
    [
      690.125,
      330.125
    ],
    [
      731.375,
      345.125
    ],
    [
      705.125,
      366.375
    ],
    [
      670.125,
      405.125
    ],
    [
      846.375,
      430.125
    ]
  ],
  "mpts3D": [
    [
      0.21699999272823334,
      -0.0,
      -0.027000000700354576
    ],
    [
      0.23000000417232513,
      0.0,
      -0.07000000029802322
    ],
    [
      0.21699999272823334,
      -0.0,
      -0.07000000029802322
    ],
    [
      0.17000000178813934,
      -0.0,
      -0.014999999664723873
    ],
    [
      -0.0,
      -0.0,
      0.15600000321865082
    ],
    [
      -0.014000000432133675,
      0.0,
      0.15600000321865082
    ],
    [
      -0.01899999938905239,
      -0.0,
      0.12800000607967377
    ],
    [
      -0.01899999938905239,
      -0.0,
      0.07400000095367432
    ],
    [
      0.02500000037252903,
      -0.014000000432133675,
      -0.010999999940395355
    ],
    [
      0.0,
      0.0,
      0.041999999433755875
    ],
    [
      -0.07400000095367432,
      -0.0,
      0.12800000607967377
    ],
    [
      -0.07999999821186066,
      -0.0,
      0.15600000321865082
    ],
    [
      -0.014000000432133675,
      0.0,
      0.041999999433755875
    ],
    [
      0.02500000037252903,
      0.0,
      -0.014999999664723873
    ],
    [
      -0.07400000095367432,
      -0.0,
      0.07400000095367432
    ],
    [
      0.0,
      -0.0,
      -0.014999999664723873
    ],
    [
      -0.03500000014901161,
      -0.017999999225139618,
      -0.009999999776482582
    ],
    [
      -0.05700000002980232,
      -0.017999999225139618,
      -0.009999999776482582
    ],
    [
      -0.014000000432133675,
      0.0,
      -0.041999999433755875
    ],
    [
      -0.023000000044703484,
      0.0,
      -0.06499999761581421
    ],
    [
      -0.023000000044703484,
      -0.0,
      -0.07500000298023224
    ],
    [
      -0.017000000923871994,
      -0.0,
      -0.09200000017881393
    ],
    [
      -0.03700000047683716,
      -0.0,
      -0.09700000286102295
    ],
    [
      -0.052000001072883606,
      -0.0,
      -0.09700000286102295
    ],
    [
      -0.014000000432133675,
      0.0,
      -0.15600000321865082
    ]
  ],
  "mconf": [
    0.9759362936019897,
    0.8588564395904541,
    0.9973950386047363,
    0.6690905094146729,
    0.9317941665649414,
    0.9920569062232971,
    0.993457555770874,
    0.9949721097946167,
    0.8856416940689087,
    0.8740445971488953,
    0.9941310882568359,
    0.26039978861808777,
    0.9924867749214172,
    0.8775777220726013,
    0.99869304895401,
    0.9637868404388428,
    0.986068606376648,
    0.9965046644210815,
    0.9986566305160522,
    0.9958342909812927,
    0.9962760806083679,
    0.9995375871658325,
    0.9996373653411865,
    0.9992955923080444,
    0.10023009777069092
  ],
  "coverage_score": 0.7302423406565558,
  "pose_estimation_failed": false,
  "tracking_method": "loosely_coupled",
  "kf_translation_vector": [
    0.02382368423780864,
    -0.025222440690170572,
    0.7706338882367734
  ],
  "kf_quaternion": [
    0.45160305960282277,
    -0.4152131508633384,
    -0.10972207406321645,
    0.7820574035010308
  ],
  "kf_rotation_matrix": [
    [
      0.6311182116268093,
      -0.20340513793717038,
      -0.7485426860331605
    ],
    [
      -0.5466409793316778,
      0.5680314860412707,
      -0.6152429362301123
    ],
    [
      0.5503393886214962,
      0.797475128594307,
      0.24730543181501585
    ]
  ],
  "position_diff": 0.10215448356569534,
  "orientation_diff": 2.363555284866617,
  "timestamp": 1741869947.077572,
  "image_file": "webcam_000080"
}