{
  "frame": 165,
  "object_rotation_in_cam": [
    [
      0.6415477214152471,
      -0.2011722826932727,
      -0.7402339048050166
    ],
    [
      -0.3466095619367586,
      0.7848428083899747,
      -0.5136959973491576
    ],
    [
      0.6843086531097737,
      0.586132646074688,
      0.43378587861359863
    ]
  ],
  "object_translation_in_cam": [
    -0.007955903857513075,
    -0.027927543777329436,
    0.6864309203320897
  ],
  "raw_rvec": [
    0.6860054628439708,
    -0.8885420311850027,
    -0.0907148296771048
  ],
  "refined_raw_rvec": [
    0.6860054628439708,
    -0.8885420311850027,
    -0.0907148296771048
  ],
  "num_inliers": 13,
  "total_matches": 34,
  "inlier_ratio": 0.38235294117647056,
  "reprojection_errors": [
    1.2944196462631226,
    1.7644696235656738,
    4.084155559539795,
    2.8811886310577393,
    3.5158631801605225,
    2.9680933952331543,
    2.291234254837036,
    2.732551336288452,
    1.0936890840530396,
    1.4130799770355225,
    1.7203677892684937,
    1.163993239402771,
    2.3875887393951416
  ],
  "mean_reprojection_error": 2.254668712615967,
  "std_reprojection_error": 0.9106245636940002,
  "inliers": [
    6,
    11,
    12,
    14,
    15,
    17,
    18,
    20,
    21,
    22,
    24,
    31,
    33
  ],
  "mkpts0": [
    [
      727.625,
      126.375
    ],
    [
      727.625,
      143.875
    ],
    [
      636.375,
      157.625
    ],
    [
      663.875,
      165.125
    ],
    [
      656.375,
      171.375
    ],
    [
      356.375,
      195.125
    ],
    [
      745.125,
      201.375
    ],
    [
      805.125,
      212.625
    ],
    [
      793.875,
      220.125
    ],
    [
      425.125,
      242.625
    ],
    [
      413.875,
      248.875
    ],
    [
      436.375,
      260.125
    ],
    [
      478.875,
      281.375
    ],
    [
      590.125,
      283.875
    ],
    [
      522.625,
      286.375
    ],
    [
      386.375,
      288.875
    ],
    [
      350.125,
      290.125
    ],
    [
      511.375,
      292.625
    ],
    [
      597.625,
      297.625
    ],
    [
      430.125,
      311.375
    ],
    [
      575.125,
      312.625
    ],
    [
      540.125,
      313.875
    ],
    [
      518.875,
      327.625
    ],
    [
      586.375,
      330.125
    ],
    [
      470.125,
      338.875
    ],
    [
      602.625,
      347.625
    ],
    [
      611.375,
      352.625
    ],
    [
      636.375,
      357.625
    ],
    [
      617.625,
      368.875
    ],
    [
      650.125,
      376.375
    ],
    [
      496.375,
      377.625
    ],
    [
      715.125,
      383.875
    ],
    [
      595.125,
      388.875
    ],
    [
      702.625,
      391.375
    ]
  ],
  "mkpts1": [
    [
      878.875,
      41.375
    ],
    [
      871.375,
      67.625
    ],
    [
      697.625,
      66.375
    ],
    [
      738.875,
      88.875
    ],
    [
      728.875,
      93.875
    ],
    [
      243.875,
      22.625
    ],
    [
      871.375,
      170.125
    ],
    [
      975.125,
      206.375
    ],
    [
      951.375,
      213.875
    ],
    [
      351.375,
      125.125
    ],
    [
      332.625,
      128.875
    ],
    [
      372.625,
      155.125
    ],
    [
      448.875,
      201.375
    ],
    [
      642.625,
      245.125
    ],
    [
      523.875,
      228.875
    ],
    [
      286.375,
      182.625
    ],
    [
      220.125,
      176.375
    ],
    [
      501.375,
      232.625
    ],
    [
      646.375,
      270.125
    ],
    [
      362.625,
      235.125
    ],
    [
      608.875,
      285.125
    ],
    [
      561.375,
      273.875
    ],
    [
      526.375,
      290.125
    ],
    [
      635.125,
      320.125
    ],
    [
      441.375,
      287.625
    ],
    [
      665.125,
      353.875
    ],
    [
      682.625,
      366.375
    ],
    [
      723.875,
      382.625
    ],
    [
      695.125,
      395.125
    ],
    [
      750.125,
      420.125
    ],
    [
      475.125,
      370.125
    ],
    [
      858.875,
      452.625
    ],
    [
      658.875,
      421.375
    ],
    [
      842.625,
      463.875
    ]
  ],
  "mpts3D": [
    [
      0.20600000023841858,
      -0.07000000029802322,
      -0.0020000000949949026
    ],
    [
      0.20600000023841858,
      -0.054999999701976776,
      -0.0020000000949949026
    ],
    [
      0.23000000417232513,
      -0.0,
      0.11299999803304672
    ],
    [
      0.23000000417232513,
      -0.0,
      0.07000000029802322
    ],
    [
      0.21699999272823334,
      0.0,
      0.07000000029802322
    ],
    [
      -0.0,
      -0.02500000037252903,
      0.23999999463558197
    ],
    [
      0.21699999272823334,
      -0.0,
      -0.027000000700354576
    ],
    [
      0.23000000417232513,
      0.0,
      -0.07000000029802322
    ],
    [
      0.21699999272823334,
      -0.0,
      -0.07000000029802322
    ],
    [
      -0.0,
      -0.0,
      0.15600000321865082
    ],
    [
      -0.014000000432133675,
      0.0,
      0.15600000321865082
    ],
    [
      -0.01899999938905239,
      -0.0,
      0.12800000607967377
    ],
    [
      -0.01899999938905239,
      -0.0,
      0.07400000095367432
    ],
    [
      0.02500000037252903,
      -0.014000000432133675,
      -0.010999999940395355
    ],
    [
      0.0,
      0.0,
      0.041999999433755875
    ],
    [
      -0.07400000095367432,
      -0.0,
      0.12800000607967377
    ],
    [
      -0.07999999821186066,
      -0.0,
      0.15600000321865082
    ],
    [
      -0.014000000432133675,
      0.0,
      0.041999999433755875
    ],
    [
      0.02500000037252903,
      0.0,
      -0.014999999664723873
    ],
    [
      -0.07400000095367432,
      -0.0,
      0.07400000095367432
    ],
    [
      0.0,
      -0.0,
      -0.014999999664723873
    ],
    [
      -0.03500000014901161,
      -0.017999999225139618,
      -0.009999999776482582
    ],
    [
      -0.05700000002980232,
      -0.017999999225139618,
      -0.009999999776482582
    ],
    [
      -0.014000000432133675,
      0.0,
      -0.041999999433755875
    ],
    [
      -0.10000000149011612,
      -0.029999999329447746,
      0.0
    ],
    [
      -0.023000000044703484,
      0.0,
      -0.06499999761581421
    ],
    [
      -0.023000000044703484,
      -0.0,
      -0.07500000298023224
    ],
    [
      -0.017000000923871994,
      -0.0,
      -0.09200000017881393
    ],
    [
      -0.03700000047683716,
      -0.0,
      -0.09700000286102295
    ],
    [
      -0.028999999165534973,
      -0.0,
      -0.12700000405311584
    ],
    [
      -0.09000000357627869,
      -0.0,
      -0.014999999664723873
    ],
    [
      0.0,
      0.0,
      -0.15600000321865082
    ],
    [
      -0.052000001072883606,
      -0.0,
      -0.09700000286102295
    ],
    [
      -0.014000000432133675,
      0.0,
      -0.15600000321865082
    ]
  ],
  "mconf": [
    0.968298614025116,
    0.8116534948348999,
    0.9432080388069153,
    0.91297447681427,
    0.9948855638504028,
    0.9690589308738708,
    0.9944107532501221,
    0.6122227311134338,
    0.9979003071784973,
    0.9905181527137756,
    0.9993763566017151,
    0.999591588973999,
    0.999748945236206,
    0.9879135489463806,
    0.6211032271385193,
    0.9991565942764282,
    0.9094365835189819,
    0.9943597316741943,
    0.9392445683479309,
    0.9991834163665771,
    0.9393289089202881,
    0.9971336126327515,
    0.9991226196289062,
    0.999375581741333,
    0.9775294065475464,
    0.9993180632591248,
    0.9998360872268677,
    0.9999419450759888,
    0.9999547600746155,
    0.9997702836990356,
    0.9982304573059082,
    0.9762118458747864,
    0.9999457597732544,
    0.9997934699058533
  ],
  "coverage_score": 0.7652465283787413,
  "pose_estimation_failed": false,
  "tracking_method": "loosely_coupled",
  "kf_translation_vector": [
    -0.0027294101070491697,
    -0.017775159807978027,
    0.6665476278770308
  ],