{
  "frame": 191,
  "object_rotation_in_cam": [
    [
      0.5696632952415606,
      -0.15605850626863088,
      -0.8069259400191139
    ],
    [
      -0.5506134246764953,
      0.6564374107819648,
      -0.5156692566867757
    ],
    [
      0.6101709486861434,
      0.7380621033131792,
      0.28802038995942275
    ]
  ],
  "object_translation_in_cam": [
    -0.055300333736818634,
    -0.07972930650087724,
    0.6941333204214789
  ],
  "raw_rvec": [
    0.850279597910332,
    -0.961073967814231,
    -0.26758682767366915
  ],
  "refined_raw_rvec": [
    0.850279597910332,
    -0.961073967814231,
    -0.26758682767366915
  ],
  "num_inliers": 11,
  "total_matches": 21,
  "inlier_ratio": 0.5238095238095238,
  "reprojection_errors": [
    1.6185622215270996,
    1.1647640466690063,
    2.105208158493042,
    1.9867035150527954,
    3.113562822341919,
    1.5520927906036377,
    1.763161540031433,
    2.6778807640075684,
    3.3217060565948486,
    1.1669315099716187,
    1.780127763748169
  ],
  "mean_reprojection_error": 2.0227911472320557,
  "std_reprojection_error": 0.6937485337257385,
  "inliers": [
    2,
    3,
    6,
    7,
    8,
    9,
    10,
    11,
    13,
    17,
    20
  ],
  "mkpts0": [
    [
      413.875,
      248.875
    ],
    [
      436.375,
      260.125
    ],
    [
      590.125,
      283.875
    ],
    [
      522.625,
      286.375
    ],
    [
      386.375,
      288.875
    ],
    [
      511.375,
      292.625
    ],
    [
      597.625,
      297.625
    ],
    [
      430.125,
      311.375
    ],
    [
      575.125,
      312.625
    ],
    [
      540.125,
      313.875
    ],
    [
      518.875,
      327.625
    ],
    [
      586.375,
      330.125
    ],
    [
      602.625,
      347.625
    ],
    [
      611.375,
      352.625
    ],
    [
      617.625,
      368.875
    ],
    [
      650.125,
      376.375
    ],
    [
      496.375,
      377.625
    ],
    [
      715.125,
      383.875
    ],
    [
      516.375,
      388.875
    ],
    [
      595.125,
      388.875
    ],
    [
      702.625,
      391.375
    ]
  ],
  "mkpts1": [
    [
      215.125,
      32.625
    ],
    [
      262.625,
      52.625
    ],
    [
      541.375,
      126.375
    ],
    [
      417.625,
      117.625
    ],
    [
      175.125,
      106.375
    ],
    [
      398.875,
      137.625
    ],
    [
      546.375,
      150.125
    ],
    [
      257.625,
      158.875
    ],
    [
      510.125,
      177.625
    ],
    [
      461.375,
      177.625
    ],
    [
      428.875,
      205.125
    ],
    [
      538.875,
      217.625
    ],
    [
      571.375,
      250.125
    ],
    [
      586.375,
      262.625
    ],
    [
      600.125,
      295.125
    ],
    [
      657.625,
      312.625
    ],
    [
      387.625,
      297.625
    ],
    [
      763.875,
      331.375
    ],
    [
      407.625,
      316.375
    ],
    [
      567.625,
      332.625
    ],
    [
      748.875,
      348.875
    ]
  ],
  "mpts3D": [
    [
      -0.014000000432133675,
      0.0,
      0.15600000321865082
    ],
    [
      -0.01899999938905239,
      -0.0,
      0.12800000607967377
    ],
    [
      0.02500000037252903,
      -0.014000000432133675,
      -0.010999999940395355
    ],
    [
      0.0,
      0.0,
      0.041999999433755875
    ],
    [
      -0.07400000095367432,
      -0.0,
      0.12800000607967377
    ],
    [
      -0.014000000432133675,
      0.0,
      0.041999999433755875
    ],
    [
      0.02500000037252903,
      0.0,
      -0.014999999664723873
    ],
    [
      -0.07400000095367432,
      -0.0,
      0.07400000095367432
    ],
    [
      0.0,
      -0.0,
      -0.014999999664723873
    ],
    [
      -0.03500000014901161,
      -0.017999999225139618,
      -0.009999999776482582
    ],
    [
      -0.05700000002980232,
      -0.017999999225139618,
      -0.009999999776482582
    ],
    [
      -0.014000000432133675,
      0.0,
      -0.041999999433755875
    ],
    [
      -0.023000000044703484,
      0.0,
      -0.06499999761581421
    ],
    [
      -0.023000000044703484,
      -0.0,
      -0.07500000298023224
    ],
    [
      -0.03700000047683716,
      -0.0,
      -0.09700000286102295
    ],
    [
      -0.028999999165534973,
      -0.0,
      -0.12700000405311584
    ],
    [
      -0.09000000357627869,
      -0.0,
      -0.014999999664723873
    ],
    [
      0.0,
      0.0,
      -0.15600000321865082
    ],
    [
      -0.09000000357627869,
      -0.0,
      -0.041999999433755875
    ],
    [
      -0.052000001072883606,
      -0.0,
      -0.09700000286102295
    ],
    [
      -0.014000000432133675,
      0.0,
      -0.15600000321865082
    ]
  ],
  "mconf": [
    0.9975235462188721,
    0.9982412457466125,
    0.35003626346588135,
    0.5673773288726807,
    0.9908905029296875,
    0.33619239926338196,
    0.9762845039367676,
    0.9989511966705322,
    0.9692151546478271,
    0.9973421692848206,
    0.9995465874671936,
    0.9953571557998657,
    0.9924409985542297,
    0.9995048642158508,
    0.9996954202651978,
    0.9995056986808777,
    0.8716627955436707,
    0.48493674397468567,
    0.935013473033905,
    0.9995687007904053,
    0.9981713891029358
  ],
  "coverage_score": 0.6493974703476993,
  "pose_estimation_failed": false,
  "tracking_method": "loosely_coupled",
  "kf_translation_vector": [
    -0.021088247855390735,
    -0.03203031193914407,
    0.6988504289975738
  ],
  "kf_quaternion": [
    0.45163018490269274,
    -0.47153682001481995,
    -0.1302871149686529,
    0.7461289909447401
  ],
  "kf_rotation_matrix": [
    [
      0.5213565900869126,
      -0.23149853517411711,
      -0.8213377710693605
    ],
    [
      -0.6203425096727664,
      0.5581108875158092,
      -0.5510784045208174
    ],
    [
      0.585971395774436,
      0.7968190920457127,
      0.1473664069101417
    ]
  ],
  "position_diff": 0.061884039882451156,
  "orientation_diff": 8.870454950580212,
  "timestamp": 1741869632.726188,
  "image_file": "webcam_000191"
}