{
  "frame": 200,
  "object_rotation_in_cam": [
    [
      0.6158651170127905,
      -0.17748217123423846,
      -0.7676003104095271
    ],
    [
      -0.5442724087876717,
      0.608586785096142,
      -0.5773990561464472
    ],
    [
      0.5696294433044061,
      0.7733836072094643,
      0.27820872276114844
    ]
  ],
  "object_translation_in_cam": [
    0.02636479375572449,
    -0.030090051394438527,
    0.6972803555842169
  ],
  "raw_rvec": [
    0.9188085461718478,
    -0.9095897950415904,
    -0.24949239730336953
  ],
  "refined_raw_rvec": [
    0.9188085461718478,
    -0.9095897950415904,
    -0.24949239730336953
  ],
  "num_inliers": 13,
  "total_matches": 23,
  "inlier_ratio": 0.5652173913043478,
  "reprojection_errors": [
    1.078305721282959,
    0.7189653515815735,
    0.8988131284713745,
    2.403940439224243,
    2.2341113090515137,
    1.4429583549499512,
    3.0985307693481445,
    3.5392138957977295,
    1.1537015438079834,
    2.2717905044555664,
    3.614806652069092,
    1.987318992614746,
    2.1177585124969482
  ],
  "mean_reprojection_error": 2.043093681335449,
  "std_reprojection_error": 0.9279829859733582,
  "inliers": [
    0,
    2,
    5,
    8,
    9,
    10,
    11,
    13,
    14,
    15,
    16,
    17,
    18
  ],
  "mkpts0": [
    [
      745.125,
      201.375
    ],
    [
      793.875,
      220.125
    ],
    [
      705.125,
      223.875
    ],
    [
      425.125,
      242.625
    ],
    [
      413.875,
      248.875
    ],
    [
      436.375,
      260.125
    ],
    [
      478.875,
      281.375
    ],
    [
      590.125,
      283.875
    ],
    [
      522.625,
      286.375
    ],
    [
      386.375,
      288.875
    ],
    [
      511.375,
      292.625
    ],
    [
      597.625,
      297.625
    ],
    [
      430.125,
      311.375
    ],
    [
      575.125,
      312.625
    ],
    [
      540.125,
      313.875
    ],
    [
      518.875,
      327.625
    ],
    [
      586.375,
      330.125
    ],
    [
      602.625,
      347.625
    ],
    [
      611.375,
      352.625
    ],
    [
      636.375,
      357.625
    ],
    [
      617.625,
      368.875
    ],
    [
      650.125,
      376.375
    ],
    [
      595.125,
      388.875
    ]
  ],
  "mkpts1": [
    [
      931.375,
      87.625
    ],
    [
      1016.375,
      137.625
    ],
    [
      867.625,
      118.875
    ],
    [
      410.125,
      98.875
    ],
    [
      391.375,
      107.625
    ],
    [
      435.125,
      138.875
    ],
    [
      518.875,
      195.125
    ],
    [
      711.375,
      236.375
    ],
    [
      591.375,
      218.875
    ],
    [
      355.125,
      191.375
    ],
    [
      573.875,
      230.125
    ],
    [
      717.625,
      257.625
    ],
    [
      440.125,
      255.125
    ],
    [
      681.375,
      285.125
    ],
    [
      638.875,
      293.875
    ],
    [
      607.625,
      320.125
    ],
    [
      712.625,
      328.875
    ],
    [
      742.625,
      371.375
    ],
    [
      760.125,
      386.375
    ],
    [
      801.375,
      400.125
    ],
    [
      775.125,
      421.375
    ],
    [
      828.875,
      445.125
    ],
    [
      742.625,
      458.875
    ]
  ],
  "mpts3D": [
    [
      0.21699999272823334,
      -0.0,
      -0.027000000700354576
    ],
    [
      0.21699999272823334,
      -0.0,
      -0.07000000029802322
    ],
    [
      0.17000000178813934,
      -0.0,
      -0.014999999664723873
    ],
    [
      -0.0,
      -0.0,
      0.15600000321865082
    ],
    [
      -0.014000000432133675,
      0.0,
      0.15600000321865082
    ],
    [
      -0.01899999938905239,
      -0.0,
      0.12800000607967377
    ],
    [
      -0.01899999938905239,
      -0.0,
      0.07400000095367432
    ],
    [
      0.02500000037252903,
      -0.014000000432133675,
      -0.010999999940395355
    ],
    [
      0.0,
      0.0,
      0.041999999433755875
    ],
    [
      -0.07400000095367432,
      -0.0,
      0.12800000607967377
    ],
    [
      -0.014000000432133675,
      0.0,
      0.041999999433755875
    ],
    [
      0.02500000037252903,
      0.0,
      -0.014999999664723873
    ],
    [
      -0.07400000095367432,
      -0.0,
      0.07400000095367432
    ],
    [
      0.0,
      -0.0,
      -0.014999999664723873
    ],
    [
      -0.03500000014901161,
      -0.017999999225139618,
      -0.009999999776482582
    ],
    [
      -0.05700000002980232,
      -0.017999999225139618,
      -0.009999999776482582
    ],
    [
      -0.014000000432133675,
      0.0,
      -0.041999999433755875
    ],
    [
      -0.023000000044703484,
      0.0,
      -0.06499999761581421
    ],
    [
      -0.023000000044703484,
      -0.0,
      -0.07500000298023224
    ],
    [
      -0.017000000923871994,
      -0.0,
      -0.09200000017881393
    ],
    [
      -0.03700000047683716,
      -0.0,
      -0.09700000286102295
    ],
    [
      -0.028999999165534973,
      -0.0,
      -0.12700000405311584
    ],
    [
      -0.052000001072883606,
      -0.0,
      -0.09700000286102295
    ]
  ],
  "mconf": [
    0.9905898571014404,
    0.865300178527832,
    0.851521909236908,
    0.9278656244277954,
    0.9939513802528381,
    0.9980641007423401,
    0.9949533939361572,
    0.9311638474464417,
    0.6703892350196838,
    0.9916895031929016,
    0.9142959117889404,
    0.9540578126907349,
    0.9987850189208984,
    0.9645785689353943,
    0.993319571018219,
    0.9990785717964172,
    0.9961479902267456,
    0.9941089153289795,
    0.9940784573554993,
    0.9995079040527344,
    0.999599039554596,
    0.9984594583511353,
    0.9992566704750061
  ],
  "coverage_score": 0.769742378465751,
  "pose_estimation_failed": false,
  "tracking_method": "loosely_coupled",
  "kf_translation_vector": [
    0.02894426128991625,
    -0.03012921909067031,
    0.7761628552174648
  ],
  "kf_quaternion": [
    0.3959199847270949,
    -0.4474390193456559,
    -0.16597429659158738,
    0.7845369478435179
  ],
  "kf_rotation_matrix": [
    [
      0.5445017136758511,
      -0.09387416327439924,
      -0.8334899671103384
    ],
    [
      -0.6147260355481543,
      0.6313997971292495,
      -0.4727009598090447
    ],
    [
      0.570639803223812,
      0.7697544658231442,
      0.2860913793213895
    ]
  ],
  "position_diff": 0.0825513965583376,
  "orientation_diff": 7.289101253679102,
  "timestamp": 1741869963.3284976,
  "image_file": "webcam_000200"
}