{
  "frame": 110,
  "object_rotation_in_cam": [
    [
      0.8181518010427862,
      -0.10895785651794763,
      -0.5645846402032734
    ],
    [
      -0.18039952543309606,
      0.8836676339855324,
      -0.4319577801937651
    ],
    [
      0.545970367029163,
      0.45525783699945865,
      0.7033183206604358
    ]
  ],
  "object_translation_in_cam": [
    -0.005780420927586412,
    0.008690381590667895,
    0.6362049652135608
  ],
  "raw_rvec": [
    0.49359023257553986,
    -0.6178420371385402,
    -0.03974559204330716
  ],
  "refined_raw_rvec": [
    0.49359023257553986,
    -0.6178420371385402,
    -0.03974559204330716
  ],
  "num_inliers": 9,
  "total_matches": 20,
  "inlier_ratio": 0.45,
  "reprojection_errors": [
    0.7667300701141357,
    3.6120877265930176,
    1.0640535354614258,
    0.7605434656143188,
    0.4421581029891968,
    3.3942935466766357,
    3.8597888946533203,
    2.950969934463501,
    2.802666664123535
  ],
  "mean_reprojection_error": 2.183698892593384,
  "std_reprojection_error": 1.316843032836914,
  "inliers": [
    4,
    9,
    10,
    11,
    12,
    13,
    14,
    15,
    19
  ],
  "mkpts0": [
    [
      356.375,
      195.125
    ],
    [
      425.125,
      242.625
    ],
    [
      413.875,
      248.875
    ],
    [
      436.375,
      260.125
    ],
    [
      478.875,
      281.375
    ],
    [
      590.125,
      283.875
    ],
    [
      386.375,
      288.875
    ],
    [
      350.125,
      290.125
    ],
    [
      430.125,
      311.375
    ],
    [
      540.125,
      313.875
    ],
    [
      518.875,
      327.625
    ],
    [
      586.375,
      330.125
    ],
    [
      470.125,
      338.875
    ],
    [
      602.625,
      347.625
    ],
    [
      611.375,
      352.625
    ],
    [
      636.375,
      357.625
    ],
    [
      617.625,
      368.875
    ],
    [
      650.125,
      376.375
    ],
    [
      595.125,
      388.875
    ],
    [
      702.625,
      391.375
    ]
  ],
  "mkpts1": [
    [
      343.875,
      142.625
    ],
    [
      396.375,
      217.625
    ],
    [
      390.125,
      228.875
    ],
    [
      418.875,
      251.375
    ],
    [
      467.625,
      286.375
    ],
    [
      657.625,
      337.625
    ],
    [
      311.375,
      256.375
    ],
    [
      261.375,
      245.125
    ],
    [
      358.875,
      300.125
    ],
    [
      541.375,
      340.125
    ],
    [
      492.625,
      347.625
    ],
    [
      621.375,
      400.125
    ],
    [
      386.375,
      328.875
    ],
    [
      633.875,
      428.875
    ],
    [
      647.625,
      441.375
    ],
    [
      691.375,
      461.375
    ],
    [
      646.375,
      466.375
    ],
    [
      703.875,
      496.375
    ],
    [
      587.625,
      482.625
    ],
    [
      803.875,
      552.625
    ]
  ],
  "mpts3D": [
    [
      -0.0,
      -0.02500000037252903,
      0.23999999463558197
    ],
    [
      -0.0,
      -0.0,
      0.15600000321865082
    ],
    [
      -0.014000000432133675,
      0.0,
      0.15600000321865082
    ],
    [
      -0.01899999938905239,
      -0.0,
      0.12800000607967377
    ],
    [
      -0.01899999938905239,
      -0.0,
      0.07400000095367432
    ],
    [
      0.02500000037252903,
      -0.014000000432133675,
      -0.010999999940395355
    ],
    [
      -0.07400000095367432,
      -0.0,
      0.12800000607967377
    ],
    [
      -0.07999999821186066,
      -0.0,
      0.15600000321865082
    ],
    [
      -0.07400000095367432,
      -0.0,
      0.07400000095367432
    ],
    [
      -0.03500000014901161,
      -0.017999999225139618,
      -0.009999999776482582
    ],
    [
      -0.05700000002980232,
      -0.017999999225139618,
      -0.009999999776482582
    ],
    [
      -0.014000000432133675,
      0.0,
      -0.041999999433755875
    ],
    [
      -0.10000000149011612,
      -0.029999999329447746,
      0.0
    ],
    [
      -0.023000000044703484,
      0.0,
      -0.06499999761581421
    ],
    [
      -0.023000000044703484,
      -0.0,
      -0.07500000298023224
    ],
    [
      -0.017000000923871994,
      -0.0,
      -0.09200000017881393
    ],
    [
      -0.03700000047683716,
      -0.0,
      -0.09700000286102295
    ],
    [
      -0.028999999165534973,
      -0.0,
      -0.12700000405311584
    ],
    [
      -0.052000001072883606,
      -0.0,
      -0.09700000286102295
    ],
    [
      -0.014000000432133675,
      0.0,
      -0.15600000321865082
    ]
  ],
  "mconf": [
    0.9471487998962402,
    0.2212318480014801,
    0.9720718860626221,
    0.8992980718612671,
    0.9636428356170654,
    0.18449538946151733,
    0.9150668978691101,
    0.3835919201374054,
    0.9776697158813477,
    0.3112525939941406,
    0.3742157220840454,
    0.8183043003082275,
    0.9846160411834717,
    0.8850635886192322,
    0.6588757634162903,
    0.8715929388999939,
    0.8054375052452087,
    0.8142490983009338,
    0.8347679376602173,
    0.23911310732364655
  ],
  "coverage_score": 0.2717822215997982,
  "pose_estimation_failed": false,
  "tracking_method": "loosely_coupled",
  "kf_translation_vector": [
    -0.02185349605017532,
    -0.012597898959588998,
    0.6552153303509726
  ],
  "kf_quaternion": [
    0.4498284059686907,
    -0.4719646406212707,
    -0.12967848546461314,
    0.7470523901270283
  ],
  "kf_rotation_matrix": [
    [
      0.5208657368216778,
      -0.23085295889971966,
      -0.8218307584730904
    ],
    [
      -0.618359448957289,
      0.5616757911825417,
      -0.5496834520746496
    ],
    [
      0.5884984928531665,
      0.7944980912291169,
      0.1498075663738031
    ]
  ],
  "position_diff": 0.03445457657836558,
  "orientation_diff": 39.23573891529713,
  "timestamp": 1741869621.8446972,
  "image_file": "webcam_000110"
}