{
  "frame": 143,
  "object_rotation_in_cam": [
    [
      0.768194725826622,
      -0.19799921410659255,
      -0.6088293475394668
    ],
    [
      -0.2826854505030632,
      0.7483484125750957,
      -0.6000529888853273
    ],
    [
      0.5744264959818979,
      0.6330647396668893,
      0.5189058065819387
    ]
  ],
  "object_translation_in_cam": [
    0.022052775564554754,
    0.0028775407123012814,
    0.6269436198929266
  ],
  "raw_rvec": [
    0.7398348664828821,
    -0.7099191818728681,
    -0.050809285234169416
  ],
  "refined_raw_rvec": [
    0.7398348664828821,
    -0.7099191818728681,
    -0.050809285234169416
  ],
  "num_inliers": 14,
  "total_matches": 36,
  "inlier_ratio": 0.3888888888888889,
  "reprojection_errors": [
    0.6036974787712097,
    1.209547758102417,
    2.5534331798553467,
    0.7999715209007263,
    1.9568719863891602,
    3.8186872005462646,
    1.9769461154937744,
    2.309706449508667,
    2.9137613773345947,
    2.936633348464966,
    3.4755403995513916,
    3.44709849357605,
    3.5233709812164307,
    2.5330069065093994
  ],
  "mean_reprojection_error": 2.4327337741851807,
  "std_reprojection_error": 0.988991379737854,
  "inliers": [
    6,
    8,
    12,
    16,
    18,
    20,
    21,
    22,
    23,
    25,
    26,
    27,
    32,
    35
  ],
  "mkpts0": [
    [
      727.625,
      126.375
    ],
    [
      727.625,
      143.875
    ],
    [
      636.375,
      157.625
    ],
    [
      663.875,
      165.125
    ],
    [
      656.375,
      171.375
    ],
    [
      356.375,
      195.125
    ],
    [
      745.125,
      201.375
    ],
    [
      793.875,
      220.125
    ],
    [
      705.125,
      223.875
    ],
    [
      835.125,
      225.125
    ],
    [
      425.125,
      242.625
    ],
    [
      413.875,
      248.875
    ],
    [
      436.375,
      260.125
    ],
    [
      478.875,
      281.375
    ],
    [
      590.125,
      283.875
    ],
    [
      522.625,
      286.375
    ],
    [
      386.375,
      288.875
    ],
    [
      350.125,
      290.125
    ],
    [
      511.375,
      292.625
    ],
    [
      597.625,
      297.625
    ],
    [
      430.125,
      311.375
    ],
    [
      575.125,
      312.625
    ],
    [
      540.125,
      313.875
    ],
    [
      518.875,
      327.625
    ],
    [
      586.375,
      330.125
    ],
    [
      470.125,
      338.875
    ],
    [
      602.625,
      347.625
    ],
    [
      611.375,
      352.625
    ],
    [
      636.375,
      357.625
    ],
    [
      617.625,
      368.875
    ],
    [
      650.125,
      376.375
    ],
    [
      496.375,
      377.625
    ],
    [
      715.125,
      383.875
    ],
    [
      516.375,
      388.875
    ],
    [
      595.125,
      388.875
    ],
    [
      702.625,
      391.375
    ]
  ],
  "mkpts1": [
    [
      1036.375,
      107.625
    ],
    [
      1025.125,
      133.875
    ],
    [
      841.375,
      107.625
    ],
    [
      882.625,
      138.875
    ],
    [
      868.875,
      142.625
    ],
    [
      351.375,
      28.875
    ],
    [
      1015.125,
      243.875
    ],
    [
      1100.125,
      306.375
    ],
    [
      933.875,
      256.375
    ],
    [
      1173.875,
      337.625
    ],
    [
      440.125,
      148.875
    ],
    [
      420.125,
      151.375
    ],
    [
      453.875,
      183.875
    ],
    [
      521.375,
      243.875
    ],
    [
      720.125,
      315.125
    ],
    [
      590.125,
      273.875
    ],
    [
      350.125,
      208.875
    ],
    [
      292.625,
      187.625
    ],
    [
      571.375,
      285.125
    ],
    [
      725.125,
      342.625
    ],
    [
      416.375,
      276.375
    ],
    [
      676.375,
      356.375
    ],
    [
      617.625,
      343.875
    ],
    [
      572.625,
      360.125
    ],
    [
      696.375,
      402.625
    ],
    [
      472.625,
      353.875
    ],
    [
      717.625,
      447.625
    ],
    [
      733.875,
      463.875
    ],
    [
      776.375,
      488.875
    ],
    [
      740.125,
      500.125
    ],
    [
      798.875,
      537.625
    ],
    [
      505.125,
      441.375
    ],
    [
      918.875,
      592.625
    ],
    [
      526.375,
      467.625
    ],
    [
      690.125,
      530.125
    ],
    [
      897.625,
      602.625
    ]
  ],
  "mpts3D": [
    [
      0.20600000023841858,
      -0.07000000029802322,
      -0.0020000000949949026
    ],
    [
      0.20600000023841858,
      -0.054999999701976776,
      -0.0020000000949949026
    ],
    [
      0.23000000417232513,
      -0.0,
      0.11299999803304672
    ],
    [
      0.23000000417232513,
      -0.0,
      0.07000000029802322
    ],
    [
      0.21699999272823334,
      0.0,
      0.07000000029802322
    ],
    [
      -0.0,
      -0.02500000037252903,
      0.23999999463558197
    ],
    [
      0.21699999272823334,
      -0.0,
      -0.027000000700354576
    ],
    [
      0.21699999272823334,
      -0.0,
      -0.07000000029802322
    ],
    [
      0.17000000178813934,
      -0.0,
      -0.014999999664723873
    ],
    [
      0.23000000417232513,
      -0.0,
      -0.11299999803304672
    ],
    [
      -0.0,
      -0.0,
      0.15600000321865082
    ],
    [
      -0.014000000432133675,
      0.0,
      0.15600000321865082
    ],
    [
      -0.01899999938905239,
      -0.0,
      0.12800000607967377
    ],
    [
      -0.01899999938905239,
      -0.0,
      0.07400000095367432
    ],
    [
      0.02500000037252903,
      -0.014000000432133675,
      -0.010999999940395355
    ],
    [
      0.0,
      0.0,
      0.041999999433755875
    ],
    [
      -0.07400000095367432,
      -0.0,
      0.12800000607967377
    ],
    [
      -0.07999999821186066,
      -0.0,
      0.15600000321865082
    ],
    [
      -0.014000000432133675,
      0.0,
      0.041999999433755875
    ],
    [
      0.02500000037252903,
      0.0,
      -0.014999999664723873
    ],
    [
      -0.07400000095367432,
      -0.0,
      0.07400000095367432
    ],
    [
      0.0,
      -0.0,
      -0.014999999664723873
    ],
    [
      -0.03500000014901161,
      -0.017999999225139618,
      -0.009999999776482582
    ],
    [
      -0.05700000002980232,
      -0.017999999225139618,
      -0.009999999776482582
    ],
    [
      -0.014000000432133675,
      0.0,
      -0.041999999433755875
    ],
    [
      -0.10000000149011612,
      -0.029999999329447746,
      0.0
    ],
    [
      -0.023000000044703484,
      0.0,
      -0.06499999761581421
    ],
    [
      -0.023000000044703484,
      -0.0,
      -0.07500000298023224
    ],
    [
      -0.017000000923871994,
      -0.0,
      -0.09200000017881393
    ],
    [
      -0.03700000047683716,
      -0.0,
      -0.09700000286102295
    ],
    [
      -0.028999999165534973,
      -0.0,
      -0.12700000405311584
    ],
    [
      -0.09000000357627869,
      -0.0,
      -0.014999999664723873
    ],
    [
      0.0,
      0.0,
      -0.15600000321865082
    ],
    [
      -0.09000000357627869,
      -0.0,
      -0.041999999433755875
    ],
    [
      -0.052000001072883606,
      -0.0,
      -0.09700000286102295
    ],
    [
      -0.014000000432133675,
      0.0,
      -0.15600000321865082
    ]
  ],