{
  "frame": 190,
  "kf_translation_vector": [
    -0.019178822344784022,
    -0.02936179114576608,
    0.6985652019727174
  ],
  "kf_quaternion": [
    0.45181077126602925,
    -0.47118300900121535,
    -0.13057354691288733,
    0.7461931035885714
  ],
  "kf_rotation_matrix": [
    [
      0.5218742417502973,
      -0.2309049569735844,
      -0.8211760935649426
    ],
    [
      -0.6206372778435657,
      0.5576351516291675,
      -0.5512280898307378
    ],
    [
      0.5851979538143319,
      0.7973242367522402,
      0.14770719799311283
    ]
  ],
  "pose_estimation_failed": true,
  "tracking_method": "prediction",
  "timestamp": 1741869632.5902166,
  "image_file": "webcam_000190"
}