{
  "frame": 13,
  "object_rotation_in_cam": [
    [
      0.6588734135474104,
      -0.1557092758883647,
      -0.7359622587624344
    ],
    [
      -0.5012247657210579,
      0.6386668561315499,
      -0.5838479092254358
    ],
    [
      0.5609452372097063,
      0.7535643756716233,
      0.342755266291246
    ]
  ],
  "object_translation_in_cam": [
    0.025418172145481786,
    -0.02597881651590915,
    0.6792930416162832
  ],
  "raw_rvec": [
    0.8787291498940956,
    -0.85211601111814,
    -0.22701640779327356
  ],
  "refined_raw_rvec": [
    0.8787291498940956,
    -0.85211601111814,
    -0.22701640779327356
  ],
  "num_inliers": 13,
  "total_matches": 27,
  "inlier_ratio": 0.48148148148148145,
  "reprojection_errors": [
    1.760971188545227,
    0.9334158301353455,
    3.22510027885437,
    2.6864030361175537,
    3.1367552280426025,
    2.3739469051361084,
    1.1204988956451416,
    2.858409881591797,
    3.4072909355163574,
    1.7158390283584595,
    0.3131523132324219,
    3.2797296047210693,
    3.3997087478637695
  ],
  "mean_reprojection_error": 2.3239402770996094,
  "std_reprojection_error": 1.0095152854919434,
  "inliers": [
    2,
    8,
    11,
    12,
    14,
    16,
    17,
    18,
    19,
    20,
    21,
    22,
    26
  ],
  "mkpts0": [
    [
      663.875,
      165.125
    ],
    [
      656.375,
      171.375
    ],
    [
      745.125,
      201.375
    ],
    [
      805.125,
      212.625
    ],
    [
      793.875,
      220.125
    ],
    [
      705.125,
      223.875
    ],
    [
      425.125,
      242.625
    ],
    [
      413.875,
      248.875
    ],
    [
      436.375,
      260.125
    ],
    [
      478.875,
      281.375
    ],
    [
      590.125,
      283.875
    ],
    [
      522.625,
      286.375
    ],
    [
      386.375,
      288.875
    ],
    [
      511.375,
      292.625
    ],
    [
      597.625,
      297.625
    ],
    [
      430.125,
      311.375
    ],
    [
      575.125,
      312.625
    ],
    [
      540.125,
      313.875
    ],
    [
      518.875,
      327.625
    ],
    [
      586.375,
      330.125
    ],
    [
      602.625,
      347.625
    ],
    [
      611.375,
      352.625
    ],
    [
      636.375,
      357.625
    ],
    [
      617.625,
      368.875
    ],
    [
      650.125,
      376.375
    ],
    [
      595.125,
      388.875
    ],
    [
      702.625,
      391.375
    ]
  ],
  "mkpts1": [
    [
      843.875,
      11.375
    ],
    [
      803.875,
      16.375
    ],
    [
      953.875,
      106.375
    ],
    [
      1053.875,
      148.875
    ],
    [
      1040.125,
      158.875
    ],
    [
      850.125,
      168.875
    ],
    [
      415.125,
      101.375
    ],
    [
      396.375,
      110.125
    ],
    [
      437.625,
      141.375
    ],
    [
      500.125,
      198.875
    ],
    [
      713.875,
      243.875
    ],
    [
      591.375,
      225.125
    ],
    [
      352.625,
      190.125
    ],
    [
      571.375,
      233.875
    ],
    [
      720.125,
      266.375
    ],
    [
      433.875,
      253.875
    ],
    [
      681.375,
      291.375
    ],
    [
      632.625,
      297.625
    ],
    [
      597.625,
      322.625
    ],
    [
      708.875,
      337.625
    ],
    [
      736.375,
      380.125
    ],
    [
      753.875,
      395.125
    ],
    [
      795.125,
      410.125
    ],
    [
      766.375,
      431.375
    ],
    [
      821.375,
      456.375
    ],
    [
      731.375,
      467.625
    ],
    [
      915.125,
      502.625
    ]
  ],
  "mpts3D": [
    [
      0.23000000417232513,
      -0.0,
      0.07000000029802322
    ],
    [
      0.21699999272823334,
      0.0,
      0.07000000029802322
    ],
    [
      0.21699999272823334,
      -0.0,
      -0.027000000700354576
    ],
    [
      0.23000000417232513,
      0.0,
      -0.07000000029802322
    ],
    [
      0.21699999272823334,
      -0.0,
      -0.07000000029802322
    ],
    [
      0.17000000178813934,
      -0.0,
      -0.014999999664723873
    ],
    [
      -0.0,
      -0.0,
      0.15600000321865082
    ],
    [
      -0.014000000432133675,
      0.0,
      0.15600000321865082
    ],
    [
      -0.01899999938905239,
      -0.0,
      0.12800000607967377
    ],
    [
      -0.01899999938905239,
      -0.0,
      0.07400000095367432
    ],
    [
      0.02500000037252903,
      -0.014000000432133675,
      -0.010999999940395355
    ],
    [
      0.0,
      0.0,
      0.041999999433755875
    ],
    [
      -0.07400000095367432,
      -0.0,
      0.12800000607967377
    ],
    [
      -0.014000000432133675,
      0.0,
      0.041999999433755875
    ],
    [
      0.02500000037252903,
      0.0,
      -0.014999999664723873
    ],
    [
      -0.07400000095367432,
      -0.0,
      0.07400000095367432
    ],
    [
      0.0,
      -0.0,
      -0.014999999664723873
    ],
    [
      -0.03500000014901161,
      -0.017999999225139618,
      -0.009999999776482582
    ],
    [
      -0.05700000002980232,
      -0.017999999225139618,
      -0.009999999776482582
    ],
    [
      -0.014000000432133675,
      0.0,
      -0.041999999433755875
    ],
    [
      -0.023000000044703484,
      0.0,
      -0.06499999761581421
    ],
    [
      -0.023000000044703484,
      -0.0,
      -0.07500000298023224
    ],
    [
      -0.017000000923871994,
      -0.0,
      -0.09200000017881393
    ],
    [
      -0.03700000047683716,
      -0.0,
      -0.09700000286102295
    ],
    [
      -0.028999999165534973,
      -0.0,
      -0.12700000405311584
    ],
    [
      -0.052000001072883606,
      -0.0,
      -0.09700000286102295
    ],
    [
      -0.014000000432133675,
      0.0,
      -0.15600000321865082
    ]
  ],
  "mconf": [
    0.23644225299358368,
    0.8573789000511169,
    0.9336221814155579,
    0.13552117347717285,
    0.8317157030105591,
    0.22426055371761322,
    0.7825669050216675,
    0.9894949793815613,
    0.9945340156555176,
    0.49602100253105164,
    0.955674946308136,
    0.5410827398300171,
    0.9892120361328125,
    0.7433943152427673,
    0.9103001952171326,
    0.9907942414283752,
    0.9547517895698547,
    0.996301531791687,
    0.998999297618866,
    0.9987758994102478,
    0.998706579208374,
    0.9978310465812683,
    0.9998024106025696,
    0.9997907280921936,
    0.9993754625320435,
    0.9993149638175964,
    0.7381381392478943
  ],
  "coverage_score": 0.6546483341185019,
  "pose_estimation_failed": false,
  "tracking_method": "loosely_coupled",
  "kf_translation_vector": [
    0.03555359133327973,
    -0.04782091116846153,
    0.7546619339684996
  ],
  "kf_quaternion": [
    0.4267720836565014,
    -0.4094578320199852,
    -0.15561571004642774,
    0.7911975879612678
  ],
  "kf_rotation_matrix": [
    [
      0.6162560691684794,
      -0.1032447954060583,
      -0.7807489797845243
    ],
    [
      -0.5957358931565129,
      0.5872986787964687,
      -0.5478859438687348
    ],
    [
      0.5150992164797247,
      0.8027582289241785,
      0.3004197448179635
    ]
  ],
  "position_diff": 0.08650831671481843,
  "orientation_diff": 6.070276081055691,
  "timestamp": 1741869976.2554133,
  "image_file": "webcam_000013"
}