{
  "frame": 24,
  "object_rotation_in_cam": [
    [
      0.6882930668371916,
      -0.13100419794622983,
      -0.713505819362616
    ],
    [
      -0.517353791627734,
      0.6008257589091777,
      -0.6093877761488309
    ],
    [
      0.5085250322572727,
      0.7885723223342773,
      0.3457686857077489
    ]
  ],
  "object_translation_in_cam": [
    -4.2042679871250804e-05,
    -0.015766369767002776,
    0.7116826580764596
  ],
  "raw_rvec": [
    0.9197332229084101,
    -0.803987449193601,
    -0.2541836189399208
  ],
  "refined_raw_rvec": [
    0.9197332229084101,
    -0.803987449193601,
    -0.2541836189399208
  ],
  "num_inliers": 16,
  "total_matches": 27,
  "inlier_ratio": 0.5925925925925926,
  "reprojection_errors": [
    1.5699127912521362,
    1.408350944519043,
    3.5187430381774902,
    2.801137685775757,
    2.6936933994293213,
    1.2263716459274292,
    2.2536466121673584,
    1.8898919820785522,
    1.7589224576950073,
    3.0038154125213623,
    1.7345327138900757,
    3.0806615352630615,
    3.3078322410583496,
    1.8584554195404053,
    0.2731015086174011,
    1.691627025604248
  ],
  "mean_reprojection_error": 2.12941837310791,
  "std_reprojection_error": 0.8471794724464417,
  "inliers": [
    6,
    9,
    10,
    11,
    12,
    13,
    14,
    15,
    16,
    17,
    18,
    19,
    20,
    21,
    22,
    26
  ],
  "mkpts0": [
    [
      727.625,
      143.875
    ],
    [
      656.375,
      171.375
    ],
    [
      745.125,
      201.375
    ],
    [
      805.125,
      212.625
    ],
    [
      793.875,
      220.125
    ],
    [
      705.125,
      223.875
    ],
    [
      835.125,
      225.125
    ],
    [
      425.125,
      242.625
    ],
    [
      413.875,
      248.875
    ],
    [
      436.375,
      260.125
    ],
    [
      478.875,
      281.375
    ],
    [
      590.125,
      283.875
    ],
    [
      522.625,
      286.375
    ],
    [
      386.375,
      288.875
    ],
    [
      511.375,
      292.625
    ],
    [
      597.625,
      297.625
    ],
    [
      430.125,
      311.375
    ],
    [
      575.125,
      312.625
    ],
    [
      540.125,
      313.875
    ],
    [
      518.875,
      327.625
    ],
    [
      586.375,
      330.125
    ],
    [
      602.625,
      347.625
    ],
    [
      611.375,
      352.625
    ],
    [
      617.625,
      368.875
    ],
    [
      650.125,
      376.375
    ],
    [
      595.125,
      388.875
    ],
    [
      702.625,
      391.375
    ]
  ],
  "mkpts1": [
    [
      902.625,
      25.125
    ],
    [
      761.375,
      26.375
    ],
    [
      903.875,
      118.875
    ],
    [
      997.625,
      161.375
    ],
    [
      982.625,
      172.625
    ],
    [
      833.875,
      147.625
    ],
    [
      1062.625,
      203.875
    ],
    [
      377.625,
      122.625
    ],
    [
      360.125,
      132.625
    ],
    [
      398.875,
      165.125
    ],
    [
      472.625,
      222.625
    ],
    [
      657.625,
      267.625
    ],
    [
      542.625,
      247.625
    ],
    [
      312.625,
      216.375
    ],
    [
      522.625,
      257.625
    ],
    [
      662.625,
      287.625
    ],
    [
      387.625,
      280.125
    ],
    [
      623.875,
      315.125
    ],
    [
      573.875,
      325.125
    ],
    [
      540.125,
      351.375
    ],
    [
      647.625,
      361.375
    ],
    [
      671.375,
      403.875
    ],
    [
      686.375,
      418.875
    ],
    [
      696.375,
      453.875
    ],
    [
      746.375,
      478.875
    ],
    [
      660.125,
      491.375
    ],
    [
      833.875,
      523.875
    ]
  ],
  "mpts3D": [
    [
      0.20600000023841858,
      -0.054999999701976776,
      -0.0020000000949949026
    ],
    [
      0.21699999272823334,
      0.0,
      0.07000000029802322
    ],
    [
      0.21699999272823334,
      -0.0,
      -0.027000000700354576
    ],
    [
      0.23000000417232513,
      0.0,
      -0.07000000029802322
    ],
    [
      0.21699999272823334,
      -0.0,
      -0.07000000029802322
    ],
    [
      0.17000000178813934,
      -0.0,
      -0.014999999664723873
    ],
    [
      0.23000000417232513,
      -0.0,
      -0.11299999803304672
    ],
    [
      -0.0,
      -0.0,
      0.15600000321865082
    ],
    [
      -0.014000000432133675,
      0.0,
      0.15600000321865082
    ],
    [
      -0.01899999938905239,
      -0.0,
      0.12800000607967377
    ],
    [
      -0.01899999938905239,
      -0.0,
      0.07400000095367432
    ],
    [
      0.02500000037252903,
      -0.014000000432133675,
      -0.010999999940395355
    ],
    [
      0.0,
      0.0,
      0.041999999433755875
    ],
    [
      -0.07400000095367432,
      -0.0,
      0.12800000607967377
    ],
    [
      -0.014000000432133675,
      0.0,
      0.041999999433755875
    ],
    [
      0.02500000037252903,
      0.0,
      -0.014999999664723873
    ],
    [
      -0.07400000095367432,
      -0.0,
      0.07400000095367432
    ],
    [
      0.0,
      -0.0,
      -0.014999999664723873
    ],
    [
      -0.03500000014901161,
      -0.017999999225139618,
      -0.009999999776482582
    ],
    [
      -0.05700000002980232,
      -0.017999999225139618,
      -0.009999999776482582
    ],
    [
      -0.014000000432133675,
      0.0,
      -0.041999999433755875
    ],
    [
      -0.023000000044703484,
      0.0,
      -0.06499999761581421
    ],
    [
      -0.023000000044703484,
      -0.0,
      -0.07500000298023224
    ],
    [
      -0.03700000047683716,
      -0.0,
      -0.09700000286102295
    ],
    [
      -0.028999999165534973,
      -0.0,
      -0.12700000405311584
    ],
    [
      -0.052000001072883606,
      -0.0,
      -0.09700000286102295
    ],
    [
      -0.014000000432133675,
      0.0,
      -0.15600000321865082
    ]
  ],
  "mconf": [
    0.7672945857048035,
    0.10253988206386566,
    0.9868988394737244,
    0.7013068199157715,
    0.9501505494117737,
    0.15061825513839722,
    0.15154772996902466,
    0.9013108015060425,
    0.9932470917701721,
    0.9973984956741333,
    0.9768586158752441,
    0.9288755655288696,
    0.7914097309112549,
    0.9949439167976379,
    0.9723893404006958,
    0.9026432037353516,
    0.994968831539154,
    0.9245182275772095,
    0.9899465441703796,
    0.9969021081924438,
    0.9977571964263916,
    0.9884627461433411,
    0.9817816019058228,
    0.9990901947021484,
    0.9982245564460754,
    0.9985473155975342,
    0.16272826492786407
  ],
  "coverage_score": 0.7653094974242585,
  "pose_estimation_failed": false,
  "tracking_method": "loosely_coupled",
  "kf_translation_vector": [
    0.001823906697744025,
    -0.014285587739834049,
    0.7128415555705323
  ],
  "kf_quaternion": [
    0.3984882476183332,
    -0.4913180771361969,
    -0.07249781815231737,
    0.7710756966423036
  ],
  "kf_rotation_matrix": [
    [
      0.5067012268846871,
      -0.279766347888734,
      -0.8154659142248393
    ],
    [
      -0.5033715704361146,
      0.671902365746447,
      -0.5432902290498215
    ],
    [
      0.6999078001781611,
      0.6857681834944865,
      0.19962732717852005
    ]
  ],
  "position_diff": 0.0034285251836681492,
  "orientation_diff": 15.347500749816673,
  "timestamp": 1741869674.0172546,
  "image_file": "webcam_000024"
}