{
  "frame": 138,
  "object_rotation_in_cam": [
    [
      0.6302423173081082,
      -0.17979168556575173,
      -0.7552943606803453
    ],
    [
      -0.520043920284403,
      0.6245869344029031,
      -0.5826195004875934
    ],
    [
      0.5764971313452782,
      0.7599777043931022,
      0.30014154390229886
    ]
  ],
  "object_translation_in_cam": [
    0.024561451781879115,
    -0.013390582614192102,
    0.698903093134937
  ],
  "raw_rvec": [
    0.9011071122356464,
    -0.8938546729552096,
    -0.22836611572291662
  ],
  "refined_raw_rvec": [
    0.9011071122356464,
    -0.8938546729552096,
    -0.22836611572291662
  ],
  "num_inliers": 15,
  "total_matches": 29,
  "inlier_ratio": 0.5172413793103449,
  "reprojection_errors": [
    1.4524199962615967,
    1.4751087427139282,
    1.6603538990020752,
    3.057710647583008,
    2.8369553089141846,
    2.023379325866699,
    2.0932488441467285,
    3.430591583251953,
    2.9028480052948,
    2.1828486919403076,
    2.3713161945343018,
    3.0276265144348145,
    1.0298075675964355,
    1.3781341314315796,
    4.028207302093506
  ],
  "mean_reprojection_error": 2.3300368785858154,
  "std_reprojection_error": 0.8333067297935486,
  "inliers": [
    5,
    7,
    10,
    13,
    14,
    15,
    16,
    17,
    18,
    19,
    20,
    21,
    22,
    23,
    24
  ],
  "mkpts0": [
    [
      727.625,
      126.375
    ],
    [
      727.625,
      143.875
    ],
    [
      663.875,
      165.125
    ],
    [
      656.375,
      171.375
    ],
    [
      356.375,
      195.125
    ],
    [
      745.125,
      201.375
    ],
    [
      793.875,
      220.125
    ],
    [
      705.125,
      223.875
    ],
    [
      425.125,
      242.625
    ],
    [
      413.875,
      248.875
    ],
    [
      436.375,
      260.125
    ],
    [
      478.875,
      281.375
    ],
    [
      590.125,
      283.875
    ],
    [
      522.625,
      286.375
    ],
    [
      386.375,
      288.875
    ],
    [
      511.375,
      292.625
    ],
    [
      597.625,
      297.625
    ],
    [
      430.125,
      311.375
    ],
    [
      575.125,
      312.625
    ],
    [
      540.125,
      313.875
    ],
    [
      518.875,
      327.625
    ],
    [
      586.375,
      330.125
    ],
    [
      602.625,
      347.625
    ],
    [
      611.375,
      352.625
    ],
    [
      636.375,
      357.625
    ],
    [
      617.625,
      368.875
    ],
    [
      650.125,
      376.375
    ],
    [
      595.125,
      388.875
    ],
    [
      702.625,
      391.375
    ]
  ],
  "mkpts1": [
    [
      938.875,
      22.625
    ],
    [
      935.125,
      35.125
    ],
    [
      836.375,
      53.875
    ],
    [
      783.875,
      40.125
    ],
    [
      291.375,
      16.375
    ],
    [
      931.375,
      128.875
    ],
    [
      1015.125,
      180.125
    ],
    [
      866.375,
      157.625
    ],
    [
      411.375,
      131.375
    ],
    [
      393.875,
      140.125
    ],
    [
      435.125,
      172.625
    ],
    [
      516.375,
      228.875
    ],
    [
      707.625,
      272.625
    ],
    [
      588.875,
      253.875
    ],
    [
      355.125,
      222.625
    ],
    [
      570.125,
      263.875
    ],
    [
      712.625,
      293.875
    ],
    [
      436.375,
      286.375
    ],
    [
      677.625,
      320.125
    ],
    [
      632.625,
      328.875
    ],
    [
      601.375,
      353.875
    ],
    [
      706.375,
      365.125
    ],
    [
      735.125,
      407.625
    ],
    [
      752.625,
      422.625
    ],
    [
      792.625,
      437.625
    ],
    [
      766.375,
      456.375
    ],
    [
      818.875,
      481.375
    ],
    [
      733.875,
      495.125
    ],
    [
      908.875,
      525.125
    ]
  ],
  "mpts3D": [
    [
      0.20600000023841858,
      -0.07000000029802322,
      -0.0020000000949949026
    ],
    [
      0.20600000023841858,
      -0.054999999701976776,
      -0.0020000000949949026
    ],
    [
      0.23000000417232513,
      -0.0,
      0.07000000029802322
    ],
    [
      0.21699999272823334,
      0.0,
      0.07000000029802322
    ],
    [
      -0.0,
      -0.02500000037252903,
      0.23999999463558197
    ],
    [
      0.21699999272823334,
      -0.0,
      -0.027000000700354576
    ],
    [
      0.21699999272823334,
      -0.0,
      -0.07000000029802322
    ],
    [
      0.17000000178813934,
      -0.0,
      -0.014999999664723873
    ],
    [
      -0.0,
      -0.0,
      0.15600000321865082
    ],
    [
      -0.014000000432133675,
      0.0,
      0.15600000321865082
    ],
    [
      -0.01899999938905239,
      -0.0,
      0.12800000607967377
    ],
    [
      -0.01899999938905239,
      -0.0,
      0.07400000095367432
    ],
    [
      0.02500000037252903,
      -0.014000000432133675,
      -0.010999999940395355
    ],
    [
      0.0,
      0.0,
      0.041999999433755875
    ],
    [
      -0.07400000095367432,
      -0.0,
      0.12800000607967377
    ],
    [
      -0.014000000432133675,
      0.0,
      0.041999999433755875
    ],
    [
      0.02500000037252903,
      0.0,
      -0.014999999664723873
    ],
    [
      -0.07400000095367432,
      -0.0,
      0.07400000095367432
    ],
    [
      0.0,
      -0.0,
      -0.014999999664723873
    ],
    [
      -0.03500000014901161,
      -0.017999999225139618,
      -0.009999999776482582
    ],
    [
      -0.05700000002980232,
      -0.017999999225139618,
      -0.009999999776482582
    ],
    [
      -0.014000000432133675,
      0.0,
      -0.041999999433755875
    ],
    [
      -0.023000000044703484,
      0.0,
      -0.06499999761581421
    ],
    [
      -0.023000000044703484,
      -0.0,
      -0.07500000298023224
    ],
    [
      -0.017000000923871994,
      -0.0,
      -0.09200000017881393
    ],
    [
      -0.03700000047683716,
      -0.0,
      -0.09700000286102295
    ],
    [
      -0.028999999165534973,
      -0.0,
      -0.12700000405311584
    ],
    [
      -0.052000001072883606,
      -0.0,
      -0.09700000286102295
    ],
    [
      -0.014000000432133675,
      0.0,
      -0.15600000321865082
    ]
  ],
  "mconf": [
    0.7016882300376892,
    0.5003068447113037,
    0.10253968834877014,
    0.341468870639801,
    0.7475358843803406,
    0.9958615899085999,
    0.174392431974411,
    0.7866053581237793,
    0.9479650855064392,
    0.9953426718711853,
    0.998314380645752,
    0.9807387590408325,
    0.9125578999519348,
    0.3372105658054352,
    0.991474986076355,
    0.5749050378799438,
    0.9109797477722168,
    0.9969358444213867,
    0.9481411576271057,
    0.9844115376472473,
    0.9974737167358398,
    0.9967261552810669,
    0.9949951767921448,
    0.9918723106384277,
    0.9993898272514343,
    0.9988200664520264,
    0.9990149736404419,
    0.9994474649429321,
    0.12962280213832855
  ],
  "coverage_score": 0.7631174549747612,
  "pose_estimation_failed": false,
  "tracking_method": "loosely_coupled",
  "kf_translation_vector": [
    0.009462311272439948,
    -0.0444676004180845,
    0.8157873623828237
  ],
  "kf_quaternion": [
    0.41947260315514734,
    -0.4312181616857698,
    -0.1259195121628165,
    0.7888205807984906
  ],
  "kf_rotation_matrix": [
    [
      0.5963903469780472,
      -0.16311260418394316,
      -0.7859470926135784
    ],
    [
      -0.5604242150564852,
      0.6163740233178452,
      -0.5531796837893589
    ],
    [
      0.574667950393727,
      0.7703748060102334,
      0.2761872644691792
    ]
  ],
  "position_diff": 0.12387119591466031,
  "orientation_diff": 2.979396560455757,
  "timestamp": 1741869954.866043,
  "image_file": "webcam_000138"
}