{
  "frame": 71,
  "object_rotation_in_cam": [
    [
      0.7020955518695234,
      -0.1168100820696319,
      -0.7024366453794358
    ],
    [
      -0.4969842816043681,
      0.6260821668854416,
      -0.6008558430657226
    ],
    [
      0.5099690773794227,
      0.7709581863077374,
      0.38151672975357787
    ]
  ],
  "object_translation_in_cam": [
    0.0177483090433511,
    -0.018695298189511225,
    0.7069013370702387
  ],
  "raw_rvec": [
    0.8862824527689668,
    -0.783294159929694,
    -0.24561763827201408
  ],
  "refined_raw_rvec": [
    0.8862824527689668,
    -0.783294159929694,
    -0.24561763827201408
  ],
  "num_inliers": 15,
  "total_matches": 27,
  "inlier_ratio": 0.5555555555555556,
  "reprojection_errors": [
    1.7375608682632446,
    2.6757607460021973,
    1.144337773323059,
    2.5343434810638428,
    1.5782339572906494,
    2.6472692489624023,
    2.2097008228302,
    2.804710865020752,
    3.6968793869018555,
    1.9793132543563843,
    4.3682403564453125,
    3.628509998321533,
    1.4054572582244873,
    1.2958265542984009,
    2.7491016387939453
  ],
  "mean_reprojection_error": 2.430349826812744,
  "std_reprojection_error": 0.916678786277771,
  "inliers": [
    4,
    5,
    9,
    12,
    13,
    14,
    15,
    16,
    17,
    18,
    19,
    20,
    21,
    22,
    23
  ],
  "mkpts0": [
    [
      727.625,
      143.875
    ],
    [
      663.875,
      165.125
    ],
    [
      656.375,
      171.375
    ],
    [
      745.125,
      201.375
    ],
    [
      805.125,
      212.625
    ],
    [
      793.875,
      220.125
    ],
    [
      835.125,
      225.125
    ],
    [
      425.125,
      242.625
    ],
    [
      413.875,
      248.875
    ],
    [
      436.375,
      260.125
    ],
    [
      478.875,
      281.375
    ],
    [
      590.125,
      283.875
    ],
    [
      522.625,
      286.375
    ],
    [
      386.375,
      288.875
    ],
    [
      511.375,
      292.625
    ],
    [
      597.625,
      297.625
    ],
    [
      430.125,
      311.375
    ],
    [
      575.125,
      312.625
    ],
    [
      540.125,
      313.875
    ],
    [
      518.875,
      327.625
    ],
    [
      586.375,
      330.125
    ],
    [
      602.625,
      347.625
    ],
    [
      611.375,
      352.625
    ],
    [
      636.375,
      357.625
    ],
    [
      617.625,
      368.875
    ],
    [
      650.125,
      376.375
    ],
    [
      595.125,
      388.875
    ]
  ],
  "mkpts1": [
    [
      938.875,
      22.625
    ],
    [
      863.875,
      33.875
    ],
    [
      836.375,
      33.875
    ],
    [
      940.125,
      116.375
    ],
    [
      1033.875,
      158.875
    ],
    [
      1020.125,
      170.125
    ],
    [
      1085.125,
      188.875
    ],
    [
      415.125,
      118.875
    ],
    [
      396.375,
      127.625
    ],
    [
      435.125,
      160.125
    ],
    [
      507.625,
      215.125
    ],
    [
      692.625,
      261.375
    ],
    [
      578.875,
      241.375
    ],
    [
      351.375,
      208.875
    ],
    [
      558.875,
      251.375
    ],
    [
      698.875,
      281.375
    ],
    [
      425.125,
      271.375
    ],
    [
      660.125,
      307.625
    ],
    [
      610.125,
      316.375
    ],
    [
      576.375,
      342.625
    ],
    [
      683.875,
      353.875
    ],
    [
      707.625,
      396.375
    ],
    [
      723.875,
      412.625
    ],
    [
      762.625,
      427.625
    ],
    [
      732.625,
      445.125
    ],
    [
      783.875,
      471.375
    ],
    [
      697.625,
      483.875
    ]
  ],
  "mpts3D": [
    [
      0.20600000023841858,
      -0.054999999701976776,
      -0.0020000000949949026
    ],
    [
      0.23000000417232513,
      -0.0,
      0.07000000029802322
    ],
    [
      0.21699999272823334,
      0.0,
      0.07000000029802322
    ],
    [
      0.21699999272823334,
      -0.0,
      -0.027000000700354576
    ],
    [
      0.23000000417232513,
      0.0,
      -0.07000000029802322
    ],
    [
      0.21699999272823334,
      -0.0,
      -0.07000000029802322
    ],
    [
      0.23000000417232513,
      -0.0,
      -0.11299999803304672
    ],
    [
      -0.0,
      -0.0,
      0.15600000321865082
    ],
    [
      -0.014000000432133675,
      0.0,
      0.15600000321865082
    ],
    [
      -0.01899999938905239,
      -0.0,
      0.12800000607967377
    ],
    [
      -0.01899999938905239,
      -0.0,
      0.07400000095367432
    ],
    [
      0.02500000037252903,
      -0.014000000432133675,
      -0.010999999940395355
    ],
    [
      0.0,
      0.0,
      0.041999999433755875
    ],
    [
      -0.07400000095367432,
      -0.0,
      0.12800000607967377
    ],
    [
      -0.014000000432133675,
      0.0,
      0.041999999433755875
    ],
    [
      0.02500000037252903,
      0.0,
      -0.014999999664723873
    ],
    [
      -0.07400000095367432,
      -0.0,
      0.07400000095367432
    ],
    [
      0.0,
      -0.0,
      -0.014999999664723873
    ],
    [
      -0.03500000014901161,
      -0.017999999225139618,
      -0.009999999776482582
    ],
    [
      -0.05700000002980232,
      -0.017999999225139618,
      -0.009999999776482582
    ],
    [
      -0.014000000432133675,
      0.0,
      -0.041999999433755875
    ],
    [
      -0.023000000044703484,
      0.0,
      -0.06499999761581421
    ],
    [
      -0.023000000044703484,
      -0.0,
      -0.07500000298023224
    ],
    [
      -0.017000000923871994,
      -0.0,
      -0.09200000017881393
    ],
    [
      -0.03700000047683716,
      -0.0,
      -0.09700000286102295
    ],
    [
      -0.028999999165534973,
      -0.0,
      -0.12700000405311584
    ],
    [
      -0.052000001072883606,
      -0.0,
      -0.09700000286102295
    ]
  ],
  "mconf": [
    0.7113121151924133,
    0.12443853914737701,
    0.16818952560424805,
    0.9356774091720581,
    0.604377031326294,
    0.9974557161331177,
    0.3844579756259918,
    0.9281752705574036,
    0.9920545816421509,
    0.9974141120910645,
    0.9813886880874634,
    0.9641607403755188,
    0.8004910349845886,
    0.992519736289978,
    0.9797850847244263,
    0.8966401815414429,
    0.9942494034767151,
    0.9370414018630981,
    0.9876302480697632,
    0.9975939393043518,
    0.997475266456604,
    0.9974785447120667,
    0.9713466167449951,
    0.9995397329330444,
    0.9992606043815613,
    0.9992631077766418,
    0.9987034201622009
  ],
  "coverage_score": 0.7631174549747612,
  "pose_estimation_failed": false,
  "tracking_method": "loosely_coupled",
  "kf_translation_vector": [
    -0.010500138412021902,
    -0.016303203207216038,
    0.6482953663410777
  ],
  "kf_quaternion": [
    0.4572342137802448,
    -0.516114364769813,
    -0.08161652823787455,
    0.719653790753172
  ],
  "kf_rotation_matrix": [
    [
      0.4539294095932973,
      -0.3544990037234324,
      -0.817483056378158
    ],
    [
      -0.5894415794614313,
      0.5685512321343151,
      -0.5738537451655826
    ],
    [
      0.6682115798968872,
      0.7423475956704152,
      0.04912567245402755
    ]
  ],
  "position_diff": 0.06777568091517024,
  "orientation_diff": 21.582026063328954,
  "timestamp": 1741869680.32513,
  "image_file": "webcam_000071"
}