{
  "frame": 57,
  "object_rotation_in_cam": [
    [
      0.7634876430576444,
      -0.11477439462972347,
      -0.6355418611198349
    ],
    [
      -0.39959777368785343,
      0.6891338739406009,
      -0.60449658646789
    ],
    [
      0.5073541545725175,
      0.7154867868276817,
      0.48028160459568464
    ]
  ],
  "object_translation_in_cam": [
    0.028715841355068848,
    0.027486861753223964,
    0.6987967520402404
  ],
  "raw_rvec": [
    0.8099460049420054,
    -0.7012846378989022,
    -0.17476853318709057
  ],
  "refined_raw_rvec": [
    0.8099460049420054,
    -0.7012846378989022,
    -0.17476853318709057
  ],
  "num_inliers": 16,
  "total_matches": 34,
  "inlier_ratio": 0.47058823529411764,
  "reprojection_errors": [
    1.91500723361969,
    1.6391116380691528,
    4.202768802642822,
    2.5978991985321045,
    2.0366482734680176,
    2.628129005432129,
    2.730236053466797,
    2.6587419509887695,
    2.9944629669189453,
    3.066427230834961,
    3.15411114692688,
    2.5173797607421875,
    1.0435305833816528,
    0.3015719950199127,
    4.003787994384766,
    1.463585615158081
  ],
  "mean_reprojection_error": 2.4345874786376953,
  "std_reprojection_error": 0.9847787618637085,
  "inliers": [
    8,
    13,
    14,
    16,
    17,
    18,
    19,
    20,
    21,
    22,
    24,
    25,
    26,
    27,
    28,
    33
  ],
  "mkpts0": [
    [
      751.375,
      76.375
    ],
    [
      727.625,
      126.375
    ],
    [
      727.625,
      143.875
    ],
    [
      636.375,
      157.625
    ],
    [
      663.875,
      165.125
    ],
    [
      656.375,
      171.375
    ],
    [
      356.375,
      195.125
    ],
    [
      745.125,
      201.375
    ],
    [
      805.125,
      212.625
    ],
    [
      793.875,
      220.125
    ],
    [
      705.125,
      223.875
    ],
    [
      425.125,
      242.625
    ],
    [
      413.875,
      248.875
    ],
    [
      436.375,
      260.125
    ],
    [
      478.875,
      281.375
    ],
    [
      590.125,
      283.875
    ],
    [
      522.625,
      286.375
    ],
    [
      386.375,
      288.875
    ],
    [
      511.375,
      292.625
    ],
    [
      597.625,
      297.625
    ],
    [
      430.125,
      311.375
    ],
    [
      575.125,
      312.625
    ],
    [
      540.125,
      313.875
    ],
    [
      518.875,
      327.625
    ],
    [
      586.375,
      330.125
    ],
    [
      470.125,
      338.875
    ],
    [
      602.625,
      347.625
    ],
    [
      611.375,
      352.625
    ],
    [
      636.375,
      357.625
    ],
    [
      617.625,
      368.875
    ],
    [
      650.125,
      376.375
    ],
    [
      496.375,
      377.625
    ],
    [
      595.125,
      388.875
    ],
    [
      702.625,
      391.375
    ]
  ],
  "mkpts1": [
    [
      1052.625,
      43.875
    ],
    [
      995.125,
      121.375
    ],
    [
      988.875,
      143.875
    ],
    [
      825.125,
      106.375
    ],
    [
      865.125,
      135.125
    ],
    [
      851.375,
      143.875
    ],
    [
      363.875,
      97.625
    ],
    [
      991.375,
      240.125
    ],
    [
      1088.875,
      287.625
    ],
    [
      1072.625,
      296.375
    ],
    [
      916.375,
      263.875
    ],
    [
      460.125,
      210.125
    ],
    [
      438.875,
      215.125
    ],
    [
      472.625,
      247.625
    ],
    [
      537.625,
      305.125
    ],
    [
      720.125,
      362.625
    ],
    [
      607.625,
      335.125
    ],
    [
      383.875,
      288.875
    ],
    [
      585.125,
      342.625
    ],
    [
      726.375,
      383.875
    ],
    [
      448.875,
      352.625
    ],
    [
      682.625,
      405.125
    ],
    [
      627.625,
      408.875
    ],
    [
      590.125,
      431.375
    ],
    [
      701.375,
      452.625
    ],
    [
      500.125,
      440.125
    ],
    [
      722.625,
      497.625
    ],
    [
      736.375,
      512.625
    ],
    [
      776.375,
      531.375
    ],
    [
      743.875,
      550.125
    ],
    [
      793.875,
      580.125
    ],
    [
      537.625,
      511.375
    ],
    [
      701.375,
      582.625
    ],
    [
      883.875,
      633.875
    ]
  ],
  "mpts3D": [
    [
      0.24300000071525574,
      -0.10400000214576721,
      0.0
    ],
    [
      0.20600000023841858,
      -0.07000000029802322,
      -0.0020000000949949026
    ],
    [
      0.20600000023841858,
      -0.054999999701976776,
      -0.0020000000949949026
    ],
    [
      0.23000000417232513,
      -0.0,
      0.11299999803304672
    ],
    [
      0.23000000417232513,
      -0.0,
      0.07000000029802322
    ],
    [
      0.21699999272823334,
      0.0,
      0.07000000029802322
    ],
    [
      -0.0,
      -0.02500000037252903,
      0.23999999463558197
    ],
    [
      0.21699999272823334,
      -0.0,
      -0.027000000700354576
    ],
    [
      0.23000000417232513,
      0.0,
      -0.07000000029802322
    ],
    [
      0.21699999272823334,
      -0.0,
      -0.07000000029802322
    ],
    [
      0.17000000178813934,
      -0.0,
      -0.014999999664723873
    ],
    [
      -0.0,
      -0.0,
      0.15600000321865082
    ],
    [
      -0.014000000432133675,
      0.0,
      0.15600000321865082
    ],
    [
      -0.01899999938905239,
      -0.0,
      0.12800000607967377
    ],
    [
      -0.01899999938905239,
      -0.0,
      0.07400000095367432
    ],
    [
      0.02500000037252903,
      -0.014000000432133675,
      -0.010999999940395355
    ],
    [
      0.0,
      0.0,
      0.041999999433755875
    ],
    [
      -0.07400000095367432,
      -0.0,
      0.12800000607967377
    ],
    [
      -0.014000000432133675,
      0.0,
      0.041999999433755875
    ],
    [
      0.02500000037252903,
      0.0,
      -0.014999999664723873
    ],
    [
      -0.07400000095367432,
      -0.0,
      0.07400000095367432
    ],
    [
      0.0,
      -0.0,
      -0.014999999664723873
    ],
    [
      -0.03500000014901161,
      -0.017999999225139618,
      -0.009999999776482582
    ],
    [
      -0.05700000002980232,
      -0.017999999225139618,
      -0.009999999776482582
    ],
    [
      -0.014000000432133675,
      0.0,
      -0.041999999433755875
    ],
    [
      -0.10000000149011612,
      -0.029999999329447746,
      0.0
    ],
    [
      -0.023000000044703484,
      0.0,
      -0.06499999761581421
    ],
    [
      -0.023000000044703484,
      -0.0,
      -0.07500000298023224
    ],
    [
      -0.017000000923871994,
      -0.0,
      -0.09200000017881393
    ],
    [
      -0.03700000047683716,
      -0.0,
      -0.09700000286102295
    ],
    [
      -0.028999999165534973,
      -0.0,
      -0.12700000405311584
    ],
    [
      -0.09000000357627869,
      -0.0,
      -0.014999999664723873
    ],
    [
      -0.052000001072883606,
      -0.0,
      -0.09700000286102295
    ],
    [
      -0.014000000432133675,
      0.0,
      -0.15600000321865082
    ]
  ],
  "mconf": [
    0.8735114932060242,
    0.9781436324119568,
    0.8893272876739502,
    0.8110865354537964,
    0.9491930603981018,
    0.9896612167358398,
    0.8534766435623169,
    0.9844461679458618,
    0.41004207730293274,
    0.914778470993042,
    0.676628828048706,
    0.7967133522033691,
    0.9882192015647888,
    0.9983878135681152,
    0.9936198592185974,
    0.9344210028648376,
    0.8112704157829285,
    0.9982174634933472,
    0.9928250908851624,
    0.9327441453933716,
    0.9962338805198669,
    0.8476039171218872,
    0.9933440685272217,
    0.99820476770401,
    0.9972698092460632,
    0.9523797631263733,
    0.9970080256462097,
    0.9944385290145874,
    0.9994376301765442,
    0.9993124604225159,
    0.9990434050559998,
    0.6551192998886108,
    0.9989012479782104,
    0.9978036880493164
  ],
  "coverage_score": 0.7302423406565558,
  "pose_estimation_failed": false,
  "tracking_method": "loosely_coupled",