{
  "frame": 34,
  "object_rotation_in_cam": [
    [
      0.6646338227620626,
      -0.13550688479599254,
      -0.7347787189443992
    ],
    [
      -0.5350256996713079,
      0.6001387261200349,
      -0.5946267821938807
    ],
    [
      0.521545187238761,
      0.7883345695730379,
      0.3263728298804582
    ]
  ],
  "object_translation_in_cam": [
    -0.007309673656741396,
    -0.009628456532831862,
    0.7239481443310013
  ],
  "raw_rvec": [
    0.919789057838841,
    -0.8355641902300794,
    -0.2657146086212464
  ],
  "refined_raw_rvec": [
    0.919789057838841,
    -0.8355641902300794,
    -0.2657146086212464
  ],
  "num_inliers": 16,
  "total_matches": 28,
  "inlier_ratio": 0.5714285714285714,
  "reprojection_errors": [
    1.8176863193511963,
    1.6380507946014404,
    2.2961864471435547,
    2.9121131896972656,
    2.8350462913513184,
    1.2462615966796875,
    2.650161027908325,
    2.3753368854522705,
    3.7312891483306885,
    2.303264856338501,
    0.5742982029914856,
    0.9165198802947998,
    3.3944385051727295,
    1.1430388689041138,
    1.254454493522644,
    3.36711049079895
  ],
  "mean_reprojection_error": 2.1534533500671387,
  "std_reprojection_error": 0.9332644939422607,
  "inliers": [
    3,
    6,
    10,
    11,
    12,
    13,
    14,
    15,
    16,
    17,
    18,
    19,
    20,
    21,
    22,
    27
  ],
  "mkpts0": [
    [
      727.625,
      126.375
    ],
    [
      727.625,
      143.875
    ],
    [
      656.375,
      171.375
    ],
    [
      745.125,
      201.375
    ],
    [
      805.125,
      212.625
    ],
    [
      793.875,
      220.125
    ],
    [
      705.125,
      223.875
    ],
    [
      835.125,
      225.125
    ],
    [
      425.125,
      242.625
    ],
    [
      413.875,
      248.875
    ],
    [
      436.375,
      260.125
    ],
    [
      590.125,
      283.875
    ],
    [
      522.625,
      286.375
    ],
    [
      386.375,
      288.875
    ],
    [
      511.375,
      292.625
    ],
    [
      597.625,
      297.625
    ],
    [
      430.125,
      311.375
    ],
    [
      575.125,
      312.625
    ],
    [
      540.125,
      313.875
    ],
    [
      518.875,
      327.625
    ],
    [
      586.375,
      330.125
    ],
    [
      602.625,
      347.625
    ],
    [
      611.375,
      352.625
    ],
    [
      636.375,
      357.625
    ],
    [
      617.625,
      368.875
    ],
    [
      650.125,
      376.375
    ],
    [
      595.125,
      388.875
    ],
    [
      702.625,
      391.375
    ]
  ],
  "mkpts1": [
    [
      885.125,
      21.375
    ],
    [
      878.875,
      42.625
    ],
    [
      740.125,
      46.375
    ],
    [
      881.375,
      133.875
    ],
    [
      973.875,
      173.875
    ],
    [
      960.125,
      185.125
    ],
    [
      813.875,
      163.875
    ],
    [
      1023.875,
      202.625
    ],
    [
      363.875,
      143.875
    ],
    [
      345.125,
      152.625
    ],
    [
      383.875,
      183.875
    ],
    [
      641.375,
      280.125
    ],
    [
      527.625,
      262.625
    ],
    [
      300.125,
      235.125
    ],
    [
      507.625,
      272.625
    ],
    [
      647.625,
      301.375
    ],
    [
      376.375,
      296.375
    ],
    [
      610.125,
      327.625
    ],
    [
      560.125,
      337.625
    ],
    [
      527.625,
      363.875
    ],
    [
      633.875,
      372.625
    ],
    [
      658.875,
      415.125
    ],
    [
      675.125,
      428.875
    ],
    [
      713.875,
      443.875
    ],
    [
      685.125,
      463.875
    ],
    [
      735.125,
      487.625
    ],
    [
      648.875,
      501.375
    ],
    [
      821.375,
      530.125
    ]
  ],
  "mpts3D": [
    [
      0.20600000023841858,
      -0.07000000029802322,
      -0.0020000000949949026
    ],
    [
      0.20600000023841858,
      -0.054999999701976776,
      -0.0020000000949949026
    ],
    [
      0.21699999272823334,
      0.0,
      0.07000000029802322
    ],
    [
      0.21699999272823334,
      -0.0,
      -0.027000000700354576
    ],
    [
      0.23000000417232513,
      0.0,
      -0.07000000029802322
    ],
    [
      0.21699999272823334,
      -0.0,
      -0.07000000029802322
    ],
    [
      0.17000000178813934,
      -0.0,
      -0.014999999664723873
    ],
    [
      0.23000000417232513,
      -0.0,
      -0.11299999803304672
    ],
    [
      -0.0,
      -0.0,
      0.15600000321865082
    ],
    [
      -0.014000000432133675,
      0.0,
      0.15600000321865082
    ],
    [
      -0.01899999938905239,
      -0.0,
      0.12800000607967377
    ],
    [
      0.02500000037252903,
      -0.014000000432133675,
      -0.010999999940395355
    ],
    [
      0.0,
      0.0,
      0.041999999433755875
    ],
    [
      -0.07400000095367432,
      -0.0,
      0.12800000607967377
    ],
    [
      -0.014000000432133675,
      0.0,
      0.041999999433755875
    ],
    [
      0.02500000037252903,
      0.0,
      -0.014999999664723873
    ],
    [
      -0.07400000095367432,
      -0.0,
      0.07400000095367432
    ],
    [
      0.0,
      -0.0,
      -0.014999999664723873
    ],
    [
      -0.03500000014901161,
      -0.017999999225139618,
      -0.009999999776482582
    ],
    [
      -0.05700000002980232,
      -0.017999999225139618,
      -0.009999999776482582
    ],
    [
      -0.014000000432133675,
      0.0,
      -0.041999999433755875
    ],
    [
      -0.023000000044703484,
      0.0,
      -0.06499999761581421
    ],
    [
      -0.023000000044703484,
      -0.0,
      -0.07500000298023224
    ],
    [
      -0.017000000923871994,
      -0.0,
      -0.09200000017881393
    ],
    [
      -0.03700000047683716,
      -0.0,
      -0.09700000286102295
    ],
    [
      -0.028999999165534973,
      -0.0,
      -0.12700000405311584
    ],
    [
      -0.052000001072883606,
      -0.0,
      -0.09700000286102295
    ],
    [
      -0.014000000432133675,
      0.0,
      -0.15600000321865082
    ]
  ],
  "mconf": [
    0.8260765671730042,
    0.8231616616249084,
    0.13575847446918488,
    0.977562665939331,
    0.9020673036575317,
    0.996652364730835,
    0.46349698305130005,
    0.27565133571624756,
    0.8704155087471008,
    0.9919889569282532,
    0.9934899210929871,
    0.9816510677337646,
    0.7546532154083252,
    0.9895343780517578,
    0.9791461825370789,
    0.924091100692749,
    0.9933902621269226,
    0.9745017886161804,
    0.987987220287323,
    0.9972135424613953,
    0.9987952709197998,
    0.9961519241333008,
    0.9943108558654785,
    0.9995180368423462,
    0.9996084570884705,
    0.9991244673728943,
    0.9994238018989563,
    0.5989359021186829
  ],
  "coverage_score": 0.7783283537314115,
  "pose_estimation_failed": false,
  "tracking_method": "loosely_coupled",
  "kf_translation_vector": [
    -0.004243498201981942,
    -0.014408528217914959,
    0.7076151160978545
  ],
  "kf_quaternion": [
    0.4345517853763359,
    -0.5268556971981125,
    -0.06668970844449486,
    0.7274203069365869
  ],
  "kf_rotation_matrix": [
    [
      0.43595111423495814,
      -0.36086927133385616,
      -0.824451329675846
    ],
    [
      -0.5549150640786799,
      0.6134344572276544,
      -0.5619318805196657
    ],
    [
      0.7085308021927159,
      0.7024752918735185,
      0.06717564031225942
    ]
  ],
  "position_diff": 0.0165364920950559,
  "orientation_diff": 19.197220514621133,
  "timestamp": 1741869675.35721,
  "image_file": "webcam_000034"
}