{
  "frame": 214,
  "object_rotation_in_cam": [
    [
      0.5453175776113193,
      -0.1134167617953141,
      -0.8305211482508966
    ],
    [
      -0.4916021405295036,
      0.7592448248704993,
      -0.4264676204991126
    ],
    [
      0.6789374602825603,
      0.6408462639754015,
      0.3582736258418097
    ]
  ],
  "object_translation_in_cam": [
    -0.06199854766101341,
    -0.02212139089432015,
    0.7106130203614236
  ],
  "raw_rvec": [
    0.6974084992760862,
    -0.986316469981071,
    -0.24711539994724702
  ],
  "refined_raw_rvec": [
    0.6974084992760862,
    -0.986316469981071,
    -0.24711539994724702
  ],
  "num_inliers": 13,
  "total_matches": 34,
  "inlier_ratio": 0.38235294117647056,
  "reprojection_errors": [
    2.882293939590454,
    1.3860571384429932,
    3.9245781898498535,
    1.5462870597839355,
    3.1860995292663574,
    3.1490275859832764,
    3.1525661945343018,
    1.8828039169311523,
    1.878472089767456,
    3.0202879905700684,
    1.9134769439697266,
    1.681143879890442,
    2.876193046569824
  ],
  "mean_reprojection_error": 2.4984066486358643,
  "std_reprojection_error": 0.776469886302948,
  "inliers": [
    9,
    10,
    13,
    14,
    17,
    18,
    20,
    21,
    22,
    23,
    24,
    25,
    26
  ],
  "mkpts0": [
    [
      727.625,
      126.375
    ],
    [
      727.625,
      143.875
    ],
    [
      636.375,
      157.625
    ],
    [
      663.875,
      165.125
    ],
    [
      656.375,
      171.375
    ],
    [
      745.125,
      201.375
    ],
    [
      805.125,
      212.625
    ],
    [
      793.875,
      220.125
    ],
    [
      705.125,
      223.875
    ],
    [
      425.125,
      242.625
    ],
    [
      413.875,
      248.875
    ],
    [
      436.375,
      260.125
    ],
    [
      478.875,
      281.375
    ],
    [
      590.125,
      283.875
    ],
    [
      522.625,
      286.375
    ],
    [
      386.375,
      288.875
    ],
    [
      350.125,
      290.125
    ],
    [
      511.375,
      292.625
    ],
    [
      597.625,
      297.625
    ],
    [
      430.125,
      311.375
    ],
    [
      575.125,
      312.625
    ],
    [
      540.125,
      313.875
    ],
    [
      518.875,
      327.625
    ],
    [
      586.375,
      330.125
    ],
    [
      602.625,
      347.625
    ],
    [
      611.375,
      352.625
    ],
    [
      636.375,
      357.625
    ],
    [
      617.625,
      368.875
    ],
    [
      650.125,
      376.375
    ],
    [
      496.375,
      377.625
    ],
    [
      715.125,
      383.875
    ],
    [
      516.375,
      388.875
    ],
    [
      595.125,
      388.875
    ],
    [
      702.625,
      391.375
    ]
  ],
  "mkpts1": [
    [
      733.875,
      16.375
    ],
    [
      732.625,
      28.875
    ],
    [
      566.375,
      35.125
    ],
    [
      610.125,
      53.875
    ],
    [
      600.125,
      62.625
    ],
    [
      746.375,
      123.875
    ],
    [
      838.875,
      150.125
    ],
    [
      827.625,
      158.875
    ],
    [
      726.375,
      171.375
    ],
    [
      228.875,
      158.875
    ],
    [
      210.125,
      166.375
    ],
    [
      253.875,
      190.125
    ],
    [
      317.625,
      231.375
    ],
    [
      527.625,
      250.125
    ],
    [
      408.875,
      246.375
    ],
    [
      170.125,
      236.375
    ],
    [
      106.375,
      228.875
    ],
    [
      390.125,
      257.625
    ],
    [
      535.125,
      272.625
    ],
    [
      253.875,
      283.875
    ],
    [
      498.875,
      295.125
    ],
    [
      451.375,
      298.875
    ],
    [
      418.875,
      322.625
    ],
    [
      530.125,
      331.375
    ],
    [
      558.875,
      363.875
    ],
    [
      576.375,
      375.125
    ],
    [
      618.875,
      385.125
    ],
    [
      591.375,
      403.875
    ],
    [
      646.375,
      421.375
    ],
    [
      380.125,
      408.875
    ],
    [
      752.625,
      438.875
    ],
    [
      401.375,
      423.875
    ],
    [
      560.125,
      438.875
    ],
    [
      738.875,
      451.375
    ]
  ],
  "mpts3D": [
    [
      0.20600000023841858,
      -0.07000000029802322,
      -0.0020000000949949026
    ],
    [
      0.20600000023841858,
      -0.054999999701976776,
      -0.0020000000949949026
    ],
    [
      0.23000000417232513,
      -0.0,
      0.11299999803304672
    ],
    [
      0.23000000417232513,
      -0.0,
      0.07000000029802322
    ],
    [
      0.21699999272823334,
      0.0,
      0.07000000029802322
    ],
    [
      0.21699999272823334,
      -0.0,
      -0.027000000700354576
    ],
    [
      0.23000000417232513,
      0.0,
      -0.07000000029802322
    ],
    [
      0.21699999272823334,
      -0.0,
      -0.07000000029802322
    ],
    [
      0.17000000178813934,
      -0.0,
      -0.014999999664723873
    ],
    [
      -0.0,
      -0.0,
      0.15600000321865082
    ],
    [
      -0.014000000432133675,
      0.0,
      0.15600000321865082
    ],
    [
      -0.01899999938905239,
      -0.0,
      0.12800000607967377
    ],
    [
      -0.01899999938905239,
      -0.0,
      0.07400000095367432
    ],
    [
      0.02500000037252903,
      -0.014000000432133675,
      -0.010999999940395355
    ],
    [
      0.0,
      0.0,
      0.041999999433755875
    ],
    [
      -0.07400000095367432,
      -0.0,
      0.12800000607967377
    ],
    [
      -0.07999999821186066,
      -0.0,
      0.15600000321865082
    ],
    [
      -0.014000000432133675,
      0.0,
      0.041999999433755875
    ],
    [
      0.02500000037252903,
      0.0,
      -0.014999999664723873
    ],
    [
      -0.07400000095367432,
      -0.0,
      0.07400000095367432
    ],
    [
      0.0,
      -0.0,
      -0.014999999664723873
    ],
    [
      -0.03500000014901161,
      -0.017999999225139618,
      -0.009999999776482582
    ],
    [
      -0.05700000002980232,
      -0.017999999225139618,
      -0.009999999776482582
    ],
    [
      -0.014000000432133675,
      0.0,
      -0.041999999433755875
    ],
    [
      -0.023000000044703484,
      0.0,
      -0.06499999761581421
    ],
    [
      -0.023000000044703484,
      -0.0,
      -0.07500000298023224
    ],
    [
      -0.017000000923871994,
      -0.0,
      -0.09200000017881393
    ],
    [
      -0.03700000047683716,
      -0.0,
      -0.09700000286102295
    ],
    [
      -0.028999999165534973,
      -0.0,
      -0.12700000405311584
    ],
    [
      -0.09000000357627869,
      -0.0,
      -0.014999999664723873
    ],
    [
      0.0,
      0.0,
      -0.15600000321865082
    ],
    [
      -0.09000000357627869,
      -0.0,
      -0.041999999433755875
    ],
    [
      -0.052000001072883606,
      -0.0,
      -0.09700000286102295
    ],
    [
      -0.014000000432133675,
      0.0,
      -0.15600000321865082
    ]
  ],
  "mconf": [
    0.7323049902915955,
    0.630091667175293,
    0.9552099108695984,
    0.8365139365196228,
    0.9948651194572449,
    0.9850364327430725,
    0.3981151282787323,
    0.9932965040206909,
    0.11458699405193329,
    0.980316162109375,
    0.9980936050415039,
    0.9987465739250183,
    0.2917894423007965,
    0.9841192960739136,
    0.9930925965309143,
    0.9985525012016296,
    0.12575148046016693,
    0.9985743761062622,
    0.9814110398292542,
    0.9996403455734253,
    0.9767357110977173,
    0.9967947006225586,
    0.999723494052887,
    0.9986387491226196,
    0.9980524778366089,
    0.9996621608734131,
    0.9998742938041687,
    0.9998382329940796,
    0.9997748136520386,
    0.9570280909538269,
    0.9847145676612854,
    0.6766032576560974,
    0.9998642802238464,
    0.9992299675941467
  ],
  "coverage_score": 0.6854752972273345,
  "pose_estimation_failed": false,
  "tracking_method": "loosely_coupled",
  "kf_translation_vector": [
    -0.041248286825111266,
    -0.02151942558712671,
    0.7116628118774686
  ],