{
  "frame": 11,
  "object_rotation_in_cam": [
    [
      0.6387197124710868,
      -0.2177807905877057,
      -0.737976053914926
    ],
    [
      -0.5213112264447121,
      0.5829442763216827,
      -0.6232259428862856
    ],
    [
      0.5659255552487112,
      0.7827818967980695,
      0.2588064295214751
    ]
  ],
  "object_translation_in_cam": [
    -0.00562844410704142,
    -0.03179378536070086,
    0.6096274798632202
  ],
  "raw_rvec": [
    0.9618907467545719,
    -0.8920369126920843,
    -0.20765397558151705
  ],
  "refined_raw_rvec": [
    0.9618907467545719,
    -0.8920369126920843,
    -0.20765397558151705
  ],
  "num_inliers": 15,
  "total_matches": 25,
  "inlier_ratio": 0.6,
  "reprojection_errors": [
    1.0982950925827026,
    0.35807138681411743,
    0.8265016078948975,
    3.8234732151031494,
    3.53450345993042,
    2.180060863494873,
    2.1319339275360107,
    3.8090250492095947,
    3.9648659229278564,
    2.860321283340454,
    0.6380833983421326,
    2.614335060119629,
    4.0302228927612305,
    2.013124942779541,
    1.9564787149429321
  ],
  "mean_reprojection_error": 2.389286518096924,
  "std_reprojection_error": 1.2267040014266968,
  "inliers": [
    0,
    3,
    6,
    8,
    9,
    10,
    11,
    12,
    13,
    14,
    15,
    16,
    17,
    18,
    19
  ],
  "mkpts0": [
    [
      745.125,
      201.375
    ],
    [
      805.125,
      212.625
    ],
    [
      793.875,
      220.125
    ],
    [
      705.125,
      223.875
    ],
    [
      425.125,
      242.625
    ],
    [
      413.875,
      248.875
    ],
    [
      436.375,
      260.125
    ],
    [
      478.875,
      281.375
    ],
    [
      590.125,
      283.875
    ],
    [
      522.625,
      286.375
    ],
    [
      386.375,
      288.875
    ],
    [
      511.375,
      292.625
    ],
    [
      597.625,
      297.625
    ],
    [
      430.125,
      311.375
    ],
    [
      575.125,
      312.625
    ],
    [
      540.125,
      313.875
    ],
    [
      518.875,
      327.625
    ],
    [
      586.375,
      330.125
    ],
    [
      602.625,
      347.625
    ],
    [
      611.375,
      352.625
    ],
    [
      636.375,
      357.625
    ],
    [
      650.125,
      376.375
    ],
    [
      496.375,
      377.625
    ],
    [
      595.125,
      388.875
    ],
    [
      702.625,
      391.375
    ]
  ],
  "mkpts1": [
    [
      915.125,
      67.625
    ],
    [
      1020.125,
      118.875
    ],
    [
      1006.375,
      130.125
    ],
    [
      841.375,
      97.625
    ],
    [
      316.375,
      43.875
    ],
    [
      293.875,
      52.625
    ],
    [
      341.375,
      92.625
    ],
    [
      433.875,
      162.625
    ],
    [
      653.875,
      221.375
    ],
    [
      516.375,
      195.125
    ],
    [
      240.125,
      147.625
    ],
    [
      493.875,
      206.375
    ],
    [
      658.875,
      246.375
    ],
    [
      335.125,
      226.375
    ],
    [
      615.125,
      275.125
    ],
    [
      562.625,
      283.875
    ],
    [
      522.625,
      313.875
    ],
    [
      646.375,
      328.875
    ],
    [
      676.375,
      380.125
    ],
    [
      695.125,
      397.625
    ],
    [
      742.625,
      416.375
    ],
    [
      770.125,
      468.875
    ],
    [
      466.375,
      411.375
    ],
    [
      668.875,
      482.625
    ],
    [
      870.125,
      521.375
    ]
  ],
  "mpts3D": [
    [
      0.21699999272823334,
      -0.0,
      -0.027000000700354576
    ],
    [
      0.23000000417232513,
      0.0,
      -0.07000000029802322
    ],
    [
      0.21699999272823334,
      -0.0,
      -0.07000000029802322
    ],
    [
      0.17000000178813934,
      -0.0,
      -0.014999999664723873
    ],
    [
      -0.0,
      -0.0,
      0.15600000321865082
    ],
    [
      -0.014000000432133675,
      0.0,
      0.15600000321865082
    ],
    [
      -0.01899999938905239,
      -0.0,
      0.12800000607967377
    ],
    [
      -0.01899999938905239,
      -0.0,
      0.07400000095367432
    ],
    [
      0.02500000037252903,
      -0.014000000432133675,
      -0.010999999940395355
    ],
    [
      0.0,
      0.0,
      0.041999999433755875
    ],
    [
      -0.07400000095367432,
      -0.0,
      0.12800000607967377
    ],
    [
      -0.014000000432133675,
      0.0,
      0.041999999433755875
    ],
    [
      0.02500000037252903,
      0.0,
      -0.014999999664723873
    ],
    [
      -0.07400000095367432,
      -0.0,
      0.07400000095367432
    ],
    [
      0.0,
      -0.0,
      -0.014999999664723873
    ],
    [
      -0.03500000014901161,
      -0.017999999225139618,
      -0.009999999776482582
    ],
    [
      -0.05700000002980232,
      -0.017999999225139618,
      -0.009999999776482582
    ],
    [
      -0.014000000432133675,
      0.0,
      -0.041999999433755875
    ],
    [
      -0.023000000044703484,
      0.0,
      -0.06499999761581421
    ],
    [
      -0.023000000044703484,
      -0.0,
      -0.07500000298023224
    ],
    [
      -0.017000000923871994,
      -0.0,
      -0.09200000017881393
    ],
    [
      -0.028999999165534973,
      -0.0,
      -0.12700000405311584
    ],
    [
      -0.09000000357627869,
      -0.0,
      -0.014999999664723873
    ],
    [
      -0.052000001072883606,
      -0.0,
      -0.09700000286102295
    ],
    [
      -0.014000000432133675,
      0.0,
      -0.15600000321865082
    ]
  ],
  "mconf": [
    0.9766244888305664,
    0.6757572293281555,
    0.9918594360351562,
    0.2859622836112976,
    0.48759356141090393,
    0.9853056073188782,
    0.9890094995498657,
    0.9032919406890869,
    0.7632662653923035,
    0.43793871998786926,
    0.993344783782959,
    0.6599801182746887,
    0.9789539575576782,
    0.9943315386772156,
    0.9870542287826538,
    0.9903798699378967,
    0.9971046447753906,
    0.9978105425834656,
    0.992847204208374,
    0.994397759437561,
    0.9982857704162598,
    0.9982644319534302,
    0.7754418253898621,
    0.9993492364883423,
    0.5117946863174438
  ],
  "coverage_score": 0.7883106100537457,
  "pose_estimation_failed": false,
  "tracking_method": "loosely_coupled",
  "kf_translation_vector": [
    0.002471751449170175,
    -0.032636705526008156,
    0.6117151222253744
  ],
  "kf_quaternion": [
    0.4603729342133442,
    -0.4120475402629433,
    -0.10026672754980406,
    0.7798847154249835
  ],
  "kf_rotation_matrix": [
    [
      0.6403268158194229,
      -0.222998093728938,
      -0.7350193324912064
    ],
    [
      -0.5357840468560312,
      0.5560066895804985,
      -0.6354463126624542
    ],
    [
      0.5503789822269134,
      0.8007049464909001,
      0.2365471720141079
    ]
  ],
  "position_diff": 0.008409010198069304,
  "orientation_diff": 1.8925990881243586,
  "timestamp": 1741869937.8128235,
  "image_file": "webcam_000011"
}