{
  "frame": 131,
  "object_rotation_in_cam": [
    [
      0.8359048558842261,
      -0.23922134063383593,
      -0.4940002247919744
    ],
    [
      -0.09678961854668612,
      0.8216748523901626,
      -0.5616780276022834
    ],
    [
      0.5402729325542397,
      0.5173234840358155,
      0.6636878567627158
    ]
  ],
  "object_translation_in_cam": [
    0.0002698499137757791,
    -0.0006568585017737605,
    0.6033109010329346
  ],
  "raw_rvec": [
    0.6102346478279556,
    -0.584938305575576,
    0.08055296570940608
  ],
  "refined_raw_rvec": [
    0.6102346478279556,
    -0.584938305575576,
    0.08055296570940608
  ],
  "num_inliers": 8,
  "total_matches": 17,
  "inlier_ratio": 0.47058823529411764,
  "reprojection_errors": [
    1.7027782201766968,
    2.3441271781921387,
    2.2935385704040527,
    1.3226784467697144,
    3.1313788890838623,
    2.843508243560791,
    0.8568280935287476,
    1.3553379774093628
  ],
  "mean_reprojection_error": 1.9812719821929932,
  "std_reprojection_error": 0.7468972206115723,
  "inliers": [
    0,
    1,
    6,
    8,
    10,
    11,
    12,
    14
  ],
  "mkpts0": [
    [
      727.625,
      126.375
    ],
    [
      727.625,
      143.875
    ],
    [
      356.375,
      195.125
    ],
    [
      745.125,
      201.375
    ],
    [
      425.125,
      242.625
    ],
    [
      413.875,
      248.875
    ],
    [
      436.375,
      260.125
    ],
    [
      478.875,
      281.375
    ],
    [
      386.375,
      288.875
    ],
    [
      350.125,
      290.125
    ],
    [
      511.375,
      292.625
    ],
    [
      430.125,
      311.375
    ],
    [
      586.375,
      330.125
    ],
    [
      470.125,
      338.875
    ],
    [
      602.625,
      347.625
    ],
    [
      496.375,
      377.625
    ],
    [
      702.625,
      391.375
    ]
  ],
  "mkpts1": [
    [
      1023.875,
      160.125
    ],
    [
      1010.125,
      187.625
    ],
    [
      361.375,
      35.125
    ],
    [
      997.625,
      305.125
    ],
    [
      426.375,
      146.375
    ],
    [
      403.875,
      145.125
    ],
    [
      431.375,
      176.375
    ],
    [
      483.875,
      231.375
    ],
    [
      321.375,
      181.375
    ],
    [
      270.125,
      175.125
    ],
    [
      526.375,
      273.875
    ],
    [
      371.375,
      243.875
    ],
    [
      628.875,
      390.125
    ],
    [
      401.375,
      303.875
    ],
    [
      640.125,
      431.375
    ],
    [
      421.375,
      397.625
    ],
    [
      1076.375,
      370.125
    ]
  ],
  "mpts3D": [
    [
      0.20600000023841858,
      -0.07000000029802322,
      -0.0020000000949949026
    ],
    [
      0.20600000023841858,
      -0.054999999701976776,
      -0.0020000000949949026
    ],
    [
      -0.0,
      -0.02500000037252903,
      0.23999999463558197
    ],
    [
      0.21699999272823334,
      -0.0,
      -0.027000000700354576
    ],
    [
      -0.0,
      -0.0,
      0.15600000321865082
    ],
    [
      -0.014000000432133675,
      0.0,
      0.15600000321865082
    ],
    [
      -0.01899999938905239,
      -0.0,
      0.12800000607967377
    ],
    [
      -0.01899999938905239,
      -0.0,
      0.07400000095367432
    ],
    [
      -0.07400000095367432,
      -0.0,
      0.12800000607967377
    ],
    [
      -0.07999999821186066,
      -0.0,
      0.15600000321865082
    ],
    [
      -0.014000000432133675,
      0.0,
      0.041999999433755875
    ],
    [
      -0.07400000095367432,
      -0.0,
      0.07400000095367432
    ],
    [
      -0.014000000432133675,
      0.0,
      -0.041999999433755875
    ],
    [
      -0.10000000149011612,
      -0.029999999329447746,
      0.0
    ],
    [
      -0.023000000044703484,
      0.0,
      -0.06499999761581421
    ],
    [
      -0.09000000357627869,
      -0.0,
      -0.014999999664723873
    ],
    [
      -0.014000000432133675,
      0.0,
      -0.15600000321865082
    ]
  ],
  "mconf": [
    0.24300061166286469,
    0.23042835295200348,
    0.9813594222068787,
    0.17390353977680206,
    0.9042850136756897,
    0.999123215675354,
    0.9982317686080933,
    0.9005799889564514,
    0.9946569800376892,
    0.2818496525287628,
    0.24270986020565033,
    0.9970817565917969,
    0.19345751404762268,
    0.43659546971321106,
    0.18781599402427673,
    0.3642605245113373,
    0.14354711771011353
  ],
  "coverage_score": 0.75,
  "pose_estimation_failed": false,
  "tracking_method": "loosely_coupled",
  "kf_translation_vector": [
    -0.013641878543001711,
    -0.004619037801129767,
    0.6473422781657574
  ],
  "kf_quaternion": [
    0.449560176868894,
    -0.4715181671898825,
    -0.13359378343277284,
    0.7468058425130459
  ],
  "kf_rotation_matrix": [
    [
      0.5196466380760228,
      -0.22441434529552598,
      -0.824381934034139
    ],
    [
      -0.6234888172595953,
      0.5600966968034522,
      -0.5454845414694104
    ],
    [
      0.5841481543996507,
      0.7974521251181429,
      0.1511325307670055
    ]
  ],
  "position_diff": 0.049102824040792234,
  "orientation_diff": 39.13185080865102,
  "timestamp": 1741869624.6629155,
  "image_file": "webcam_000131"
}