{
  "frame": 86,
  "object_rotation_in_cam": [
    [
      0.577563531267379,
      -0.19621824183861483,
      -0.7924132564007988
    ],
    [
      -0.5741323210705562,
      0.592422080684316,
      -0.5651620619077342
    ],
    [
      0.5803382162602175,
      0.7813670583582524,
      0.22950615429761406
    ]
  ],
  "object_translation_in_cam": [
    -0.0352954339848202,
    -0.05699268612079985,
    0.6861697126669353
  ],
  "raw_rvec": [
    0.9411349591411924,
    -0.959462652303155,
    -0.264136992036665
  ],
  "refined_raw_rvec": [
    0.9411349591411924,
    -0.959462652303155,
    -0.264136992036665
  ],
  "num_inliers": 14,
  "total_matches": 25,
  "inlier_ratio": 0.56,
  "reprojection_errors": [
    0.9071418046951294,
    1.68195378780365,
    0.7725964784622192,
    3.0592100620269775,
    1.5859929323196411,
    1.1746430397033691,
    3.0543153285980225,
    3.360502004623413,
    1.159100890159607,
    0.08149462193250656,
    3.7890753746032715,
    0.8380537033081055,
    2.0912790298461914,
    2.318101406097412
  ],
  "mean_reprojection_error": 1.8481043577194214,
  "std_reprojection_error": 1.0844449996948242,
  "inliers": [
    0,
    3,
    4,
    5,
    6,
    10,
    13,
    15,
    16,
    17,
    18,
    19,
    20,
    21
  ],
  "mkpts0": [
    [
      745.125,
      201.375
    ],
    [
      805.125,
      212.625
    ],
    [
      793.875,
      220.125
    ],
    [
      705.125,
      223.875
    ],
    [
      835.125,
      225.125
    ],
    [
      425.125,
      242.625
    ],
    [
      413.875,
      248.875
    ],
    [
      436.375,
      260.125
    ],
    [
      478.875,
      281.375
    ],
    [
      590.125,
      283.875
    ],
    [
      522.625,
      286.375
    ],
    [
      386.375,
      288.875
    ],
    [
      511.375,
      292.625
    ],
    [
      597.625,
      297.625
    ],
    [
      430.125,
      311.375
    ],
    [
      575.125,
      312.625
    ],
    [
      540.125,
      313.875
    ],
    [
      518.875,
      327.625
    ],
    [
      586.375,
      330.125
    ],
    [
      602.625,
      347.625
    ],
    [
      611.375,
      352.625
    ],
    [
      636.375,
      357.625
    ],
    [
      617.625,
      368.875
    ],
    [
      650.125,
      376.375
    ],
    [
      595.125,
      388.875
    ]
  ],
  "mkpts1": [
    [
      807.625,
      26.375
    ],
    [
      902.625,
      67.625
    ],
    [
      890.125,
      78.875
    ],
    [
      742.625,
      55.125
    ],
    [
      952.625,
      96.375
    ],
    [
      270.125,
      28.875
    ],
    [
      250.125,
      37.625
    ],
    [
      296.375,
      72.625
    ],
    [
      383.875,
      131.375
    ],
    [
      582.625,
      176.375
    ],
    [
      460.125,
      157.625
    ],
    [
      210.125,
      126.375
    ],
    [
      441.375,
      168.875
    ],
    [
      588.875,
      196.375
    ],
    [
      301.375,
      192.625
    ],
    [
      551.375,
      223.875
    ],
    [
      506.375,
      233.875
    ],
    [
      473.875,
      261.375
    ],
    [
      581.375,
      270.125
    ],
    [
      611.375,
      313.875
    ],
    [
      628.875,
      327.625
    ],
    [
      667.625,
      341.375
    ],
    [
      643.875,
      363.875
    ],
    [
      695.125,
      386.375
    ],
    [
      610.125,
      402.625
    ]
  ],
  "mpts3D": [
    [
      0.21699999272823334,
      -0.0,
      -0.027000000700354576
    ],
    [
      0.23000000417232513,
      0.0,
      -0.07000000029802322
    ],
    [
      0.21699999272823334,
      -0.0,
      -0.07000000029802322
    ],
    [
      0.17000000178813934,
      -0.0,
      -0.014999999664723873
    ],
    [
      0.23000000417232513,
      -0.0,
      -0.11299999803304672
    ],
    [
      -0.0,
      -0.0,
      0.15600000321865082
    ],
    [
      -0.014000000432133675,
      0.0,
      0.15600000321865082
    ],
    [
      -0.01899999938905239,
      -0.0,
      0.12800000607967377
    ],
    [
      -0.01899999938905239,
      -0.0,
      0.07400000095367432
    ],
    [
      0.02500000037252903,
      -0.014000000432133675,
      -0.010999999940395355
    ],
    [
      0.0,
      0.0,
      0.041999999433755875
    ],
    [
      -0.07400000095367432,
      -0.0,
      0.12800000607967377
    ],
    [
      -0.014000000432133675,
      0.0,
      0.041999999433755875
    ],
    [
      0.02500000037252903,
      0.0,
      -0.014999999664723873
    ],
    [
      -0.07400000095367432,
      -0.0,
      0.07400000095367432
    ],
    [
      0.0,
      -0.0,
      -0.014999999664723873
    ],
    [
      -0.03500000014901161,
      -0.017999999225139618,
      -0.009999999776482582
    ],
    [
      -0.05700000002980232,
      -0.017999999225139618,
      -0.009999999776482582
    ],
    [
      -0.014000000432133675,
      0.0,
      -0.041999999433755875
    ],
    [
      -0.023000000044703484,
      0.0,
      -0.06499999761581421
    ],
    [
      -0.023000000044703484,
      -0.0,
      -0.07500000298023224
    ],
    [
      -0.017000000923871994,
      -0.0,
      -0.09200000017881393
    ],
    [
      -0.03700000047683716,
      -0.0,
      -0.09700000286102295
    ],
    [
      -0.028999999165534973,
      -0.0,
      -0.12700000405311584
    ],
    [
      -0.052000001072883606,
      -0.0,
      -0.09700000286102295
    ]
  ],
  "mconf": [
    0.9790343642234802,
    0.7861042618751526,
    0.995039701461792,
    0.7387608289718628,
    0.460977703332901,
    0.9307975172996521,
    0.9923553466796875,
    0.9948746562004089,
    0.9976369738578796,
    0.7631750702857971,
    0.7248700261116028,
    0.9953063726425171,
    0.9959623217582703,
    0.9818384051322937,
    0.998507022857666,
    0.980228841304779,
    0.9955586791038513,
    0.9992015957832336,
    0.9991782903671265,
    0.9983389377593994,
    0.9987351298332214,
    0.9998565912246704,
    0.9998446106910706,
    0.9996415972709656,
    0.9996846318244934
  ],
  "coverage_score": 0.6610896727583333,
  "pose_estimation_failed": false,
  "tracking_method": "loosely_coupled",
  "kf_translation_vector": [
    0.014767000188758914,
    -0.0332020235703217,
    0.7693519713326452
  ],
  "kf_quaternion": [
    0.4484574079263502,
    -0.41820079667802434,
    -0.11123047196105151,
    0.7820625480363873
  ],
  "kf_rotation_matrix": [
    [
      0.6254717515303749,
      -0.20111211789962302,
      -0.7538826195578812
    ],
    [
      -0.5490688631842225,
      0.5730274707666018,
      -0.6084101422793812
    ],
    [
      0.5543541030055703,
      0.7944768302353188,
      0.24798809386768972
    ]
  ],
  "position_diff": 0.10426428625139438,
  "orientation_diff": 3.673386208832938,
  "timestamp": 1741869947.8800006,
  "image_file": "webcam_000086"
}