{
  "frame": 29,
  "object_rotation_in_cam": [
    [
      0.46835739666533466,
      -0.28722835334789204,
      -0.8355484558192474
    ],
    [
      -0.510279684185487,
      0.6840852202878739,
      -0.5211929156188241
    ],
    [
      0.7212877323900844,
      0.6704679592767647,
      0.1738295794357807
    ]
  ],
  "object_translation_in_cam": [
    -0.01924297893590144,
    -0.006420937403530555,
    0.7356346783416177
  ],
  "raw_rvec": [
    0.8496730007370809,
    -1.110048759306462,
    -0.15903911723860542
  ],
  "refined_raw_rvec": [
    0.8496730007370809,
    -1.110048759306462,
    -0.15903911723860542
  ],
  "num_inliers": 12,
  "total_matches": 25,
  "inlier_ratio": 0.48,
  "reprojection_errors": [
    1.6723741292953491,
    3.3844287395477295,
    0.289951354265213,
    1.3330541849136353,
    2.723884105682373,
    1.8236380815505981,
    2.9156134128570557,
    2.5320992469787598,
    2.2451841831207275,
    1.755488634109497,
    0.3614550232887268,
    1.6088496446609497
  ],
  "mean_reprojection_error": 1.887168526649475,
  "std_reprojection_error": 0.90712970495224,
  "inliers": [
    0,
    2,
    4,
    8,
    10,
    11,
    13,
    14,
    15,
    17,
    18,
    19
  ],
  "mkpts0": [
    [
      745.125,
      201.375
    ],
    [
      793.875,
      220.125
    ],
    [
      705.125,
      223.875
    ],
    [
      425.125,
      242.625
    ],
    [
      413.875,
      248.875
    ],
    [
      436.375,
      260.125
    ],
    [
      478.875,
      281.375
    ],
    [
      590.125,
      283.875
    ],
    [
      522.625,
      286.375
    ],
    [
      386.375,
      288.875
    ],
    [
      511.375,
      292.625
    ],
    [
      597.625,
      297.625
    ],
    [
      430.125,
      311.375
    ],
    [
      575.125,
      312.625
    ],
    [
      540.125,
      313.875
    ],
    [
      518.875,
      327.625
    ],
    [
      586.375,
      330.125
    ],
    [
      602.625,
      347.625
    ],
    [
      611.375,
      352.625
    ],
    [
      636.375,
      357.625
    ],
    [
      617.625,
      368.875
    ],
    [
      650.125,
      376.375
    ],
    [
      715.125,
      383.875
    ],
    [
      595.125,
      388.875
    ],
    [
      702.625,
      391.375
    ]
  ],
  "mkpts1": [
    [
      778.875,
      158.875
    ],
    [
      853.875,
      203.875
    ],
    [
      726.375,
      185.125
    ],
    [
      312.625,
      163.875
    ],
    [
      297.625,
      171.375
    ],
    [
      343.875,
      201.375
    ],
    [
      430.125,
      251.375
    ],
    [
      611.375,
      287.625
    ],
    [
      498.875,
      272.625
    ],
    [
      276.375,
      248.875
    ],
    [
      483.875,
      283.875
    ],
    [
      616.375,
      306.375
    ],
    [
      365.125,
      306.375
    ],
    [
      588.875,
      330.125
    ],
    [
      557.625,
      340.125
    ],
    [
      533.875,
      363.875
    ],
    [
      621.375,
      371.375
    ],
    [
      655.125,
      407.625
    ],
    [
      672.625,
      420.125
    ],
    [
      708.875,
      432.625
    ],
    [
      690.125,
      451.375
    ],
    [
      738.875,
      470.125
    ],
    [
      828.875,
      491.375
    ],
    [
      668.875,
      486.375
    ],
    [
      818.875,
      505.125
    ]
  ],
  "mpts3D": [
    [
      0.21699999272823334,
      -0.0,
      -0.027000000700354576
    ],
    [
      0.21699999272823334,
      -0.0,
      -0.07000000029802322
    ],
    [
      0.17000000178813934,
      -0.0,
      -0.014999999664723873
    ],
    [
      -0.0,
      -0.0,
      0.15600000321865082
    ],
    [
      -0.014000000432133675,
      0.0,
      0.15600000321865082
    ],
    [
      -0.01899999938905239,
      -0.0,
      0.12800000607967377
    ],
    [
      -0.01899999938905239,
      -0.0,
      0.07400000095367432
    ],
    [
      0.02500000037252903,
      -0.014000000432133675,
      -0.010999999940395355
    ],
    [
      0.0,
      0.0,
      0.041999999433755875
    ],
    [
      -0.07400000095367432,
      -0.0,
      0.12800000607967377
    ],
    [
      -0.014000000432133675,
      0.0,
      0.041999999433755875
    ],
    [
      0.02500000037252903,
      0.0,
      -0.014999999664723873
    ],
    [
      -0.07400000095367432,
      -0.0,
      0.07400000095367432
    ],
    [
      0.0,
      -0.0,
      -0.014999999664723873
    ],
    [
      -0.03500000014901161,
      -0.017999999225139618,
      -0.009999999776482582
    ],
    [
      -0.05700000002980232,
      -0.017999999225139618,
      -0.009999999776482582
    ],
    [
      -0.014000000432133675,
      0.0,
      -0.041999999433755875
    ],
    [
      -0.023000000044703484,
      0.0,
      -0.06499999761581421
    ],
    [
      -0.023000000044703484,
      -0.0,
      -0.07500000298023224
    ],
    [
      -0.017000000923871994,
      -0.0,
      -0.09200000017881393
    ],
    [
      -0.03700000047683716,
      -0.0,
      -0.09700000286102295
    ],
    [
      -0.028999999165534973,
      -0.0,
      -0.12700000405311584
    ],
    [
      0.0,
      0.0,
      -0.15600000321865082
    ],
    [
      -0.052000001072883606,
      -0.0,
      -0.09700000286102295
    ],
    [
      -0.014000000432133675,
      0.0,
      -0.15600000321865082
    ]
  ],
  "mconf": [
    0.2438058853149414,
    0.4482329487800598,
    0.9206106662750244,
    0.7764448523521423,
    0.9911970496177673,
    0.9958406090736389,
    0.9962984919548035,
    0.8883160948753357,
    0.9438494443893433,
    0.9893010258674622,
    0.9876874089241028,
    0.9770532846450806,
    0.9984755516052246,
    0.9741002917289734,
    0.9957122802734375,
    0.9981985092163086,
    0.9928985238075256,
    0.9926195740699768,
    0.9840103387832642,
    0.9995599389076233,
    0.9991216659545898,
    0.9994968771934509,
    0.9909979104995728,
    0.9991946220397949,
    0.9995894432067871
  ],
  "coverage_score": 0.7427376486136673,
  "pose_estimation_failed": false,
  "tracking_method": "loosely_coupled",
  "kf_translation_vector": [
    -0.014195631256866632,
    -0.08116027942512902,
    0.7144774480039918
  ],
  "kf_quaternion": [
    0.458593167449643,
    -0.47914584992245557,
    -0.10981524014096296,
    0.740305460133433
  ],
  "kf_rotation_matrix": [
    [
      0.5167197350697406,
      -0.27687238220814236,
      -0.8101496154167114
    ],
    [
      -0.6020596697370184,
      0.5552658396025727,
      -0.5737630185421524
    ],
    [
      0.6087075401747619,
      0.7842330848292735,
      0.12022312254118273
    ]
  ],
  "position_diff": 0.08016950625364656,
  "orientation_diff": 9.859781319406759,
  "timestamp": 1741869610.958997,
  "image_file": "webcam_000029"
}