{
  "frame": 180,
  "object_rotation_in_cam": [
    [
      0.5875040845188371,
      -0.11213104200368837,
      -0.801414736633193
    ],
    [
      -0.45746483310661434,
      0.7708962648922486,
      -0.44322102301889654
    ],
    [
      0.6675064622491833,
      0.6270132201113042,
      0.4016086959482234
    ]
  ],
  "object_translation_in_cam": [
    -0.025675371978870043,
    -0.004404610078764719,
    0.705877953925237
  ],
  "raw_rvec": [
    0.6832229433534405,
    -0.9377392580145535,
    -0.2204563820595672
  ],
  "refined_raw_rvec": [
    0.6832229433534405,
    -0.9377392580145535,
    -0.2204563820595672
  ],
  "num_inliers": 16,
  "total_matches": 36,
  "inlier_ratio": 0.4444444444444444,
  "reprojection_errors": [
    1.0229564905166626,
    0.4827462136745453,
    2.623352289199829,
    2.246267080307007,
    1.0252505540847778,
    3.721057891845703,
    3.69815731048584,
    3.467970371246338,
    2.531586170196533,
    1.9922220706939697,
    1.675022840499878,
    2.7568414211273193,
    2.8768112659454346,
    0.5762103796005249,
    1.262961745262146,
    2.2947335243225098
  ],
  "mean_reprojection_error": 2.1408841609954834,
  "std_reprojection_error": 1.0224449634552002,
  "inliers": [
    3,
    4,
    11,
    12,
    16,
    18,
    19,
    20,
    22,
    23,
    24,
    25,
    26,
    27,
    28,
    29
  ],
  "mkpts0": [
    [
      727.625,
      126.375
    ],
    [
      727.625,
      143.875
    ],
    [
      636.375,
      157.625
    ],
    [
      663.875,
      165.125
    ],
    [
      656.375,
      171.375
    ],
    [
      356.375,
      195.125
    ],
    [
      745.125,
      201.375
    ],
    [
      805.125,
      212.625
    ],
    [
      793.875,
      220.125
    ],
    [
      705.125,
      223.875
    ],
    [
      835.125,
      225.125
    ],
    [
      425.125,
      242.625
    ],
    [
      413.875,
      248.875
    ],
    [
      436.375,
      260.125
    ],
    [
      478.875,
      281.375
    ],
    [
      590.125,
      283.875
    ],
    [
      522.625,
      286.375
    ],
    [
      386.375,
      288.875
    ],
    [
      350.125,
      290.125
    ],
    [
      511.375,
      292.625
    ],
    [
      597.625,
      297.625
    ],
    [
      430.125,
      311.375
    ],
    [
      575.125,
      312.625
    ],
    [
      540.125,
      313.875
    ],
    [
      518.875,
      327.625
    ],
    [
      586.375,
      330.125
    ],
    [
      470.125,
      338.875
    ],
    [
      602.625,
      347.625
    ],
    [
      611.375,
      352.625
    ],
    [
      636.375,
      357.625
    ],
    [
      617.625,
      368.875
    ],
    [
      650.125,
      376.375
    ],
    [
      496.375,
      377.625
    ],
    [
      715.125,
      383.875
    ],
    [
      595.125,
      388.875
    ],
    [
      702.625,
      391.375
    ]
  ],
  "mkpts1": [
    [
      820.125,
      51.375
    ],
    [
      815.125,
      77.625
    ],
    [
      648.875,
      76.375
    ],
    [
      691.375,
      97.625
    ],
    [
      680.125,
      105.125
    ],
    [
      197.625,
      92.625
    ],
    [
      825.125,
      171.375
    ],
    [
      918.875,
      200.125
    ],
    [
      906.375,
      210.125
    ],
    [
      766.375,
      198.875
    ],
    [
      972.625,
      222.625
    ],
    [
      312.625,
      188.875
    ],
    [
      295.125,
      196.375
    ],
    [
      335.125,
      220.125
    ],
    [
      413.875,
      262.625
    ],
    [
      603.875,
      290.125
    ],
    [
      485.125,
      281.375
    ],
    [
      252.625,
      263.875
    ],
    [
      192.625,
      253.875
    ],
    [
      467.625,
      291.375
    ],
    [
      610.125,
      311.375
    ],
    [
      332.625,
      312.625
    ],
    [
      573.875,
      333.875
    ],
    [
      526.375,
      335.125
    ],
    [
      493.875,
      357.625
    ],
    [
      603.875,
      370.125
    ],
    [
      410.125,
      370.125
    ],
    [
      632.625,
      405.125
    ],
    [
      650.125,
      416.375
    ],
    [
      691.375,
      427.625
    ],
    [
      662.625,
      445.125
    ],
    [
      718.875,
      465.125
    ],
    [
      452.625,
      442.625
    ],
    [
      825.125,
      486.375
    ],
    [
      630.125,
      478.875
    ],
    [
      810.125,
      500.125
    ]
  ],
  "mpts3D": [
    [
      0.20600000023841858,
      -0.07000000029802322,
      -0.0020000000949949026
    ],
    [
      0.20600000023841858,
      -0.054999999701976776,
      -0.0020000000949949026
    ],
    [
      0.23000000417232513,
      -0.0,
      0.11299999803304672
    ],
    [
      0.23000000417232513,
      -0.0,
      0.07000000029802322
    ],
    [
      0.21699999272823334,
      0.0,
      0.07000000029802322
    ],
    [
      -0.0,
      -0.02500000037252903,
      0.23999999463558197
    ],
    [
      0.21699999272823334,
      -0.0,
      -0.027000000700354576
    ],
    [
      0.23000000417232513,
      0.0,
      -0.07000000029802322
    ],
    [
      0.21699999272823334,
      -0.0,
      -0.07000000029802322
    ],
    [
      0.17000000178813934,
      -0.0,
      -0.014999999664723873
    ],
    [
      0.23000000417232513,
      -0.0,
      -0.11299999803304672
    ],
    [
      -0.0,
      -0.0,
      0.15600000321865082
    ],
    [
      -0.014000000432133675,
      0.0,
      0.15600000321865082
    ],
    [
      -0.01899999938905239,
      -0.0,
      0.12800000607967377
    ],
    [
      -0.01899999938905239,
      -0.0,
      0.07400000095367432
    ],
    [
      0.02500000037252903,
      -0.014000000432133675,
      -0.010999999940395355
    ],
    [
      0.0,
      0.0,
      0.041999999433755875
    ],
    [
      -0.07400000095367432,
      -0.0,
      0.12800000607967377
    ],
    [
      -0.07999999821186066,
      -0.0,
      0.15600000321865082
    ],
    [
      -0.014000000432133675,
      0.0,
      0.041999999433755875
    ],
    [
      0.02500000037252903,
      0.0,
      -0.014999999664723873
    ],
    [
      -0.07400000095367432,
      -0.0,
      0.07400000095367432
    ],
    [
      0.0,
      -0.0,
      -0.014999999664723873
    ],
    [
      -0.03500000014901161,
      -0.017999999225139618,
      -0.009999999776482582
    ],
    [
      -0.05700000002980232,
      -0.017999999225139618,
      -0.009999999776482582
    ],
    [
      -0.014000000432133675,
      0.0,
      -0.041999999433755875
    ],
    [
      -0.10000000149011612,
      -0.029999999329447746,
      0.0
    ],
    [
      -0.023000000044703484,
      0.0,
      -0.06499999761581421
    ],
    [
      -0.023000000044703484,
      -0.0,
      -0.07500000298023224
    ],
    [
      -0.017000000923871994,
      -0.0,
      -0.09200000017881393
    ],
    [
      -0.03700000047683716,
      -0.0,
      -0.09700000286102295
    ],
    [
      -0.028999999165534973,
      -0.0,
      -0.12700000405311584
    ],
    [
      -0.09000000357627869,
      -0.0,
      -0.014999999664723873
    ],
    [
      0.0,
      0.0,
      -0.15600000321865082
    ],
    [
      -0.052000001072883606,
      -0.0,
      -0.09700000286102295
    ],
    [
      -0.014000000432133675,
      0.0,
      -0.15600000321865082
    ]
  ],