{
  "frame": 169,
  "object_rotation_in_cam": [
    [
      0.5083921195275876,
      -0.25858221827651084,
      -0.821384617090828
    ],
    [
      -0.6050890406006807,
      0.5714059815235022,
      -0.5544027933047514
    ],
    [
      0.612702787448527,
      0.7788648410798641,
      0.13403303168414504
    ]
  ],
  "object_translation_in_cam": [
    -0.08631388619291908,
    -0.04726820865597433,
    0.7042438183293906
  ],
  "raw_rvec": [
    0.9813609883433118,
    -1.0555700869008329,
    -0.25504877554512956
  ],
  "refined_raw_rvec": [
    0.9813609883433118,
    -1.0555700869008329,
    -0.25504877554512956
  ],
  "num_inliers": 13,
  "total_matches": 25,
  "inlier_ratio": 0.52,
  "reprojection_errors": [
    1.2731832265853882,
    2.0277481079101562,
    2.308356761932373,
    1.7435530424118042,
    2.6679861545562744,
    4.356236457824707,
    3.8465020656585693,
    1.0486886501312256,
    2.7993040084838867,
    3.693809747695923,
    1.321406364440918,
    1.7386629581451416,
    3.1354520320892334
  ],
  "mean_reprojection_error": 2.4585301876068115,
  "std_reprojection_error": 1.0226349830627441,
  "inliers": [
    0,
    3,
    8,
    12,
    13,
    14,
    15,
    16,
    17,
    18,
    19,
    20,
    21
  ],
  "mkpts0": [
    [
      745.125,
      201.375
    ],
    [
      805.125,
      212.625
    ],
    [
      793.875,
      220.125
    ],
    [
      705.125,
      223.875
    ],
    [
      835.125,
      225.125
    ],
    [
      425.125,
      242.625
    ],
    [
      413.875,
      248.875
    ],
    [
      436.375,
      260.125
    ],
    [
      478.875,
      281.375
    ],
    [
      590.125,
      283.875
    ],
    [
      522.625,
      286.375
    ],
    [
      386.375,
      288.875
    ],
    [
      511.375,
      292.625
    ],
    [
      597.625,
      297.625
    ],
    [
      430.125,
      311.375
    ],
    [
      575.125,
      312.625
    ],
    [
      540.125,
      313.875
    ],
    [
      518.875,
      327.625
    ],
    [
      586.375,
      330.125
    ],
    [
      602.625,
      347.625
    ],
    [
      611.375,
      352.625
    ],
    [
      636.375,
      357.625
    ],
    [
      617.625,
      368.875
    ],
    [
      650.125,
      376.375
    ],
    [
      595.125,
      388.875
    ]
  ],
  "mkpts1": [
    [
      686.375,
      41.375
    ],
    [
      780.125,
      77.625
    ],
    [
      767.625,
      88.875
    ],
    [
      625.125,
      72.625
    ],
    [
      828.875,
      102.625
    ],
    [
      152.625,
      66.375
    ],
    [
      135.125,
      77.625
    ],
    [
      183.875,
      110.125
    ],
    [
      273.875,
      165.125
    ],
    [
      475.125,
      198.875
    ],
    [
      351.375,
      187.625
    ],
    [
      97.625,
      168.875
    ],
    [
      333.875,
      198.875
    ],
    [
      481.375,
      220.125
    ],
    [
      193.875,
      231.375
    ],
    [
      446.375,
      248.875
    ],
    [
      402.625,
      261.375
    ],
    [
      371.375,
      290.125
    ],
    [
      477.625,
      292.625
    ],
    [
      510.125,
      333.875
    ],
    [
      527.625,
      347.625
    ],
    [
      566.375,
      358.875
    ],
    [
      542.625,
      382.625
    ],
    [
      595.125,
      401.375
    ],
    [
      512.625,
      422.625
    ]
  ],
  "mpts3D": [
    [
      0.21699999272823334,
      -0.0,
      -0.027000000700354576
    ],
    [
      0.23000000417232513,
      0.0,
      -0.07000000029802322
    ],
    [
      0.21699999272823334,
      -0.0,
      -0.07000000029802322
    ],
    [
      0.17000000178813934,
      -0.0,
      -0.014999999664723873
    ],
    [
      0.23000000417232513,
      -0.0,
      -0.11299999803304672
    ],
    [
      -0.0,
      -0.0,
      0.15600000321865082
    ],
    [
      -0.014000000432133675,
      0.0,
      0.15600000321865082
    ],
    [
      -0.01899999938905239,
      -0.0,
      0.12800000607967377
    ],
    [
      -0.01899999938905239,
      -0.0,
      0.07400000095367432
    ],
    [
      0.02500000037252903,
      -0.014000000432133675,
      -0.010999999940395355
    ],
    [
      0.0,
      0.0,
      0.041999999433755875
    ],
    [
      -0.07400000095367432,
      -0.0,
      0.12800000607967377
    ],
    [
      -0.014000000432133675,
      0.0,
      0.041999999433755875
    ],
    [
      0.02500000037252903,
      0.0,
      -0.014999999664723873
    ],
    [
      -0.07400000095367432,
      -0.0,
      0.07400000095367432
    ],
    [
      0.0,
      -0.0,
      -0.014999999664723873
    ],
    [
      -0.03500000014901161,
      -0.017999999225139618,
      -0.009999999776482582
    ],
    [
      -0.05700000002980232,
      -0.017999999225139618,
      -0.009999999776482582
    ],
    [
      -0.014000000432133675,
      0.0,
      -0.041999999433755875
    ],
    [
      -0.023000000044703484,
      0.0,
      -0.06499999761581421
    ],
    [
      -0.023000000044703484,
      -0.0,
      -0.07500000298023224
    ],
    [
      -0.017000000923871994,
      -0.0,
      -0.09200000017881393
    ],
    [
      -0.03700000047683716,
      -0.0,
      -0.09700000286102295
    ],
    [
      -0.028999999165534973,
      -0.0,
      -0.12700000405311584
    ],
    [
      -0.052000001072883606,
      -0.0,
      -0.09700000286102295
    ]
  ],
  "mconf": [
    0.9854873418807983,
    0.8020559549331665,
    0.9974877238273621,
    0.9355443716049194,
    0.6969201564788818,
    0.9501952528953552,
    0.9929512739181519,
    0.9967600107192993,
    0.9970564246177673,
    0.9508076310157776,
    0.5852731466293335,
    0.9947049021720886,
    0.9866755604743958,
    0.9753128886222839,
    0.9989014863967896,
    0.9933021664619446,
    0.990423321723938,
    0.9976052641868591,
    0.9990543723106384,
    0.997638463973999,
    0.9969695806503296,
    0.9996508955955505,
    0.9996324777603149,
    0.9994446039199829,
    0.9995082020759583
  ],
  "coverage_score": 0.75,
  "pose_estimation_failed": false,
  "tracking_method": "loosely_coupled",
  "kf_translation_vector": [
    0.013190414700350882,
    -0.042874425539391116,
    0.8022949184067166
  ],
  "kf_quaternion": [
    0.4063548930985966,
    -0.44088985786247475,
    -0.14674715826652174,
    0.7867382700933871
  ],
  "kf_rotation_matrix": [
    [
      0.5681628095494144,
      -0.1274122912484752,
      -0.812992699772716
    ],
    [
      -0.5892187129913704,
      0.626681944791057,
      -0.5099912237810486
    ],
    [
      0.574466996533055,
      0.768788558780444,
      0.28098366817766984
    ]
  ],
  "position_diff": 0.14575909270175208,
  "orientation_diff": 8.949400309485732,
  "timestamp": 1741869959.1622405,
  "image_file": "webcam_000169"
}