{
  "frame": 79,
  "object_rotation_in_cam": [
    [
      0.5987748688896297,
      -0.2034680142941205,
      -0.7746414806511552
    ],
    [
      -0.5711388539608327,
      0.5695825833864527,
      -0.5910804430863204
    ],
    [
      0.5614882597904545,
      0.7963519623018593,
      0.22484324818740953
    ]
  ],
  "object_translation_in_cam": [
    -0.006206964355317711,
    -0.05763035935905221,
    0.687459652429173
  ],
  "raw_rvec": [
    0.9713652349985558,
    -0.9354473589288134,
    -0.25741266398852053
  ],
  "refined_raw_rvec": [
    0.9713652349985558,
    -0.9354473589288134,
    -0.25741266398852053
  ],
  "num_inliers": 13,
  "total_matches": 25,
  "inlier_ratio": 0.52,
  "reprojection_errors": [
    1.097176194190979,
    1.6841529607772827,
    1.7745977640151978,
    2.6317341327667236,
    1.6740546226501465,
    2.3510565757751465,
    2.807664155960083,
    3.932640314102173,
    2.4971346855163574,
    0.7400598526000977,
    2.4559028148651123,
    1.8810157775878906,
    2.0488531589508057
  ],
  "mean_reprojection_error": 2.1212339401245117,
  "std_reprojection_error": 0.7770535349845886,
  "inliers": [
    3,
    4,
    7,
    10,
    11,
    12,
    13,
    14,
    15,
    16,
    17,
    19,
    20
  ],
  "mkpts0": [
    [
      745.125,
      201.375
    ],
    [
      805.125,
      212.625
    ],
    [
      793.875,
      220.125
    ],
    [
      705.125,
      223.875
    ],
    [
      835.125,
      225.125
    ],
    [
      425.125,
      242.625
    ],
    [
      413.875,
      248.875
    ],
    [
      436.375,
      260.125
    ],
    [
      478.875,
      281.375
    ],
    [
      590.125,
      283.875
    ],
    [
      522.625,
      286.375
    ],
    [
      386.375,
      288.875
    ],
    [
      511.375,
      292.625
    ],
    [
      597.625,
      297.625
    ],
    [
      430.125,
      311.375
    ],
    [
      575.125,
      312.625
    ],
    [
      540.125,
      313.875
    ],
    [
      518.875,
      327.625
    ],
    [
      586.375,
      330.125
    ],
    [
      602.625,
      347.625
    ],
    [
      611.375,
      352.625
    ],
    [
      636.375,
      357.625
    ],
    [
      617.625,
      368.875
    ],
    [
      650.125,
      376.375
    ],
    [
      595.125,
      388.875
    ]
  ],
  "mkpts1": [
    [
      872.625,
      23.875
    ],
    [
      970.125,
      65.125
    ],
    [
      956.375,
      76.375
    ],
    [
      806.375,
      55.125
    ],
    [
      1022.625,
      93.875
    ],
    [
      332.625,
      31.375
    ],
    [
      315.125,
      41.375
    ],
    [
      360.125,
      75.125
    ],
    [
      446.375,
      132.625
    ],
    [
      645.125,
      176.375
    ],
    [
      521.375,
      157.625
    ],
    [
      276.375,
      128.875
    ],
    [
      502.625,
      168.875
    ],
    [
      650.125,
      197.625
    ],
    [
      365.125,
      193.875
    ],
    [
      613.875,
      225.125
    ],
    [
      568.875,
      235.125
    ],
    [
      536.375,
      262.625
    ],
    [
      643.875,
      271.375
    ],
    [
      673.875,
      315.125
    ],
    [
      691.375,
      328.875
    ],
    [
      732.625,
      343.875
    ],
    [
      705.125,
      365.125
    ],
    [
      760.125,
      388.875
    ],
    [
      672.625,
      403.875
    ]
  ],
  "mpts3D": [
    [
      0.21699999272823334,
      -0.0,
      -0.027000000700354576
    ],
    [
      0.23000000417232513,
      0.0,
      -0.07000000029802322
    ],
    [
      0.21699999272823334,
      -0.0,
      -0.07000000029802322
    ],
    [
      0.17000000178813934,
      -0.0,
      -0.014999999664723873
    ],
    [
      0.23000000417232513,
      -0.0,
      -0.11299999803304672
    ],
    [
      -0.0,
      -0.0,
      0.15600000321865082
    ],
    [
      -0.014000000432133675,
      0.0,
      0.15600000321865082
    ],
    [
      -0.01899999938905239,
      -0.0,
      0.12800000607967377
    ],
    [
      -0.01899999938905239,
      -0.0,
      0.07400000095367432
    ],
    [
      0.02500000037252903,
      -0.014000000432133675,
      -0.010999999940395355
    ],
    [
      0.0,
      0.0,
      0.041999999433755875
    ],
    [
      -0.07400000095367432,
      -0.0,
      0.12800000607967377
    ],
    [
      -0.014000000432133675,
      0.0,
      0.041999999433755875
    ],
    [
      0.02500000037252903,
      0.0,
      -0.014999999664723873
    ],
    [
      -0.07400000095367432,
      -0.0,
      0.07400000095367432
    ],
    [
      0.0,
      -0.0,
      -0.014999999664723873
    ],
    [
      -0.03500000014901161,
      -0.017999999225139618,
      -0.009999999776482582
    ],
    [
      -0.05700000002980232,
      -0.017999999225139618,
      -0.009999999776482582
    ],
    [
      -0.014000000432133675,
      0.0,
      -0.041999999433755875
    ],
    [
      -0.023000000044703484,
      0.0,
      -0.06499999761581421
    ],
    [
      -0.023000000044703484,
      -0.0,
      -0.07500000298023224
    ],
    [
      -0.017000000923871994,
      -0.0,
      -0.09200000017881393
    ],
    [
      -0.03700000047683716,
      -0.0,
      -0.09700000286102295
    ],
    [
      -0.028999999165534973,
      -0.0,
      -0.12700000405311584
    ],
    [
      -0.052000001072883606,
      -0.0,
      -0.09700000286102295
    ]
  ],
  "mconf": [
    0.9929407835006714,
    0.8803379535675049,
    0.9983577728271484,
    0.6789923906326294,
    0.6466680765151978,
    0.9278354644775391,
    0.9918718338012695,
    0.9877728223800659,
    0.9909945130348206,
    0.920709490776062,
    0.7399957180023193,
    0.9942250847816467,
    0.9682397842407227,
    0.9549685716629028,
    0.9947105646133423,
    0.9754759073257446,
    0.988776445388794,
    0.9972712993621826,
    0.9984796643257141,
    0.9900127053260803,
    0.9958351254463196,
    0.9996996521949768,
    0.9996262788772583,
    0.9995971918106079,
    0.9995915293693542
  ],
  "coverage_score": 0.7863118319475819,
  "pose_estimation_failed": false,
  "tracking_method": "loosely_coupled",
  "kf_translation_vector": [
    0.02458677102139569,
    -0.023800415778825933,
    0.7708981039635576
  ],
  "kf_quaternion": [
    0.4520341403271179,
    -0.41469803439602343,
    -0.10940724791747217,
    0.7821257765538244
  ],
  "kf_rotation_matrix": [
    [
      0.6321111887423987,
      -0.20377488147096462,
      -0.7476036668905297
    ],
    [
      -0.5460557964232435,
      0.5673903801636965,
      -0.6163531647442668
    ],
    [
      0.549780421858808,
      0.7978370473844834,
      0.24738135249359605
    ]
  ],
  "position_diff": 0.09904127278053083,
  "orientation_diff": 2.557202382996274,
  "timestamp": 1741869946.9399068,
  "image_file": "webcam_000079"
}