{
  "frame": 66,
  "object_rotation_in_cam": [
    [
      0.6914699703765566,
      -0.12389133107228145,
      -0.7117023381671459
    ],
    [
      -0.4811724145949864,
      0.6558518999181541,
      -0.5816626108033575
    ],
    [
      0.5388342857505215,
      0.7446537607901312,
      0.39388880288837774
    ]
  ],
  "object_translation_in_cam": [
    -0.009837488898126474,
    -0.0036827282234786745,
    0.7060920152566424
  ],
  "raw_rvec": [
    0.8504731713416384,
    -0.8018809623410862,
    -0.22909916719105614
  ],
  "refined_raw_rvec": [
    0.8504731713416384,
    -0.8018809623410862,
    -0.22909916719105614
  ],
  "num_inliers": 14,
  "total_matches": 31,
  "inlier_ratio": 0.45161290322580644,
  "reprojection_errors": [
    2.033989191055298,
    2.573099136352539,
    1.0000633001327515,
    3.64154314994812,
    2.06710147857666,
    0.2871262729167938,
    1.4506508111953735,
    3.253997325897217,
    3.861703872680664,
    3.117485284805298,
    2.1590425968170166,
    2.2345762252807617,
    2.2197508811950684,
    0.9772156476974487
  ],
  "mean_reprojection_error": 2.2055246829986572,
  "std_reprojection_error": 1.0048068761825562,
  "inliers": [
    3,
    7,
    11,
    13,
    14,
    15,
    16,
    17,
    18,
    19,
    20,
    21,
    23,
    24
  ],
  "mkpts0": [
    [
      727.625,
      126.375
    ],
    [
      727.625,
      143.875
    ],
    [
      636.375,
      157.625
    ],
    [
      656.375,
      171.375
    ],
    [
      356.375,
      195.125
    ],
    [
      745.125,
      201.375
    ],
    [
      793.875,
      220.125
    ],
    [
      705.125,
      223.875
    ],
    [
      835.125,
      225.125
    ],
    [
      425.125,
      242.625
    ],
    [
      413.875,
      248.875
    ],
    [
      436.375,
      260.125
    ],
    [
      478.875,
      281.375
    ],
    [
      590.125,
      283.875
    ],
    [
      522.625,
      286.375
    ],
    [
      386.375,
      288.875
    ],
    [
      511.375,
      292.625
    ],
    [
      597.625,
      297.625
    ],
    [
      430.125,
      311.375
    ],
    [
      575.125,
      312.625
    ],
    [
      540.125,
      313.875
    ],
    [
      518.875,
      327.625
    ],
    [
      586.375,
      330.125
    ],
    [
      602.625,
      347.625
    ],
    [
      611.375,
      352.625
    ],
    [
      636.375,
      357.625
    ],
    [
      617.625,
      368.875
    ],
    [
      650.125,
      376.375
    ],
    [
      496.375,
      377.625
    ],
    [
      595.125,
      388.875
    ],
    [
      702.625,
      391.375
    ]
  ],
  "mkpts1": [
    [
      902.625,
      46.375
    ],
    [
      896.375,
      68.875
    ],
    [
      730.125,
      37.625
    ],
    [
      757.625,
      73.875
    ],
    [
      257.625,
      47.625
    ],
    [
      897.625,
      160.125
    ],
    [
      976.375,
      210.125
    ],
    [
      825.125,
      186.375
    ],
    [
      1041.375,
      228.875
    ],
    [
      363.875,
      156.375
    ],
    [
      345.125,
      163.875
    ],
    [
      380.125,
      193.875
    ],
    [
      452.625,
      247.625
    ],
    [
      638.875,
      293.875
    ],
    [
      523.875,
      273.875
    ],
    [
      291.375,
      241.375
    ],
    [
      502.625,
      283.875
    ],
    [
      645.125,
      313.875
    ],
    [
      363.875,
      301.375
    ],
    [
      603.875,
      337.625
    ],
    [
      551.375,
      346.375
    ],
    [
      515.125,
      370.125
    ],
    [
      627.625,
      382.625
    ],
    [
      650.125,
      425.125
    ],
    [
      666.375,
      440.125
    ],
    [
      706.375,
      455.125
    ],
    [
      675.125,
      476.375
    ],
    [
      727.625,
      500.125
    ],
    [
      467.625,
      453.875
    ],
    [
      637.625,
      512.625
    ],
    [
      817.625,
      547.625
    ]
  ],
  "mpts3D": [
    [
      0.20600000023841858,
      -0.07000000029802322,
      -0.0020000000949949026
    ],
    [
      0.20600000023841858,
      -0.054999999701976776,
      -0.0020000000949949026
    ],
    [
      0.23000000417232513,
      -0.0,
      0.11299999803304672
    ],
    [
      0.21699999272823334,
      0.0,
      0.07000000029802322
    ],
    [
      -0.0,
      -0.02500000037252903,
      0.23999999463558197
    ],
    [
      0.21699999272823334,
      -0.0,
      -0.027000000700354576
    ],
    [
      0.21699999272823334,
      -0.0,
      -0.07000000029802322
    ],
    [
      0.17000000178813934,
      -0.0,
      -0.014999999664723873
    ],
    [
      0.23000000417232513,
      -0.0,
      -0.11299999803304672
    ],
    [
      -0.0,
      -0.0,
      0.15600000321865082
    ],
    [
      -0.014000000432133675,
      0.0,
      0.15600000321865082
    ],
    [
      -0.01899999938905239,
      -0.0,
      0.12800000607967377
    ],
    [
      -0.01899999938905239,
      -0.0,
      0.07400000095367432
    ],
    [
      0.02500000037252903,
      -0.014000000432133675,
      -0.010999999940395355
    ],
    [
      0.0,
      0.0,
      0.041999999433755875
    ],
    [
      -0.07400000095367432,
      -0.0,
      0.12800000607967377
    ],
    [
      -0.014000000432133675,
      0.0,
      0.041999999433755875
    ],
    [
      0.02500000037252903,
      0.0,
      -0.014999999664723873
    ],
    [
      -0.07400000095367432,
      -0.0,
      0.07400000095367432
    ],
    [
      0.0,
      -0.0,
      -0.014999999664723873
    ],
    [
      -0.03500000014901161,
      -0.017999999225139618,
      -0.009999999776482582
    ],
    [
      -0.05700000002980232,
      -0.017999999225139618,
      -0.009999999776482582
    ],
    [
      -0.014000000432133675,
      0.0,
      -0.041999999433755875
    ],
    [
      -0.023000000044703484,
      0.0,
      -0.06499999761581421
    ],
    [
      -0.023000000044703484,
      -0.0,
      -0.07500000298023224
    ],
    [
      -0.017000000923871994,
      -0.0,
      -0.09200000017881393
    ],
    [
      -0.03700000047683716,
      -0.0,
      -0.09700000286102295
    ],
    [
      -0.028999999165534973,
      -0.0,
      -0.12700000405311584
    ],
    [
      -0.09000000357627869,
      -0.0,
      -0.014999999664723873
    ],
    [
      -0.052000001072883606,
      -0.0,
      -0.09700000286102295
    ],
    [
      -0.014000000432133675,
      0.0,
      -0.15600000321865082
    ]
  ],
  "mconf": [
    0.940447986125946,
    0.8622919321060181,
    0.11029751598834991,
    0.5924575924873352,
    0.814883828163147,
    0.9761847257614136,
    0.7502999901771545,
    0.755937397480011,
    0.13865335285663605,
    0.8135395050048828,
    0.9933204054832458,
    0.9953465461730957,
    0.9616059064865112,
    0.8981345891952515,
    0.8426697254180908,
    0.9965130090713501,
    0.9919915795326233,
    0.927915632724762,
    0.9968388080596924,
    0.8830158710479736,
    0.9896302223205566,
    0.9976649284362793,
    0.996752917766571,
    0.9969727993011475,
    0.9846880435943604,
    0.9993431568145752,
    0.9995431303977966,
    0.9993578791618347,
    0.7521110773086548,
    0.9994586110115051,
    0.5206297039985657
  ],
  "coverage_score": 0.9276942711037669,
  "pose_estimation_failed": false,
  "tracking_method": "loosely_coupled",
  "kf_translation_vector": [
    0.026152105702265303,
    -0.01666189141888691,
    0.7670820624097678
  ],
  "kf_quaternion": [
    0.4563457797397716,
    -0.4101687172500513,
    -0.10444284354164621,
    0.7826888558910768
  ],
  "kf_rotation_matrix": [
    [
      0.6417066316447654,
      -0.21086502676142949,
      -0.7373930698020095
    ],
    [
      -0.5378500256319168,
      0.5616804434932702,
      -0.6286751381476368
    ],
    [
      0.5467448663050034,
      0.800031886793336,
      0.24702030540629472
    ]
  ],
  "position_diff": 0.07436791282202156,
  "orientation_diff": 9.072805498892041,
  "timestamp": 1741869945.1960213,