{
  "frame": 157,
  "object_rotation_in_cam": [
    [
      0.6559099504265469,
      -0.20226929869799554,
      -0.7272339841726774
    ],
    [
      -0.32991790780130753,
      0.7897149176436533,
      -0.5172083941344009
    ],
    [
      0.6789229050808736,
      0.5791696466971478,
      0.45124960864387276
    ]
  ],
  "object_translation_in_cam": [
    0.002853726142001537,
    -0.012221442988506628,
    0.6861499880366179
  ],
  "raw_rvec": [
    0.6781906885159898,
    -0.8698117559533365,
    -0.07896008025682862
  ],
  "refined_raw_rvec": [
    0.6781906885159898,
    -0.8698117559533365,
    -0.07896008025682862
  ],
  "num_inliers": 14,
  "total_matches": 34,
  "inlier_ratio": 0.4117647058823529,
  "reprojection_errors": [
    0.7389127016067505,
    2.149789333343506,
    2.223566770553589,
    2.1307079792022705,
    3.696005344390869,
    2.7100443840026855,
    3.2139909267425537,
    3.353268623352051,
    4.282066345214844,
    3.6672167778015137,
    3.196732759475708,
    3.086137533187866,
    3.1698434352874756,
    1.5694811344146729
  ],
  "mean_reprojection_error": 2.799125909805298,
  "std_reprojection_error": 0.9094071984291077,
  "inliers": [
    10,
    14,
    17,
    18,
    19,
    20,
    21,
    22,
    23,
    24,
    25,
    26,
    31,
    33
  ],
  "mkpts0": [
    [
      751.375,
      76.375
    ],
    [
      727.625,
      126.375
    ],
    [
      727.625,
      143.875
    ],
    [
      636.375,
      157.625
    ],
    [
      663.875,
      165.125
    ],
    [
      656.375,
      171.375
    ],
    [
      356.375,
      195.125
    ],
    [
      745.125,
      201.375
    ],
    [
      793.875,
      220.125
    ],
    [
      705.125,
      223.875
    ],
    [
      835.125,
      225.125
    ],
    [
      425.125,
      242.625
    ],
    [
      413.875,
      248.875
    ],
    [
      436.375,
      260.125
    ],
    [
      478.875,
      281.375
    ],
    [
      590.125,
      283.875
    ],
    [
      522.625,
      286.375
    ],
    [
      386.375,
      288.875
    ],
    [
      511.375,
      292.625
    ],
    [
      597.625,
      297.625
    ],
    [
      430.125,
      311.375
    ],
    [
      575.125,
      312.625
    ],
    [
      540.125,
      313.875
    ],
    [
      518.875,
      327.625
    ],
    [
      586.375,
      330.125
    ],
    [
      602.625,
      347.625
    ],
    [
      611.375,
      352.625
    ],
    [
      636.375,
      357.625
    ],
    [
      617.625,
      368.875
    ],
    [
      650.125,
      376.375
    ],
    [
      496.375,
      377.625
    ],
    [
      715.125,
      383.875
    ],
    [
      595.125,
      388.875
    ],
    [
      702.625,
      391.375
    ]
  ],
  "mkpts1": [
    [
      960.125,
      10.125
    ],
    [
      910.125,
      80.125
    ],
    [
      902.625,
      106.375
    ],
    [
      727.625,
      98.875
    ],
    [
      770.125,
      123.875
    ],
    [
      758.875,
      128.875
    ],
    [
      276.375,
      57.625
    ],
    [
      901.375,
      205.125
    ],
    [
      983.875,
      251.375
    ],
    [
      835.125,
      222.625
    ],
    [
      1048.875,
      272.625
    ],
    [
      378.875,
      158.875
    ],
    [
      361.375,
      162.625
    ],
    [
      398.875,
      188.875
    ],
    [
      473.875,
      235.125
    ],
    [
      666.375,
      280.125
    ],
    [
      546.375,
      262.625
    ],
    [
      311.375,
      215.125
    ],
    [
      525.125,
      267.625
    ],
    [
      670.125,
      305.125
    ],
    [
      386.375,
      268.875
    ],
    [
      631.375,
      320.125
    ],
    [
      583.875,
      310.125
    ],
    [
      547.625,
      326.375
    ],
    [
      657.625,
      356.375
    ],
    [
      685.125,
      391.375
    ],
    [
      702.625,
      403.875
    ],
    [
      745.125,
      421.375
    ],
    [
      715.125,
      433.875
    ],
    [
      770.125,
      458.875
    ],
    [
      495.125,
      405.125
    ],
    [
      881.375,
      493.875
    ],
    [
      677.625,
      460.125
    ],
    [
      863.875,
      503.875
    ]
  ],
  "mpts3D": [
    [
      0.24300000071525574,
      -0.10400000214576721,
      0.0
    ],
    [
      0.20600000023841858,
      -0.07000000029802322,
      -0.0020000000949949026
    ],
    [
      0.20600000023841858,
      -0.054999999701976776,
      -0.0020000000949949026
    ],
    [
      0.23000000417232513,
      -0.0,
      0.11299999803304672
    ],
    [
      0.23000000417232513,
      -0.0,
      0.07000000029802322
    ],
    [
      0.21699999272823334,
      0.0,
      0.07000000029802322
    ],
    [
      -0.0,
      -0.02500000037252903,
      0.23999999463558197
    ],
    [
      0.21699999272823334,
      -0.0,
      -0.027000000700354576
    ],
    [
      0.21699999272823334,
      -0.0,
      -0.07000000029802322
    ],
    [
      0.17000000178813934,
      -0.0,
      -0.014999999664723873
    ],
    [
      0.23000000417232513,
      -0.0,
      -0.11299999803304672
    ],
    [
      -0.0,
      -0.0,
      0.15600000321865082
    ],
    [
      -0.014000000432133675,
      0.0,
      0.15600000321865082
    ],
    [
      -0.01899999938905239,
      -0.0,
      0.12800000607967377
    ],
    [
      -0.01899999938905239,
      -0.0,
      0.07400000095367432
    ],
    [
      0.02500000037252903,
      -0.014000000432133675,
      -0.010999999940395355
    ],
    [
      0.0,
      0.0,
      0.041999999433755875
    ],
    [
      -0.07400000095367432,
      -0.0,
      0.12800000607967377
    ],
    [
      -0.014000000432133675,
      0.0,
      0.041999999433755875
    ],
    [
      0.02500000037252903,
      0.0,
      -0.014999999664723873
    ],
    [
      -0.07400000095367432,
      -0.0,
      0.07400000095367432
    ],
    [
      0.0,
      -0.0,
      -0.014999999664723873
    ],
    [
      -0.03500000014901161,
      -0.017999999225139618,
      -0.009999999776482582
    ],
    [
      -0.05700000002980232,
      -0.017999999225139618,
      -0.009999999776482582
    ],
    [
      -0.014000000432133675,
      0.0,
      -0.041999999433755875
    ],
    [
      -0.023000000044703484,
      0.0,
      -0.06499999761581421
    ],
    [
      -0.023000000044703484,
      -0.0,
      -0.07500000298023224
    ],
    [
      -0.017000000923871994,
      -0.0,
      -0.09200000017881393
    ],
    [
      -0.03700000047683716,
      -0.0,
      -0.09700000286102295
    ],
    [
      -0.028999999165534973,
      -0.0,
      -0.12700000405311584
    ],
    [
      -0.09000000357627869,
      -0.0,
      -0.014999999664723873
    ],
    [
      0.0,
      0.0,
      -0.15600000321865082
    ],
    [
      -0.052000001072883606,
      -0.0,
      -0.09700000286102295
    ],
    [
      -0.014000000432133675,
      0.0,
      -0.15600000321865082
    ]
  ],
  "mconf": [
    0.8153359293937683,
    0.9931311011314392,
    0.8539398908615112,
    0.8509926199913025,
    0.6607704162597656,
    0.983993649482727,
    0.9786337614059448,
    0.9700394868850708,
    0.9968025088310242,
    0.949540913105011,
    0.6053947806358337,
    0.982928991317749,
    0.999159574508667,
    0.9995014667510986,
    0.9986832737922668,
    0.9822852611541748,
    0.2820867598056793,
    0.997940719127655,
    0.9243054389953613,
    0.9527991414070129,
    0.9989973306655884,
    0.985310435295105,
    0.9920051693916321,
    0.9980907440185547,
    0.9983592629432678,
    0.9986098408699036,
    0.9996091723442078,
    0.9999104738235474,
    0.9999387264251709,
    0.999839723110199,
    0.9976845979690552,
    0.9967091679573059,
    0.9998983144760132,
    0.9996954202651978
  ],
  "coverage_score": 0.7295739585136223,
  "pose_estimation_failed": false,
  "tracking_method": "loosely_coupled",
  "kf_translation_vector": [
    -0.0010240657601845824,
    -0.012159763594166553,
    0.6556153521206203
  ],