{
  "frame": 21,
  "object_rotation_in_cam": [
    [
      0.6817352263333909,
      -0.12415690034692967,
      -0.7209869244808831
    ],
    [
      -0.5334880788960215,
      0.5900003513012214,
      -0.606044598309619
    ],
    [
      0.5006271575254306,
      0.7977998806471944,
      0.3359877967833501
    ]
  ],
  "object_translation_in_cam": [
    0.00418584207357561,
    -0.017478362345947754,
    0.7139654756950533
  ],
  "raw_rvec": [
    0.9298289057520307,
    -0.8091295739306361,
    -0.27111832367878674
  ],
  "refined_raw_rvec": [
    0.9298289057520307,
    -0.8091295739306361,
    -0.27111832367878674
  ],
  "num_inliers": 14,
  "total_matches": 27,
  "inlier_ratio": 0.5185185185185185,
  "reprojection_errors": [
    0.9940111041069031,
    1.3765125274658203,
    2.1540746688842773,
    3.351213216781616,
    1.6011230945587158,
    2.0229287147521973,
    2.9902970790863037,
    1.8567906618118286,
    0.21424651145935059,
    0.9877814054489136,
    3.6206681728363037,
    0.8347010612487793,
    1.1105670928955078,
    2.782442808151245
  ],
  "mean_reprojection_error": 1.849811315536499,
  "std_reprojection_error": 0.9891048073768616,
  "inliers": [
    2,
    5,
    8,
    10,
    11,
    13,
    14,
    16,
    17,
    18,
    19,
    20,
    21,
    22
  ],
  "mkpts0": [
    [
      727.625,
      143.875
    ],
    [
      656.375,
      171.375
    ],
    [
      745.125,
      201.375
    ],
    [
      805.125,
      212.625
    ],
    [
      793.875,
      220.125
    ],
    [
      705.125,
      223.875
    ],
    [
      425.125,
      242.625
    ],
    [
      413.875,
      248.875
    ],
    [
      436.375,
      260.125
    ],
    [
      478.875,
      281.375
    ],
    [
      590.125,
      283.875
    ],
    [
      522.625,
      286.375
    ],
    [
      386.375,
      288.875
    ],
    [
      511.375,
      292.625
    ],
    [
      597.625,
      297.625
    ],
    [
      430.125,
      311.375
    ],
    [
      575.125,
      312.625
    ],
    [
      540.125,
      313.875
    ],
    [
      518.875,
      327.625
    ],
    [
      586.375,
      330.125
    ],
    [
      602.625,
      347.625
    ],
    [
      611.375,
      352.625
    ],
    [
      636.375,
      357.625
    ],
    [
      617.625,
      368.875
    ],
    [
      650.125,
      376.375
    ],
    [
      595.125,
      388.875
    ],
    [
      702.625,
      391.375
    ]
  ],
  "mkpts1": [
    [
      915.125,
      22.625
    ],
    [
      773.875,
      22.625
    ],
    [
      913.875,
      117.625
    ],
    [
      1008.875,
      161.375
    ],
    [
      993.875,
      171.375
    ],
    [
      843.875,
      147.625
    ],
    [
      388.875,
      120.125
    ],
    [
      368.875,
      128.875
    ],
    [
      407.625,
      161.375
    ],
    [
      482.625,
      218.875
    ],
    [
      666.375,
      265.125
    ],
    [
      551.375,
      243.875
    ],
    [
      322.625,
      211.375
    ],
    [
      531.375,
      255.125
    ],
    [
      672.625,
      285.125
    ],
    [
      397.625,
      275.125
    ],
    [
      633.875,
      311.375
    ],
    [
      582.625,
      321.375
    ],
    [
      548.875,
      347.625
    ],
    [
      656.375,
      357.625
    ],
    [
      681.375,
      401.375
    ],
    [
      696.375,
      416.375
    ],
    [
      735.125,
      431.375
    ],
    [
      705.125,
      451.375
    ],
    [
      755.125,
      476.375
    ],
    [
      668.875,
      490.125
    ],
    [
      842.625,
      522.625
    ]
  ],
  "mpts3D": [
    [
      0.20600000023841858,
      -0.054999999701976776,
      -0.0020000000949949026
    ],
    [
      0.21699999272823334,
      0.0,
      0.07000000029802322
    ],
    [
      0.21699999272823334,
      -0.0,
      -0.027000000700354576
    ],
    [
      0.23000000417232513,
      0.0,
      -0.07000000029802322
    ],
    [
      0.21699999272823334,
      -0.0,
      -0.07000000029802322
    ],
    [
      0.17000000178813934,
      -0.0,
      -0.014999999664723873
    ],
    [
      -0.0,
      -0.0,
      0.15600000321865082
    ],
    [
      -0.014000000432133675,
      0.0,
      0.15600000321865082
    ],
    [
      -0.01899999938905239,
      -0.0,
      0.12800000607967377
    ],
    [
      -0.01899999938905239,
      -0.0,
      0.07400000095367432
    ],
    [
      0.02500000037252903,
      -0.014000000432133675,
      -0.010999999940395355
    ],
    [
      0.0,
      0.0,
      0.041999999433755875
    ],
    [
      -0.07400000095367432,
      -0.0,
      0.12800000607967377
    ],
    [
      -0.014000000432133675,
      0.0,
      0.041999999433755875
    ],
    [
      0.02500000037252903,
      0.0,
      -0.014999999664723873
    ],
    [
      -0.07400000095367432,
      -0.0,
      0.07400000095367432
    ],
    [
      0.0,
      -0.0,
      -0.014999999664723873
    ],
    [
      -0.03500000014901161,
      -0.017999999225139618,
      -0.009999999776482582
    ],
    [
      -0.05700000002980232,
      -0.017999999225139618,
      -0.009999999776482582
    ],
    [
      -0.014000000432133675,
      0.0,
      -0.041999999433755875
    ],
    [
      -0.023000000044703484,
      0.0,
      -0.06499999761581421
    ],
    [
      -0.023000000044703484,
      -0.0,
      -0.07500000298023224
    ],
    [
      -0.017000000923871994,
      -0.0,
      -0.09200000017881393
    ],
    [
      -0.03700000047683716,
      -0.0,
      -0.09700000286102295
    ],
    [
      -0.028999999165534973,
      -0.0,
      -0.12700000405311584
    ],
    [
      -0.052000001072883606,
      -0.0,
      -0.09700000286102295
    ],
    [
      -0.014000000432133675,
      0.0,
      -0.15600000321865082
    ]
  ],
  "mconf": [
    0.7070723176002502,
    0.14116090536117554,
    0.9801281690597534,
    0.45804524421691895,
    0.9063026309013367,
    0.5808151960372925,
    0.9192466139793396,
    0.9938449263572693,
    0.9979742169380188,
    0.9802133440971375,
    0.8975622057914734,
    0.7341765761375427,
    0.9950894713401794,
    0.9850777983665466,
    0.9206294417381287,
    0.9981769323348999,
    0.9476873874664307,
    0.9854617118835449,
    0.9965155720710754,
    0.9977312684059143,
    0.9981473684310913,
    0.9920258522033691,
    0.999610424041748,
    0.9996733665466309,
    0.9990749955177307,
    0.999511182308197,
    0.13279327750205994
  ],
  "coverage_score": 0.7295739585136225,
  "pose_estimation_failed": false,
  "tracking_method": "loosely_coupled",
  "kf_translation_vector": [
    0.0034127350071810206,
    -0.011999899380065921,
    0.7109810934267122
  ],
  "kf_quaternion": [
    0.3985609622479355,
    -0.49041316379496175,
    -0.07509771329478895,
    0.7713652971235545
  ],
  "kf_rotation_matrix": [
    [
      0.5077105244690194,
      -0.27506354506447994,
      -0.8164374253547875
    ],
    [
      -0.5067746247802175,
      0.6710189856597868,
      -0.5412143757911284
    ],
    [
      0.6967133578612248,
      0.688530004473786,
      0.2012881762972314
    ]
  ],
  "position_diff": 0.008546442966878674,
  "orientation_diff": 15.163659311519464,
  "timestamp": 1741869673.6132774,
  "image_file": "webcam_000021"
}