{
  "frame": 81,
  "object_rotation_in_cam": [
    [
      0.5981616042128268,
      -0.17987712536592712,
      -0.7809269588224163
    ],
    [
      -0.5679715564011601,
      0.5923039296403071,
      -0.5714756040741317
    ],
    [
      0.5653414953501831,
      0.7853790643394695,
      0.2521283778801552
    ]
  ],
  "object_translation_in_cam": [
    -0.012369133500137092,
    -0.056435419909941324,
    0.6787579639632654
  ],
  "raw_rvec": [
    0.9375286864478184,
    -0.9302140640620432,
    -0.2681566940191015
  ],
  "refined_raw_rvec": [
    0.9375286864478184,
    -0.9302140640620432,
    -0.2681566940191015
  ],
  "num_inliers": 13,
  "total_matches": 26,
  "inlier_ratio": 0.5,
  "reprojection_errors": [
    0.7493865489959717,
    0.7001503109931946,
    1.7371575832366943,
    1.9254659414291382,
    2.980184316635132,
    2.5863399505615234,
    3.23083233833313,
    1.3230395317077637,
    1.2370760440826416,
    3.5401947498321533,
    0.819430410861969,
    2.1463334560394287,
    1.6643140316009521
  ],
  "mean_reprojection_error": 1.895377516746521,
  "std_reprojection_error": 0.9175998568534851,
  "inliers": [
    0,
    3,
    6,
    10,
    13,
    14,
    16,
    17,
    18,
    19,
    20,
    21,
    22
  ],
  "mkpts0": [
    [
      745.125,
      201.375
    ],
    [
      805.125,
      212.625
    ],
    [
      793.875,
      220.125
    ],
    [
      705.125,
      223.875
    ],
    [
      835.125,
      225.125
    ],
    [
      425.125,
      242.625
    ],
    [
      413.875,
      248.875
    ],
    [
      436.375,
      260.125
    ],
    [
      478.875,
      281.375
    ],
    [
      590.125,
      283.875
    ],
    [
      522.625,
      286.375
    ],
    [
      386.375,
      288.875
    ],
    [
      350.125,
      290.125
    ],
    [
      511.375,
      292.625
    ],
    [
      597.625,
      297.625
    ],
    [
      430.125,
      311.375
    ],
    [
      575.125,
      312.625
    ],
    [
      540.125,
      313.875
    ],
    [
      518.875,
      327.625
    ],
    [
      586.375,
      330.125
    ],
    [
      602.625,
      347.625
    ],
    [
      611.375,
      352.625
    ],
    [
      636.375,
      357.625
    ],
    [
      617.625,
      368.875
    ],
    [
      650.125,
      376.375
    ],
    [
      595.125,
      388.875
    ]
  ],
  "mkpts1": [
    [
      861.375,
      25.125
    ],
    [
      957.625,
      66.375
    ],
    [
      943.875,
      77.625
    ],
    [
      795.125,
      55.125
    ],
    [
      1008.875,
      95.125
    ],
    [
      321.375,
      31.375
    ],
    [
      302.625,
      41.375
    ],
    [
      348.875,
      75.125
    ],
    [
      433.875,
      133.875
    ],
    [
      632.625,
      176.375
    ],
    [
      510.125,
      158.875
    ],
    [
      262.625,
      128.875
    ],
    [
      196.375,
      111.375
    ],
    [
      490.125,
      170.125
    ],
    [
      637.625,
      197.625
    ],
    [
      351.375,
      193.875
    ],
    [
      600.125,
      225.125
    ],
    [
      555.125,
      235.125
    ],
    [
      522.625,
      262.625
    ],
    [
      630.125,
      271.375
    ],
    [
      660.125,
      313.875
    ],
    [
      676.375,
      328.875
    ],
    [
      717.625,
      342.625
    ],
    [
      690.125,
      363.875
    ],
    [
      743.875,
      387.625
    ],
    [
      657.625,
      402.625
    ]
  ],
  "mpts3D": [
    [
      0.21699999272823334,
      -0.0,
      -0.027000000700354576
    ],
    [
      0.23000000417232513,
      0.0,
      -0.07000000029802322
    ],
    [
      0.21699999272823334,
      -0.0,
      -0.07000000029802322
    ],
    [
      0.17000000178813934,
      -0.0,
      -0.014999999664723873
    ],
    [
      0.23000000417232513,
      -0.0,
      -0.11299999803304672
    ],
    [
      -0.0,
      -0.0,
      0.15600000321865082
    ],
    [
      -0.014000000432133675,
      0.0,
      0.15600000321865082
    ],
    [
      -0.01899999938905239,
      -0.0,
      0.12800000607967377
    ],
    [
      -0.01899999938905239,
      -0.0,
      0.07400000095367432
    ],
    [
      0.02500000037252903,
      -0.014000000432133675,
      -0.010999999940395355
    ],
    [
      0.0,
      0.0,
      0.041999999433755875
    ],
    [
      -0.07400000095367432,
      -0.0,
      0.12800000607967377
    ],
    [
      -0.07999999821186066,
      -0.0,
      0.15600000321865082
    ],
    [
      -0.014000000432133675,
      0.0,
      0.041999999433755875
    ],
    [
      0.02500000037252903,
      0.0,
      -0.014999999664723873
    ],
    [
      -0.07400000095367432,
      -0.0,
      0.07400000095367432
    ],
    [
      0.0,
      -0.0,
      -0.014999999664723873
    ],
    [
      -0.03500000014901161,
      -0.017999999225139618,
      -0.009999999776482582
    ],
    [
      -0.05700000002980232,
      -0.017999999225139618,
      -0.009999999776482582
    ],
    [
      -0.014000000432133675,
      0.0,
      -0.041999999433755875
    ],
    [
      -0.023000000044703484,
      0.0,
      -0.06499999761581421
    ],
    [
      -0.023000000044703484,
      -0.0,
      -0.07500000298023224
    ],
    [
      -0.017000000923871994,
      -0.0,
      -0.09200000017881393
    ],
    [
      -0.03700000047683716,
      -0.0,
      -0.09700000286102295
    ],
    [
      -0.028999999165534973,
      -0.0,
      -0.12700000405311584
    ],
    [
      -0.052000001072883606,
      -0.0,
      -0.09700000286102295
    ]
  ],
  "mconf": [
    0.9906834363937378,
    0.885424792766571,
    0.9979332089424133,
    0.3332270085811615,
    0.4812706410884857,
    0.9653837084770203,
    0.9935146570205688,
    0.9966888427734375,
    0.9975719451904297,
    0.9176682829856873,
    0.9553698301315308,
    0.9960092306137085,
    0.3274918496608734,
    0.9977439045906067,
    0.946272075176239,
    0.9994054436683655,
    0.9771437644958496,
    0.9899654984474182,
    0.9972950220108032,
    0.9990544319152832,
    0.9985204339027405,
    0.9990798830986023,
    0.9998109936714172,
    0.9998169541358948,
    0.9995346069335938,
    0.9995707869529724
  ],
  "coverage_score": 0.7176856953872666,
  "pose_estimation_failed": false,
  "tracking_method": "loosely_coupled",
  "kf_translation_vector": [
    0.022858701119310154,
    -0.02657616630259833,
    0.7701742220361696
  ],
  "kf_quaternion": [
    0.4511299291687061,
    -0.41573378668543176,
    -0.11005140593772178,
    0.7820076046098025
  ],
  "kf_rotation_matrix": [
    [
      0.6301082133186454,
      -0.20297783479827597,
      -0.749508931293676
    ],
    [
      -0.5472219801634712,
      0.568740950118738,
      -0.6140698951129301
    ],
    [
      0.5509189994312722,
      0.7970782459951088,
      0.24729441123286033
    ]
  ],
  "position_diff": 0.1066864123566794,
  "orientation_diff": 3.1497913151379655,
  "timestamp": 1741869947.2156959,
  "image_file": "webcam_000081"
}