{
  "frame": 35,
  "object_rotation_in_cam": [
    [
      0.4721971920381205,
      -0.26158234346232245,
      -0.8417864868362253
    ],
    [
      -0.46904120885512357,
      0.733984061228798,
      -0.49119012842055887
    ],
    [
      0.7463445291733832,
      0.6267711507806022,
      0.2238923141202504
    ]
  ],
  "object_translation_in_cam": [
    -0.01218824552948722,
    0.022700738962254767,
    0.726072551036941
  ],
  "raw_rvec": [
    0.7750281922184487,
    -1.1009740079937973,
    -0.14382114335834872
  ],
  "refined_raw_rvec": [
    0.7750281922184487,
    -1.1009740079937973,
    -0.14382114335834872
  ],
  "num_inliers": 13,
  "total_matches": 26,
  "inlier_ratio": 0.5,
  "reprojection_errors": [
    0.9994397759437561,
    1.6899080276489258,
    1.9979820251464844,
    1.275175929069519,
    2.6352438926696777,
    0.8144962191581726,
    2.018688917160034,
    2.2486727237701416,
    1.8487097024917603,
    2.595095634460449,
    0.9677162766456604,
    3.568816661834717,
    2.727430582046509
  ],
  "mean_reprojection_error": 1.9528751373291016,
  "std_reprojection_error": 0.7794426679611206,
  "inliers": [
    0,
    1,
    6,
    9,
    11,
    12,
    14,
    15,
    16,
    18,
    19,
    20,
    25
  ],
  "mkpts0": [
    [
      751.375,
      76.375
    ],
    [
      636.375,
      157.625
    ],
    [
      356.375,
      195.125
    ],
    [
      705.125,
      223.875
    ],
    [
      425.125,
      242.625
    ],
    [
      413.875,
      248.875
    ],
    [
      436.375,
      260.125
    ],
    [
      478.875,
      281.375
    ],
    [
      590.125,
      283.875
    ],
    [
      522.625,
      286.375
    ],
    [
      386.375,
      288.875
    ],
    [
      511.375,
      292.625
    ],
    [
      597.625,
      297.625
    ],
    [
      430.125,
      311.375
    ],
    [
      575.125,
      312.625
    ],
    [
      540.125,
      313.875
    ],
    [
      518.875,
      327.625
    ],
    [
      586.375,
      330.125
    ],
    [
      602.625,
      347.625
    ],
    [
      611.375,
      352.625
    ],
    [
      636.375,
      357.625
    ],
    [
      617.625,
      368.875
    ],
    [
      650.125,
      376.375
    ],
    [
      715.125,
      383.875
    ],
    [
      595.125,
      388.875
    ],
    [
      702.625,
      391.375
    ]
  ],
  "mkpts1": [
    [
      830.125,
      36.375
    ],
    [
      606.375,
      107.625
    ],
    [
      185.125,
      121.375
    ],
    [
      732.625,
      242.625
    ],
    [
      317.625,
      228.875
    ],
    [
      302.625,
      237.625
    ],
    [
      350.125,
      266.375
    ],
    [
      421.375,
      313.875
    ],
    [
      623.875,
      343.875
    ],
    [
      508.875,
      332.625
    ],
    [
      282.625,
      313.875
    ],
    [
      493.875,
      343.875
    ],
    [
      628.875,
      363.875
    ],
    [
      373.875,
      368.875
    ],
    [
      603.875,
      390.125
    ],
    [
      571.375,
      396.375
    ],
    [
      547.625,
      420.125
    ],
    [
      636.375,
      427.625
    ],
    [
      672.625,
      463.875
    ],
    [
      690.125,
      476.375
    ],
    [
      728.875,
      487.625
    ],
    [
      710.125,
      506.375
    ],
    [
      760.125,
      525.125
    ],
    [
      852.625,
      543.875
    ],
    [
      688.875,
      542.625
    ],
    [
      843.875,
      557.625
    ]
  ],
  "mpts3D": [
    [
      0.24300000071525574,
      -0.10400000214576721,
      0.0
    ],
    [
      0.23000000417232513,
      -0.0,
      0.11299999803304672
    ],
    [
      -0.0,
      -0.02500000037252903,
      0.23999999463558197
    ],
    [
      0.17000000178813934,
      -0.0,
      -0.014999999664723873
    ],
    [
      -0.0,
      -0.0,
      0.15600000321865082
    ],
    [
      -0.014000000432133675,
      0.0,
      0.15600000321865082
    ],
    [
      -0.01899999938905239,
      -0.0,
      0.12800000607967377
    ],
    [
      -0.01899999938905239,
      -0.0,
      0.07400000095367432
    ],
    [
      0.02500000037252903,
      -0.014000000432133675,
      -0.010999999940395355
    ],
    [
      0.0,
      0.0,
      0.041999999433755875
    ],
    [
      -0.07400000095367432,
      -0.0,
      0.12800000607967377
    ],
    [
      -0.014000000432133675,
      0.0,
      0.041999999433755875
    ],
    [
      0.02500000037252903,
      0.0,
      -0.014999999664723873
    ],
    [
      -0.07400000095367432,
      -0.0,
      0.07400000095367432
    ],
    [
      0.0,
      -0.0,
      -0.014999999664723873
    ],
    [
      -0.03500000014901161,
      -0.017999999225139618,
      -0.009999999776482582
    ],
    [
      -0.05700000002980232,
      -0.017999999225139618,
      -0.009999999776482582
    ],
    [
      -0.014000000432133675,
      0.0,
      -0.041999999433755875
    ],
    [
      -0.023000000044703484,
      0.0,
      -0.06499999761581421
    ],
    [
      -0.023000000044703484,
      -0.0,
      -0.07500000298023224
    ],
    [
      -0.017000000923871994,
      -0.0,
      -0.09200000017881393
    ],
    [
      -0.03700000047683716,
      -0.0,
      -0.09700000286102295
    ],
    [
      -0.028999999165534973,
      -0.0,
      -0.12700000405311584
    ],
    [
      0.0,
      0.0,
      -0.15600000321865082
    ],
    [
      -0.052000001072883606,
      -0.0,
      -0.09700000286102295
    ],
    [
      -0.014000000432133675,
      0.0,
      -0.15600000321865082
    ]
  ],
  "mconf": [
    0.3403949737548828,
    0.25159040093421936,
    0.8012343645095825,
    0.2716299891471863,
    0.8377177715301514,
    0.9947243928909302,
    0.9963467717170715,
    0.8844817876815796,
    0.29356715083122253,
    0.5300079584121704,
    0.993344247341156,
    0.9568295478820801,
    0.9829936027526855,
    0.9974653720855713,
    0.995466947555542,
    0.9964783787727356,
    0.9966704845428467,
    0.9987855553627014,
    0.9881579875946045,
    0.9950387477874756,
    0.9994868040084839,
    0.9990179538726807,
    0.9996568560600281,
    0.9952861070632935,
    0.9996915459632874,
    0.9990713596343994
  ],
  "coverage_score": 0.7854752972273343,
  "pose_estimation_failed": false,
  "tracking_method": "loosely_coupled",
  "kf_translation_vector": [
    -0.015134549082937517,
    -0.0669155137432784,
    0.72271605428594
  ],
  "kf_quaternion": [
    0.45882288014491773,
    -0.4751211180300107,
    -0.11078751682696768,
    0.742608654657855
  ],
  "kf_rotation_matrix": [
    [
      0.5239720986344539,
      -0.27144934193688797,
      -0.8073218036289102
    ],
    [
      -0.6005364172319237,
      0.5544153815416737,
      -0.5761767057841243
    ],
    [
      0.6039944134102987,
      0.7867266612185142,
      0.1274829757148701
    ]
  ],
  "position_diff": 0.09309812896745484,
  "orientation_diff": 13.807369007707152,
  "timestamp": 1741869611.7627645,
  "image_file": "webcam_000035"
}