{
  "frame": 28,
  "object_rotation_in_cam": [
    [
      0.6676086002038675,
      -0.14126600778381704,
      -0.7309874636261934
    ],
    [
      -0.5122486886010938,
      0.6253412477979274,
      -0.5886846395388543
    ],
    [
      0.5402777414999552,
      0.7674582977904101,
      0.34511986786094195
    ]
  ],
  "object_translation_in_cam": [
    0.03661200134290671,
    -0.03164735235368988,
    0.6771085379838829
  ],
  "raw_rvec": [
    0.8915232874882629,
    -0.8357249842524015,
    -0.2438826248321387
  ],
  "refined_raw_rvec": [
    0.8915232874882629,
    -0.8357249842524015,
    -0.2438826248321387
  ],
  "num_inliers": 13,
  "total_matches": 26,
  "inlier_ratio": 0.5,
  "reprojection_errors": [
    0.8389021158218384,
    1.007474422454834,
    3.4367854595184326,
    1.8299709558486938,
    2.000943422317505,
    2.5904364585876465,
    3.4862003326416016,
    3.0456442832946777,
    0.24994027614593506,
    1.9285340309143066,
    2.17151141166687,
    1.4973061084747314,
    1.4004933834075928
  ],
  "mean_reprojection_error": 1.960318684577942,
  "std_reprojection_error": 0.9513620734214783,
  "inliers": [
    3,
    6,
    8,
    9,
    10,
    12,
    13,
    15,
    16,
    17,
    19,
    20,
    25
  ],
  "mkpts0": [
    [
      745.125,
      201.375
    ],
    [
      805.125,
      212.625
    ],
    [
      793.875,
      220.125
    ],
    [
      705.125,
      223.875
    ],
    [
      425.125,
      242.625
    ],
    [
      413.875,
      248.875
    ],
    [
      436.375,
      260.125
    ],
    [
      478.875,
      281.375
    ],
    [
      590.125,
      283.875
    ],
    [
      522.625,
      286.375
    ],
    [
      386.375,
      288.875
    ],
    [
      350.125,
      290.125
    ],
    [
      511.375,
      292.625
    ],
    [
      597.625,
      297.625
    ],
    [
      430.125,
      311.375
    ],
    [
      575.125,
      312.625
    ],
    [
      540.125,
      313.875
    ],
    [
      518.875,
      327.625
    ],
    [
      586.375,
      330.125
    ],
    [
      602.625,
      347.625
    ],
    [
      611.375,
      352.625
    ],
    [
      636.375,
      357.625
    ],
    [
      650.125,
      376.375
    ],
    [
      496.375,
      377.625
    ],
    [
      595.125,
      388.875
    ],
    [
      702.625,
      391.375
    ]
  ],
  "mkpts1": [
    [
      982.625,
      88.875
    ],
    [
      1082.625,
      130.125
    ],
    [
      1068.875,
      140.125
    ],
    [
      912.625,
      117.625
    ],
    [
      438.875,
      88.875
    ],
    [
      420.125,
      97.625
    ],
    [
      461.375,
      128.875
    ],
    [
      542.625,
      185.125
    ],
    [
      738.875,
      230.125
    ],
    [
      616.375,
      211.375
    ],
    [
      376.375,
      178.875
    ],
    [
      315.125,
      162.625
    ],
    [
      596.375,
      221.375
    ],
    [
      745.125,
      252.625
    ],
    [
      457.625,
      241.375
    ],
    [
      705.125,
      278.875
    ],
    [
      657.625,
      285.125
    ],
    [
      622.625,
      311.375
    ],
    [
      733.875,
      323.875
    ],
    [
      762.625,
      368.875
    ],
    [
      780.125,
      383.875
    ],
    [
      821.375,
      398.875
    ],
    [
      848.875,
      445.125
    ],
    [
      575.125,
      398.875
    ],
    [
      757.625,
      456.375
    ],
    [
      941.375,
      490.125
    ]
  ],
  "mpts3D": [
    [
      0.21699999272823334,
      -0.0,
      -0.027000000700354576
    ],
    [
      0.23000000417232513,
      0.0,
      -0.07000000029802322
    ],
    [
      0.21699999272823334,
      -0.0,
      -0.07000000029802322
    ],
    [
      0.17000000178813934,
      -0.0,
      -0.014999999664723873
    ],
    [
      -0.0,
      -0.0,
      0.15600000321865082
    ],
    [
      -0.014000000432133675,
      0.0,
      0.15600000321865082
    ],
    [
      -0.01899999938905239,
      -0.0,
      0.12800000607967377
    ],
    [
      -0.01899999938905239,
      -0.0,
      0.07400000095367432
    ],
    [
      0.02500000037252903,
      -0.014000000432133675,
      -0.010999999940395355
    ],
    [
      0.0,
      0.0,
      0.041999999433755875
    ],
    [
      -0.07400000095367432,
      -0.0,
      0.12800000607967377
    ],
    [
      -0.07999999821186066,
      -0.0,
      0.15600000321865082
    ],
    [
      -0.014000000432133675,
      0.0,
      0.041999999433755875
    ],
    [
      0.02500000037252903,
      0.0,
      -0.014999999664723873
    ],
    [
      -0.07400000095367432,
      -0.0,
      0.07400000095367432
    ],
    [
      0.0,
      -0.0,
      -0.014999999664723873
    ],
    [
      -0.03500000014901161,
      -0.017999999225139618,
      -0.009999999776482582
    ],
    [
      -0.05700000002980232,
      -0.017999999225139618,
      -0.009999999776482582
    ],
    [
      -0.014000000432133675,
      0.0,
      -0.041999999433755875
    ],
    [
      -0.023000000044703484,
      0.0,
      -0.06499999761581421
    ],
    [
      -0.023000000044703484,
      -0.0,
      -0.07500000298023224
    ],
    [
      -0.017000000923871994,
      -0.0,
      -0.09200000017881393
    ],
    [
      -0.028999999165534973,
      -0.0,
      -0.12700000405311584
    ],
    [
      -0.09000000357627869,
      -0.0,
      -0.014999999664723873
    ],
    [
      -0.052000001072883606,
      -0.0,
      -0.09700000286102295
    ],
    [
      -0.014000000432133675,
      0.0,
      -0.15600000321865082
    ]
  ],
  "mconf": [
    0.9889044761657715,
    0.4399521052837372,
    0.9899508953094482,
    0.6325957775115967,
    0.8998188972473145,
    0.9922093152999878,
    0.997708261013031,
    0.9921143651008606,
    0.9278882741928101,
    0.9038905501365662,
    0.9929359555244446,
    0.10557285696268082,
    0.9888339042663574,
    0.9534243941307068,
    0.9946330785751343,
    0.971035897731781,
    0.9925846457481384,
    0.9983534812927246,
    0.9956717491149902,
    0.9944337010383606,
    0.9767519235610962,
    0.9986177086830139,
    0.997161865234375,
    0.6587763428688049,
    0.9912106990814209,
    0.5761672854423523
  ],
  "coverage_score": 0.769742378465751,
  "pose_estimation_failed": false,
  "tracking_method": "loosely_coupled",
  "kf_translation_vector": [
    0.03230863317803831,
    -0.03739127644486441,
    0.7603082001132018
  ],
  "kf_quaternion": [
    0.398008562595343,
    -0.4333763965435245,
    -0.21007543074199747,
    0.7807960017945167
  ],
  "kf_rotation_matrix": [
    [
      0.536106424635028,
      -0.01692292050485006,
      -0.8439807558390378
    ],
    [
      -0.6730271460993003,
      0.5949149949987063,
      -0.4394435223542617
    ],
    [
      0.509533474934158,
      0.8036104550634442,
      0.30754816603947743
    ]
  ],
  "position_diff": 0.09271684296330918,
  "orientation_diff": 12.419567993564874,
  "timestamp": 1741869978.2674105,
  "image_file": "webcam_000028"
}