{
  "frame": 39,
  "object_rotation_in_cam": [
    [
      0.6709799355515773,
      -0.14521494403104276,
      -0.7271165973330979
    ],
    [
      -0.5163908856558096,
      0.6122033087879484,
      -0.5987884116452962
    ],
    [
      0.5320962124454655,
      0.7772513935266692,
      0.3357884631163509
    ]
  ],
  "object_translation_in_cam": [
    -0.004147035432388363,
    -0.0067556928113605835,
    0.7207553625352365
  ],
  "raw_rvec": [
    0.9088741380120854,
    -0.8317099205703883,
    -0.24516166809060785
  ],
  "refined_raw_rvec": [
    0.9088741380120854,
    -0.8317099205703883,
    -0.24516166809060785
  ],
  "num_inliers": 14,
  "total_matches": 29,
  "inlier_ratio": 0.4827586206896552,
  "reprojection_errors": [
    2.371596574783325,
    2.10166597366333,
    3.3926305770874023,
    1.372928500175476,
    3.1865127086639404,
    2.318507671356201,
    2.370753049850464,
    1.937448501586914,
    1.9707797765731812,
    3.16910457611084,
    3.328110456466675,
    1.6463115215301514,
    0.6911033987998962,
    1.9954181909561157
  ],
  "mean_reprojection_error": 2.275205135345459,
  "std_reprojection_error": 0.7578739523887634,
  "inliers": [
    6,
    11,
    12,
    15,
    16,
    17,
    18,
    19,
    20,
    21,
    22,
    23,
    24,
    28
  ],
  "mkpts0": [
    [
      727.625,
      126.375
    ],
    [
      727.625,
      143.875
    ],
    [
      656.375,
      171.375
    ],
    [
      745.125,
      201.375
    ],
    [
      805.125,
      212.625
    ],
    [
      793.875,
      220.125
    ],
    [
      705.125,
      223.875
    ],
    [
      835.125,
      225.125
    ],
    [
      425.125,
      242.625
    ],
    [
      413.875,
      248.875
    ],
    [
      436.375,
      260.125
    ],
    [
      478.875,
      281.375
    ],
    [
      590.125,
      283.875
    ],
    [
      522.625,
      286.375
    ],
    [
      386.375,
      288.875
    ],
    [
      511.375,
      292.625
    ],
    [
      597.625,
      297.625
    ],
    [
      430.125,
      311.375
    ],
    [
      575.125,
      312.625
    ],
    [
      540.125,
      313.875
    ],
    [
      518.875,
      327.625
    ],
    [
      586.375,
      330.125
    ],
    [
      470.125,
      338.875
    ],
    [
      602.625,
      347.625
    ],
    [
      611.375,
      352.625
    ],
    [
      636.375,
      357.625
    ],
    [
      617.625,
      368.875
    ],
    [
      595.125,
      388.875
    ],
    [
      702.625,
      391.375
    ]
  ],
  "mkpts1": [
    [
      893.875,
      28.875
    ],
    [
      887.625,
      51.375
    ],
    [
      785.125,
      60.125
    ],
    [
      890.125,
      142.625
    ],
    [
      981.375,
      183.875
    ],
    [
      967.625,
      195.125
    ],
    [
      821.375,
      172.625
    ],
    [
      1046.375,
      225.125
    ],
    [
      372.625,
      150.125
    ],
    [
      353.875,
      157.625
    ],
    [
      391.375,
      190.125
    ],
    [
      465.125,
      245.125
    ],
    [
      648.875,
      287.625
    ],
    [
      535.125,
      268.875
    ],
    [
      308.875,
      240.125
    ],
    [
      515.125,
      280.125
    ],
    [
      655.125,
      307.625
    ],
    [
      382.625,
      301.375
    ],
    [
      616.375,
      333.875
    ],
    [
      566.375,
      343.875
    ],
    [
      533.875,
      368.875
    ],
    [
      640.125,
      378.875
    ],
    [
      450.125,
      386.375
    ],
    [
      665.125,
      421.375
    ],
    [
      680.125,
      435.125
    ],
    [
      720.125,
      450.125
    ],
    [
      690.125,
      470.125
    ],
    [
      655.125,
      506.375
    ],
    [
      826.375,
      537.625
    ]
  ],
  "mpts3D": [
    [
      0.20600000023841858,
      -0.07000000029802322,
      -0.0020000000949949026
    ],
    [
      0.20600000023841858,
      -0.054999999701976776,
      -0.0020000000949949026
    ],
    [
      0.21699999272823334,
      0.0,
      0.07000000029802322
    ],
    [
      0.21699999272823334,
      -0.0,
      -0.027000000700354576
    ],
    [
      0.23000000417232513,
      0.0,
      -0.07000000029802322
    ],
    [
      0.21699999272823334,
      -0.0,
      -0.07000000029802322
    ],
    [
      0.17000000178813934,
      -0.0,
      -0.014999999664723873
    ],
    [
      0.23000000417232513,
      -0.0,
      -0.11299999803304672
    ],
    [
      -0.0,
      -0.0,
      0.15600000321865082
    ],
    [
      -0.014000000432133675,
      0.0,
      0.15600000321865082
    ],
    [
      -0.01899999938905239,
      -0.0,
      0.12800000607967377
    ],
    [
      -0.01899999938905239,
      -0.0,
      0.07400000095367432
    ],
    [
      0.02500000037252903,
      -0.014000000432133675,
      -0.010999999940395355
    ],
    [
      0.0,
      0.0,
      0.041999999433755875
    ],
    [
      -0.07400000095367432,
      -0.0,
      0.12800000607967377
    ],
    [
      -0.014000000432133675,
      0.0,
      0.041999999433755875
    ],
    [
      0.02500000037252903,
      0.0,
      -0.014999999664723873
    ],
    [
      -0.07400000095367432,
      -0.0,
      0.07400000095367432
    ],
    [
      0.0,
      -0.0,
      -0.014999999664723873
    ],
    [
      -0.03500000014901161,
      -0.017999999225139618,
      -0.009999999776482582
    ],
    [
      -0.05700000002980232,
      -0.017999999225139618,
      -0.009999999776482582
    ],
    [
      -0.014000000432133675,
      0.0,
      -0.041999999433755875
    ],
    [
      -0.10000000149011612,
      -0.029999999329447746,
      0.0
    ],
    [
      -0.023000000044703484,
      0.0,
      -0.06499999761581421
    ],
    [
      -0.023000000044703484,
      -0.0,
      -0.07500000298023224
    ],
    [
      -0.017000000923871994,
      -0.0,
      -0.09200000017881393
    ],
    [
      -0.03700000047683716,
      -0.0,
      -0.09700000286102295
    ],
    [
      -0.052000001072883606,
      -0.0,
      -0.09700000286102295
    ],
    [
      -0.014000000432133675,
      0.0,
      -0.15600000321865082
    ]
  ],
  "mconf": [
    0.9078398942947388,
    0.8615792393684387,
    0.11598064750432968,
    0.9843982458114624,
    0.7469198703765869,
    0.9915509223937988,
    0.40622666478157043,
    0.1969871073961258,
    0.9452778697013855,
    0.9919824004173279,
    0.9971147775650024,
    0.9902746677398682,
    0.9635038375854492,
    0.9396681189537048,
    0.9934986233711243,
    0.9968352317810059,
    0.920198380947113,
    0.9958935976028442,
    0.959814190864563,
    0.9868257641792297,
    0.997883141040802,
    0.9976869225502014,
    0.983618974685669,
    0.997275710105896,
    0.9937970042228699,
    0.99961256980896,
    0.9997050762176514,
    0.9994397163391113,
    0.8043423891067505
  ],
  "coverage_score": 0.75,
  "pose_estimation_failed": false,
  "tracking_method": "loosely_coupled",
  "kf_translation_vector": [
    -0.004246623420542804,
    -0.013892126833481264,
    0.7031576409581568
  ],
  "kf_quaternion": [
    0.4346066529133683,
    -0.526412923668865,
    -0.06704510520531232,
    0.7276753705505259
  ],
  "kf_rotation_matrix": [
    [
      0.43678877532481253,
      -0.3599909740643825,
      -0.8243919361216651
    ],
    [
      -0.555139261159881,
      0.6132440222228952,
      -0.561918294707288
    ],
    [
      0.7078389410516434,
      0.7030919341025483,
      0.06801298207567341
    ]
  ],
  "position_diff": 0.018667102590527753,
  "orientation_diff": 19.175583332531946,
  "timestamp": 1741869676.0307271,
  "image_file": "webcam_000039"
}