{
  "frame": 30,
  "kf_translation_vector": [
    -0.004189989193079175,
    -0.014436173017965214,
    0.7119267943270504
  ],
  "kf_quaternion": [
    0.43512853177255606,
    -0.5265053605666681,
    -0.06564394088410608,
    0.7274243185082737
  ],
  "kf_rotation_matrix": [
    [
      0.43696595663953364,
      -0.3626930111038725,
      -0.8231127094356541
    ],
    [
      -0.5536970069511455,
      0.6127080677253274,
      -0.563922377847908
    ],
    [
      0.7088585029689918,
      0.7021699249047212,
      0.06691053226404509
    ]
  ],
  "pose_estimation_failed": false,
  "num_correspondences": 3,
  "tracking_method": "tracking",
  "avg_reprojection_error": 2.5453046957651773,
  "timestamp": 1741869674.8212478,
  "image_file": "webcam_000030"
}