{
  "frame": 33,
  "object_rotation_in_cam": [
    [
      0.6583639720556494,
      -0.1374448031273231,
      -0.740044462442899
    ],
    [
      -0.5089117336609568,
      0.64312624313511,
      -0.5721865803504297
    ],
    [
      0.5545860867722048,
      0.7533243401644544,
      0.35346387492144354
    ]
  ],
  "object_translation_in_cam": [
    0.03564194811663671,
    -0.03390205297618523,
    0.6710878276087244
  ],
  "raw_rvec": [
    0.8677878926765713,
    -0.8475710752059938,
    -0.24319264357444917
  ],
  "refined_raw_rvec": [
    0.8677878926765713,
    -0.8475710752059938,
    -0.24319264357444917
  ],
  "num_inliers": 14,
  "total_matches": 28,
  "inlier_ratio": 0.5,
  "reprojection_errors": [
    1.6847532987594604,
    1.4115307331085205,
    2.755464553833008,
    3.9147844314575195,
    1.1433374881744385,
    3.4130020141601562,
    3.4207000732421875,
    2.8641517162323,
    0.6030385494232178,
    1.0331292152404785,
    2.951741933822632,
    1.3725731372833252,
    3.327174425125122,
    4.129022121429443
  ],
  "mean_reprojection_error": 2.430314540863037,
  "std_reprojection_error": 1.135968804359436,
  "inliers": [
    0,
    3,
    6,
    9,
    10,
    12,
    13,
    15,
    16,
    17,
    19,
    20,
    21,
    27
  ],
  "mkpts0": [
    [
      745.125,
      201.375
    ],
    [
      805.125,
      212.625
    ],
    [
      793.875,
      220.125
    ],
    [
      705.125,
      223.875
    ],
    [
      835.125,
      225.125
    ],
    [
      425.125,
      242.625
    ],
    [
      413.875,
      248.875
    ],
    [
      436.375,
      260.125
    ],
    [
      478.875,
      281.375
    ],
    [
      590.125,
      283.875
    ],
    [
      522.625,
      286.375
    ],
    [
      386.375,
      288.875
    ],
    [
      511.375,
      292.625
    ],
    [
      597.625,
      297.625
    ],
    [
      430.125,
      311.375
    ],
    [
      575.125,
      312.625
    ],
    [
      540.125,
      313.875
    ],
    [
      518.875,
      327.625
    ],
    [
      586.375,
      330.125
    ],
    [
      602.625,
      347.625
    ],
    [
      611.375,
      352.625
    ],
    [
      636.375,
      357.625
    ],
    [
      617.625,
      368.875
    ],
    [
      650.125,
      376.375
    ],
    [
      496.375,
      377.625
    ],
    [
      715.125,
      383.875
    ],
    [
      595.125,
      388.875
    ],
    [
      702.625,
      391.375
    ]
  ],
  "mkpts1": [
    [
      982.625,
      82.625
    ],
    [
      1083.875,
      123.875
    ],
    [
      1070.125,
      133.875
    ],
    [
      911.375,
      112.625
    ],
    [
      1138.875,
      153.875
    ],
    [
      438.875,
      85.125
    ],
    [
      420.125,
      93.875
    ],
    [
      461.375,
      125.125
    ],
    [
      542.625,
      180.125
    ],
    [
      738.875,
      225.125
    ],
    [
      615.125,
      206.375
    ],
    [
      375.125,
      173.875
    ],
    [
      596.375,
      216.375
    ],
    [
      743.875,
      246.375
    ],
    [
      457.625,
      236.375
    ],
    [
      705.125,
      271.375
    ],
    [
      656.375,
      278.875
    ],
    [
      622.625,
      303.875
    ],
    [
      733.875,
      317.625
    ],
    [
      762.625,
      360.125
    ],
    [
      780.125,
      375.125
    ],
    [
      822.625,
      391.375
    ],
    [
      793.875,
      411.375
    ],
    [
      848.875,
      436.375
    ],
    [
      575.125,
      391.375
    ],
    [
      958.875,
      467.625
    ],
    [
      757.625,
      448.875
    ],
    [
      943.875,
      482.625
    ]
  ],
  "mpts3D": [
    [
      0.21699999272823334,
      -0.0,
      -0.027000000700354576
    ],
    [
      0.23000000417232513,
      0.0,
      -0.07000000029802322
    ],
    [
      0.21699999272823334,
      -0.0,
      -0.07000000029802322
    ],
    [
      0.17000000178813934,
      -0.0,
      -0.014999999664723873
    ],
    [
      0.23000000417232513,
      -0.0,
      -0.11299999803304672
    ],
    [
      -0.0,
      -0.0,
      0.15600000321865082
    ],
    [
      -0.014000000432133675,
      0.0,
      0.15600000321865082
    ],
    [
      -0.01899999938905239,
      -0.0,
      0.12800000607967377
    ],
    [
      -0.01899999938905239,
      -0.0,
      0.07400000095367432
    ],
    [
      0.02500000037252903,
      -0.014000000432133675,
      -0.010999999940395355
    ],
    [
      0.0,
      0.0,
      0.041999999433755875
    ],
    [
      -0.07400000095367432,
      -0.0,
      0.12800000607967377
    ],
    [
      -0.014000000432133675,
      0.0,
      0.041999999433755875
    ],
    [
      0.02500000037252903,
      0.0,
      -0.014999999664723873
    ],
    [
      -0.07400000095367432,
      -0.0,
      0.07400000095367432
    ],
    [
      0.0,
      -0.0,
      -0.014999999664723873
    ],
    [
      -0.03500000014901161,
      -0.017999999225139618,
      -0.009999999776482582
    ],
    [
      -0.05700000002980232,
      -0.017999999225139618,
      -0.009999999776482582
    ],
    [
      -0.014000000432133675,
      0.0,
      -0.041999999433755875
    ],
    [
      -0.023000000044703484,
      0.0,
      -0.06499999761581421
    ],
    [
      -0.023000000044703484,
      -0.0,
      -0.07500000298023224
    ],
    [
      -0.017000000923871994,
      -0.0,
      -0.09200000017881393
    ],
    [
      -0.03700000047683716,
      -0.0,
      -0.09700000286102295
    ],
    [
      -0.028999999165534973,
      -0.0,
      -0.12700000405311584
    ],
    [
      -0.09000000357627869,
      -0.0,
      -0.014999999664723873
    ],
    [
      0.0,
      0.0,
      -0.15600000321865082
    ],
    [
      -0.052000001072883606,
      -0.0,
      -0.09700000286102295
    ],
    [
      -0.014000000432133675,
      0.0,
      -0.15600000321865082
    ]
  ],
  "mconf": [
    0.9912241697311401,
    0.8027455806732178,
    0.9991512298583984,
    0.8555662035942078,
    0.8389728665351868,
    0.8988539576530457,
    0.9920684695243835,
    0.997644305229187,
    0.9853216409683228,
    0.9894603490829468,
    0.6693233251571655,
    0.9970762729644775,
    0.9217182993888855,
    0.9290017485618591,
    0.9983699321746826,
    0.9711742401123047,
    0.9976246356964111,
    0.9994926452636719,
    0.9968777298927307,
    0.9977574944496155,
    0.9959364533424377,
    0.9995768666267395,
    0.9992782473564148,
    0.9993826746940613,
    0.7973285913467407,
    0.49559593200683594,
    0.9989594221115112,
    0.9975093603134155
  ],
  "coverage_score": 0.7295739585136225,
  "pose_estimation_failed": false,
  "tracking_method": "loosely_coupled",
  "kf_translation_vector": [
    0.03162527080281288,
    -0.03472944405691964,
    0.767788563267792
  ],
  "kf_quaternion": [
    0.3926499492338258,
    -0.43766194707438144,
    -0.22001515354352003,
    0.7783773953943914
  ],
  "kf_rotation_matrix": [
    [
      0.5200907045885652,
      -0.0011862382756619994,
      -0.8541102105930611
    ],
    [
      -0.6862055269256709,
      0.5948386991557907,
      -0.41867516860127874
    ],
    [
      0.508554455114919,
      0.8038442105441826,
      0.3085560748994707
    ]
  ],
  "position_diff": 0.106141539113085,
  "orientation_diff": 13.498666716774457,
  "timestamp": 1741869978.9395003,
  "image_file": "webcam_000033"
}