{
  "frame": 87,
  "object_rotation_in_cam": [
    [
      0.5800289446744666,
      -0.19886556442216288,
      -0.7899486759447598
    ],
    [
      -0.5739989655118825,
      0.5883149198887541,
      -0.5695706651747241
    ],
    [
      0.5780065838129469,
      0.7837971946386026,
      0.22709105386505932
    ]
  ],
  "object_translation_in_cam": [
    -0.035994304140316485,
    -0.0571657873182811,
    0.6876521337138249
  ],
  "raw_rvec": [
    0.9469466230708724,
    -0.9571533743370212,
    -0.2624794912833226
  ],
  "refined_raw_rvec": [
    0.9469466230708724,
    -0.9571533743370212,
    -0.2624794912833226
  ],
  "num_inliers": 12,
  "total_matches": 24,
  "inlier_ratio": 0.5,
  "reprojection_errors": [
    0.7221560478210449,
    0.8298278450965881,
    0.9552061557769775,
    3.060121774673462,
    1.3424474000930786,
    3.1870667934417725,
    3.155487060546875,
    1.4777053594589233,
    0.23438602685928345,
    3.7812466621398926,
    0.9893006682395935,
    1.8974530696868896
  ],
  "mean_reprojection_error": 1.802700400352478,
  "std_reprojection_error": 1.1373294591903687,
  "inliers": [
    0,
    3,
    5,
    8,
    9,
    12,
    14,
    15,
    16,
    17,
    18,
    19
  ],
  "mkpts0": [
    [
      745.125,
      201.375
    ],
    [
      805.125,
      212.625
    ],
    [
      793.875,
      220.125
    ],
    [
      835.125,
      225.125
    ],
    [
      425.125,
      242.625
    ],
    [
      413.875,
      248.875
    ],
    [
      436.375,
      260.125
    ],
    [
      478.875,
      281.375
    ],
    [
      590.125,
      283.875
    ],
    [
      522.625,
      286.375
    ],
    [
      386.375,
      288.875
    ],
    [
      511.375,
      292.625
    ],
    [
      597.625,
      297.625
    ],
    [
      430.125,
      311.375
    ],
    [
      575.125,
      312.625
    ],
    [
      540.125,
      313.875
    ],
    [
      518.875,
      327.625
    ],
    [
      586.375,
      330.125
    ],
    [
      602.625,
      347.625
    ],
    [
      611.375,
      352.625
    ],
    [
      636.375,
      357.625
    ],
    [
      617.625,
      368.875
    ],
    [
      650.125,
      376.375
    ],
    [
      595.125,
      388.875
    ]
  ],
  "mkpts1": [
    [
      806.375,
      26.375
    ],
    [
      901.375,
      68.875
    ],
    [
      888.875,
      78.875
    ],
    [
      951.375,
      97.625
    ],
    [
      267.625,
      28.875
    ],
    [
      248.875,
      37.625
    ],
    [
      295.125,
      72.625
    ],
    [
      382.625,
      131.375
    ],
    [
      581.375,
      175.125
    ],
    [
      457.625,
      157.625
    ],
    [
      208.875,
      126.375
    ],
    [
      438.875,
      168.875
    ],
    [
      587.625,
      196.375
    ],
    [
      298.875,
      192.625
    ],
    [
      550.125,
      223.875
    ],
    [
      505.125,
      235.125
    ],
    [
      472.625,
      261.375
    ],
    [
      580.125,
      270.125
    ],
    [
      610.125,
      313.875
    ],
    [
      627.625,
      327.625
    ],
    [
      667.625,
      342.625
    ],
    [
      642.625,
      363.875
    ],
    [
      695.125,
      386.375
    ],
    [
      608.875,
      402.625
    ]
  ],
  "mpts3D": [
    [
      0.21699999272823334,
      -0.0,
      -0.027000000700354576
    ],
    [
      0.23000000417232513,
      0.0,
      -0.07000000029802322
    ],
    [
      0.21699999272823334,
      -0.0,
      -0.07000000029802322
    ],
    [
      0.23000000417232513,
      -0.0,
      -0.11299999803304672
    ],
    [
      -0.0,
      -0.0,
      0.15600000321865082
    ],
    [
      -0.014000000432133675,
      0.0,
      0.15600000321865082
    ],
    [
      -0.01899999938905239,
      -0.0,
      0.12800000607967377
    ],
    [
      -0.01899999938905239,
      -0.0,
      0.07400000095367432
    ],
    [
      0.02500000037252903,
      -0.014000000432133675,
      -0.010999999940395355
    ],
    [
      0.0,
      0.0,
      0.041999999433755875
    ],
    [
      -0.07400000095367432,
      -0.0,
      0.12800000607967377
    ],
    [
      -0.014000000432133675,
      0.0,
      0.041999999433755875
    ],
    [
      0.02500000037252903,
      0.0,
      -0.014999999664723873
    ],
    [
      -0.07400000095367432,
      -0.0,
      0.07400000095367432
    ],
    [
      0.0,
      -0.0,
      -0.014999999664723873
    ],
    [
      -0.03500000014901161,
      -0.017999999225139618,
      -0.009999999776482582
    ],
    [
      -0.05700000002980232,
      -0.017999999225139618,
      -0.009999999776482582
    ],
    [
      -0.014000000432133675,
      0.0,
      -0.041999999433755875
    ],
    [
      -0.023000000044703484,
      0.0,
      -0.06499999761581421
    ],
    [
      -0.023000000044703484,
      -0.0,
      -0.07500000298023224
    ],
    [
      -0.017000000923871994,
      -0.0,
      -0.09200000017881393
    ],
    [
      -0.03700000047683716,
      -0.0,
      -0.09700000286102295
    ],
    [
      -0.028999999165534973,
      -0.0,
      -0.12700000405311584
    ],
    [
      -0.052000001072883606,
      -0.0,
      -0.09700000286102295
    ]
  ],
  "mconf": [
    0.974767804145813,
    0.8445449471473694,
    0.9979680776596069,
    0.5951759219169617,
    0.8073035478591919,
    0.9930649399757385,
    0.9940988421440125,
    0.9969403743743896,
    0.7993589639663696,
    0.858974277973175,
    0.9957314133644104,
    0.9960936903953552,
    0.9635995626449585,
    0.9987202882766724,
    0.9820426106452942,
    0.9818463325500488,
    0.9944866895675659,
    0.9989417791366577,
    0.9976588487625122,
    0.9988407492637634,
    0.9997525215148926,
    0.9997670650482178,
    0.9995131492614746,
    0.9996808171272278
  ],
  "coverage_score": 0.6804820237218406,
  "pose_estimation_failed": false,
  "tracking_method": "loosely_coupled",
  "kf_translation_vector": [
    0.01313508136289181,
    -0.034318718466074837,
    0.7691771136355554
  ],
  "kf_quaternion": [
    0.44792579202797006,
    -0.4186556086051294,
    -0.11147939360768688,
    0.7820884291564777
  ],
  "kf_rotation_matrix": [
    [
      0.6245996523686622,
      -0.20067980248290382,
      -0.7547204059361116
    ],
    [
      -0.5494267778027139,
      0.5738696592739563,
      -0.6072922113761386
    ],
    [
      0.5549824232300277,
      0.7939781048871662,
      0.2481799324391688
    ]
  ],
  "position_diff": 0.10212711485278914,
  "orientation_diff": 3.35234441849611,
  "timestamp": 1741869948.0159073,
  "image_file": "webcam_000087"
}