{
  "frame": 61,
  "object_rotation_in_cam": [
    [
      0.7932662958426967,
      -0.03648542382390474,
      -0.6077807151665784
    ],
    [
      -0.4326961527729903,
      0.668502274877534,
      -0.6048791183856614
    ],
    [
      0.4283720617120829,
      0.7428145948565847,
      0.514513220833622
    ]
  ],
  "object_translation_in_cam": [
    0.046747597546110145,
    0.025243883152690758,
    0.6930575148331106
  ],
  "raw_rvec": [
    0.8190549206303056,
    -0.6297172882000941,
    -0.2407953260919731
  ],
  "refined_raw_rvec": [
    0.8190549206303056,
    -0.6297172882000941,
    -0.2407953260919731
  ],
  "num_inliers": 16,
  "total_matches": 35,
  "inlier_ratio": 0.45714285714285713,
  "reprojection_errors": [
    2.6418895721435547,
    1.6741482019424438,
    2.201630115509033,
    3.3787946701049805,
    3.130472421646118,
    3.103327751159668,
    0.9978097677230835,
    1.9214283227920532,
    2.1949262619018555,
    1.2234647274017334,
    1.9077191352844238,
    2.9744813442230225,
    4.1182684898376465,
    1.354415774345398,
    1.586683750152588,
    0.31697314977645874
  ],
  "mean_reprojection_error": 2.1704020500183105,
  "std_reprojection_error": 0.9684905409812927,
  "inliers": [
    1,
    9,
    13,
    14,
    15,
    16,
    17,
    19,
    21,
    22,
    23,
    24,
    25,
    26,
    27,
    28
  ],
  "mkpts0": [
    [
      727.625,
      126.375
    ],
    [
      727.625,
      143.875
    ],
    [
      636.375,
      157.625
    ],
    [
      663.875,
      165.125
    ],
    [
      656.375,
      171.375
    ],
    [
      356.375,
      195.125
    ],
    [
      745.125,
      201.375
    ],
    [
      805.125,
      212.625
    ],
    [
      793.875,
      220.125
    ],
    [
      705.125,
      223.875
    ],
    [
      835.125,
      225.125
    ],
    [
      425.125,
      242.625
    ],
    [
      413.875,
      248.875
    ],
    [
      436.375,
      260.125
    ],
    [
      478.875,
      281.375
    ],
    [
      590.125,
      283.875
    ],
    [
      522.625,
      286.375
    ],
    [
      386.375,
      288.875
    ],
    [
      350.125,
      290.125
    ],
    [
      511.375,
      292.625
    ],
    [
      597.625,
      297.625
    ],
    [
      430.125,
      311.375
    ],
    [
      575.125,
      312.625
    ],
    [
      540.125,
      313.875
    ],
    [
      518.875,
      327.625
    ],
    [
      586.375,
      330.125
    ],
    [
      470.125,
      338.875
    ],
    [
      602.625,
      347.625
    ],
    [
      611.375,
      352.625
    ],
    [
      636.375,
      357.625
    ],
    [
      650.125,
      376.375
    ],
    [
      496.375,
      377.625
    ],
    [
      715.125,
      383.875
    ],
    [
      595.125,
      388.875
    ],
    [
      702.625,
      391.375
    ]
  ],
  "mkpts1": [
    [
      1052.625,
      101.375
    ],
    [
      1045.125,
      125.125
    ],
    [
      881.375,
      91.375
    ],
    [
      921.375,
      118.875
    ],
    [
      907.625,
      128.875
    ],
    [
      408.875,
      96.375
    ],
    [
      1051.375,
      223.875
    ],
    [
      1153.875,
      271.375
    ],
    [
      1136.375,
      281.375
    ],
    [
      972.625,
      251.375
    ],
    [
      1208.875,
      303.875
    ],
    [
      501.375,
      206.375
    ],
    [
      481.375,
      213.875
    ],
    [
      513.875,
      245.125
    ],
    [
      578.875,
      302.625
    ],
    [
      760.125,
      356.375
    ],
    [
      647.625,
      331.375
    ],
    [
      423.875,
      288.875
    ],
    [
      366.375,
      272.625
    ],
    [
      623.875,
      340.125
    ],
    [
      767.625,
      378.875
    ],
    [
      485.125,
      352.625
    ],
    [
      722.625,
      401.375
    ],
    [
      662.625,
      406.375
    ],
    [
      623.875,
      430.125
    ],
    [
      738.875,
      448.875
    ],
    [
      531.375,
      440.125
    ],
    [
      758.875,
      495.125
    ],
    [
      772.625,
      511.375
    ],
    [
      813.875,
      530.125
    ],
    [
      830.125,
      578.875
    ],
    [
      571.375,
      512.625
    ],
    [
      941.375,
      620.125
    ],
    [
      732.625,
      583.875
    ],
    [
      921.375,
      635.125
    ]
  ],
  "mpts3D": [
    [
      0.20600000023841858,
      -0.07000000029802322,
      -0.0020000000949949026
    ],
    [
      0.20600000023841858,
      -0.054999999701976776,
      -0.0020000000949949026
    ],
    [
      0.23000000417232513,
      -0.0,
      0.11299999803304672
    ],
    [
      0.23000000417232513,
      -0.0,
      0.07000000029802322
    ],
    [
      0.21699999272823334,
      0.0,
      0.07000000029802322
    ],
    [
      -0.0,
      -0.02500000037252903,
      0.23999999463558197
    ],
    [
      0.21699999272823334,
      -0.0,
      -0.027000000700354576
    ],
    [
      0.23000000417232513,
      0.0,
      -0.07000000029802322
    ],
    [
      0.21699999272823334,
      -0.0,
      -0.07000000029802322
    ],
    [
      0.17000000178813934,
      -0.0,
      -0.014999999664723873
    ],
    [
      0.23000000417232513,
      -0.0,
      -0.11299999803304672
    ],
    [
      -0.0,
      -0.0,
      0.15600000321865082
    ],
    [
      -0.014000000432133675,
      0.0,
      0.15600000321865082
    ],
    [
      -0.01899999938905239,
      -0.0,
      0.12800000607967377
    ],
    [
      -0.01899999938905239,
      -0.0,
      0.07400000095367432
    ],
    [
      0.02500000037252903,
      -0.014000000432133675,
      -0.010999999940395355
    ],
    [
      0.0,
      0.0,
      0.041999999433755875
    ],
    [
      -0.07400000095367432,
      -0.0,
      0.12800000607967377
    ],
    [
      -0.07999999821186066,
      -0.0,
      0.15600000321865082
    ],
    [
      -0.014000000432133675,
      0.0,
      0.041999999433755875
    ],
    [
      0.02500000037252903,
      0.0,
      -0.014999999664723873
    ],
    [
      -0.07400000095367432,
      -0.0,
      0.07400000095367432
    ],
    [
      0.0,
      -0.0,
      -0.014999999664723873
    ],
    [
      -0.03500000014901161,
      -0.017999999225139618,
      -0.009999999776482582
    ],
    [
      -0.05700000002980232,
      -0.017999999225139618,
      -0.009999999776482582
    ],
    [
      -0.014000000432133675,
      0.0,
      -0.041999999433755875
    ],
    [
      -0.10000000149011612,
      -0.029999999329447746,
      0.0
    ],
    [
      -0.023000000044703484,
      0.0,
      -0.06499999761581421
    ],
    [
      -0.023000000044703484,
      -0.0,
      -0.07500000298023224
    ],
    [
      -0.017000000923871994,
      -0.0,
      -0.09200000017881393
    ],
    [
      -0.028999999165534973,
      -0.0,
      -0.12700000405311584
    ],
    [
      -0.09000000357627869,
      -0.0,
      -0.014999999664723873
    ],
    [
      0.0,
      0.0,
      -0.15600000321865082
    ],
    [
      -0.052000001072883606,
      -0.0,
      -0.09700000286102295
    ],
    [
      -0.014000000432133675,
      0.0,
      -0.15600000321865082
    ]
  ],