{
  "frame": 58,
  "object_rotation_in_cam": [
    [
      0.7755418547965931,
      -0.10647607413617552,
      -0.6222521009166685
    ],
    [
      -0.4039048557724172,
      0.673839825334278,
      -0.6187089439121861
    ],
    [
      0.4851759463762842,
      0.7311653270157287,
      0.47958478460837306
    ]
  ],
  "object_translation_in_cam": [
    0.036540545769648033,
    0.02726966280862552,
    0.7032341273236709
  ],
  "raw_rvec": [
    0.8290139079431676,
    -0.680117602820232,
    -0.18266337977502137
  ],
  "refined_raw_rvec": [
    0.8290139079431676,
    -0.680117602820232,
    -0.18266337977502137
  ],
  "num_inliers": 15,
  "total_matches": 36,
  "inlier_ratio": 0.4166666666666667,
  "reprojection_errors": [
    2.7234811782836914,
    1.5994632244110107,
    0.8859459757804871,
    1.69318425655365,
    1.569638729095459,
    0.8938021659851074,
    2.9346799850463867,
    2.2227494716644287,
    1.6097904443740845,
    1.7040518522262573,
    3.1669623851776123,
    3.266242265701294,
    2.2501955032348633,
    1.300488829612732,
    0.39843618869781494
  ],
  "mean_reprojection_error": 1.8812741041183472,
  "std_reprojection_error": 0.8351341485977173,
  "inliers": [
    3,
    8,
    14,
    16,
    17,
    18,
    20,
    22,
    23,
    24,
    25,
    26,
    27,
    28,
    35
  ],
  "mkpts0": [
    [
      751.375,
      76.375
    ],
    [
      727.625,
      126.375
    ],
    [
      727.625,
      143.875
    ],
    [
      636.375,
      157.625
    ],
    [
      663.875,
      165.125
    ],
    [
      656.375,
      171.375
    ],
    [
      356.375,
      195.125
    ],
    [
      745.125,
      201.375
    ],
    [
      805.125,
      212.625
    ],
    [
      793.875,
      220.125
    ],
    [
      705.125,
      223.875
    ],
    [
      835.125,
      225.125
    ],
    [
      425.125,
      242.625
    ],
    [
      413.875,
      248.875
    ],
    [
      436.375,
      260.125
    ],
    [
      478.875,
      281.375
    ],
    [
      590.125,
      283.875
    ],
    [
      522.625,
      286.375
    ],
    [
      386.375,
      288.875
    ],
    [
      350.125,
      290.125
    ],
    [
      511.375,
      292.625
    ],
    [
      597.625,
      297.625
    ],
    [
      430.125,
      311.375
    ],
    [
      575.125,
      312.625
    ],
    [
      540.125,
      313.875
    ],
    [
      518.875,
      327.625
    ],
    [
      586.375,
      330.125
    ],
    [
      602.625,
      347.625
    ],
    [
      611.375,
      352.625
    ],
    [
      636.375,
      357.625
    ],
    [
      617.625,
      368.875
    ],
    [
      650.125,
      376.375
    ],
    [
      496.375,
      377.625
    ],
    [
      715.125,
      383.875
    ],
    [
      595.125,
      388.875
    ],
    [
      702.625,
      391.375
    ]
  ],
  "mkpts1": [
    [
      1078.875,
      36.375
    ],
    [
      1021.375,
      115.125
    ],
    [
      1013.875,
      138.875
    ],
    [
      850.125,
      101.375
    ],
    [
      888.875,
      128.875
    ],
    [
      875.125,
      138.875
    ],
    [
      383.875,
      92.625
    ],
    [
      1016.375,
      236.375
    ],
    [
      1113.875,
      285.125
    ],
    [
      1097.625,
      293.875
    ],
    [
      937.625,
      260.125
    ],
    [
      1167.625,
      318.875
    ],
    [
      478.875,
      205.125
    ],
    [
      458.875,
      211.375
    ],
    [
      492.625,
      243.875
    ],
    [
      556.375,
      302.625
    ],
    [
      737.625,
      360.125
    ],
    [
      625.125,
      332.625
    ],
    [
      401.375,
      285.125
    ],
    [
      345.125,
      268.875
    ],
    [
      602.625,
      340.125
    ],
    [
      743.875,
      381.375
    ],
    [
      465.125,
      350.125
    ],
    [
      700.125,
      403.875
    ],
    [
      642.625,
      407.625
    ],
    [
      605.125,
      430.125
    ],
    [
      717.625,
      452.625
    ],
    [
      737.625,
      497.625
    ],
    [
      751.375,
      513.875
    ],
    [
      792.625,
      535.125
    ],
    [
      756.375,
      551.375
    ],
    [
      808.875,
      582.625
    ],
    [
      552.625,
      511.375
    ],
    [
      917.625,
      625.125
    ],
    [
      713.875,
      585.125
    ],
    [
      897.625,
      637.625
    ]
  ],
  "mpts3D": [
    [
      0.24300000071525574,
      -0.10400000214576721,
      0.0
    ],
    [
      0.20600000023841858,
      -0.07000000029802322,
      -0.0020000000949949026
    ],
    [
      0.20600000023841858,
      -0.054999999701976776,
      -0.0020000000949949026
    ],
    [
      0.23000000417232513,
      -0.0,
      0.11299999803304672
    ],
    [
      0.23000000417232513,
      -0.0,
      0.07000000029802322
    ],
    [
      0.21699999272823334,
      0.0,
      0.07000000029802322
    ],
    [
      -0.0,
      -0.02500000037252903,
      0.23999999463558197
    ],
    [
      0.21699999272823334,
      -0.0,
      -0.027000000700354576
    ],
    [
      0.23000000417232513,
      0.0,
      -0.07000000029802322
    ],
    [
      0.21699999272823334,
      -0.0,
      -0.07000000029802322
    ],
    [
      0.17000000178813934,
      -0.0,
      -0.014999999664723873
    ],
    [
      0.23000000417232513,
      -0.0,
      -0.11299999803304672
    ],
    [
      -0.0,
      -0.0,
      0.15600000321865082
    ],
    [
      -0.014000000432133675,
      0.0,
      0.15600000321865082
    ],
    [
      -0.01899999938905239,
      -0.0,
      0.12800000607967377
    ],
    [
      -0.01899999938905239,
      -0.0,
      0.07400000095367432
    ],
    [
      0.02500000037252903,
      -0.014000000432133675,
      -0.010999999940395355
    ],
    [
      0.0,
      0.0,
      0.041999999433755875
    ],
    [
      -0.07400000095367432,
      -0.0,
      0.12800000607967377
    ],
    [
      -0.07999999821186066,
      -0.0,
      0.15600000321865082
    ],
    [
      -0.014000000432133675,
      0.0,
      0.041999999433755875
    ],
    [
      0.02500000037252903,
      0.0,
      -0.014999999664723873
    ],
    [
      -0.07400000095367432,
      -0.0,
      0.07400000095367432
    ],
    [
      0.0,
      -0.0,
      -0.014999999664723873
    ],
    [
      -0.03500000014901161,
      -0.017999999225139618,
      -0.009999999776482582
    ],
    [
      -0.05700000002980232,
      -0.017999999225139618,
      -0.009999999776482582
    ],
    [
      -0.014000000432133675,
      0.0,
      -0.041999999433755875
    ],
    [
      -0.023000000044703484,
      0.0,
      -0.06499999761581421
    ],
    [
      -0.023000000044703484,
      -0.0,
      -0.07500000298023224
    ],
    [
      -0.017000000923871994,
      -0.0,
      -0.09200000017881393
    ],
    [
      -0.03700000047683716,
      -0.0,
      -0.09700000286102295
    ],
    [
      -0.028999999165534973,
      -0.0,
      -0.12700000405311584
    ],
    [
      -0.09000000357627869,
      -0.0,
      -0.014999999664723873
    ],
    [
      0.0,
      0.0,
      -0.15600000321865082
    ],
    [
      -0.052000001072883606,
      -0.0,
      -0.09700000286102295
    ],
    [
      -0.014000000432133675,
      0.0,
      -0.15600000321865082
    ]
  ],