{
  "frame": 123,
  "kf_translation_vector": [
    -0.016794447019825895,
    -0.005201814994875965,
    0.6523676327534315
  ],
  "kf_quaternion": [
    0.4497550995087527,
    -0.4712602391112257,
    -0.13205889645530033,
    0.7471242101322314
  ],
  "kf_rotation_matrix": [
    [
      0.5209484697996773,
      -0.22657459406177502,
      -0.8229681920579415
    ],
    [
      -0.6212321888821766,
      0.5605615966657604,
      -0.5475776327062611
    ],
    [
      0.5853915435928627,
      0.7965140611874189,
      0.15126827499740458
    ]
  ],
  "pose_estimation_failed": true,
  "tracking_method": "prediction",
  "timestamp": 1741869623.5864275,
  "image_file": "webcam_000123"
}