{
  "frame": 151,
  "object_rotation_in_cam": [
    [
      0.6524891329231604,
      -0.18014717042126768,
      -0.7360739965563198
    ],
    [
      -0.354132817948552,
      0.7862577220792755,
      -0.5063484390442281
    ],
    [
      0.669961102355204,
      0.5910548125681063,
      0.44922859422690414
    ]
  ],
  "object_translation_in_cam": [
    -0.0026755333541523783,
    -0.02971367659449317,
    0.6724549322365112
  ],
  "raw_rvec": [
    0.6801887653547072,
    -0.8714839112868394,
    -0.10783919457788187
  ],
  "refined_raw_rvec": [
    0.6801887653547072,
    -0.8714839112868394,
    -0.10783919457788187
  ],
  "num_inliers": 15,
  "total_matches": 36,
  "inlier_ratio": 0.4166666666666667,
  "reprojection_errors": [
    2.4877970218658447,
    2.352168321609497,
    2.6032626628875732,
    3.400470018386841,
    1.9385929107666016,
    1.3187854290008545,
    1.9242515563964844,
    2.848771810531616,
    1.9731348752975464,
    3.0611441135406494,
    3.8066916465759277,
    1.9541691541671753,
    1.1052502393722534,
    0.6308386325836182,
    3.2361648082733154
  ],
  "mean_reprojection_error": 2.3094327449798584,
  "std_reprojection_error": 0.8579519391059875,
  "inliers": [
    9,
    10,
    13,
    14,
    16,
    17,
    19,
    20,
    21,
    22,
    23,
    25,
    27,
    28,
    29
  ],
  "mkpts0": [
    [
      727.625,
      126.375
    ],
    [
      727.625,
      143.875
    ],
    [
      636.375,
      157.625
    ],
    [
      663.875,
      165.125
    ],
    [
      656.375,
      171.375
    ],
    [
      356.375,
      195.125
    ],
    [
      745.125,
      201.375
    ],
    [
      805.125,
      212.625
    ],
    [
      793.875,
      220.125
    ],
    [
      705.125,
      223.875
    ],
    [
      835.125,
      225.125
    ],
    [
      425.125,
      242.625
    ],
    [
      413.875,
      248.875
    ],
    [
      436.375,
      260.125
    ],
    [
      478.875,
      281.375
    ],
    [
      590.125,
      283.875
    ],
    [
      522.625,
      286.375
    ],
    [
      386.375,
      288.875
    ],
    [
      350.125,
      290.125
    ],
    [
      511.375,
      292.625
    ],
    [
      597.625,
      297.625
    ],
    [
      430.125,
      311.375
    ],
    [
      575.125,
      312.625
    ],
    [
      540.125,
      313.875
    ],
    [
      518.875,
      327.625
    ],
    [
      586.375,
      330.125
    ],
    [
      470.125,
      338.875
    ],
    [
      602.625,
      347.625
    ],
    [
      611.375,
      352.625
    ],
    [
      636.375,
      357.625
    ],
    [
      617.625,
      368.875
    ],
    [
      650.125,
      376.375
    ],
    [
      496.375,
      377.625
    ],
    [
      715.125,
      383.875
    ],
    [
      595.125,
      388.875
    ],
    [
      702.625,
      391.375
    ]
  ],
  "mkpts1": [
    [
      905.125,
      22.625
    ],
    [
      897.625,
      50.125
    ],
    [
      721.375,
      50.125
    ],
    [
      763.875,
      73.875
    ],
    [
      752.625,
      78.875
    ],
    [
      253.875,
      17.625
    ],
    [
      898.875,
      155.125
    ],
    [
      997.625,
      193.875
    ],
    [
      983.875,
      200.125
    ],
    [
      830.125,
      173.875
    ],
    [
      1047.625,
      225.125
    ],
    [
      360.125,
      120.125
    ],
    [
      341.375,
      123.875
    ],
    [
      381.375,
      151.375
    ],
    [
      456.375,
      197.625
    ],
    [
      655.125,
      240.125
    ],
    [
      532.625,
      222.625
    ],
    [
      290.125,
      181.375
    ],
    [
      227.625,
      167.625
    ],
    [
      511.375,
      228.875
    ],
    [
      660.125,
      263.875
    ],
    [
      367.625,
      235.125
    ],
    [
      620.125,
      280.125
    ],
    [
      568.875,
      271.375
    ],
    [
      532.625,
      290.125
    ],
    [
      647.625,
      318.875
    ],
    [
      441.375,
      290.125
    ],
    [
      675.125,
      353.875
    ],
    [
      692.625,
      367.625
    ],
    [
      735.125,
      382.625
    ],
    [
      705.125,
      396.375
    ],
    [
      761.375,
      421.375
    ],
    [
      480.125,
      372.625
    ],
    [
      877.625,
      457.625
    ],
    [
      666.375,
      426.375
    ],
    [
      860.125,
      468.875
    ]
  ],
  "mpts3D": [
    [
      0.20600000023841858,
      -0.07000000029802322,
      -0.0020000000949949026
    ],
    [
      0.20600000023841858,
      -0.054999999701976776,
      -0.0020000000949949026
    ],
    [
      0.23000000417232513,
      -0.0,
      0.11299999803304672
    ],
    [
      0.23000000417232513,
      -0.0,
      0.07000000029802322
    ],
    [
      0.21699999272823334,
      0.0,
      0.07000000029802322
    ],
    [
      -0.0,
      -0.02500000037252903,
      0.23999999463558197
    ],
    [
      0.21699999272823334,
      -0.0,
      -0.027000000700354576
    ],
    [
      0.23000000417232513,
      0.0,
      -0.07000000029802322
    ],
    [
      0.21699999272823334,
      -0.0,
      -0.07000000029802322
    ],
    [
      0.17000000178813934,
      -0.0,
      -0.014999999664723873
    ],
    [
      0.23000000417232513,
      -0.0,
      -0.11299999803304672
    ],
    [
      -0.0,
      -0.0,
      0.15600000321865082
    ],
    [
      -0.014000000432133675,
      0.0,
      0.15600000321865082
    ],
    [
      -0.01899999938905239,
      -0.0,
      0.12800000607967377
    ],
    [
      -0.01899999938905239,
      -0.0,
      0.07400000095367432
    ],
    [
      0.02500000037252903,
      -0.014000000432133675,
      -0.010999999940395355
    ],
    [
      0.0,
      0.0,
      0.041999999433755875
    ],
    [
      -0.07400000095367432,
      -0.0,
      0.12800000607967377
    ],
    [
      -0.07999999821186066,
      -0.0,
      0.15600000321865082
    ],
    [
      -0.014000000432133675,
      0.0,
      0.041999999433755875
    ],
    [
      0.02500000037252903,
      0.0,
      -0.014999999664723873
    ],
    [
      -0.07400000095367432,
      -0.0,
      0.07400000095367432
    ],
    [
      0.0,
      -0.0,
      -0.014999999664723873
    ],
    [
      -0.03500000014901161,
      -0.017999999225139618,
      -0.009999999776482582
    ],
    [
      -0.05700000002980232,
      -0.017999999225139618,
      -0.009999999776482582
    ],
    [
      -0.014000000432133675,
      0.0,
      -0.041999999433755875
    ],
    [
      -0.10000000149011612,
      -0.029999999329447746,
      0.0
    ],
    [
      -0.023000000044703484,
      0.0,
      -0.06499999761581421
    ],
    [
      -0.023000000044703484,
      -0.0,
      -0.07500000298023224
    ],
    [
      -0.017000000923871994,
      -0.0,
      -0.09200000017881393
    ],
    [
      -0.03700000047683716,
      -0.0,
      -0.09700000286102295
    ],
    [
      -0.028999999165534973,
      -0.0,
      -0.12700000405311584
    ],
    [
      -0.09000000357627869,
      -0.0,
      -0.014999999664723873
    ],
    [
      0.0,
      0.0,
      -0.15600000321865082
    ],
    [
      -0.052000001072883606,
      -0.0,
      -0.09700000286102295
    ],
    [
      -0.014000000432133675,
      0.0,
      -0.15600000321865082
    ]
  ],