{
  "frame": 164,
  "object_rotation_in_cam": [
    [
      0.5922227999779239,
      -0.19054066663610572,
      -0.7829217135475144
    ],
    [
      -0.566069523361132,
      0.593102061356131,
      -0.5725340509845759
    ],
    [
      0.5734435019319764,
      0.7822558399737113,
      0.24338929910539364
    ]
  ],
  "object_translation_in_cam": [
    0.0045054977041345924,
    -0.04664644750316056,
    0.69398067435706
  ],
  "raw_rvec": [
    0.9395489211008161,
    -0.9406414111349967,
    -0.2604298530221943
  ],
  "refined_raw_rvec": [
    0.9395489211008161,
    -0.9406414111349967,
    -0.2604298530221943
  ],
  "num_inliers": 14,
  "total_matches": 27,
  "inlier_ratio": 0.5185185185185185,
  "reprojection_errors": [
    1.0811349153518677,
    2.298203706741333,
    1.5909857749938965,
    2.599766254425049,
    3.219761610031128,
    2.072624444961548,
    2.349362373352051,
    2.860445976257324,
    1.3531497716903687,
    2.670832395553589,
    2.6418275833129883,
    1.0689030885696411,
    3.763702630996704,
    2.6218276023864746
  ],
  "mean_reprojection_error": 2.299466371536255,
  "std_reprojection_error": 0.7655472755432129,
  "inliers": [
    0,
    3,
    7,
    10,
    11,
    13,
    14,
    16,
    17,
    18,
    20,
    21,
    22,
    26
  ],
  "mkpts0": [
    [
      745.125,
      201.375
    ],
    [
      805.125,
      212.625
    ],
    [
      793.875,
      220.125
    ],
    [
      705.125,
      223.875
    ],
    [
      835.125,
      225.125
    ],
    [
      425.125,
      242.625
    ],
    [
      413.875,
      248.875
    ],
    [
      436.375,
      260.125
    ],
    [
      478.875,
      281.375
    ],
    [
      590.125,
      283.875
    ],
    [
      522.625,
      286.375
    ],
    [
      386.375,
      288.875
    ],
    [
      350.125,
      290.125
    ],
    [
      511.375,
      292.625
    ],
    [
      597.625,
      297.625
    ],
    [
      430.125,
      311.375
    ],
    [
      575.125,
      312.625
    ],
    [
      540.125,
      313.875
    ],
    [
      518.875,
      327.625
    ],
    [
      586.375,
      330.125
    ],
    [
      602.625,
      347.625
    ],
    [
      611.375,
      352.625
    ],
    [
      636.375,
      357.625
    ],
    [
      617.625,
      368.875
    ],
    [
      650.125,
      376.375
    ],
    [
      595.125,
      388.875
    ],
    [
      702.625,
      391.375
    ]
  ],
  "mkpts1": [
    [
      883.875,
      48.875
    ],
    [
      981.375,
      88.875
    ],
    [
      967.625,
      98.875
    ],
    [
      818.875,
      80.125
    ],
    [
      1032.625,
      115.125
    ],
    [
      358.875,
      65.125
    ],
    [
      340.125,
      73.875
    ],
    [
      385.125,
      105.125
    ],
    [
      471.375,
      160.125
    ],
    [
      665.125,
      200.125
    ],
    [
      543.875,
      183.875
    ],
    [
      305.125,
      158.875
    ],
    [
      240.125,
      143.875
    ],
    [
      526.375,
      195.125
    ],
    [
      671.375,
      221.375
    ],
    [
      392.625,
      221.375
    ],
    [
      636.375,
      248.875
    ],
    [
      592.625,
      258.875
    ],
    [
      561.375,
      285.125
    ],
    [
      666.375,
      292.625
    ],
    [
      696.375,
      333.875
    ],
    [
      715.125,
      348.875
    ],
    [
      755.125,
      362.625
    ],
    [
      730.125,
      382.625
    ],
    [
      782.625,
      405.125
    ],
    [
      698.875,
      421.375
    ],
    [
      871.375,
      445.125
    ]
  ],
  "mpts3D": [
    [
      0.21699999272823334,
      -0.0,
      -0.027000000700354576
    ],
    [
      0.23000000417232513,
      0.0,
      -0.07000000029802322
    ],
    [
      0.21699999272823334,
      -0.0,
      -0.07000000029802322
    ],
    [
      0.17000000178813934,
      -0.0,
      -0.014999999664723873
    ],
    [
      0.23000000417232513,
      -0.0,
      -0.11299999803304672
    ],
    [
      -0.0,
      -0.0,
      0.15600000321865082
    ],
    [
      -0.014000000432133675,
      0.0,
      0.15600000321865082
    ],
    [
      -0.01899999938905239,
      -0.0,
      0.12800000607967377
    ],
    [
      -0.01899999938905239,
      -0.0,
      0.07400000095367432
    ],
    [
      0.02500000037252903,
      -0.014000000432133675,
      -0.010999999940395355
    ],
    [
      0.0,
      0.0,
      0.041999999433755875
    ],
    [
      -0.07400000095367432,
      -0.0,
      0.12800000607967377
    ],
    [
      -0.07999999821186066,
      -0.0,
      0.15600000321865082
    ],
    [
      -0.014000000432133675,
      0.0,
      0.041999999433755875
    ],
    [
      0.02500000037252903,
      0.0,
      -0.014999999664723873
    ],
    [
      -0.07400000095367432,
      -0.0,
      0.07400000095367432
    ],
    [
      0.0,
      -0.0,
      -0.014999999664723873
    ],
    [
      -0.03500000014901161,
      -0.017999999225139618,
      -0.009999999776482582
    ],
    [
      -0.05700000002980232,
      -0.017999999225139618,
      -0.009999999776482582
    ],
    [
      -0.014000000432133675,
      0.0,
      -0.041999999433755875
    ],
    [
      -0.023000000044703484,
      0.0,
      -0.06499999761581421
    ],
    [
      -0.023000000044703484,
      -0.0,
      -0.07500000298023224
    ],
    [
      -0.017000000923871994,
      -0.0,
      -0.09200000017881393
    ],
    [
      -0.03700000047683716,
      -0.0,
      -0.09700000286102295
    ],
    [
      -0.028999999165534973,
      -0.0,
      -0.12700000405311584
    ],
    [
      -0.052000001072883606,
      -0.0,
      -0.09700000286102295
    ],
    [
      -0.014000000432133675,
      0.0,
      -0.15600000321865082
    ]
  ],
  "mconf": [
    0.9865521788597107,
    0.662977933883667,
    0.9953578114509583,
    0.5862741470336914,
    0.40524280071258545,
    0.9190455079078674,
    0.9930180907249451,
    0.9960651993751526,
    0.9898648262023926,
    0.9363746643066406,
    0.5635372996330261,
    0.9938891530036926,
    0.2591337263584137,
    0.9155843257904053,
    0.9609130024909973,
    0.9991032481193542,
    0.9934267997741699,
    0.9950739741325378,
    0.9991826415061951,
    0.9993192553520203,
    0.9984891414642334,
    0.9974693059921265,
    0.9997584819793701,
    0.9997427463531494,
    0.9996458888053894,
    0.9998652935028076,
    0.20285898447036743
  ],
  "coverage_score": 0.75,
  "pose_estimation_failed": false,
  "tracking_method": "loosely_coupled",
  "kf_translation_vector": [
    0.022567525142298397,
    -0.0405671618747452,
    0.8057722731568777
  ],
  "kf_quaternion": [
    0.4097849898852495,
    -0.438740633906169,
    -0.14483298636295383,
    0.7865153045462925
  ],
  "kf_rotation_matrix": [
    [
      0.5730601244416028,
      -0.13175193169975952,
      -0.8088532142906749
    ],
    [
      -0.5874053732101902,
      0.6221993362518689,
      -0.5175160997413809
    ],
    [
      0.5714516788835008,
      0.7716925647310046,
      0.27916583644871795
    ]
  ],
  "position_diff": 0.11803899547060274,
  "orientation_diff": 4.005163867740089,
  "timestamp": 1741869958.487907,
  "image_file": "webcam_000164"
}