{
  "frame": 31,
  "object_rotation_in_cam": [
    [
      0.6690085985631038,
      -0.12137786566588193,
      -0.7332768295637242
    ],
    [
      -0.5337356186794174,
      0.6081359228016954,
      -0.5876197654529925
    ],
    [
      0.5172560143696072,
      0.7844986380641624,
      0.3420644712242754
    ]
  ],
  "object_translation_in_cam": [
    -0.007662296625757411,
    -0.011805138662077889,
    0.7239057825601033
  ],
  "raw_rvec": [
    0.9062308406706933,
    -0.8259283073086827,
    -0.2723462583204557
  ],
  "refined_raw_rvec": [
    0.9062308406706933,
    -0.8259283073086827,
    -0.2723462583204557
  ],
  "num_inliers": 15,
  "total_matches": 31,
  "inlier_ratio": 0.4838709677419355,
  "reprojection_errors": [
    1.4603095054626465,
    2.5085487365722656,
    0.23217257857322693,
    2.5410585403442383,
    1.2834746837615967,
    1.4284359216690063,
    2.7765493392944336,
    2.542681932449341,
    1.98142671585083,
    2.859208345413208,
    2.252154588699341,
    2.0186092853546143,
    4.608667373657227,
    0.7410691380500793,
    2.1467721462249756
  ],
  "mean_reprojection_error": 2.092076063156128,
  "std_reprojection_error": 0.9930562376976013,
  "inliers": [
    4,
    7,
    11,
    14,
    15,
    16,
    17,
    18,
    19,
    20,
    21,
    22,
    23,
    24,
    25
  ],
  "mkpts0": [
    [
      727.625,
      126.375
    ],
    [
      727.625,
      143.875
    ],
    [
      663.875,
      165.125
    ],
    [
      656.375,
      171.375
    ],
    [
      745.125,
      201.375
    ],
    [
      805.125,
      212.625
    ],
    [
      793.875,
      220.125
    ],
    [
      705.125,
      223.875
    ],
    [
      835.125,
      225.125
    ],
    [
      425.125,
      242.625
    ],
    [
      413.875,
      248.875
    ],
    [
      436.375,
      260.125
    ],
    [
      478.875,
      281.375
    ],
    [
      590.125,
      283.875
    ],
    [
      522.625,
      286.375
    ],
    [
      386.375,
      288.875
    ],
    [
      511.375,
      292.625
    ],
    [
      597.625,
      297.625
    ],
    [
      430.125,
      311.375
    ],
    [
      575.125,
      312.625
    ],
    [
      540.125,
      313.875
    ],
    [
      518.875,
      327.625
    ],
    [
      586.375,
      330.125
    ],
    [
      470.125,
      338.875
    ],
    [
      602.625,
      347.625
    ],
    [
      611.375,
      352.625
    ],
    [
      636.375,
      357.625
    ],
    [
      617.625,
      368.875
    ],
    [
      650.125,
      376.375
    ],
    [
      595.125,
      388.875
    ],
    [
      702.625,
      391.375
    ]
  ],
  "mkpts1": [
    [
      887.625,
      15.125
    ],
    [
      880.125,
      37.625
    ],
    [
      808.875,
      47.625
    ],
    [
      791.375,
      53.875
    ],
    [
      882.625,
      130.125
    ],
    [
      975.125,
      170.125
    ],
    [
      961.375,
      181.375
    ],
    [
      813.875,
      158.875
    ],
    [
      1025.125,
      197.625
    ],
    [
      363.875,
      141.375
    ],
    [
      345.125,
      150.125
    ],
    [
      382.625,
      180.125
    ],
    [
      457.625,
      235.125
    ],
    [
      641.375,
      277.625
    ],
    [
      527.625,
      258.875
    ],
    [
      300.125,
      232.625
    ],
    [
      507.625,
      270.125
    ],
    [
      647.625,
      296.375
    ],
    [
      375.125,
      293.875
    ],
    [
      610.125,
      323.875
    ],
    [
      560.125,
      335.125
    ],
    [
      526.375,
      360.125
    ],
    [
      633.875,
      368.875
    ],
    [
      441.375,
      377.625
    ],
    [
      657.625,
      410.125
    ],
    [
      673.875,
      425.125
    ],
    [
      713.875,
      440.125
    ],
    [
      685.125,
      458.875
    ],
    [
      733.875,
      483.875
    ],
    [
      648.875,
      496.375
    ],
    [
      820.125,
      525.125
    ]
  ],
  "mpts3D": [
    [
      0.20600000023841858,
      -0.07000000029802322,
      -0.0020000000949949026
    ],
    [
      0.20600000023841858,
      -0.054999999701976776,
      -0.0020000000949949026
    ],
    [
      0.23000000417232513,
      -0.0,
      0.07000000029802322
    ],
    [
      0.21699999272823334,
      0.0,
      0.07000000029802322
    ],
    [
      0.21699999272823334,
      -0.0,
      -0.027000000700354576
    ],
    [
      0.23000000417232513,
      0.0,
      -0.07000000029802322
    ],
    [
      0.21699999272823334,
      -0.0,
      -0.07000000029802322
    ],
    [
      0.17000000178813934,
      -0.0,
      -0.014999999664723873
    ],
    [
      0.23000000417232513,
      -0.0,
      -0.11299999803304672
    ],
    [
      -0.0,
      -0.0,
      0.15600000321865082
    ],
    [
      -0.014000000432133675,
      0.0,
      0.15600000321865082
    ],
    [
      -0.01899999938905239,
      -0.0,
      0.12800000607967377
    ],
    [
      -0.01899999938905239,
      -0.0,
      0.07400000095367432
    ],
    [
      0.02500000037252903,
      -0.014000000432133675,
      -0.010999999940395355
    ],
    [
      0.0,
      0.0,
      0.041999999433755875
    ],
    [
      -0.07400000095367432,
      -0.0,
      0.12800000607967377
    ],
    [
      -0.014000000432133675,
      0.0,
      0.041999999433755875
    ],
    [
      0.02500000037252903,
      0.0,
      -0.014999999664723873
    ],
    [
      -0.07400000095367432,
      -0.0,
      0.07400000095367432
    ],
    [
      0.0,
      -0.0,
      -0.014999999664723873
    ],
    [
      -0.03500000014901161,
      -0.017999999225139618,
      -0.009999999776482582
    ],
    [
      -0.05700000002980232,
      -0.017999999225139618,
      -0.009999999776482582
    ],
    [
      -0.014000000432133675,
      0.0,
      -0.041999999433755875
    ],
    [
      -0.10000000149011612,
      -0.029999999329447746,
      0.0
    ],
    [
      -0.023000000044703484,
      0.0,
      -0.06499999761581421
    ],
    [
      -0.023000000044703484,
      -0.0,
      -0.07500000298023224
    ],
    [
      -0.017000000923871994,
      -0.0,
      -0.09200000017881393
    ],
    [
      -0.03700000047683716,
      -0.0,
      -0.09700000286102295
    ],
    [
      -0.028999999165534973,
      -0.0,
      -0.12700000405311584
    ],
    [
      -0.052000001072883606,
      -0.0,
      -0.09700000286102295
    ],
    [
      -0.014000000432133675,
      0.0,
      -0.15600000321865082
    ]
  ],
  "mconf": [
    0.9324491620063782,
    0.9057680368423462,
    0.11688901484012604,
    0.18861235678195953,
    0.9904942512512207,
    0.6301641464233398,
    0.9773280620574951,
    0.3462691307067871,
    0.19971750676631927,
    0.8375144600868225,
    0.9931837916374207,
    0.9960334300994873,
    0.9796268343925476,
    0.964284360408783,
    0.8479136228561401,
    0.9924812912940979,
    0.9841638803482056,
    0.9194883704185486,
    0.9891412854194641,
    0.9488505125045776,
    0.993899941444397,
    0.9987134337425232,
    0.9977231025695801,
    0.9828911423683167,
    0.9983028769493103,
    0.9909495711326599,
    0.9994004368782043,
    0.9994048476219177,
    0.998805820941925,
    0.9991868138313293,
    0.16994120180606842
  ],
  "coverage_score": 0.7772925846688998,
  "pose_estimation_failed": false,
  "tracking_method": "loosely_coupled",
  "kf_translation_vector": [
    -0.004197101368047445,
    -0.014442465600726187,
    0.7108128622701039
  ],
  "kf_quaternion": [
    0.43493522581576793,
    -0.5266596704251731,
    -0.06599267275416643,
    0.7273966648500642
  ],
  "kf_rotation_matrix": [
    [
      0.43654911738081903,
      -0.36211998523701644,
      -0.8235860516096487
    ],
    [
      -0.5541313855007058,
      0.6129526329746968,
      -0.5632295068020271
    ],
    [
      0.7087758995035709,
      0.7022522239347694,
      0.0669218817844699
    ]
  ],
  "position_diff": 0.01294526354638661,
  "orientation_diff": 19.96218556091144,