{
  "frame": 14,
  "object_rotation_in_cam": [
    [
      0.661129538353797,
      -0.1580774917637015,
      -0.7334297785840113
    ],
    [
      -0.5013136211880997,
      0.6342278256186923,
      -0.5885912999885914
    ],
    [
      0.5582046100914694,
      0.7568134326296556,
      0.34006034973802535
    ]
  ],
  "object_translation_in_cam": [
    0.027192521966094847,
    -0.028396567493950104,
    0.680884771656179
  ],
  "raw_rvec": [
    0.8850410106794996,
    -0.8496695284824072,
    -0.22578934317877467
  ],
  "refined_raw_rvec": [
    0.8850410106794996,
    -0.8496695284824072,
    -0.22578934317877467
  ],
  "num_inliers": 13,
  "total_matches": 28,
  "inlier_ratio": 0.4642857142857143,
  "reprojection_errors": [
    0.8995965719223022,
    0.2621006369590759,
    1.7440369129180908,
    2.64473819732666,
    2.0345675945281982,
    2.1857917308807373,
    3.3097317218780518,
    3.4326913356781006,
    1.2229878902435303,
    1.9969415664672852,
    3.428819417953491,
    1.8299226760864258,
    2.78503680229187
  ],
  "mean_reprojection_error": 2.1366896629333496,
  "std_reprojection_error": 0.9431412816047668,
  "inliers": [
    1,
    4,
    8,
    11,
    12,
    13,
    14,
    16,
    17,
    18,
    19,
    20,
    21
  ],
  "mkpts0": [
    [
      656.375,
      171.375
    ],
    [
      745.125,
      201.375
    ],
    [
      805.125,
      212.625
    ],
    [
      793.875,
      220.125
    ],
    [
      705.125,
      223.875
    ],
    [
      835.125,
      225.125
    ],
    [
      425.125,
      242.625
    ],
    [
      413.875,
      248.875
    ],
    [
      436.375,
      260.125
    ],
    [
      478.875,
      281.375
    ],
    [
      590.125,
      283.875
    ],
    [
      522.625,
      286.375
    ],
    [
      386.375,
      288.875
    ],
    [
      511.375,
      292.625
    ],
    [
      597.625,
      297.625
    ],
    [
      430.125,
      311.375
    ],
    [
      575.125,
      312.625
    ],
    [
      540.125,
      313.875
    ],
    [
      518.875,
      327.625
    ],
    [
      586.375,
      330.125
    ],
    [
      602.625,
      347.625
    ],
    [
      611.375,
      352.625
    ],
    [
      636.375,
      357.625
    ],
    [
      650.125,
      376.375
    ],
    [
      496.375,
      377.625
    ],
    [
      715.125,
      383.875
    ],
    [
      595.125,
      388.875
    ],
    [
      702.625,
      391.375
    ]
  ],
  "mkpts1": [
    [
      808.875,
      12.625
    ],
    [
      958.875,
      102.625
    ],
    [
      1058.875,
      145.125
    ],
    [
      1045.125,
      155.125
    ],
    [
      890.125,
      130.125
    ],
    [
      1112.625,
      175.125
    ],
    [
      418.875,
      96.375
    ],
    [
      400.125,
      103.875
    ],
    [
      442.625,
      136.375
    ],
    [
      522.625,
      192.625
    ],
    [
      717.625,
      240.125
    ],
    [
      595.125,
      218.875
    ],
    [
      356.375,
      183.875
    ],
    [
      576.375,
      228.875
    ],
    [
      723.875,
      261.375
    ],
    [
      437.625,
      247.625
    ],
    [
      683.875,
      286.375
    ],
    [
      636.375,
      292.625
    ],
    [
      602.625,
      317.625
    ],
    [
      712.625,
      332.625
    ],
    [
      741.375,
      376.375
    ],
    [
      758.875,
      392.625
    ],
    [
      801.375,
      408.875
    ],
    [
      826.375,
      455.125
    ],
    [
      555.125,
      405.125
    ],
    [
      935.125,
      486.375
    ],
    [
      735.125,
      465.125
    ],
    [
      918.875,
      501.375
    ]
  ],
  "mpts3D": [
    [
      0.21699999272823334,
      0.0,
      0.07000000029802322
    ],
    [
      0.21699999272823334,
      -0.0,
      -0.027000000700354576
    ],
    [
      0.23000000417232513,
      0.0,
      -0.07000000029802322
    ],
    [
      0.21699999272823334,
      -0.0,
      -0.07000000029802322
    ],
    [
      0.17000000178813934,
      -0.0,
      -0.014999999664723873
    ],
    [
      0.23000000417232513,
      -0.0,
      -0.11299999803304672
    ],
    [
      -0.0,
      -0.0,
      0.15600000321865082
    ],
    [
      -0.014000000432133675,
      0.0,
      0.15600000321865082
    ],
    [
      -0.01899999938905239,
      -0.0,
      0.12800000607967377
    ],
    [
      -0.01899999938905239,
      -0.0,
      0.07400000095367432
    ],
    [
      0.02500000037252903,
      -0.014000000432133675,
      -0.010999999940395355
    ],
    [
      0.0,
      0.0,
      0.041999999433755875
    ],
    [
      -0.07400000095367432,
      -0.0,
      0.12800000607967377
    ],
    [
      -0.014000000432133675,
      0.0,
      0.041999999433755875
    ],
    [
      0.02500000037252903,
      0.0,
      -0.014999999664723873
    ],
    [
      -0.07400000095367432,
      -0.0,
      0.07400000095367432
    ],
    [
      0.0,
      -0.0,
      -0.014999999664723873
    ],
    [
      -0.03500000014901161,
      -0.017999999225139618,
      -0.009999999776482582
    ],
    [
      -0.05700000002980232,
      -0.017999999225139618,
      -0.009999999776482582
    ],
    [
      -0.014000000432133675,
      0.0,
      -0.041999999433755875
    ],
    [
      -0.023000000044703484,
      0.0,
      -0.06499999761581421
    ],
    [
      -0.023000000044703484,
      -0.0,
      -0.07500000298023224
    ],
    [
      -0.017000000923871994,
      -0.0,
      -0.09200000017881393
    ],
    [
      -0.028999999165534973,
      -0.0,
      -0.12700000405311584
    ],
    [
      -0.09000000357627869,
      -0.0,
      -0.014999999664723873
    ],
    [
      0.0,
      0.0,
      -0.15600000321865082
    ],
    [
      -0.052000001072883606,
      -0.0,
      -0.09700000286102295
    ],
    [
      -0.014000000432133675,
      0.0,
      -0.15600000321865082
    ]
  ],
  "mconf": [
    0.970539391040802,
    0.9867965579032898,
    0.6905542016029358,
    0.9978697896003723,
    0.6744428277015686,
    0.5967403650283813,
    0.8348979353904724,
    0.9898008704185486,
    0.9980570673942566,
    0.9847758412361145,
    0.962854266166687,
    0.9637561440467834,
    0.9977855086326599,
    0.9923637509346008,
    0.9639691114425659,
    0.9991578459739685,
    0.9794377088546753,
    0.9970741868019104,
    0.9993290901184082,
    0.9971543550491333,
    0.9970180988311768,
    0.9965665340423584,
    0.9996064901351929,
    0.9995464086532593,
    0.9476363658905029,
    0.6923542022705078,
    0.9995439648628235,
    0.9987246990203857
  ],
  "coverage_score": 0.769742378465751,
  "pose_estimation_failed": false,
  "tracking_method": "loosely_coupled",
  "kf_translation_vector": [
    0.0352435190033931,
    -0.04710160349596087,
    0.7569254246807695
  ],
  "kf_quaternion": [
    0.42439334235955695,
    -0.41145869269902113,
    -0.1602012010076724,
    0.7905236304874103
  ],
  "kf_rotation_matrix": [
    [
      0.6100746387962237,
      -0.09595498961680571,
      -0.7865122853873904
    ],
    [
      -0.60252632973292,
      0.5884517323131665,
      -0.5391535780426668
    ],
    [
      0.514558992804745,
      0.8028182849843868,
      0.3011840703265928
    ]
  ],
  "position_diff": 0.08694545881904214,
  "orientation_diff": 6.482514447774296,
  "timestamp": 1741869976.3884299,
  "image_file": "webcam_000014"
}