{
  "frame": 173,
  "object_rotation_in_cam": [
    [
      0.6492000789670591,
      -0.09205124851280369,
      -0.7550270360168557
    ],
    [
      -0.32211279747109056,
      0.8659706607116271,
      -0.38254171078722415
    ],
    [
      0.6890447033208459,
      0.491549979588955,
      0.5325373361479788
    ]
  ],
  "object_translation_in_cam": [
    -0.01724811820135674,
    -0.0016264593550426498,
    0.7012523945915244
  ],
  "raw_rvec": [
    0.52304786360943,
    -0.8641183144462511,
    -0.13766656634102184
  ],
  "refined_raw_rvec": [
    0.52304786360943,
    -0.8641183144462511,
    -0.13766656634102184
  ],
  "num_inliers": 12,
  "total_matches": 33,
  "inlier_ratio": 0.36363636363636365,
  "reprojection_errors": [
    0.8107835054397583,
    0.7681591510772705,
    0.6341274976730347,
    2.7290847301483154,
    2.7748420238494873,
    3.1133909225463867,
    2.2432785034179688,
    1.933192491531372,
    2.2825927734375,
    3.622575521469116,
    2.722264528274536,
    1.1619033813476562
  ],
  "mean_reprojection_error": 2.066349744796753,
  "std_reprojection_error": 0.9624778032302856,
  "inliers": [
    0,
    1,
    6,
    11,
    14,
    16,
    17,
    18,
    22,
    24,
    29,
    32
  ],
  "mkpts0": [
    [
      727.625,
      126.375
    ],
    [
      727.625,
      143.875
    ],
    [
      636.375,
      157.625
    ],
    [
      656.375,
      171.375
    ],
    [
      356.375,
      195.125
    ],
    [
      745.125,
      201.375
    ],
    [
      805.125,
      212.625
    ],
    [
      705.125,
      223.875
    ],
    [
      425.125,
      242.625
    ],
    [
      413.875,
      248.875
    ],
    [
      436.375,
      260.125
    ],
    [
      478.875,
      281.375
    ],
    [
      590.125,
      283.875
    ],
    [
      522.625,
      286.375
    ],
    [
      386.375,
      288.875
    ],
    [
      350.125,
      290.125
    ],
    [
      511.375,
      292.625
    ],
    [
      597.625,
      297.625
    ],
    [
      430.125,
      311.375
    ],
    [
      575.125,
      312.625
    ],
    [
      540.125,
      313.875
    ],
    [
      518.875,
      327.625
    ],
    [
      586.375,
      330.125
    ],
    [
      602.625,
      347.625
    ],
    [
      611.375,
      352.625
    ],
    [
      636.375,
      357.625
    ],
    [
      617.625,
      368.875
    ],
    [
      650.125,
      376.375
    ],
    [
      496.375,
      377.625
    ],
    [
      715.125,
      383.875
    ],
    [
      516.375,
      388.875
    ],
    [
      595.125,
      388.875
    ],
    [
      702.625,
      391.375
    ]
  ],
  "mkpts1": [
    [
      830.125,
      97.625
    ],
    [
      825.125,
      122.625
    ],
    [
      666.375,
      148.875
    ],
    [
      697.625,
      168.875
    ],
    [
      228.875,
      143.875
    ],
    [
      838.875,
      220.125
    ],
    [
      932.625,
      242.625
    ],
    [
      786.375,
      245.125
    ],
    [
      331.375,
      221.375
    ],
    [
      317.625,
      228.875
    ],
    [
      355.125,
      247.625
    ],
    [
      430.125,
      278.875
    ],
    [
      617.625,
      300.125
    ],
    [
      498.875,
      295.125
    ],
    [
      272.625,
      276.375
    ],
    [
      202.625,
      272.625
    ],
    [
      482.625,
      302.625
    ],
    [
      625.125,
      322.625
    ],
    [
      347.625,
      315.125
    ],
    [
      587.625,
      338.875
    ],
    [
      540.125,
      330.125
    ],
    [
      506.375,
      346.375
    ],
    [
      616.375,
      367.625
    ],
    [
      645.125,
      393.875
    ],
    [
      662.625,
      403.875
    ],
    [
      703.875,
      415.125
    ],
    [
      676.375,
      428.875
    ],
    [
      732.625,
      446.375
    ],
    [
      461.375,
      425.125
    ],
    [
      840.125,
      467.625
    ],
    [
      496.375,
      445.125
    ],
    [
      641.375,
      455.125
    ],
    [
      825.125,
      478.875
    ]
  ],
  "mpts3D": [
    [
      0.20600000023841858,
      -0.07000000029802322,
      -0.0020000000949949026
    ],
    [
      0.20600000023841858,
      -0.054999999701976776,
      -0.0020000000949949026
    ],
    [
      0.23000000417232513,
      -0.0,
      0.11299999803304672
    ],
    [
      0.21699999272823334,
      0.0,
      0.07000000029802322
    ],
    [
      -0.0,
      -0.02500000037252903,
      0.23999999463558197
    ],
    [
      0.21699999272823334,
      -0.0,
      -0.027000000700354576
    ],
    [
      0.23000000417232513,
      0.0,
      -0.07000000029802322
    ],
    [
      0.17000000178813934,
      -0.0,
      -0.014999999664723873
    ],
    [
      -0.0,
      -0.0,
      0.15600000321865082
    ],
    [
      -0.014000000432133675,
      0.0,
      0.15600000321865082
    ],
    [
      -0.01899999938905239,
      -0.0,
      0.12800000607967377
    ],
    [
      -0.01899999938905239,
      -0.0,
      0.07400000095367432
    ],
    [
      0.02500000037252903,
      -0.014000000432133675,
      -0.010999999940395355
    ],
    [
      0.0,
      0.0,
      0.041999999433755875
    ],
    [
      -0.07400000095367432,
      -0.0,
      0.12800000607967377
    ],
    [
      -0.07999999821186066,
      -0.0,
      0.15600000321865082
    ],
    [
      -0.014000000432133675,
      0.0,
      0.041999999433755875
    ],
    [
      0.02500000037252903,
      0.0,
      -0.014999999664723873
    ],
    [
      -0.07400000095367432,
      -0.0,
      0.07400000095367432
    ],
    [
      0.0,
      -0.0,
      -0.014999999664723873
    ],
    [
      -0.03500000014901161,
      -0.017999999225139618,
      -0.009999999776482582
    ],
    [
      -0.05700000002980232,
      -0.017999999225139618,
      -0.009999999776482582
    ],
    [
      -0.014000000432133675,
      0.0,
      -0.041999999433755875
    ],
    [
      -0.023000000044703484,
      0.0,
      -0.06499999761581421
    ],
    [
      -0.023000000044703484,
      -0.0,
      -0.07500000298023224
    ],
    [
      -0.017000000923871994,
      -0.0,
      -0.09200000017881393
    ],
    [
      -0.03700000047683716,
      -0.0,
      -0.09700000286102295
    ],
    [
      -0.028999999165534973,
      -0.0,
      -0.12700000405311584
    ],
    [
      -0.09000000357627869,
      -0.0,
      -0.014999999664723873
    ],
    [
      0.0,
      0.0,
      -0.15600000321865082
    ],
    [
      -0.09000000357627869,
      -0.0,
      -0.041999999433755875
    ],
    [
      -0.052000001072883606,
      -0.0,
      -0.09700000286102295
    ],
    [
      -0.014000000432133675,
      0.0,
      -0.15600000321865082
    ]
  ],
  "mconf": [
    0.6710556745529175,
    0.7497076392173767,
    0.9363712668418884,
    0.9939728379249573,
    0.9663188457489014,
    0.9791266322135925,
    0.619315505027771,
    0.8975865244865417,
    0.995598554611206,
    0.9995067119598389,
    0.9993349313735962,
    0.9985477924346924,
    0.993567168712616,
    0.9586003422737122,
    0.9993619322776794,
    0.7637699842453003,
    0.9956030249595642,
    0.9904178380966187,
    0.9993097186088562,
    0.9307140707969666,
    0.9785805344581604,
    0.9869024157524109,
    0.9940207600593567,
    0.9970406293869019,
    0.9998356699943542,
    0.9998897314071655,
    0.9998704791069031,
    0.9995464086532593,
    0.9981080293655396,
    0.5355677008628845,
    0.993348240852356,
    0.9999155402183533,
    0.9992327094078064
  ],
  "coverage_score": 0.7863118319475819,
  "pose_estimation_failed": false,
  "tracking_method": "loosely_coupled",
  "kf_translation_vector": [
    -0.0063899661704234735,
    -0.017405907975314577,
    0.6783736153449764
  ],
  "kf_quaternion": [
    0.4519885118197074,
    -0.4708342717011795,
    -0.13330767413175992,
    0.7458220550454423
  ],