{
  "frame": 20,
  "object_rotation_in_cam": [
    [
      0.6834205814601276,
      -0.13356101356884115,
      -0.7177031172366225
    ],
    [
      -0.5395876486866189,
      0.5697700397766026,
      -0.6198445540277134
    ],
    [
      0.49171280054676964,
      0.8108782630132793,
      0.3173246986148731
    ]
  ],
  "object_translation_in_cam": [
    0.006127245044982999,
    -0.02067872190103186,
    0.7152200089967582
  ],
  "raw_rvec": [
    0.9564921424451807,
    -0.8085401368662152,
    -0.2714441130650421
  ],
  "refined_raw_rvec": [
    0.9564921424451807,
    -0.8085401368662152,
    -0.2714441130650421
  ],
  "num_inliers": 16,
  "total_matches": 27,
  "inlier_ratio": 0.5925925925925926,
  "reprojection_errors": [
    1.2465800046920776,
    1.5142148733139038,
    1.5025488138198853,
    3.2937474250793457,
    3.304762601852417,
    2.9148855209350586,
    0.34131988883018494,
    1.632226586341858,
    3.337414503097534,
    3.168090343475342,
    2.1917436122894287,
    0.479769766330719,
    1.678859829902649,
    3.108799695968628,
    1.261700987815857,
    1.7824267148971558
  ],
  "mean_reprojection_error": 2.047443389892578,
  "std_reprojection_error": 0.9855430722236633,
  "inliers": [
    1,
    4,
    8,
    9,
    10,
    11,
    12,
    13,
    14,
    15,
    16,
    17,
    18,
    19,
    20,
    21
  ],
  "mkpts0": [
    [
      727.625,
      143.875
    ],
    [
      745.125,
      201.375
    ],
    [
      805.125,
      212.625
    ],
    [
      793.875,
      220.125
    ],
    [
      705.125,
      223.875
    ],
    [
      835.125,
      225.125
    ],
    [
      425.125,
      242.625
    ],
    [
      413.875,
      248.875
    ],
    [
      436.375,
      260.125
    ],
    [
      478.875,
      281.375
    ],
    [
      590.125,
      283.875
    ],
    [
      522.625,
      286.375
    ],
    [
      386.375,
      288.875
    ],
    [
      511.375,
      292.625
    ],
    [
      597.625,
      297.625
    ],
    [
      430.125,
      311.375
    ],
    [
      575.125,
      312.625
    ],
    [
      540.125,
      313.875
    ],
    [
      518.875,
      327.625
    ],
    [
      586.375,
      330.125
    ],
    [
      602.625,
      347.625
    ],
    [
      611.375,
      352.625
    ],
    [
      636.375,
      357.625
    ],
    [
      650.125,
      376.375
    ],
    [
      715.125,
      383.875
    ],
    [
      595.125,
      388.875
    ],
    [
      702.625,
      391.375
    ]
  ],
  "mkpts1": [
    [
      918.875,
      15.125
    ],
    [
      918.875,
      110.125
    ],
    [
      1012.625,
      153.875
    ],
    [
      998.875,
      163.875
    ],
    [
      847.625,
      138.875
    ],
    [
      1062.625,
      183.875
    ],
    [
      390.125,
      112.625
    ],
    [
      372.625,
      121.375
    ],
    [
      410.125,
      153.875
    ],
    [
      485.125,
      212.625
    ],
    [
      670.125,
      258.875
    ],
    [
      555.125,
      237.625
    ],
    [
      325.125,
      206.375
    ],
    [
      535.125,
      248.875
    ],
    [
      676.375,
      280.125
    ],
    [
      401.375,
      270.125
    ],
    [
      637.625,
      306.375
    ],
    [
      587.625,
      316.375
    ],
    [
      552.625,
      342.625
    ],
    [
      661.375,
      352.625
    ],
    [
      685.125,
      396.375
    ],
    [
      701.375,
      411.375
    ],
    [
      741.375,
      427.625
    ],
    [
      761.375,
      472.625
    ],
    [
      865.125,
      503.875
    ],
    [
      675.125,
      483.875
    ],
    [
      848.875,
      518.875
    ]
  ],
  "mpts3D": [
    [
      0.20600000023841858,
      -0.054999999701976776,
      -0.0020000000949949026
    ],
    [
      0.21699999272823334,
      -0.0,
      -0.027000000700354576
    ],
    [
      0.23000000417232513,
      0.0,
      -0.07000000029802322
    ],
    [
      0.21699999272823334,
      -0.0,
      -0.07000000029802322
    ],
    [
      0.17000000178813934,
      -0.0,
      -0.014999999664723873
    ],
    [
      0.23000000417232513,
      -0.0,
      -0.11299999803304672
    ],
    [
      -0.0,
      -0.0,
      0.15600000321865082
    ],
    [
      -0.014000000432133675,
      0.0,
      0.15600000321865082
    ],
    [
      -0.01899999938905239,
      -0.0,
      0.12800000607967377
    ],
    [
      -0.01899999938905239,
      -0.0,
      0.07400000095367432
    ],
    [
      0.02500000037252903,
      -0.014000000432133675,
      -0.010999999940395355
    ],
    [
      0.0,
      0.0,
      0.041999999433755875
    ],
    [
      -0.07400000095367432,
      -0.0,
      0.12800000607967377
    ],
    [
      -0.014000000432133675,
      0.0,
      0.041999999433755875
    ],
    [
      0.02500000037252903,
      0.0,
      -0.014999999664723873
    ],
    [
      -0.07400000095367432,
      -0.0,
      0.07400000095367432
    ],
    [
      0.0,
      -0.0,
      -0.014999999664723873
    ],
    [
      -0.03500000014901161,
      -0.017999999225139618,
      -0.009999999776482582
    ],
    [
      -0.05700000002980232,
      -0.017999999225139618,
      -0.009999999776482582
    ],
    [
      -0.014000000432133675,
      0.0,
      -0.041999999433755875
    ],
    [
      -0.023000000044703484,
      0.0,
      -0.06499999761581421
    ],
    [
      -0.023000000044703484,
      -0.0,
      -0.07500000298023224
    ],
    [
      -0.017000000923871994,
      -0.0,
      -0.09200000017881393
    ],
    [
      -0.028999999165534973,
      -0.0,
      -0.12700000405311584
    ],
    [
      0.0,
      0.0,
      -0.15600000321865082
    ],
    [
      -0.052000001072883606,
      -0.0,
      -0.09700000286102295
    ],
    [
      -0.014000000432133675,
      0.0,
      -0.15600000321865082
    ]
  ],
  "mconf": [
    0.9582275748252869,
    0.9512754082679749,
    0.4790138900279999,
    0.9988845586776733,
    0.10846232622861862,
    0.5160972476005554,
    0.9309888482093811,
    0.9945515394210815,
    0.9976171255111694,
    0.9790719151496887,
    0.9646827578544617,
    0.7740829586982727,
    0.9971343278884888,
    0.983453631401062,
    0.939311146736145,
    0.9969013333320618,
    0.9820799231529236,
    0.9787848591804504,
    0.9942057132720947,
    0.996819257736206,
    0.998097836971283,
    0.9917608499526978,
    0.9990584850311279,
    0.9990860223770142,
    0.2038024216890335,
    0.9987075328826904,
    0.913476288318634
  ],
  "coverage_score": 0.7887031414261726,
  "pose_estimation_failed": false,
  "tracking_method": "loosely_coupled",
  "kf_translation_vector": [
    0.0031347791290304646,
    -0.01003022266801816,
    0.7099081157885667
  ],
  "kf_quaternion": [
    0.3977351706305571,
    -0.48941792750323765,
    -0.07646823076736663,
    0.7722884409113128
  ],
  "kf_rotation_matrix": [
    [
      0.5092454038434888,
      -0.2712063843731556,
      -0.8167718259951934
    ],
    [
      -0.5074285072474598,
      0.6719186874535807,
      -0.5394827035997279
    ],
    [
      0.6951154067468918,
      0.6891823956877435,
      0.2045536525638345
    ]
  ],
  "position_diff": 0.016991502626770294,
  "orientation_diff": 15.234836656277457,
  "timestamp": 1741869673.477302,
  "image_file": "webcam_000020"
}