{
  "frame": 168,
  "object_rotation_in_cam": [
    [
      0.6216782711644716,
      -0.2060551828280371,
      -0.7556833918987884
    ],
    [
      -0.3317113776965362,
      0.8047300888304781,
      -0.4923180334271297
    ],
    [
      0.709565845477796,
      0.5567322029132091,
      0.43193236180076355
    ]
  ],
  "object_translation_in_cam": [
    -0.00766468481832508,
    -0.021935033184239994,
    0.6996745057920818
  ],
  "raw_rvec": [
    0.6546069279344033,
    -0.9143149381324158,
    -0.07840941534482354
  ],
  "refined_raw_rvec": [
    0.6546069279344033,
    -0.9143149381324158,
    -0.07840941534482354
  ],
  "num_inliers": 13,
  "total_matches": 34,
  "inlier_ratio": 0.38235294117647056,
  "reprojection_errors": [
    1.1255089044570923,
    1.5983966588974,
    2.59797739982605,
    2.9233644008636475,
    1.899428129196167,
    3.905785322189331,
    2.5797574520111084,
    1.7981303930282593,
    3.483292818069458,
    3.4236624240875244,
    3.0450150966644287,
    2.044476270675659,
    2.336298704147339
  ],
  "mean_reprojection_error": 2.5200841426849365,
  "std_reprojection_error": 0.7880339622497559,
  "inliers": [
    4,
    13,
    16,
    17,
    18,
    19,
    21,
    22,
    23,
    24,
    25,
    26,
    33
  ],
  "mkpts0": [
    [
      727.625,
      126.375
    ],
    [
      727.625,
      143.875
    ],
    [
      636.375,
      157.625
    ],
    [
      663.875,
      165.125
    ],
    [
      656.375,
      171.375
    ],
    [
      356.375,
      195.125
    ],
    [
      745.125,
      201.375
    ],
    [
      805.125,
      212.625
    ],
    [
      793.875,
      220.125
    ],
    [
      705.125,
      223.875
    ],
    [
      835.125,
      225.125
    ],
    [
      425.125,
      242.625
    ],
    [
      413.875,
      248.875
    ],
    [
      436.375,
      260.125
    ],
    [
      478.875,
      281.375
    ],
    [
      590.125,
      283.875
    ],
    [
      522.625,
      286.375
    ],
    [
      386.375,
      288.875
    ],
    [
      511.375,
      292.625
    ],
    [
      597.625,
      297.625
    ],
    [
      430.125,
      311.375
    ],
    [
      575.125,
      312.625
    ],
    [
      540.125,
      313.875
    ],
    [
      518.875,
      327.625
    ],
    [
      586.375,
      330.125
    ],
    [
      602.625,
      347.625
    ],
    [
      611.375,
      352.625
    ],
    [
      636.375,
      357.625
    ],
    [
      617.625,
      368.875
    ],
    [
      650.125,
      376.375
    ],
    [
      496.375,
      377.625
    ],
    [
      715.125,
      383.875
    ],
    [
      595.125,
      388.875
    ],
    [
      702.625,
      391.375
    ]
  ],
  "mkpts1": [
    [
      875.125,
      61.375
    ],
    [
      866.375,
      86.375
    ],
    [
      693.875,
      87.625
    ],
    [
      736.375,
      110.125
    ],
    [
      726.375,
      116.375
    ],
    [
      248.875,
      46.375
    ],
    [
      867.625,
      187.625
    ],
    [
      960.125,
      225.125
    ],
    [
      948.875,
      230.125
    ],
    [
      812.625,
      210.125
    ],
    [
      1016.375,
      238.875
    ],
    [
      353.875,
      145.125
    ],
    [
      336.375,
      148.875
    ],
    [
      375.125,
      173.875
    ],
    [
      451.375,
      217.625
    ],
    [
      642.625,
      260.125
    ],
    [
      522.625,
      243.875
    ],
    [
      290.125,
      200.125
    ],
    [
      503.875,
      248.875
    ],
    [
      647.625,
      283.875
    ],
    [
      367.625,
      251.375
    ],
    [
      610.125,
      298.875
    ],
    [
      563.875,
      286.375
    ],
    [
      530.125,
      302.625
    ],
    [
      637.625,
      332.625
    ],
    [
      666.375,
      365.125
    ],
    [
      683.875,
      377.625
    ],
    [
      725.125,
      392.625
    ],
    [
      696.375,
      403.875
    ],
    [
      752.625,
      427.625
    ],
    [
      478.875,
      381.375
    ],
    [
      861.375,
      461.375
    ],
    [
      660.125,
      430.125
    ],
    [
      843.875,
      470.125
    ]
  ],
  "mpts3D": [
    [
      0.20600000023841858,
      -0.07000000029802322,
      -0.0020000000949949026
    ],
    [
      0.20600000023841858,
      -0.054999999701976776,
      -0.0020000000949949026
    ],
    [
      0.23000000417232513,
      -0.0,
      0.11299999803304672
    ],
    [
      0.23000000417232513,
      -0.0,
      0.07000000029802322
    ],
    [
      0.21699999272823334,
      0.0,
      0.07000000029802322
    ],
    [
      -0.0,
      -0.02500000037252903,
      0.23999999463558197
    ],
    [
      0.21699999272823334,
      -0.0,
      -0.027000000700354576
    ],
    [
      0.23000000417232513,
      0.0,
      -0.07000000029802322
    ],
    [
      0.21699999272823334,
      -0.0,
      -0.07000000029802322
    ],
    [
      0.17000000178813934,
      -0.0,
      -0.014999999664723873
    ],
    [
      0.23000000417232513,
      -0.0,
      -0.11299999803304672
    ],
    [
      -0.0,
      -0.0,
      0.15600000321865082
    ],
    [
      -0.014000000432133675,
      0.0,
      0.15600000321865082
    ],
    [
      -0.01899999938905239,
      -0.0,
      0.12800000607967377
    ],
    [
      -0.01899999938905239,
      -0.0,
      0.07400000095367432
    ],
    [
      0.02500000037252903,
      -0.014000000432133675,
      -0.010999999940395355
    ],
    [
      0.0,
      0.0,
      0.041999999433755875
    ],
    [
      -0.07400000095367432,
      -0.0,
      0.12800000607967377
    ],
    [
      -0.014000000432133675,
      0.0,
      0.041999999433755875
    ],
    [
      0.02500000037252903,
      0.0,
      -0.014999999664723873
    ],
    [
      -0.07400000095367432,
      -0.0,
      0.07400000095367432
    ],
    [
      0.0,
      -0.0,
      -0.014999999664723873
    ],
    [
      -0.03500000014901161,
      -0.017999999225139618,
      -0.009999999776482582
    ],
    [
      -0.05700000002980232,
      -0.017999999225139618,
      -0.009999999776482582
    ],
    [
      -0.014000000432133675,
      0.0,
      -0.041999999433755875
    ],
    [
      -0.023000000044703484,
      0.0,
      -0.06499999761581421
    ],
    [
      -0.023000000044703484,
      -0.0,
      -0.07500000298023224
    ],
    [
      -0.017000000923871994,
      -0.0,
      -0.09200000017881393
    ],
    [
      -0.03700000047683716,
      -0.0,
      -0.09700000286102295
    ],
    [
      -0.028999999165534973,
      -0.0,
      -0.12700000405311584
    ],
    [
      -0.09000000357627869,
      -0.0,
      -0.014999999664723873
    ],
    [
      0.0,
      0.0,
      -0.15600000321865082
    ],
    [
      -0.052000001072883606,
      -0.0,
      -0.09700000286102295
    ],
    [
      -0.014000000432133675,
      0.0,
      -0.15600000321865082
    ]
  ],
  "mconf": [
    0.9708846807479858,
    0.9598736763000488,
    0.9098782539367676,
    0.9892895221710205,
    0.9949156641960144,
    0.9655056595802307,
    0.9544171094894409,
    0.2465021312236786,
    0.9822128415107727,
    0.7578511238098145,
    0.1896670013666153,
    0.9797237515449524,
    0.9995442628860474,
    0.9993921518325806,
    0.9995425343513489,
    0.9683701992034912,
    0.9834319353103638,
    0.9989053606987,
    0.998927652835846,
    0.9636325836181641,
    0.9996817111968994,
    0.9385806322097778,
    0.9913581609725952,
    0.9982032179832458,
    0.9994289875030518,
    0.9988935589790344,
    0.9998244643211365,
    0.9999293684959412,
    0.9998741149902344,
    0.9997318387031555,
    0.9985368847846985,
    0.9960260391235352,
    0.9998433589935303,
    0.9996797442436218
  ],
  "coverage_score": 0.8085947862963575,
  "pose_estimation_failed": false,
  "tracking_method": "loosely_coupled",
  "kf_translation_vector": [
    -0.0035773694663817704,
    -0.018995313660436993,
    0.6699724333206082
  ],