{
  "frame": 120,
  "object_rotation_in_cam": [
    [
      0.6198982610005068,
      -0.22141473835247213,
      -0.7527958950797047
    ],
    [
      -0.5358473388678865,
      0.5813922720072913,
      -0.6122504842614699
    ],
    [
      0.5732309965770797,
      0.7829166875795318,
      0.24175956004415197
    ]
  ],
  "object_translation_in_cam": [
    0.00032015926164910346,
    -0.03724547122977182,
    0.684638517504477
  ],
  "raw_rvec": [
    0.963884867531986,
    -0.9161176385206058,
    -0.21723334064376754
  ],
  "refined_raw_rvec": [
    0.963884867531986,
    -0.9161176385206058,
    -0.21723334064376754
  ],
  "num_inliers": 14,
  "total_matches": 25,
  "inlier_ratio": 0.56,
  "reprojection_errors": [
    1.752432107925415,
    2.5685057640075684,
    3.409959554672241,
    1.9215497970581055,
    3.004045248031616,
    2.3880226612091064,
    3.6685965061187744,
    1.9939619302749634,
    1.967495083808899,
    3.9580397605895996,
    1.5713857412338257,
    0.4664384722709656,
    4.514006614685059,
    2.572648763656616
  ],
  "mean_reprojection_error": 2.554077625274658,
  "std_reprojection_error": 1.0365524291992188,
  "inliers": [
    0,
    6,
    7,
    11,
    12,
    13,
    14,
    15,
    16,
    17,
    18,
    19,
    20,
    24
  ],
  "mkpts0": [
    [
      745.125,
      201.375
    ],
    [
      793.875,
      220.125
    ],
    [
      705.125,
      223.875
    ],
    [
      835.125,
      225.125
    ],
    [
      425.125,
      242.625
    ],
    [
      413.875,
      248.875
    ],
    [
      436.375,
      260.125
    ],
    [
      478.875,
      281.375
    ],
    [
      590.125,
      283.875
    ],
    [
      522.625,
      286.375
    ],
    [
      386.375,
      288.875
    ],
    [
      511.375,
      292.625
    ],
    [
      597.625,
      297.625
    ],
    [
      430.125,
      311.375
    ],
    [
      575.125,
      312.625
    ],
    [
      540.125,
      313.875
    ],
    [
      518.875,
      327.625
    ],
    [
      586.375,
      330.125
    ],
    [
      602.625,
      347.625
    ],
    [
      611.375,
      352.625
    ],
    [
      636.375,
      357.625
    ],
    [
      617.625,
      368.875
    ],
    [
      650.125,
      376.375
    ],
    [
      595.125,
      388.875
    ],
    [
      702.625,
      391.375
    ]
  ],
  "mkpts1": [
    [
      886.375,
      77.625
    ],
    [
      968.875,
      132.625
    ],
    [
      886.375,
      151.375
    ],
    [
      1032.625,
      152.625
    ],
    [
      355.125,
      68.875
    ],
    [
      337.625,
      77.625
    ],
    [
      380.125,
      111.375
    ],
    [
      463.875,
      172.625
    ],
    [
      658.875,
      221.375
    ],
    [
      536.375,
      200.125
    ],
    [
      295.125,
      162.625
    ],
    [
      517.625,
      211.375
    ],
    [
      663.875,
      243.875
    ],
    [
      380.125,
      231.375
    ],
    [
      626.375,
      270.125
    ],
    [
      581.375,
      278.875
    ],
    [
      548.875,
      303.875
    ],
    [
      653.875,
      316.375
    ],
    [
      682.625,
      360.125
    ],
    [
      700.125,
      375.125
    ],
    [
      741.375,
      391.375
    ],
    [
      712.625,
      411.375
    ],
    [
      765.125,
      436.375
    ],
    [
      678.875,
      450.125
    ],
    [
      853.875,
      481.375
    ]
  ],
  "mpts3D": [
    [
      0.21699999272823334,
      -0.0,
      -0.027000000700354576
    ],
    [
      0.21699999272823334,
      -0.0,
      -0.07000000029802322
    ],
    [
      0.17000000178813934,
      -0.0,
      -0.014999999664723873
    ],
    [
      0.23000000417232513,
      -0.0,
      -0.11299999803304672
    ],
    [
      -0.0,
      -0.0,
      0.15600000321865082
    ],
    [
      -0.014000000432133675,
      0.0,
      0.15600000321865082
    ],
    [
      -0.01899999938905239,
      -0.0,
      0.12800000607967377
    ],
    [
      -0.01899999938905239,
      -0.0,
      0.07400000095367432
    ],
    [
      0.02500000037252903,
      -0.014000000432133675,
      -0.010999999940395355
    ],
    [
      0.0,
      0.0,
      0.041999999433755875
    ],
    [
      -0.07400000095367432,
      -0.0,
      0.12800000607967377
    ],
    [
      -0.014000000432133675,
      0.0,
      0.041999999433755875
    ],
    [
      0.02500000037252903,
      0.0,
      -0.014999999664723873
    ],
    [
      -0.07400000095367432,
      -0.0,
      0.07400000095367432
    ],
    [
      0.0,
      -0.0,
      -0.014999999664723873
    ],
    [
      -0.03500000014901161,
      -0.017999999225139618,
      -0.009999999776482582
    ],
    [
      -0.05700000002980232,
      -0.017999999225139618,
      -0.009999999776482582
    ],
    [
      -0.014000000432133675,
      0.0,
      -0.041999999433755875
    ],
    [
      -0.023000000044703484,
      0.0,
      -0.06499999761581421
    ],
    [
      -0.023000000044703484,
      -0.0,
      -0.07500000298023224
    ],
    [
      -0.017000000923871994,
      -0.0,
      -0.09200000017881393
    ],
    [
      -0.03700000047683716,
      -0.0,
      -0.09700000286102295
    ],
    [
      -0.028999999165534973,
      -0.0,
      -0.12700000405311584
    ],
    [
      -0.052000001072883606,
      -0.0,
      -0.09700000286102295
    ],
    [
      -0.014000000432133675,
      0.0,
      -0.15600000321865082
    ]
  ],
  "mconf": [
    0.918621838092804,
    0.9979603886604309,
    0.24299310147762299,
    0.5472675561904907,
    0.8524261713027954,
    0.9890186190605164,
    0.9950313568115234,
    0.9823729991912842,
    0.954413652420044,
    0.8923110365867615,
    0.993032693862915,
    0.9790025949478149,
    0.9654595255851746,
    0.9983634948730469,
    0.9878888130187988,
    0.993610680103302,
    0.9985576868057251,
    0.9990388751029968,
    0.9983687996864319,
    0.9983252882957458,
    0.9997262954711914,
    0.9997046589851379,
    0.9995797872543335,
    0.9996050596237183,
    0.12196788936853409
  ],
  "coverage_score": 0.7097781492858065,
  "pose_estimation_failed": false,
  "tracking_method": "loosely_coupled",
  "kf_translation_vector": [
    0.00018728953392900072,
    -0.04457620737688942,
    0.7745149010705126
  ],
  "kf_quaternion": [
    0.421971768213911,
    -0.42956957666602325,
    -0.12024446714346128,
    0.7892724965148502
  ],
  "kf_rotation_matrix": [
    [
      0.6020224938487173,
      -0.17272116612449095,
      -0.7795744452409707
    ],
    [
      -0.5523437692221612,
      0.6149621899036208,
      -0.5627946922194621
    ],
    [
      0.5766153635671072,
      0.7694081516084549,
      0.2748196112667979
    ]
  ],
  "position_diff": 0.09045678871709274,
  "orientation_diff": 3.736123597098288,
  "timestamp": 1741869952.4478502,
  "image_file": "webcam_000120"
}