{
  "frame": 176,
  "object_rotation_in_cam": [
    [
      0.6136875593116446,
      -0.14850927847970735,
      -0.7754563648275469
    ],
    [
      -0.5305285628550034,
      0.6498252136722925,
      -0.5443038082456931
    ],
    [
      0.5847452638039247,
      0.7454342263950565,
      0.32000123527524454
    ]
  ],
  "object_translation_in_cam": [
    0.02395595381215636,
    -0.01773127392857633,
    0.6979559867055507
  ],
  "raw_rvec": [
    0.8594274297495977,
    -0.9063814187363872,
    -0.2545616573809833
  ],
  "refined_raw_rvec": [
    0.8594274297495977,
    -0.9063814187363872,
    -0.2545616573809833
  ],
  "num_inliers": 14,
  "total_matches": 27,
  "inlier_ratio": 0.5185185185185185,
  "reprojection_errors": [
    0.7323437929153442,
    1.9561344385147095,
    3.6163270473480225,
    3.709508180618286,
    1.3113101720809937,
    2.675292730331421,
    1.8106873035430908,
    1.8154770135879517,
    3.4862265586853027,
    3.6092827320098877,
    1.6278448104858398,
    0.2042430192232132,
    2.645012617111206,
    3.4711692333221436
  ],
  "mean_reprojection_error": 2.3336329460144043,
  "std_reprojection_error": 1.112524151802063,
  "inliers": [
    3,
    5,
    8,
    9,
    12,
    13,
    14,
    15,
    17,
    19,
    20,
    21,
    22,
    26
  ],
  "mkpts0": [
    [
      727.625,
      143.875
    ],
    [
      656.375,
      171.375
    ],
    [
      356.375,
      195.125
    ],
    [
      745.125,
      201.375
    ],
    [
      793.875,
      220.125
    ],
    [
      705.125,
      223.875
    ],
    [
      425.125,
      242.625
    ],
    [
      413.875,
      248.875
    ],
    [
      436.375,
      260.125
    ],
    [
      478.875,
      281.375
    ],
    [
      590.125,
      283.875
    ],
    [
      522.625,
      286.375
    ],
    [
      386.375,
      288.875
    ],
    [
      511.375,
      292.625
    ],
    [
      597.625,
      297.625
    ],
    [
      430.125,
      311.375
    ],
    [
      575.125,
      312.625
    ],
    [
      540.125,
      313.875
    ],
    [
      518.875,
      327.625
    ],
    [
      586.375,
      330.125
    ],
    [
      602.625,
      347.625
    ],
    [
      611.375,
      352.625
    ],
    [
      636.375,
      357.625
    ],
    [
      617.625,
      368.875
    ],
    [
      650.125,
      376.375
    ],
    [
      595.125,
      388.875
    ],
    [
      702.625,
      391.375
    ]
  ],
  "mkpts1": [
    [
      927.625,
      23.875
    ],
    [
      775.125,
      36.375
    ],
    [
      282.625,
      31.375
    ],
    [
      925.125,
      116.375
    ],
    [
      1010.125,
      161.375
    ],
    [
      860.125,
      145.125
    ],
    [
      403.875,
      137.625
    ],
    [
      386.375,
      146.375
    ],
    [
      430.125,
      176.375
    ],
    [
      511.375,
      226.375
    ],
    [
      705.125,
      262.625
    ],
    [
      585.125,
      248.875
    ],
    [
      350.125,
      227.625
    ],
    [
      566.375,
      260.125
    ],
    [
      711.375,
      282.625
    ],
    [
      433.875,
      286.375
    ],
    [
      676.375,
      310.125
    ],
    [
      632.625,
      320.125
    ],
    [
      601.375,
      346.375
    ],
    [
      706.375,
      352.625
    ],
    [
      737.625,
      392.625
    ],
    [
      755.125,
      406.375
    ],
    [
      795.125,
      418.875
    ],
    [
      771.375,
      441.375
    ],
    [
      825.125,
      463.875
    ],
    [
      740.125,
      480.125
    ],
    [
      916.375,
      502.625
    ]
  ],
  "mpts3D": [
    [
      0.20600000023841858,
      -0.054999999701976776,
      -0.0020000000949949026
    ],
    [
      0.21699999272823334,
      0.0,
      0.07000000029802322
    ],
    [
      -0.0,
      -0.02500000037252903,
      0.23999999463558197
    ],
    [
      0.21699999272823334,
      -0.0,
      -0.027000000700354576
    ],
    [
      0.21699999272823334,
      -0.0,
      -0.07000000029802322
    ],
    [
      0.17000000178813934,
      -0.0,
      -0.014999999664723873
    ],
    [
      -0.0,
      -0.0,
      0.15600000321865082
    ],
    [
      -0.014000000432133675,
      0.0,
      0.15600000321865082
    ],
    [
      -0.01899999938905239,
      -0.0,
      0.12800000607967377
    ],
    [
      -0.01899999938905239,
      -0.0,
      0.07400000095367432
    ],
    [
      0.02500000037252903,
      -0.014000000432133675,
      -0.010999999940395355
    ],
    [
      0.0,
      0.0,
      0.041999999433755875
    ],
    [
      -0.07400000095367432,
      -0.0,
      0.12800000607967377
    ],
    [
      -0.014000000432133675,
      0.0,
      0.041999999433755875
    ],
    [
      0.02500000037252903,
      0.0,
      -0.014999999664723873
    ],
    [
      -0.07400000095367432,
      -0.0,
      0.07400000095367432
    ],
    [
      0.0,
      -0.0,
      -0.014999999664723873
    ],
    [
      -0.03500000014901161,
      -0.017999999225139618,
      -0.009999999776482582
    ],
    [
      -0.05700000002980232,
      -0.017999999225139618,
      -0.009999999776482582
    ],
    [
      -0.014000000432133675,
      0.0,
      -0.041999999433755875
    ],
    [
      -0.023000000044703484,
      0.0,
      -0.06499999761581421
    ],
    [
      -0.023000000044703484,
      -0.0,
      -0.07500000298023224
    ],
    [
      -0.017000000923871994,
      -0.0,
      -0.09200000017881393
    ],
    [
      -0.03700000047683716,
      -0.0,
      -0.09700000286102295
    ],
    [
      -0.028999999165534973,
      -0.0,
      -0.12700000405311584
    ],
    [
      -0.052000001072883606,
      -0.0,
      -0.09700000286102295
    ],
    [
      -0.014000000432133675,
      0.0,
      -0.15600000321865082
    ]
  ],
  "mconf": [
    0.5416979193687439,
    0.5204185843467712,
    0.41797277331352234,
    0.9933575987815857,
    0.24977558851242065,
    0.6979495286941528,
    0.8281009793281555,
    0.9943303465843201,
    0.9973413348197937,
    0.9924583435058594,
    0.8623833060264587,
    0.8552459478378296,
    0.9922244548797607,
    0.9843384027481079,
    0.9335111379623413,
    0.9985359311103821,
    0.9715192317962646,
    0.9837597608566284,
    0.9978352785110474,
    0.9966761469841003,
    0.9921561479568481,
    0.9932439923286438,
    0.9980502128601074,
    0.998616099357605,
    0.9930527806282043,
    0.9984537363052368,
    0.11843401938676834
  ],
  "coverage_score": 0.7653094974242585,
  "pose_estimation_failed": false,
  "tracking_method": "loosely_coupled",
  "kf_translation_vector": [
    0.015121152636672552,
    -0.028243810959616648,
    0.7925985606912832
  ],
  "kf_quaternion": [
    0.40302747838733544,
    -0.4411135007271191,
    -0.15257819273050224,
    0.7872151079877123
  ],
  "kf_rotation_matrix": [
    [
      0.5642775491587193,
      -0.11533800682749712,
      -0.8174888327656161
    ],
    [
      -0.5957854406951464,
      0.6285774935356792,
      -0.49993003838146555
    ],
    [
      0.5715160156733313,
      0.7691472413013412,
      0.28597546228202364
    ]
  ],
  "position_diff": 0.09990744049206313,
  "orientation_diff": 4.698963272829962,
  "timestamp": 1741869960.0997546,
  "image_file": "webcam_000176"
}