{
  "frame": 140,
  "object_rotation_in_cam": [
    [
      0.6318452655714675,
      -0.18422961221190784,
      -0.7528818037110288
    ],
    [
      -0.522569832538898,
      0.6161298050700034,
      -0.5893257447495978
    ],
    [
      0.5724441723829408,
      0.7657959997862681,
      0.2930258627086699
    ]
  ],
  "object_translation_in_cam": [
    0.024542814451167457,
    -0.016960608399208342,
    0.7024224076763679
  ],
  "raw_rvec": [
    0.9127447742375783,
    -0.892675778924505,
    -0.22788968538293397
  ],
  "refined_raw_rvec": [
    0.9127447742375783,
    -0.892675778924505,
    -0.22788968538293397
  ],
  "num_inliers": 15,
  "total_matches": 29,
  "inlier_ratio": 0.5172413793103449,
  "reprojection_errors": [
    1.472248911857605,
    0.9743010401725769,
    2.3683664798736572,
    3.5313587188720703,
    3.8828134536743164,
    3.170734167098999,
    0.6076261401176453,
    2.1714792251586914,
    3.435380220413208,
    2.873944044113159,
    2.3123044967651367,
    1.1886488199234009,
    2.1275694370269775,
    3.3100295066833496,
    3.3481953144073486
  ],
  "mean_reprojection_error": 2.4516665935516357,
  "std_reprojection_error": 0.9921359419822693,
  "inliers": [
    5,
    7,
    10,
    11,
    12,
    13,
    14,
    16,
    17,
    18,
    19,
    20,
    21,
    22,
    23
  ],
  "mkpts0": [
    [
      727.625,
      126.375
    ],
    [
      727.625,
      143.875
    ],
    [
      663.875,
      165.125
    ],
    [
      656.375,
      171.375
    ],
    [
      356.375,
      195.125
    ],
    [
      745.125,
      201.375
    ],
    [
      793.875,
      220.125
    ],
    [
      705.125,
      223.875
    ],
    [
      425.125,
      242.625
    ],
    [
      413.875,
      248.875
    ],
    [
      436.375,
      260.125
    ],
    [
      478.875,
      281.375
    ],
    [
      590.125,
      283.875
    ],
    [
      522.625,
      286.375
    ],
    [
      386.375,
      288.875
    ],
    [
      350.125,
      290.125
    ],
    [
      511.375,
      292.625
    ],
    [
      597.625,
      297.625
    ],
    [
      430.125,
      311.375
    ],
    [
      575.125,
      312.625
    ],
    [
      540.125,
      313.875
    ],
    [
      518.875,
      327.625
    ],
    [
      586.375,
      330.125
    ],
    [
      602.625,
      347.625
    ],
    [
      611.375,
      352.625
    ],
    [
      636.375,
      357.625
    ],
    [
      617.625,
      368.875
    ],
    [
      595.125,
      388.875
    ],
    [
      702.625,
      391.375
    ]
  ],
  "mkpts1": [
    [
      938.875,
      15.125
    ],
    [
      935.125,
      28.875
    ],
    [
      815.125,
      21.375
    ],
    [
      783.875,
      33.875
    ],
    [
      277.625,
      13.875
    ],
    [
      931.375,
      122.625
    ],
    [
      1015.125,
      173.875
    ],
    [
      866.375,
      151.375
    ],
    [
      411.375,
      125.125
    ],
    [
      392.625,
      133.875
    ],
    [
      436.375,
      165.125
    ],
    [
      516.375,
      221.375
    ],
    [
      708.875,
      265.125
    ],
    [
      588.875,
      246.375
    ],
    [
      353.875,
      215.125
    ],
    [
      292.625,
      198.875
    ],
    [
      570.125,
      256.375
    ],
    [
      713.875,
      286.375
    ],
    [
      437.625,
      278.875
    ],
    [
      677.625,
      312.625
    ],
    [
      633.875,
      321.375
    ],
    [
      602.625,
      347.625
    ],
    [
      706.375,
      357.625
    ],
    [
      736.375,
      400.125
    ],
    [
      753.875,
      415.125
    ],
    [
      795.125,
      430.125
    ],
    [
      767.625,
      448.875
    ],
    [
      735.125,
      487.625
    ],
    [
      910.125,
      517.625
    ]
  ],
  "mpts3D": [
    [
      0.20600000023841858,
      -0.07000000029802322,
      -0.0020000000949949026
    ],
    [
      0.20600000023841858,
      -0.054999999701976776,
      -0.0020000000949949026
    ],
    [
      0.23000000417232513,
      -0.0,
      0.07000000029802322
    ],
    [
      0.21699999272823334,
      0.0,
      0.07000000029802322
    ],
    [
      -0.0,
      -0.02500000037252903,
      0.23999999463558197
    ],
    [
      0.21699999272823334,
      -0.0,
      -0.027000000700354576
    ],
    [
      0.21699999272823334,
      -0.0,
      -0.07000000029802322
    ],
    [
      0.17000000178813934,
      -0.0,
      -0.014999999664723873
    ],
    [
      -0.0,
      -0.0,
      0.15600000321865082
    ],
    [
      -0.014000000432133675,
      0.0,
      0.15600000321865082
    ],
    [
      -0.01899999938905239,
      -0.0,
      0.12800000607967377
    ],
    [
      -0.01899999938905239,
      -0.0,
      0.07400000095367432
    ],
    [
      0.02500000037252903,
      -0.014000000432133675,
      -0.010999999940395355
    ],
    [
      0.0,
      0.0,
      0.041999999433755875
    ],
    [
      -0.07400000095367432,
      -0.0,
      0.12800000607967377
    ],
    [
      -0.07999999821186066,
      -0.0,
      0.15600000321865082
    ],
    [
      -0.014000000432133675,
      0.0,
      0.041999999433755875
    ],
    [
      0.02500000037252903,
      0.0,
      -0.014999999664723873
    ],
    [
      -0.07400000095367432,
      -0.0,
      0.07400000095367432
    ],
    [
      0.0,
      -0.0,
      -0.014999999664723873
    ],
    [
      -0.03500000014901161,
      -0.017999999225139618,
      -0.009999999776482582
    ],
    [
      -0.05700000002980232,
      -0.017999999225139618,
      -0.009999999776482582
    ],
    [
      -0.014000000432133675,
      0.0,
      -0.041999999433755875
    ],
    [
      -0.023000000044703484,
      0.0,
      -0.06499999761581421
    ],
    [
      -0.023000000044703484,
      -0.0,
      -0.07500000298023224
    ],
    [
      -0.017000000923871994,
      -0.0,
      -0.09200000017881393
    ],
    [
      -0.03700000047683716,
      -0.0,
      -0.09700000286102295
    ],
    [
      -0.052000001072883606,
      -0.0,
      -0.09700000286102295
    ],
    [
      -0.014000000432133675,
      0.0,
      -0.15600000321865082
    ]
  ],
  "mconf": [
    0.6175333857536316,
    0.4868718087673187,
    0.17397212982177734,
    0.372612863779068,
    0.24706831574440002,
    0.9919807314872742,
    0.2860063910484314,
    0.9053245782852173,
    0.9066383242607117,
    0.9945535659790039,
    0.9980129599571228,
    0.995791494846344,
    0.8890722990036011,
    0.48235392570495605,
    0.9955993890762329,
    0.6064702272415161,
    0.9439014792442322,
    0.9556950926780701,
    0.9978969097137451,
    0.9681422114372253,
    0.9870872497558594,
    0.9980912208557129,
    0.99867182970047,
    0.9962311387062073,
    0.9972127676010132,
    0.99908846616745,
    0.9988311529159546,
    0.9992142915725708,
    0.1345956027507782
  ],
  "coverage_score": 0.7883106100537457,
  "pose_estimation_failed": false,
  "tracking_method": "loosely_coupled",
  "kf_translation_vector": [
    0.010723116741140366,
    -0.0439339835804858,
    0.8180180455394233
  ],
  "kf_quaternion": [
    0.41897585894679623,
    -0.4315178256620701,
    -0.12712527150895098,
    0.7887273046493628
  ],
  "kf_rotation_matrix": [
    [
      0.5952630629593096,
      -0.16105675781509268,
      -0.7872246227338112
    ],
    [
      -0.5621254488153861,
      0.6165967899271396,
      -0.5512017583840307
    ],
    [
      0.5741749434365816,
      0.770629041377002,
      0.27650319151134717
    ]
  ],
  "position_diff": 0.12171001691526274,
  "orientation_diff": 3.1679878656569866,
  "timestamp": 1741869955.1318245,
  "image_file": "webcam_000140"
}