{
  "frame": 176,
  "object_rotation_in_cam": [
    [
      0.612890547754535,
      -0.1260666455848437,
      -0.7800463943536509
    ],
    [
      -0.43391365485447475,
      0.771327873950865,
      -0.46558807007618885
    ],
    [
      0.6603666531586658,
      0.6238273092270198,
      0.41803752422312335
    ]
  ],
  "object_translation_in_cam": [
    -0.0225718317846494,
    0.002571723082343208,
    0.711781984466804
  ],
  "raw_rvec": [
    0.6886274217543282,
    -0.9104956126139204,
    -0.19459234403659428
  ],
  "refined_raw_rvec": [
    0.6886274217543282,
    -0.9104956126139204,
    -0.19459234403659428
  ],
  "num_inliers": 15,
  "total_matches": 35,
  "inlier_ratio": 0.42857142857142855,
  "reprojection_errors": [
    0.6855949759483337,
    2.8403542041778564,
    3.6862781047821045,
    2.2020986080169678,
    1.9677667617797852,
    2.030404567718506,
    3.040654420852661,
    3.496739149093628,
    2.9994521141052246,
    2.636164665222168,
    3.586484432220459,
    1.8572758436203003,
    2.026134729385376,
    1.7649767398834229,
    2.4821035861968994
  ],
  "mean_reprojection_error": 2.4868321418762207,
  "std_reprojection_error": 0.7881437540054321,
  "inliers": [
    6,
    12,
    13,
    16,
    17,
    18,
    19,
    20,
    21,
    22,
    23,
    24,
    25,
    26,
    34
  ],
  "mkpts0": [
    [
      727.625,
      126.375
    ],
    [
      727.625,
      143.875
    ],
    [
      636.375,
      157.625
    ],
    [
      663.875,
      165.125
    ],
    [
      656.375,
      171.375
    ],
    [
      356.375,
      195.125
    ],
    [
      745.125,
      201.375
    ],
    [
      805.125,
      212.625
    ],
    [
      793.875,
      220.125
    ],
    [
      705.125,
      223.875
    ],
    [
      425.125,
      242.625
    ],
    [
      413.875,
      248.875
    ],
    [
      436.375,
      260.125
    ],
    [
      478.875,
      281.375
    ],
    [
      590.125,
      283.875
    ],
    [
      522.625,
      286.375
    ],
    [
      386.375,
      288.875
    ],
    [
      511.375,
      292.625
    ],
    [
      597.625,
      297.625
    ],
    [
      430.125,
      311.375
    ],
    [
      575.125,
      312.625
    ],
    [
      540.125,
      313.875
    ],
    [
      518.875,
      327.625
    ],
    [
      586.375,
      330.125
    ],
    [
      470.125,
      338.875
    ],
    [
      602.625,
      347.625
    ],
    [
      611.375,
      352.625
    ],
    [
      636.375,
      357.625
    ],
    [
      617.625,
      368.875
    ],
    [
      650.125,
      376.375
    ],
    [
      496.375,
      377.625
    ],
    [
      715.125,
      383.875
    ],
    [
      516.375,
      388.875
    ],
    [
      595.125,
      388.875
    ],
    [
      702.625,
      391.375
    ]
  ],
  "mkpts1": [
    [
      826.375,
      72.625
    ],
    [
      820.125,
      97.625
    ],
    [
      653.875,
      98.875
    ],
    [
      697.625,
      120.125
    ],
    [
      686.375,
      127.625
    ],
    [
      207.625,
      111.375
    ],
    [
      831.375,
      192.625
    ],
    [
      925.125,
      221.375
    ],
    [
      912.625,
      230.125
    ],
    [
      771.375,
      218.875
    ],
    [
      320.125,
      205.125
    ],
    [
      302.625,
      212.625
    ],
    [
      342.625,
      236.375
    ],
    [
      418.875,
      277.625
    ],
    [
      608.875,
      306.375
    ],
    [
      490.125,
      296.375
    ],
    [
      260.125,
      277.625
    ],
    [
      472.625,
      306.375
    ],
    [
      615.125,
      327.625
    ],
    [
      338.875,
      326.375
    ],
    [
      578.875,
      348.875
    ],
    [
      531.375,
      350.125
    ],
    [
      498.875,
      371.375
    ],
    [
      607.625,
      385.125
    ],
    [
      415.125,
      382.625
    ],
    [
      636.375,
      420.125
    ],
    [
      653.875,
      431.375
    ],
    [
      695.125,
      442.625
    ],
    [
      666.375,
      461.375
    ],
    [
      720.125,
      480.125
    ],
    [
      456.375,
      456.375
    ],
    [
      827.625,
      503.875
    ],
    [
      476.375,
      471.375
    ],
    [
      633.875,
      493.875
    ],
    [
      813.875,
      516.375
    ]
  ],
  "mpts3D": [
    [
      0.20600000023841858,
      -0.07000000029802322,
      -0.0020000000949949026
    ],
    [
      0.20600000023841858,
      -0.054999999701976776,
      -0.0020000000949949026
    ],
    [
      0.23000000417232513,
      -0.0,
      0.11299999803304672
    ],
    [
      0.23000000417232513,
      -0.0,
      0.07000000029802322
    ],
    [
      0.21699999272823334,
      0.0,
      0.07000000029802322
    ],
    [
      -0.0,
      -0.02500000037252903,
      0.23999999463558197
    ],
    [
      0.21699999272823334,
      -0.0,
      -0.027000000700354576
    ],
    [
      0.23000000417232513,
      0.0,
      -0.07000000029802322
    ],
    [
      0.21699999272823334,
      -0.0,
      -0.07000000029802322
    ],
    [
      0.17000000178813934,
      -0.0,
      -0.014999999664723873
    ],
    [
      -0.0,
      -0.0,
      0.15600000321865082
    ],
    [
      -0.014000000432133675,
      0.0,
      0.15600000321865082
    ],
    [
      -0.01899999938905239,
      -0.0,
      0.12800000607967377
    ],
    [
      -0.01899999938905239,
      -0.0,
      0.07400000095367432
    ],
    [
      0.02500000037252903,
      -0.014000000432133675,
      -0.010999999940395355
    ],
    [
      0.0,
      0.0,
      0.041999999433755875
    ],
    [
      -0.07400000095367432,
      -0.0,
      0.12800000607967377
    ],
    [
      -0.014000000432133675,
      0.0,
      0.041999999433755875
    ],
    [
      0.02500000037252903,
      0.0,
      -0.014999999664723873
    ],
    [
      -0.07400000095367432,
      -0.0,
      0.07400000095367432
    ],
    [
      0.0,
      -0.0,
      -0.014999999664723873
    ],
    [
      -0.03500000014901161,
      -0.017999999225139618,
      -0.009999999776482582
    ],
    [
      -0.05700000002980232,
      -0.017999999225139618,
      -0.009999999776482582
    ],
    [
      -0.014000000432133675,
      0.0,
      -0.041999999433755875
    ],
    [
      -0.10000000149011612,
      -0.029999999329447746,
      0.0
    ],
    [
      -0.023000000044703484,
      0.0,
      -0.06499999761581421
    ],
    [
      -0.023000000044703484,
      -0.0,
      -0.07500000298023224
    ],
    [
      -0.017000000923871994,
      -0.0,
      -0.09200000017881393
    ],
    [
      -0.03700000047683716,
      -0.0,
      -0.09700000286102295
    ],
    [
      -0.028999999165534973,
      -0.0,
      -0.12700000405311584
    ],
    [
      -0.09000000357627869,
      -0.0,
      -0.014999999664723873
    ],
    [
      0.0,
      0.0,
      -0.15600000321865082
    ],
    [
      -0.09000000357627869,
      -0.0,
      -0.041999999433755875
    ],
    [
      -0.052000001072883606,
      -0.0,
      -0.09700000286102295
    ],
    [
      -0.014000000432133675,
      0.0,
      -0.15600000321865082
    ]
  ],
  "mconf": [
    0.9924926161766052,
    0.9933854937553406,
    0.5107808709144592,
    0.8244342803955078,
    0.99163818359375,
    0.9502403736114502,
    0.996422290802002,
    0.8622562885284424,
    0.996432900428772,
    0.9063207507133484,
    0.9941360354423523,
    0.9986655712127686,
    0.9995957016944885,
    0.9947554469108582,
    0.9764480590820312,
    0.9950336813926697,
    0.9987055659294128,
    0.999620258808136,
    0.967069149017334,
    0.9997148513793945,
    0.9364177584648132,
    0.9948575496673584,
    0.9995750784873962,
    0.9985814094543457,
    0.9989584684371948,
    0.9991520643234253,
    0.9992467164993286,
    0.9997194409370422,
    0.999743640422821,
    0.9993910193443298,
    0.9574147462844849,
    0.4445687234401703,
    0.46089109778404236,
    0.9998467564582825,
    0.9858385324478149
  ],