{
  "frame": 47,
  "object_rotation_in_cam": [
    [
      0.6638739677536591,
      -0.13410625853579802,
      -0.7357220034500416
    ],
    [
      -0.5240743220108268,
      0.6183871699880008,
      -0.5856137062971832
    ],
    [
      0.5334955107101704,
      0.7743467049169649,
      0.34024949762833356
    ]
  ],
  "object_translation_in_cam": [
    0.003105072602393086,
    -0.014924139070798757,
    0.710835120700638
  ],
  "raw_rvec": [
    0.8974678989294302,
    -0.8375846578510678,
    -0.257348534332741
  ],
  "refined_raw_rvec": [
    0.8974678989294302,
    -0.8375846578510678,
    -0.257348534332741
  ],
  "num_inliers": 14,
  "total_matches": 27,
  "inlier_ratio": 0.5185185185185185,
  "reprojection_errors": [
    0.8926393985748291,
    1.044195532798767,
    1.5141769647598267,
    3.0361719131469727,
    1.7491912841796875,
    3.2134101390838623,
    2.94166898727417,
    1.7007230520248413,
    0.5237503051757812,
    0.398289293050766,
    3.323777437210083,
    0.7327674031257629,
    2.1817708015441895,
    2.2585349082946777
  ],
  "mean_reprojection_error": 1.8222191333770752,
  "std_reprojection_error": 0.9900041222572327,
  "inliers": [
    3,
    6,
    8,
    11,
    12,
    14,
    15,
    17,
    18,
    19,
    20,
    21,
    22,
    23
  ],
  "mkpts0": [
    [
      727.625,
      126.375
    ],
    [
      727.625,
      143.875
    ],
    [
      656.375,
      171.375
    ],
    [
      745.125,
      201.375
    ],
    [
      805.125,
      212.625
    ],
    [
      793.875,
      220.125
    ],
    [
      705.125,
      223.875
    ],
    [
      425.125,
      242.625
    ],
    [
      413.875,
      248.875
    ],
    [
      436.375,
      260.125
    ],
    [
      478.875,
      281.375
    ],
    [
      590.125,
      283.875
    ],
    [
      522.625,
      286.375
    ],
    [
      386.375,
      288.875
    ],
    [
      511.375,
      292.625
    ],
    [
      597.625,
      297.625
    ],
    [
      430.125,
      311.375
    ],
    [
      575.125,
      312.625
    ],
    [
      540.125,
      313.875
    ],
    [
      518.875,
      327.625
    ],
    [
      586.375,
      330.125
    ],
    [
      602.625,
      347.625
    ],
    [
      611.375,
      352.625
    ],
    [
      636.375,
      357.625
    ],
    [
      650.125,
      376.375
    ],
    [
      595.125,
      388.875
    ],
    [
      702.625,
      391.375
    ]
  ],
  "mkpts1": [
    [
      908.875,
      13.875
    ],
    [
      902.625,
      35.125
    ],
    [
      815.125,
      52.625
    ],
    [
      903.875,
      126.375
    ],
    [
      997.625,
      168.875
    ],
    [
      983.875,
      178.875
    ],
    [
      836.375,
      155.125
    ],
    [
      386.375,
      130.125
    ],
    [
      367.625,
      137.625
    ],
    [
      405.125,
      168.875
    ],
    [
      480.125,
      223.875
    ],
    [
      663.875,
      268.875
    ],
    [
      550.125,
      250.125
    ],
    [
      323.875,
      218.875
    ],
    [
      530.125,
      260.125
    ],
    [
      670.125,
      290.125
    ],
    [
      398.875,
      281.375
    ],
    [
      632.625,
      315.125
    ],
    [
      582.625,
      325.125
    ],
    [
      550.125,
      350.125
    ],
    [
      656.375,
      361.375
    ],
    [
      681.375,
      403.875
    ],
    [
      696.375,
      418.875
    ],
    [
      736.375,
      433.875
    ],
    [
      756.375,
      477.625
    ],
    [
      670.125,
      490.125
    ],
    [
      843.875,
      522.625
    ]
  ],
  "mpts3D": [
    [
      0.20600000023841858,
      -0.07000000029802322,
      -0.0020000000949949026
    ],
    [
      0.20600000023841858,
      -0.054999999701976776,
      -0.0020000000949949026
    ],
    [
      0.21699999272823334,
      0.0,
      0.07000000029802322
    ],
    [
      0.21699999272823334,
      -0.0,
      -0.027000000700354576
    ],
    [
      0.23000000417232513,
      0.0,
      -0.07000000029802322
    ],
    [
      0.21699999272823334,
      -0.0,
      -0.07000000029802322
    ],
    [
      0.17000000178813934,
      -0.0,
      -0.014999999664723873
    ],
    [
      -0.0,
      -0.0,
      0.15600000321865082
    ],
    [
      -0.014000000432133675,
      0.0,
      0.15600000321865082
    ],
    [
      -0.01899999938905239,
      -0.0,
      0.12800000607967377
    ],
    [
      -0.01899999938905239,
      -0.0,
      0.07400000095367432
    ],
    [
      0.02500000037252903,
      -0.014000000432133675,
      -0.010999999940395355
    ],
    [
      0.0,
      0.0,
      0.041999999433755875
    ],
    [
      -0.07400000095367432,
      -0.0,
      0.12800000607967377
    ],
    [
      -0.014000000432133675,
      0.0,
      0.041999999433755875
    ],
    [
      0.02500000037252903,
      0.0,
      -0.014999999664723873
    ],
    [
      -0.07400000095367432,
      -0.0,
      0.07400000095367432
    ],
    [
      0.0,
      -0.0,
      -0.014999999664723873
    ],
    [
      -0.03500000014901161,
      -0.017999999225139618,
      -0.009999999776482582
    ],
    [
      -0.05700000002980232,
      -0.017999999225139618,
      -0.009999999776482582
    ],
    [
      -0.014000000432133675,
      0.0,
      -0.041999999433755875
    ],
    [
      -0.023000000044703484,
      0.0,
      -0.06499999761581421
    ],
    [
      -0.023000000044703484,
      -0.0,
      -0.07500000298023224
    ],
    [
      -0.017000000923871994,
      -0.0,
      -0.09200000017881393
    ],
    [
      -0.028999999165534973,
      -0.0,
      -0.12700000405311584
    ],
    [
      -0.052000001072883606,
      -0.0,
      -0.09700000286102295
    ],
    [
      -0.014000000432133675,
      0.0,
      -0.15600000321865082
    ]
  ],
  "mconf": [
    0.9029509425163269,
    0.7509756684303284,
    0.1847432553768158,
    0.965156614780426,
    0.8270748257637024,
    0.9982187151908875,
    0.4124249815940857,
    0.7351008057594299,
    0.9909438490867615,
    0.9968756437301636,
    0.9539697170257568,
    0.9208571314811707,
    0.7387942671775818,
    0.9929496049880981,
    0.9627150297164917,
    0.9273867011070251,
    0.9973469972610474,
    0.9437155723571777,
    0.965927004814148,
    0.9962458610534668,
    0.9977495670318604,
    0.9961680173873901,
    0.9855576753616333,
    0.9993121027946472,
    0.9984411001205444,
    0.9992773532867432,
    0.2562752068042755
  ],
  "coverage_score": 0.7295739585136225,
  "pose_estimation_failed": false,
  "tracking_method": "loosely_coupled",
  "kf_translation_vector": [
    -0.003168935458940124,
    -0.01256236859340003,
    0.7001535561926409
  ],
  "kf_quaternion": [
    0.436238547830638,
    -0.5247086523195325,
    -0.06610548014142811,
    0.7280156763854112
  ],
  "kf_rotation_matrix": [
    [
      0.4406217913525826,
      -0.36154462936819964,
      -0.8216677661684513
    ],
    [
      -0.5540479327199762,
      0.6106519897637749,
      -0.5658047681367342
    ],
    [
      0.7063167315262766,
      0.7045492377205116,
      0.06875351913527239
    ]
  ],
  "position_diff": 0.012895081492055283,
  "orientation_diff": 19.030070989551536,
  "timestamp": 1741869677.1051848,
  "image_file": "webcam_000047"
}