{
  "frame": 18,
  "object_rotation_in_cam": [
    [
      0.6757865276421835,
      -0.14862286745182238,
      -0.7219583175833064
    ],
    [
      -0.4753268580853901,
      0.660730989194467,
      -0.5809465878209221
    ],
    [
      0.5633621810522886,
      0.735762056094563,
      0.37586866026779775
    ]
  ],
  "object_translation_in_cam": [
    0.03125051412099274,
    -0.04192962023158716,
    0.6728998953998637
  ],
  "raw_rvec": [
    0.850132258797757,
    -0.8298665189398375,
    -0.21093626353787603
  ],
  "refined_raw_rvec": [
    0.850132258797757,
    -0.8298665189398375,
    -0.21093626353787603
  ],
  "num_inliers": 12,
  "total_matches": 24,
  "inlier_ratio": 0.5,
  "reprojection_errors": [
    1.6047616004943848,
    2.8225979804992676,
    1.741296648979187,
    0.6575738191604614,
    2.230799436569214,
    3.4252536296844482,
    1.4847986698150635,
    3.1516332626342773,
    3.3297929763793945,
    2.944392204284668,
    1.4969927072525024,
    1.8635343313217163
  ],
  "mean_reprojection_error": 2.229452133178711,
  "std_reprojection_error": 0.8504072427749634,
  "inliers": [
    2,
    9,
    10,
    11,
    12,
    13,
    14,
    15,
    16,
    18,
    19,
    20
  ],
  "mkpts0": [
    [
      745.125,
      201.375
    ],
    [
      805.125,
      212.625
    ],
    [
      793.875,
      220.125
    ],
    [
      705.125,
      223.875
    ],
    [
      835.125,
      225.125
    ],
    [
      425.125,
      242.625
    ],
    [
      413.875,
      248.875
    ],
    [
      436.375,
      260.125
    ],
    [
      478.875,
      281.375
    ],
    [
      590.125,
      283.875
    ],
    [
      522.625,
      286.375
    ],
    [
      386.375,
      288.875
    ],
    [
      511.375,
      292.625
    ],
    [
      597.625,
      297.625
    ],
    [
      430.125,
      311.375
    ],
    [
      575.125,
      312.625
    ],
    [
      540.125,
      313.875
    ],
    [
      518.875,
      327.625
    ],
    [
      586.375,
      330.125
    ],
    [
      602.625,
      347.625
    ],
    [
      611.375,
      352.625
    ],
    [
      650.125,
      376.375
    ],
    [
      595.125,
      388.875
    ],
    [
      702.625,
      391.375
    ]
  ],
  "mkpts1": [
    [
      975.125,
      68.875
    ],
    [
      1075.125,
      111.375
    ],
    [
      1061.375,
      121.375
    ],
    [
      980.125,
      143.875
    ],
    [
      1128.875,
      141.375
    ],
    [
      428.875,
      65.125
    ],
    [
      408.875,
      72.625
    ],
    [
      451.375,
      105.125
    ],
    [
      532.625,
      162.625
    ],
    [
      728.875,
      207.625
    ],
    [
      605.125,
      188.875
    ],
    [
      363.875,
      153.875
    ],
    [
      585.125,
      198.875
    ],
    [
      733.875,
      230.125
    ],
    [
      445.125,
      217.625
    ],
    [
      693.875,
      255.125
    ],
    [
      645.125,
      260.125
    ],
    [
      610.125,
      286.375
    ],
    [
      721.375,
      301.375
    ],
    [
      750.125,
      343.875
    ],
    [
      767.625,
      358.875
    ],
    [
      833.875,
      420.125
    ],
    [
      743.875,
      432.625
    ],
    [
      928.875,
      466.375
    ]
  ],
  "mpts3D": [
    [
      0.21699999272823334,
      -0.0,
      -0.027000000700354576
    ],
    [
      0.23000000417232513,
      0.0,
      -0.07000000029802322
    ],
    [
      0.21699999272823334,
      -0.0,
      -0.07000000029802322
    ],
    [
      0.17000000178813934,
      -0.0,
      -0.014999999664723873
    ],
    [
      0.23000000417232513,
      -0.0,
      -0.11299999803304672
    ],
    [
      -0.0,
      -0.0,
      0.15600000321865082
    ],
    [
      -0.014000000432133675,
      0.0,
      0.15600000321865082
    ],
    [
      -0.01899999938905239,
      -0.0,
      0.12800000607967377
    ],
    [
      -0.01899999938905239,
      -0.0,
      0.07400000095367432
    ],
    [
      0.02500000037252903,
      -0.014000000432133675,
      -0.010999999940395355
    ],
    [
      0.0,
      0.0,
      0.041999999433755875
    ],
    [
      -0.07400000095367432,
      -0.0,
      0.12800000607967377
    ],
    [
      -0.014000000432133675,
      0.0,
      0.041999999433755875
    ],
    [
      0.02500000037252903,
      0.0,
      -0.014999999664723873
    ],
    [
      -0.07400000095367432,
      -0.0,
      0.07400000095367432
    ],
    [
      0.0,
      -0.0,
      -0.014999999664723873
    ],
    [
      -0.03500000014901161,
      -0.017999999225139618,
      -0.009999999776482582
    ],
    [
      -0.05700000002980232,
      -0.017999999225139618,
      -0.009999999776482582
    ],
    [
      -0.014000000432133675,
      0.0,
      -0.041999999433755875
    ],
    [
      -0.023000000044703484,
      0.0,
      -0.06499999761581421
    ],
    [
      -0.023000000044703484,
      -0.0,
      -0.07500000298023224
    ],
    [
      -0.028999999165534973,
      -0.0,
      -0.12700000405311584
    ],
    [
      -0.052000001072883606,
      -0.0,
      -0.09700000286102295
    ],
    [
      -0.014000000432133675,
      0.0,
      -0.15600000321865082
    ]
  ],
  "mconf": [
    0.9614222049713135,
    0.48537105321884155,
    0.9985232353210449,
    0.5549659729003906,
    0.6536526083946228,
    0.9361011981964111,
    0.9942872524261475,
    0.9979807138442993,
    0.9889934062957764,
    0.9291145205497742,
    0.9050614833831787,
    0.9975517392158508,
    0.9877306222915649,
    0.9767953753471375,
    0.9987358450889587,
    0.9855427145957947,
    0.9984222054481506,
    0.9995585680007935,
    0.9991207718849182,
    0.9957244396209717,
    0.9861167669296265,
    0.9982418417930603,
    0.9992799162864685,
    0.6009292006492615
  ],
  "coverage_score": 0.7854752972273344,
  "pose_estimation_failed": false,
  "tracking_method": "loosely_coupled",
  "kf_translation_vector": [
    0.03407363650520899,
    -0.04393147145165968,
    0.7589166898178719
  ],
  "kf_quaternion": [
    0.4148780443209069,
    -0.41939658631836646,
    -0.17833673701737576,
    0.7875142665088399
  ],
  "kf_rotation_matrix": [
    [
      0.5846050232289928,
      -0.06711142176561952,
      -0.808537583470321
    ],
    [
      -0.6288823203408938,
      0.5921444331409099,
      -0.5038571200875147
    ],
    [
      0.512585596732958,
      0.8030323949684893,
      0.30396542344992117
    ]
  ],
  "position_diff": 0.09704743098382884,
  "orientation_diff": 10.167921499985175,
  "timestamp": 1741869976.9273758,
  "image_file": "webcam_000018"
}