{
  "frame": 192,
  "object_rotation_in_cam": [
    [
      0.6189722786179407,
      -0.17553017608124252,
      -0.7655471739791105
    ],
    [
      -0.5421703811185997,
      0.6097320310114258,
      -0.5781679065776603
    ],
    [
      0.5682645476714404,
      0.7729269096386603,
      0.2822399621177049
    ]
  ],
  "object_translation_in_cam": [
    0.02598654966810405,
    -0.029689699454942806,
    0.6965823896438413
  ],
  "raw_rvec": [
    0.9170605155945799,
    -0.9053295523614141,
    -0.248858371325013
  ],
  "refined_raw_rvec": [
    0.9170605155945799,
    -0.9053295523614141,
    -0.248858371325013
  ],
  "num_inliers": 16,
  "total_matches": 26,
  "inlier_ratio": 0.6153846153846154,
  "reprojection_errors": [
    1.0187671184539795,
    1.0779896974563599,
    1.6214731931686401,
    4.087684631347656,
    2.699955940246582,
    2.132051467895508,
    1.3580260276794434,
    2.209972620010376,
    3.42763090133667,
    2.525526285171509,
    0.7675198316574097,
    2.54036808013916,
    3.2362465858459473,
    2.4711668491363525,
    1.639541745185852,
    2.844261646270752
  ],
  "mean_reprojection_error": 2.2286362648010254,
  "std_reprojection_error": 0.906923234462738,
  "inliers": [
    0,
    2,
    6,
    8,
    9,
    10,
    12,
    13,
    14,
    15,
    16,
    17,
    18,
    19,
    20,
    25
  ],
  "mkpts0": [
    [
      745.125,
      201.375
    ],
    [
      793.875,
      220.125
    ],
    [
      705.125,
      223.875
    ],
    [
      835.125,
      225.125
    ],
    [
      425.125,
      242.625
    ],
    [
      413.875,
      248.875
    ],
    [
      436.375,
      260.125
    ],
    [
      478.875,
      281.375
    ],
    [
      590.125,
      283.875
    ],
    [
      522.625,
      286.375
    ],
    [
      386.375,
      288.875
    ],
    [
      350.125,
      290.125
    ],
    [
      511.375,
      292.625
    ],
    [
      597.625,
      297.625
    ],
    [
      430.125,
      311.375
    ],
    [
      575.125,
      312.625
    ],
    [
      540.125,
      313.875
    ],
    [
      518.875,
      327.625
    ],
    [
      586.375,
      330.125
    ],
    [
      602.625,
      347.625
    ],
    [
      611.375,
      352.625
    ],
    [
      636.375,
      357.625
    ],
    [
      617.625,
      368.875
    ],
    [
      650.125,
      376.375
    ],
    [
      595.125,
      388.875
    ],
    [
      702.625,
      391.375
    ]
  ],
  "mkpts1": [
    [
      932.625,
      88.875
    ],
    [
      1016.375,
      138.875
    ],
    [
      867.625,
      118.875
    ],
    [
      1030.125,
      128.875
    ],
    [
      408.875,
      100.125
    ],
    [
      391.375,
      108.875
    ],
    [
      435.125,
      140.125
    ],
    [
      517.625,
      196.375
    ],
    [
      711.375,
      236.375
    ],
    [
      591.375,
      220.125
    ],
    [
      355.125,
      192.625
    ],
    [
      290.125,
      177.625
    ],
    [
      572.625,
      231.375
    ],
    [
      716.375,
      257.625
    ],
    [
      438.875,
      255.125
    ],
    [
      681.375,
      285.125
    ],
    [
      637.625,
      293.875
    ],
    [
      606.375,
      321.375
    ],
    [
      711.375,
      330.125
    ],
    [
      741.375,
      371.375
    ],
    [
      758.875,
      386.375
    ],
    [
      800.125,
      400.125
    ],
    [
      773.875,
      420.125
    ],
    [
      826.375,
      443.875
    ],
    [
      741.375,
      458.875
    ],
    [
      916.375,
      485.125
    ]
  ],
  "mpts3D": [
    [
      0.21699999272823334,
      -0.0,
      -0.027000000700354576
    ],
    [
      0.21699999272823334,
      -0.0,
      -0.07000000029802322
    ],
    [
      0.17000000178813934,
      -0.0,
      -0.014999999664723873
    ],
    [
      0.23000000417232513,
      -0.0,
      -0.11299999803304672
    ],
    [
      -0.0,
      -0.0,
      0.15600000321865082
    ],
    [
      -0.014000000432133675,
      0.0,
      0.15600000321865082
    ],
    [
      -0.01899999938905239,
      -0.0,
      0.12800000607967377
    ],
    [
      -0.01899999938905239,
      -0.0,
      0.07400000095367432
    ],
    [
      0.02500000037252903,
      -0.014000000432133675,
      -0.010999999940395355
    ],
    [
      0.0,
      0.0,
      0.041999999433755875
    ],
    [
      -0.07400000095367432,
      -0.0,
      0.12800000607967377
    ],
    [
      -0.07999999821186066,
      -0.0,
      0.15600000321865082
    ],
    [
      -0.014000000432133675,
      0.0,
      0.041999999433755875
    ],
    [
      0.02500000037252903,
      0.0,
      -0.014999999664723873
    ],
    [
      -0.07400000095367432,
      -0.0,
      0.07400000095367432
    ],
    [
      0.0,
      -0.0,
      -0.014999999664723873
    ],
    [
      -0.03500000014901161,
      -0.017999999225139618,
      -0.009999999776482582
    ],
    [
      -0.05700000002980232,
      -0.017999999225139618,
      -0.009999999776482582
    ],
    [
      -0.014000000432133675,
      0.0,
      -0.041999999433755875
    ],
    [
      -0.023000000044703484,
      0.0,
      -0.06499999761581421
    ],
    [
      -0.023000000044703484,
      -0.0,
      -0.07500000298023224
    ],
    [
      -0.017000000923871994,
      -0.0,
      -0.09200000017881393
    ],
    [
      -0.03700000047683716,
      -0.0,
      -0.09700000286102295
    ],
    [
      -0.028999999165534973,
      -0.0,
      -0.12700000405311584
    ],
    [
      -0.052000001072883606,
      -0.0,
      -0.09700000286102295
    ],
    [
      -0.014000000432133675,
      0.0,
      -0.15600000321865082
    ]
  ],
  "mconf": [
    0.9904246926307678,
    0.24920548498630524,
    0.9648372530937195,
    0.1873234659433365,
    0.9378645420074463,
    0.9935808777809143,
    0.9984006285667419,
    0.9956594109535217,
    0.9435476064682007,
    0.9226693511009216,
    0.995630145072937,
    0.5685207843780518,
    0.9861533641815186,
    0.9692081809043884,
    0.9989304542541504,
    0.9730072021484375,
    0.9922508597373962,
    0.997079610824585,
    0.9975857138633728,
    0.9974341988563538,
    0.9974698424339294,
    0.9996065497398376,
    0.999480664730072,
    0.9992777109146118,
    0.9996335506439209,
    0.10548409819602966
  ],
  "coverage_score": 0.7783283537314115,
  "pose_estimation_failed": false,
  "tracking_method": "loosely_coupled",
  "kf_translation_vector": [
    0.025915888766095668,
    -0.02811640358800488,
    0.7798296430543511
  ],
  "kf_quaternion": [
    0.39829101144909584,
    -0.4452816675375999,
    -0.16204930267621162,
    0.7853843200980932
  ],
  "kf_rotation_matrix": [
    [
      0.5509285201141758,
      -0.1001614086771282,
      -0.8285200407573842
    ],
    [
      -0.6092453342960346,
      0.6302085874020196,
      -0.4813078630183225
    ],
    [
      0.5703489180872682,
      0.7699381978941975,
      0.2861770135075812
    ]
  ],
  "position_diff": 0.08708229283652656,
  "orientation_diff": 6.781903567719051,
  "timestamp": 1741869962.2477508,
  "image_file": "webcam_000192"
}