{
  "frame": 32,
  "object_rotation_in_cam": [
    [
      0.4845459965191925,
      -0.298201627868736,
      -0.8223691180933647
    ],
    [
      -0.4939801379771171,
      0.6825865677109867,
      -0.5385714445314036
    ],
    [
      0.7219409951937422,
      0.6671966477111304,
      0.1834389073825362
    ]
  ],
  "object_translation_in_cam": [
    -0.017205455118349214,
    -0.0026283969811218503,
    0.7395250971436458
  ],
  "raw_rvec": [
    0.8540043277698606,
    -1.0937820702429681,
    -0.1386632271931627
  ],
  "refined_raw_rvec": [
    0.8540043277698606,
    -1.0937820702429681,
    -0.1386632271931627
  ],
  "num_inliers": 13,
  "total_matches": 25,
  "inlier_ratio": 0.52,
  "reprojection_errors": [
    0.9188944697380066,
    0.8736991286277771,
    1.0900741815567017,
    2.929166078567505,
    2.963620901107788,
    2.7129554748535156,
    3.141613483428955,
    1.6592978239059448,
    2.4308018684387207,
    3.1827194690704346,
    3.042830467224121,
    3.4541332721710205,
    0.7730700969696045
  ],
  "mean_reprojection_error": 2.244067668914795,
  "std_reprojection_error": 0.9806694388389587,
  "inliers": [
    0,
    5,
    8,
    9,
    10,
    11,
    13,
    14,
    15,
    17,
    18,
    22,
    24
  ],
  "mkpts0": [
    [
      636.375,
      157.625
    ],
    [
      656.375,
      171.375
    ],
    [
      793.875,
      220.125
    ],
    [
      705.125,
      223.875
    ],
    [
      413.875,
      248.875
    ],
    [
      436.375,
      260.125
    ],
    [
      478.875,
      281.375
    ],
    [
      590.125,
      283.875
    ],
    [
      522.625,
      286.375
    ],
    [
      386.375,
      288.875
    ],
    [
      511.375,
      292.625
    ],
    [
      597.625,
      297.625
    ],
    [
      430.125,
      311.375
    ],
    [
      575.125,
      312.625
    ],
    [
      540.125,
      313.875
    ],
    [
      518.875,
      327.625
    ],
    [
      586.375,
      330.125
    ],
    [
      602.625,
      347.625
    ],
    [
      611.375,
      352.625
    ],
    [
      636.375,
      357.625
    ],
    [
      617.625,
      368.875
    ],
    [
      650.125,
      376.375
    ],
    [
      715.125,
      383.875
    ],
    [
      595.125,
      388.875
    ],
    [
      702.625,
      391.375
    ]
  ],
  "mkpts1": [
    [
      606.375,
      50.125
    ],
    [
      640.125,
      82.625
    ],
    [
      856.375,
      210.125
    ],
    [
      727.625,
      191.375
    ],
    [
      298.875,
      177.625
    ],
    [
      345.125,
      207.625
    ],
    [
      432.625,
      258.875
    ],
    [
      615.125,
      292.625
    ],
    [
      502.625,
      280.125
    ],
    [
      277.625,
      256.375
    ],
    [
      486.375,
      290.125
    ],
    [
      618.875,
      312.625
    ],
    [
      367.625,
      313.875
    ],
    [
      592.625,
      337.625
    ],
    [
      561.375,
      346.375
    ],
    [
      536.375,
      370.125
    ],
    [
      625.125,
      378.875
    ],
    [
      658.875,
      416.375
    ],
    [
      676.375,
      428.875
    ],
    [
      712.625,
      440.125
    ],
    [
      692.625,
      458.875
    ],
    [
      742.625,
      478.875
    ],
    [
      831.375,
      498.875
    ],
    [
      670.125,
      495.125
    ],
    [
      822.625,
      512.625
    ]
  ],
  "mpts3D": [
    [
      0.23000000417232513,
      -0.0,
      0.11299999803304672
    ],
    [
      0.21699999272823334,
      0.0,
      0.07000000029802322
    ],
    [
      0.21699999272823334,
      -0.0,
      -0.07000000029802322
    ],
    [
      0.17000000178813934,
      -0.0,
      -0.014999999664723873
    ],
    [
      -0.014000000432133675,
      0.0,
      0.15600000321865082
    ],
    [
      -0.01899999938905239,
      -0.0,
      0.12800000607967377
    ],
    [
      -0.01899999938905239,
      -0.0,
      0.07400000095367432
    ],
    [
      0.02500000037252903,
      -0.014000000432133675,
      -0.010999999940395355
    ],
    [
      0.0,
      0.0,
      0.041999999433755875
    ],
    [
      -0.07400000095367432,
      -0.0,
      0.12800000607967377
    ],
    [
      -0.014000000432133675,
      0.0,
      0.041999999433755875
    ],
    [
      0.02500000037252903,
      0.0,
      -0.014999999664723873
    ],
    [
      -0.07400000095367432,
      -0.0,
      0.07400000095367432
    ],
    [
      0.0,
      -0.0,
      -0.014999999664723873
    ],
    [
      -0.03500000014901161,
      -0.017999999225139618,
      -0.009999999776482582
    ],
    [
      -0.05700000002980232,
      -0.017999999225139618,
      -0.009999999776482582
    ],
    [
      -0.014000000432133675,
      0.0,
      -0.041999999433755875
    ],
    [
      -0.023000000044703484,
      0.0,
      -0.06499999761581421
    ],
    [
      -0.023000000044703484,
      -0.0,
      -0.07500000298023224
    ],
    [
      -0.017000000923871994,
      -0.0,
      -0.09200000017881393
    ],
    [
      -0.03700000047683716,
      -0.0,
      -0.09700000286102295
    ],
    [
      -0.028999999165534973,
      -0.0,
      -0.12700000405311584
    ],
    [
      0.0,
      0.0,
      -0.15600000321865082
    ],
    [
      -0.052000001072883606,
      -0.0,
      -0.09700000286102295
    ],
    [
      -0.014000000432133675,
      0.0,
      -0.15600000321865082
    ]
  ],
  "mconf": [
    0.5260133743286133,
    0.2710042893886566,
    0.3259897232055664,
    0.9460839629173279,
    0.9930909276008606,
    0.9946808815002441,
    0.9966450333595276,
    0.8867717385292053,
    0.9491957426071167,
    0.9942762851715088,
    0.9987448453903198,
    0.9744608998298645,
    0.9991498589515686,
    0.9797293543815613,
    0.9985567927360535,
    0.9987881779670715,
    0.998920738697052,
    0.9934533834457397,
    0.9940608739852905,
    0.9998005628585815,
    0.9995430111885071,
    0.999760091304779,
    0.8200644850730896,
    0.9998561143875122,
    0.9998081922531128
  ],
  "coverage_score": 0.8427376486136672,
  "pose_estimation_failed": false,
  "tracking_method": "loosely_coupled",
  "kf_translation_vector": [
    -0.014842210987982303,
    -0.07539323619230462,
    0.7209277255441079
  ],
  "kf_quaternion": [
    0.45902401777322444,
    -0.47703915910344546,
    -0.1096507751517528,
    0.741422483674338
  ],
  "kf_rotation_matrix": [
    [
      0.5208206963809947,
      -0.27534976279399004,
      -0.8080397950290005
    ],
    [
      -0.6005399629933059,
      0.5545473172318925,
      -0.5760460275003288
    ],
    [
      0.6067104375805764,
      0.7852768817940613,
      0.1234611835784083
    ]
  ],
  "position_diff": 0.0777117535990135,
  "orientation_diff": 10.082861693340202,
  "timestamp": 1741869611.3647654,
  "image_file": "webcam_000032"
}