{
  "frame": 159,
  "object_rotation_in_cam": [
    [
      0.6141280836758023,
      -0.18207499171616365,
      -0.7679162677221038
    ],
    [
      -0.5564928131247131,
      0.5900447769593238,
      -0.5849469293222805
    ],
    [
      0.5596091902222747,
      0.7865722208256408,
      0.261039643817159
    ]
  ],
  "object_translation_in_cam": [
    0.02436909151905093,
    -0.046047727246538356,
    0.6925966388153363
  ],
  "raw_rvec": [
    0.9420413069159989,
    -0.9118238102846058,
    -0.25717253293496456
  ],
  "refined_raw_rvec": [
    0.9420413069159989,
    -0.9118238102846058,
    -0.25717253293496456
  ],
  "num_inliers": 15,
  "total_matches": 25,
  "inlier_ratio": 0.6,
  "reprojection_errors": [
    0.9195936918258667,
    1.427754521369934,
    2.5952718257904053,
    4.521230697631836,
    3.5753157138824463,
    1.4458054304122925,
    1.2337926626205444,
    2.9718177318573,
    2.082759380340576,
    3.270510673522949,
    2.014962673187256,
    2.952000379562378,
    0.4371590316295624,
    1.7868213653564453,
    3.1516623497009277
  ],
  "mean_reprojection_error": 2.2924306392669678,
  "std_reprojection_error": 1.0827444791793823,
  "inliers": [
    0,
    3,
    7,
    8,
    10,
    11,
    13,
    14,
    15,
    16,
    17,
    19,
    20,
    21,
    22
  ],
  "mkpts0": [
    [
      745.125,
      201.375
    ],
    [
      805.125,
      212.625
    ],
    [
      793.875,
      220.125
    ],
    [
      705.125,
      223.875
    ],
    [
      835.125,
      225.125
    ],
    [
      425.125,
      242.625
    ],
    [
      413.875,
      248.875
    ],
    [
      436.375,
      260.125
    ],
    [
      478.875,
      281.375
    ],
    [
      590.125,
      283.875
    ],
    [
      522.625,
      286.375
    ],
    [
      386.375,
      288.875
    ],
    [
      350.125,
      290.125
    ],
    [
      511.375,
      292.625
    ],
    [
      597.625,
      297.625
    ],
    [
      430.125,
      311.375
    ],
    [
      575.125,
      312.625
    ],
    [
      540.125,
      313.875
    ],
    [
      518.875,
      327.625
    ],
    [
      586.375,
      330.125
    ],
    [
      602.625,
      347.625
    ],
    [
      611.375,
      352.625
    ],
    [
      636.375,
      357.625
    ],
    [
      650.125,
      376.375
    ],
    [
      595.125,
      388.875
    ]
  ],
  "mkpts1": [
    [
      931.375,
      51.375
    ],
    [
      1030.125,
      91.375
    ],
    [
      1017.625,
      101.375
    ],
    [
      866.375,
      81.375
    ],
    [
      1083.875,
      118.875
    ],
    [
      402.625,
      63.875
    ],
    [
      385.125,
      72.625
    ],
    [
      428.875,
      105.125
    ],
    [
      513.875,
      160.125
    ],
    [
      707.625,
      202.625
    ],
    [
      586.375,
      185.125
    ],
    [
      348.875,
      157.625
    ],
    [
      285.125,
      142.625
    ],
    [
      568.875,
      196.375
    ],
    [
      713.875,
      223.875
    ],
    [
      433.875,
      221.375
    ],
    [
      677.625,
      250.125
    ],
    [
      633.875,
      260.125
    ],
    [
      601.375,
      287.625
    ],
    [
      707.625,
      296.375
    ],
    [
      737.625,
      338.875
    ],
    [
      755.125,
      353.875
    ],
    [
      795.125,
      367.625
    ],
    [
      821.375,
      411.375
    ],
    [
      736.375,
      427.625
    ]
  ],
  "mpts3D": [
    [
      0.21699999272823334,
      -0.0,
      -0.027000000700354576
    ],
    [
      0.23000000417232513,
      0.0,
      -0.07000000029802322
    ],
    [
      0.21699999272823334,
      -0.0,
      -0.07000000029802322
    ],
    [
      0.17000000178813934,
      -0.0,
      -0.014999999664723873
    ],
    [
      0.23000000417232513,
      -0.0,
      -0.11299999803304672
    ],
    [
      -0.0,
      -0.0,
      0.15600000321865082
    ],
    [
      -0.014000000432133675,
      0.0,
      0.15600000321865082
    ],
    [
      -0.01899999938905239,
      -0.0,
      0.12800000607967377
    ],
    [
      -0.01899999938905239,
      -0.0,
      0.07400000095367432
    ],
    [
      0.02500000037252903,
      -0.014000000432133675,
      -0.010999999940395355
    ],
    [
      0.0,
      0.0,
      0.041999999433755875
    ],
    [
      -0.07400000095367432,
      -0.0,
      0.12800000607967377
    ],
    [
      -0.07999999821186066,
      -0.0,
      0.15600000321865082
    ],
    [
      -0.014000000432133675,
      0.0,
      0.041999999433755875
    ],
    [
      0.02500000037252903,
      0.0,
      -0.014999999664723873
    ],
    [
      -0.07400000095367432,
      -0.0,
      0.07400000095367432
    ],
    [
      0.0,
      -0.0,
      -0.014999999664723873
    ],
    [
      -0.03500000014901161,
      -0.017999999225139618,
      -0.009999999776482582
    ],
    [
      -0.05700000002980232,
      -0.017999999225139618,
      -0.009999999776482582
    ],
    [
      -0.014000000432133675,
      0.0,
      -0.041999999433755875
    ],
    [
      -0.023000000044703484,
      0.0,
      -0.06499999761581421
    ],
    [
      -0.023000000044703484,
      -0.0,
      -0.07500000298023224
    ],
    [
      -0.017000000923871994,
      -0.0,
      -0.09200000017881393
    ],
    [
      -0.028999999165534973,
      -0.0,
      -0.12700000405311584
    ],
    [
      -0.052000001072883606,
      -0.0,
      -0.09700000286102295
    ]
  ],
  "mconf": [
    0.9850108623504639,
    0.7561075091362,
    0.9973688721656799,
    0.636755108833313,
    0.6696140170097351,
    0.9538502097129822,
    0.9915026426315308,
    0.9962857365608215,
    0.9920608401298523,
    0.9733450412750244,
    0.5818161964416504,
    0.9947705864906311,
    0.3990213871002197,
    0.9611465930938721,
    0.9604291915893555,
    0.9987562298774719,
    0.9853234887123108,
    0.9947543740272522,
    0.9987074136734009,
    0.9986207485198975,
    0.9973357915878296,
    0.9969094395637512,
    0.999708890914917,
    0.999538004398346,
    0.9996479153633118
  ],
  "coverage_score": 0.7742903032614272,
  "pose_estimation_failed": false,
  "tracking_method": "loosely_coupled",
  "kf_translation_vector": [
    0.02242061033788826,
    -0.038629588516997077,
    0.8118382879204779
  ],
  "kf_quaternion": [
    0.41211204376847843,
    -0.43658441502685674,
    -0.1415166627743871,
    0.7871027544697231
  ],
  "kf_rotation_matrix": [
    [
      0.5787341654257154,
      -0.13706708096220102,
      -0.8039150334988778
    ],
    [
      -0.5826197012545331,
      0.6202733950763363,
      -0.5251811107328155
    ],
    [
      0.570632149005889,
      0.7723169884684504,
      0.27911542387325006
    ]
  ],
  "position_diff": 0.1240057604653995,
  "orientation_diff": 4.031339353622914,
  "timestamp": 1741869957.6845355,
  "image_file": "webcam_000159"
}