{
  "frame": 71,
  "object_rotation_in_cam": [
    [
      0.6695501637326606,
      -0.15877791755367643,
      -0.725597788821662
    ],
    [
      -0.5122644427849705,
      0.6086748568496612,
      -0.6058878273222265
    ],
    [
      0.5378547377348004,
      0.7773702409639581,
      0.3262020686014523
    ]
  ],
  "object_translation_in_cam": [
    0.03116834964701417,
    -0.010326821253263422,
    0.6947925884290911
  ],
  "raw_rvec": [
    0.9169447049584256,
    -0.8375270896685677,
    -0.23432185578109258
  ],
  "refined_raw_rvec": [
    0.9169447049584256,
    -0.8375270896685677,
    -0.23432185578109258
  ],
  "num_inliers": 15,
  "total_matches": 30,
  "inlier_ratio": 0.5,
  "reprojection_errors": [
    0.8729060888290405,
    1.8028961420059204,
    3.0157132148742676,
    2.5087149143218994,
    0.7721377015113831,
    1.632582426071167,
    2.745661735534668,
    2.8716089725494385,
    1.8347854614257812,
    3.2619776725769043,
    3.4656195640563965,
    1.1087476015090942,
    1.497207760810852,
    3.9521074295043945,
    2.228069305419922
  ],
  "mean_reprojection_error": 2.238049030303955,
  "std_reprojection_error": 0.9446619749069214,
  "inliers": [
    4,
    6,
    10,
    11,
    14,
    16,
    17,
    18,
    20,
    21,
    22,
    23,
    24,
    25,
    29
  ],
  "mkpts0": [
    [
      727.625,
      126.375
    ],
    [
      727.625,
      143.875
    ],
    [
      663.875,
      165.125
    ],
    [
      356.375,
      195.125
    ],
    [
      745.125,
      201.375
    ],
    [
      793.875,
      220.125
    ],
    [
      705.125,
      223.875
    ],
    [
      835.125,
      225.125
    ],
    [
      425.125,
      242.625
    ],
    [
      413.875,
      248.875
    ],
    [
      436.375,
      260.125
    ],
    [
      478.875,
      281.375
    ],
    [
      590.125,
      283.875
    ],
    [
      522.625,
      286.375
    ],
    [
      386.375,
      288.875
    ],
    [
      350.125,
      290.125
    ],
    [
      511.375,
      292.625
    ],
    [
      597.625,
      297.625
    ],
    [
      430.125,
      311.375
    ],
    [
      575.125,
      312.625
    ],
    [
      540.125,
      313.875
    ],
    [
      518.875,
      327.625
    ],
    [
      586.375,
      330.125
    ],
    [
      602.625,
      347.625
    ],
    [
      611.375,
      352.625
    ],
    [
      636.375,
      357.625
    ],
    [
      617.625,
      368.875
    ],
    [
      650.125,
      376.375
    ],
    [
      595.125,
      388.875
    ],
    [
      702.625,
      391.375
    ]
  ],
  "mkpts1": [
    [
      973.875,
      12.625
    ],
    [
      966.375,
      37.625
    ],
    [
      872.625,
      55.125
    ],
    [
      316.375,
      15.125
    ],
    [
      963.875,
      135.125
    ],
    [
      1048.875,
      190.125
    ],
    [
      893.875,
      163.875
    ],
    [
      1115.125,
      210.125
    ],
    [
      432.625,
      132.625
    ],
    [
      415.125,
      141.375
    ],
    [
      455.125,
      173.875
    ],
    [
      532.625,
      232.625
    ],
    [
      723.875,
      280.125
    ],
    [
      605.125,
      258.875
    ],
    [
      370.125,
      223.875
    ],
    [
      311.375,
      206.375
    ],
    [
      585.125,
      268.875
    ],
    [
      728.875,
      301.375
    ],
    [
      450.125,
      288.875
    ],
    [
      690.125,
      327.625
    ],
    [
      642.625,
      335.125
    ],
    [
      608.875,
      361.375
    ],
    [
      716.375,
      373.875
    ],
    [
      743.875,
      417.625
    ],
    [
      761.375,
      433.875
    ],
    [
      801.375,
      448.875
    ],
    [
      772.625,
      470.125
    ],
    [
      826.375,
      496.375
    ],
    [
      737.625,
      506.375
    ],
    [
      915.125,
      541.375
    ]
  ],
  "mpts3D": [
    [
      0.20600000023841858,
      -0.07000000029802322,
      -0.0020000000949949026
    ],
    [
      0.20600000023841858,
      -0.054999999701976776,
      -0.0020000000949949026
    ],
    [
      0.23000000417232513,
      -0.0,
      0.07000000029802322
    ],
    [
      -0.0,
      -0.02500000037252903,
      0.23999999463558197
    ],
    [
      0.21699999272823334,
      -0.0,
      -0.027000000700354576
    ],
    [
      0.21699999272823334,
      -0.0,
      -0.07000000029802322
    ],
    [
      0.17000000178813934,
      -0.0,
      -0.014999999664723873
    ],
    [
      0.23000000417232513,
      -0.0,
      -0.11299999803304672
    ],
    [
      -0.0,
      -0.0,
      0.15600000321865082
    ],
    [
      -0.014000000432133675,
      0.0,
      0.15600000321865082
    ],
    [
      -0.01899999938905239,
      -0.0,
      0.12800000607967377
    ],
    [
      -0.01899999938905239,
      -0.0,
      0.07400000095367432
    ],
    [
      0.02500000037252903,
      -0.014000000432133675,
      -0.010999999940395355
    ],
    [
      0.0,
      0.0,
      0.041999999433755875
    ],
    [
      -0.07400000095367432,
      -0.0,
      0.12800000607967377
    ],
    [
      -0.07999999821186066,
      -0.0,
      0.15600000321865082
    ],
    [
      -0.014000000432133675,
      0.0,
      0.041999999433755875
    ],
    [
      0.02500000037252903,
      0.0,
      -0.014999999664723873
    ],
    [
      -0.07400000095367432,
      -0.0,
      0.07400000095367432
    ],
    [
      0.0,
      -0.0,
      -0.014999999664723873
    ],
    [
      -0.03500000014901161,
      -0.017999999225139618,
      -0.009999999776482582
    ],
    [
      -0.05700000002980232,
      -0.017999999225139618,
      -0.009999999776482582
    ],
    [
      -0.014000000432133675,
      0.0,
      -0.041999999433755875
    ],
    [
      -0.023000000044703484,
      0.0,
      -0.06499999761581421
    ],
    [
      -0.023000000044703484,
      -0.0,
      -0.07500000298023224
    ],
    [
      -0.017000000923871994,
      -0.0,
      -0.09200000017881393
    ],
    [
      -0.03700000047683716,
      -0.0,
      -0.09700000286102295
    ],
    [
      -0.028999999165534973,
      -0.0,
      -0.12700000405311584
    ],
    [
      -0.052000001072883606,
      -0.0,
      -0.09700000286102295
    ],
    [
      -0.014000000432133675,
      0.0,
      -0.15600000321865082
    ]
  ],
  "mconf": [
    0.7356405854225159,
    0.6825823783874512,
    0.12245754897594452,
    0.22476454079151154,
    0.9800860285758972,
    0.8109354972839355,
    0.35936814546585083,
    0.1155984103679657,
    0.8862675428390503,
    0.9934672713279724,
    0.9968130588531494,
    0.9875303506851196,
    0.878163754940033,
    0.9480157494544983,
    0.992672324180603,
    0.47936105728149414,
    0.990424633026123,
    0.9200188517570496,
    0.9952901005744934,
    0.9660326838493347,
    0.98741614818573,
    0.9973413348197937,
    0.9979045391082764,
    0.9950156807899475,
    0.9836124777793884,
    0.9992796778678894,
    0.9994224309921265,
    0.9976068735122681,
    0.9979402422904968,
    0.1290145218372345
  ],
  "coverage_score": 0.7529115501041425,
  "pose_estimation_failed": false,
  "tracking_method": "loosely_coupled",
  "kf_translation_vector": [
    0.0265459467691914,
    -0.016397280735722268,
    0.7705568364382336
  ],
  "kf_quaternion": [
    0.45486352892838117,
    -0.4113137301520793,
    -0.10647244906518696,
    0.7826773300851786
  ],
  "kf_rotation_matrix": [
    [
      0.6389692659568873,
      -0.20751608526339996,
      -0.7407127321164866
    ],
    [
      -0.5408503739112828,
      0.5635255752817618,
      -0.6244355843827168
    ],
    [
      0.5469909964547335,
      0.7996099051164341,
      0.2478403708784045
    ]
  ],
  "position_diff": 0.07896845821657557,
  "orientation_diff": 4.705235576866687,
  "timestamp": 1741869945.8679423,
  "image_file": "webcam_000071"
}