{
  "frame": 45,
  "object_rotation_in_cam": [
    [
      0.6926888526046018,
      -0.11996745880349272,
      -0.7111891185230217
    ],
    [
      -0.4969953931922424,
      0.6351863885603555,
      -0.5912138622641907
    ],
    [
      0.5226640724432938,
      0.7629849674901108,
      0.38036325632361734
    ]
  ],
  "object_translation_in_cam": [
    -0.0005748724946172794,
    -0.007535576204083594,
    0.7134475897719859
  ],
  "raw_rvec": [
    0.8752073569871041,
    -0.7974289790013042,
    -0.2436699949198407
  ],
  "refined_raw_rvec": [
    0.8752073569871041,
    -0.7974289790013042,
    -0.2436699949198407
  ],
  "num_inliers": 13,
  "total_matches": 30,
  "inlier_ratio": 0.43333333333333335,
  "reprojection_errors": [
    1.3614609241485596,
    1.1982674598693848,
    2.005045175552368,
    0.9425519704818726,
    3.4121766090393066,
    1.8387041091918945,
    2.6362109184265137,
    2.1454591751098633,
    3.449706792831421,
    0.9686722755432129,
    1.0413353443145752,
    3.6475706100463867,
    1.7207417488098145
  ],
  "mean_reprojection_error": 2.0283000469207764,
  "std_reprojection_error": 0.9397748112678528,
  "inliers": [
    5,
    6,
    11,
    15,
    16,
    17,
    18,
    20,
    21,
    23,
    24,
    25,
    29
  ],
  "mkpts0": [
    [
      727.625,
      126.375
    ],
    [
      727.625,
      143.875
    ],
    [
      656.375,
      171.375
    ],
    [
      356.375,
      195.125
    ],
    [
      745.125,
      201.375
    ],
    [
      805.125,
      212.625
    ],
    [
      793.875,
      220.125
    ],
    [
      705.125,
      223.875
    ],
    [
      835.125,
      225.125
    ],
    [
      425.125,
      242.625
    ],
    [
      413.875,
      248.875
    ],
    [
      436.375,
      260.125
    ],
    [
      478.875,
      281.375
    ],
    [
      590.125,
      283.875
    ],
    [
      522.625,
      286.375
    ],
    [
      386.375,
      288.875
    ],
    [
      511.375,
      292.625
    ],
    [
      597.625,
      297.625
    ],
    [
      430.125,
      311.375
    ],
    [
      575.125,
      312.625
    ],
    [
      540.125,
      313.875
    ],
    [
      518.875,
      327.625
    ],
    [
      586.375,
      330.125
    ],
    [
      602.625,
      347.625
    ],
    [
      611.375,
      352.625
    ],
    [
      636.375,
      357.625
    ],
    [
      617.625,
      368.875
    ],
    [
      650.125,
      376.375
    ],
    [
      595.125,
      388.875
    ],
    [
      702.625,
      391.375
    ]
  ],
  "mkpts1": [
    [
      898.875,
      26.375
    ],
    [
      892.625,
      48.875
    ],
    [
      753.875,
      51.375
    ],
    [
      265.125,
      31.375
    ],
    [
      893.875,
      141.375
    ],
    [
      986.375,
      182.625
    ],
    [
      971.375,
      193.875
    ],
    [
      825.125,
      170.125
    ],
    [
      1051.375,
      223.875
    ],
    [
      377.625,
      146.375
    ],
    [
      358.875,
      155.125
    ],
    [
      397.625,
      185.125
    ],
    [
      471.375,
      240.125
    ],
    [
      652.625,
      285.125
    ],
    [
      540.125,
      266.375
    ],
    [
      313.875,
      235.125
    ],
    [
      520.125,
      276.375
    ],
    [
      658.875,
      305.125
    ],
    [
      387.625,
      296.375
    ],
    [
      620.125,
      330.125
    ],
    [
      571.375,
      340.125
    ],
    [
      538.875,
      365.125
    ],
    [
      643.875,
      375.125
    ],
    [
      668.875,
      418.875
    ],
    [
      683.875,
      432.625
    ],
    [
      723.875,
      447.625
    ],
    [
      693.875,
      466.375
    ],
    [
      743.875,
      491.375
    ],
    [
      658.875,
      502.625
    ],
    [
      830.125,
      535.125
    ]
  ],
  "mpts3D": [
    [
      0.20600000023841858,
      -0.07000000029802322,
      -0.0020000000949949026
    ],
    [
      0.20600000023841858,
      -0.054999999701976776,
      -0.0020000000949949026
    ],
    [
      0.21699999272823334,
      0.0,
      0.07000000029802322
    ],
    [
      -0.0,
      -0.02500000037252903,
      0.23999999463558197
    ],
    [
      0.21699999272823334,
      -0.0,
      -0.027000000700354576
    ],
    [
      0.23000000417232513,
      0.0,
      -0.07000000029802322
    ],
    [
      0.21699999272823334,
      -0.0,
      -0.07000000029802322
    ],
    [
      0.17000000178813934,
      -0.0,
      -0.014999999664723873
    ],
    [
      0.23000000417232513,
      -0.0,
      -0.11299999803304672
    ],
    [
      -0.0,
      -0.0,
      0.15600000321865082
    ],
    [
      -0.014000000432133675,
      0.0,
      0.15600000321865082
    ],
    [
      -0.01899999938905239,
      -0.0,
      0.12800000607967377
    ],
    [
      -0.01899999938905239,
      -0.0,
      0.07400000095367432
    ],
    [
      0.02500000037252903,
      -0.014000000432133675,
      -0.010999999940395355
    ],
    [
      0.0,
      0.0,
      0.041999999433755875
    ],
    [
      -0.07400000095367432,
      -0.0,
      0.12800000607967377
    ],
    [
      -0.014000000432133675,
      0.0,
      0.041999999433755875
    ],
    [
      0.02500000037252903,
      0.0,
      -0.014999999664723873
    ],
    [
      -0.07400000095367432,
      -0.0,
      0.07400000095367432
    ],
    [
      0.0,
      -0.0,
      -0.014999999664723873
    ],
    [
      -0.03500000014901161,
      -0.017999999225139618,
      -0.009999999776482582
    ],
    [
      -0.05700000002980232,
      -0.017999999225139618,
      -0.009999999776482582
    ],
    [
      -0.014000000432133675,
      0.0,
      -0.041999999433755875
    ],
    [
      -0.023000000044703484,
      0.0,
      -0.06499999761581421
    ],
    [
      -0.023000000044703484,
      -0.0,
      -0.07500000298023224
    ],
    [
      -0.017000000923871994,
      -0.0,
      -0.09200000017881393
    ],
    [
      -0.03700000047683716,
      -0.0,
      -0.09700000286102295
    ],
    [
      -0.028999999165534973,
      -0.0,
      -0.12700000405311584
    ],
    [
      -0.052000001072883606,
      -0.0,
      -0.09700000286102295
    ],
    [
      -0.014000000432133675,
      0.0,
      -0.15600000321865082
    ]
  ],
  "mconf": [
    0.751956045627594,
    0.7072085738182068,
    0.1566331386566162,
    0.3736083507537842,
    0.9953323006629944,
    0.8133578896522522,
    0.9932741522789001,
    0.22287189960479736,
    0.22588340938091278,
    0.8700149655342102,
    0.9918926954269409,
    0.9962189793586731,
    0.9075090885162354,
    0.9589256644248962,
    0.5882757306098938,
    0.9927616119384766,
    0.9785100817680359,
    0.9053681492805481,
    0.9967402219772339,
    0.8189772367477417,
    0.9895297288894653,
    0.9981202483177185,
    0.9971558451652527,
    0.9973475337028503,
    0.9966161847114563,
    0.9995146989822388,
    0.999474823474884,
    0.9986831545829773,
    0.9993542432785034,
    0.24632300436496735
  ],
  "coverage_score": 0.7631174549747612,
  "pose_estimation_failed": false,
  "tracking_method": "loosely_coupled",
  "kf_translation_vector": [
    -0.0039180654759901935,
    -0.012447529216733517,
    0.7006258328495713
  ],
  "kf_quaternion": [
    0.43565668291882814,
    -0.524965385728859,
    -0.066353504995743,
    0.7281564466441905
  ],
  "kf_rotation_matrix": [
    [
      0.4400171123226604,
      -0.36077789234750013,
      -0.8223285555400123
    ],
    [
      -0.5540408220278512,
      0.6116009340058871,
      -0.5647858576928335
    ],
    [
      0.7066991639940791,
      0.7041190310710415,
      0.06922919682942785
    ]
  ],
  "position_diff": 0.014187823844784191,
  "orientation_diff": 21.304635403472073,
  "timestamp": 1741869676.8391,
  "image_file": "webcam_000045"
}