{
  "frame": 129,
  "object_rotation_in_cam": [
    [
      0.6183311156277109,
      -0.2121038564469132,
      -0.7567553009572762
    ],
    [
      -0.5364385544097812,
      0.5898052406227802,
      -0.6036252608006467
    ],
    [
      0.5743694880382616,
      0.7791930006193919,
      0.2509142463002323
    ]
  ],
  "object_translation_in_cam": [
    0.004302725898348163,
    -0.032496709079085764,
    0.6919761721940905
  ],
  "raw_rvec": [
    0.9513376791937658,
    -0.9157741134976561,
    -0.22313258903968256
  ],
  "refined_raw_rvec": [
    0.9513376791937658,
    -0.9157741134976561,
    -0.22313258903968256
  ],
  "num_inliers": 13,
  "total_matches": 27,
  "inlier_ratio": 0.48148148148148145,
  "reprojection_errors": [
    2.088942050933838,
    1.9685051441192627,
    2.711008310317993,
    3.5920073986053467,
    0.421427845954895,
    2.1371750831604004,
    2.563938617706299,
    3.107879877090454,
    2.6055827140808105,
    1.9249906539916992,
    3.0940804481506348,
    2.571258544921875,
    3.724390745162964
  ],
  "mean_reprojection_error": 2.5008606910705566,
  "std_reprojection_error": 0.8186803460121155,
  "inliers": [
    3,
    4,
    7,
    8,
    11,
    13,
    15,
    16,
    17,
    18,
    19,
    20,
    21
  ],
  "mkpts0": [
    [
      745.125,
      201.375
    ],
    [
      805.125,
      212.625
    ],
    [
      793.875,
      220.125
    ],
    [
      705.125,
      223.875
    ],
    [
      835.125,
      225.125
    ],
    [
      425.125,
      242.625
    ],
    [
      413.875,
      248.875
    ],
    [
      436.375,
      260.125
    ],
    [
      478.875,
      281.375
    ],
    [
      590.125,
      283.875
    ],
    [
      522.625,
      286.375
    ],
    [
      386.375,
      288.875
    ],
    [
      350.125,
      290.125
    ],
    [
      511.375,
      292.625
    ],
    [
      597.625,
      297.625
    ],
    [
      430.125,
      311.375
    ],
    [
      575.125,
      312.625
    ],
    [
      540.125,
      313.875
    ],
    [
      518.875,
      327.625
    ],
    [
      586.375,
      330.125
    ],
    [
      602.625,
      347.625
    ],
    [
      611.375,
      352.625
    ],
    [
      636.375,
      357.625
    ],
    [
      617.625,
      368.875
    ],
    [
      650.125,
      376.375
    ],
    [
      595.125,
      388.875
    ],
    [
      702.625,
      391.375
    ]
  ],
  "mkpts1": [
    [
      895.125,
      88.875
    ],
    [
      991.375,
      132.625
    ],
    [
      977.625,
      142.625
    ],
    [
      830.125,
      117.625
    ],
    [
      1042.625,
      161.375
    ],
    [
      365.125,
      83.875
    ],
    [
      346.375,
      92.625
    ],
    [
      390.125,
      126.375
    ],
    [
      472.625,
      185.125
    ],
    [
      667.625,
      232.625
    ],
    [
      546.375,
      212.625
    ],
    [
      305.125,
      177.625
    ],
    [
      240.125,
      160.125
    ],
    [
      526.375,
      222.625
    ],
    [
      672.625,
      255.125
    ],
    [
      390.125,
      243.875
    ],
    [
      635.125,
      280.125
    ],
    [
      590.125,
      290.125
    ],
    [
      558.875,
      315.125
    ],
    [
      663.875,
      326.375
    ],
    [
      693.875,
      370.125
    ],
    [
      711.375,
      386.375
    ],
    [
      751.375,
      400.125
    ],
    [
      723.875,
      421.375
    ],
    [
      777.625,
      446.375
    ],
    [
      690.125,
      458.875
    ],
    [
      866.375,
      490.125
    ]
  ],
  "mpts3D": [
    [
      0.21699999272823334,
      -0.0,
      -0.027000000700354576
    ],
    [
      0.23000000417232513,
      0.0,
      -0.07000000029802322
    ],
    [
      0.21699999272823334,
      -0.0,
      -0.07000000029802322
    ],
    [
      0.17000000178813934,
      -0.0,
      -0.014999999664723873
    ],
    [
      0.23000000417232513,
      -0.0,
      -0.11299999803304672
    ],
    [
      -0.0,
      -0.0,
      0.15600000321865082
    ],
    [
      -0.014000000432133675,
      0.0,
      0.15600000321865082
    ],
    [
      -0.01899999938905239,
      -0.0,
      0.12800000607967377
    ],
    [
      -0.01899999938905239,
      -0.0,
      0.07400000095367432
    ],
    [
      0.02500000037252903,
      -0.014000000432133675,
      -0.010999999940395355
    ],
    [
      0.0,
      0.0,
      0.041999999433755875
    ],
    [
      -0.07400000095367432,
      -0.0,
      0.12800000607967377
    ],
    [
      -0.07999999821186066,
      -0.0,
      0.15600000321865082
    ],
    [
      -0.014000000432133675,
      0.0,
      0.041999999433755875
    ],
    [
      0.02500000037252903,
      0.0,
      -0.014999999664723873
    ],
    [
      -0.07400000095367432,
      -0.0,
      0.07400000095367432
    ],
    [
      0.0,
      -0.0,
      -0.014999999664723873
    ],
    [
      -0.03500000014901161,
      -0.017999999225139618,
      -0.009999999776482582
    ],
    [
      -0.05700000002980232,
      -0.017999999225139618,
      -0.009999999776482582
    ],
    [
      -0.014000000432133675,
      0.0,
      -0.041999999433755875
    ],
    [
      -0.023000000044703484,
      0.0,
      -0.06499999761581421
    ],
    [
      -0.023000000044703484,
      -0.0,
      -0.07500000298023224
    ],
    [
      -0.017000000923871994,
      -0.0,
      -0.09200000017881393
    ],
    [
      -0.03700000047683716,
      -0.0,
      -0.09700000286102295
    ],
    [
      -0.028999999165534973,
      -0.0,
      -0.12700000405311584
    ],
    [
      -0.052000001072883606,
      -0.0,
      -0.09700000286102295
    ],
    [
      -0.014000000432133675,
      0.0,
      -0.15600000321865082
    ]
  ],
  "mconf": [
    0.9952294230461121,
    0.7228001952171326,
    0.9924005270004272,
    0.9253426790237427,
    0.4846709966659546,
    0.9355167150497437,
    0.9949768781661987,
    0.9963767528533936,
    0.9922630786895752,
    0.9664846658706665,
    0.8656251430511475,
    0.9951204061508179,
    0.3881235718727112,
    0.9806837439537048,
    0.9710075855255127,
    0.9990917444229126,
    0.9929008483886719,
    0.9931915402412415,
    0.9973734617233276,
    0.998620331287384,
    0.9963884353637695,
    0.9929760694503784,
    0.9997454285621643,
    0.9997847080230713,
    0.9994401931762695,
    0.9996190071105957,
    0.4668613076210022
  ],
  "coverage_score": 0.7416778774908438,
  "pose_estimation_failed": false,
  "tracking_method": "loosely_coupled",
  "kf_translation_vector": [
    0.004239128126172383,
    -0.045569804899156185,
    0.7993716226136407
  ],
  "kf_quaternion": [
    0.42109771089758086,
    -0.4302326857303105,
    -0.12178207319730468,
    0.7891423703324185
  ],
  "kf_rotation_matrix": [
    [
      0.6001379255541004,
      -0.1701332104148699,
      -0.7815939873268927
    ],
    [
      -0.5545467860425384,
      0.6156916890491675,
      -0.5598228345875816
    ],
    [
      0.5764653783199061,
      0.7694013482895082,
      0.2751531080122027
    ]
  ],
  "position_diff": 0.1090578764695903,
  "orientation_diff": 3.186703138686426,
  "timestamp": 1741869953.655814,
  "image_file": "webcam_000129"
}