{
  "frame": 4,
  "object_rotation_in_cam": [
    [
      0.47111949739994335,
      -0.2904949676919721,
      -0.8328619891166033
    ],
    [
      -0.6237315548474349,
      0.557930621384519,
      -0.5474233911782412
    ],
    [
      0.6237029474495258,
      0.777384136361892,
      0.08166111605684348
    ]
  ],
  "object_translation_in_cam": [
    -0.007322091226860902,
    -0.09283931479468023,
    0.6764566501545547
  ],
  "raw_rvec": [
    1.0053563879176501,
    -1.105343103018611,
    -0.25288317330645027
  ],
  "refined_raw_rvec": [
    1.0053563879176501,
    -1.105343103018611,
    -0.25288317330645027
  ],
  "num_inliers": 8,
  "total_matches": 13,
  "inlier_ratio": 0.6153846153846154,
  "reprojection_errors": [
    5.211960792541504,
    1.9114274978637695,
    2.6781728267669678,
    3.289820909500122,
    2.617202043533325,
    2.37149977684021,
    2.743403434753418,
    0.8850531578063965
  ],
  "mean_reprojection_error": 2.7135677337646484,
  "std_reprojection_error": 1.1559287309646606,
  "inliers": [
    1,
    4,
    5,
    6,
    8,
    9,
    10,
    12
  ],
  "mkpts0": [
    [
      478.875,
      281.375
    ],
    [
      590.125,
      283.875
    ],
    [
      522.625,
      286.375
    ],
    [
      386.375,
      288.875
    ],
    [
      597.625,
      297.625
    ],
    [
      430.125,
      311.375
    ],
    [
      518.875,
      327.625
    ],
    [
      586.375,
      330.125
    ],
    [
      602.625,
      347.625
    ],
    [
      611.375,
      352.625
    ],
    [
      715.125,
      383.875
    ],
    [
      595.125,
      388.875
    ],
    [
      702.625,
      391.375
    ]
  ],
  "mkpts1": [
    [
      416.375,
      61.375
    ],
    [
      637.625,
      93.875
    ],
    [
      492.625,
      67.625
    ],
    [
      263.875,
      62.625
    ],
    [
      641.375,
      115.125
    ],
    [
      366.375,
      126.375
    ],
    [
      553.875,
      186.375
    ],
    [
      650.125,
      190.125
    ],
    [
      686.375,
      231.375
    ],
    [
      705.125,
      243.875
    ],
    [
      873.875,
      315.125
    ],
    [
      701.375,
      318.875
    ],
    [
      863.875,
      331.375
    ]
  ],
  "mpts3D": [
    [
      -0.01899999938905239,
      -0.0,
      0.07400000095367432
    ],
    [
      0.02500000037252903,
      -0.014000000432133675,
      -0.010999999940395355
    ],
    [
      0.0,
      0.0,
      0.041999999433755875
    ],
    [
      -0.07400000095367432,
      -0.0,
      0.12800000607967377
    ],
    [
      0.02500000037252903,
      0.0,
      -0.014999999664723873
    ],
    [
      -0.07400000095367432,
      -0.0,
      0.07400000095367432
    ],
    [
      -0.05700000002980232,
      -0.017999999225139618,
      -0.009999999776482582
    ],
    [
      -0.014000000432133675,
      0.0,
      -0.041999999433755875
    ],
    [
      -0.023000000044703484,
      0.0,
      -0.06499999761581421
    ],
    [
      -0.023000000044703484,
      -0.0,
      -0.07500000298023224
    ],
    [
      0.0,
      0.0,
      -0.15600000321865082
    ],
    [
      -0.052000001072883606,
      -0.0,
      -0.09700000286102295
    ],
    [
      -0.014000000432133675,
      0.0,
      -0.15600000321865082
    ]
  ],
  "mconf": [
    0.8452518582344055,
    0.6329620480537415,
    0.23708489537239075,
    0.9964393973350525,
    0.9843767285346985,
    0.9994654059410095,
    0.989825963973999,
    0.9966611266136169,
    0.9983869194984436,
    0.9980241656303406,
    0.7984654307365417,
    0.9998696446418762,
    0.9995188117027283
  ],
  "coverage_score": 0.6893917467430878,
  "pose_estimation_failed": false,
  "tracking_method": "loosely_coupled",
  "kf_translation_vector": [
    -0.008736410558507776,
    -0.09186355592299487,
    0.6726903201542143
  ],
  "kf_quaternion": [
    0.45287778444745486,
    -0.49075592345426045,
    -0.11719652512498863,
    0.735068235232042
  ],
  "kf_rotation_matrix": [
    [
      0.49084719618636796,
      -0.2722100248389543,
      -0.8276295864534793
    ],
    [
      -0.6167997964347666,
      0.562333373705185,
      -0.550762369752487
    ],
    [
      0.615326775879298,
      0.7808219254058639,
      0.10812067189704133
    ]
  ],
  "position_diff": 0.004141488235834035,
  "orientation_diff": 1.6264387763212518,
  "timestamp": 1741869607.6030889,
  "image_file": "webcam_000004"
}