{
  "frame": 47,
  "object_rotation_in_cam": [
    [
      0.34151048773848103,
      -0.28586155697347365,
      -0.8953511919963731
    ],
    [
      -0.5192655503849557,
      0.7366505584029651,
      -0.4332542475129455
    ],
    [
      0.7834116893103101,
      0.6128858988827375,
      0.10313583277728987
    ]
  ],
  "object_translation_in_cam": [
    -0.0528030137393446,
    -0.027760394962634164,
    0.717766516228437
  ],
  "raw_rvec": [
    0.7773562965752777,
    -1.2474398394295205,
    -0.17343571465959653
  ],
  "refined_raw_rvec": [
    0.7773562965752777,
    -1.2474398394295205,
    -0.17343571465959653
  ],
  "num_inliers": 13,
  "total_matches": 29,
  "inlier_ratio": 0.4482758620689655,
  "reprojection_errors": [
    3.110396385192871,
    0.5837389230728149,
    3.658890962600708,
    3.0172619819641113,
    4.641611099243164,
    1.6161738634109497,
    2.965928077697754,
    1.8827279806137085,
    2.872950315475464,
    4.18282413482666,
    2.5968823432922363,
    1.8559291362762451,
    1.5836632251739502
  ],
  "mean_reprojection_error": 2.6591525077819824,
  "std_reprojection_error": 1.0928642749786377,
  "inliers": [
    1,
    2,
    6,
    10,
    11,
    14,
    15,
    16,
    17,
    18,
    20,
    21,
    22
  ],
  "mkpts0": [
    [
      636.375,
      157.625
    ],
    [
      663.875,
      165.125
    ],
    [
      656.375,
      171.375
    ],
    [
      356.375,
      195.125
    ],
    [
      745.125,
      201.375
    ],
    [
      793.875,
      220.125
    ],
    [
      705.125,
      223.875
    ],
    [
      425.125,
      242.625
    ],
    [
      413.875,
      248.875
    ],
    [
      436.375,
      260.125
    ],
    [
      478.875,
      281.375
    ],
    [
      590.125,
      283.875
    ],
    [
      522.625,
      286.375
    ],
    [
      386.375,
      288.875
    ],
    [
      511.375,
      292.625
    ],
    [
      597.625,
      297.625
    ],
    [
      430.125,
      311.375
    ],
    [
      575.125,
      312.625
    ],
    [
      540.125,
      313.875
    ],
    [
      518.875,
      327.625
    ],
    [
      586.375,
      330.125
    ],
    [
      602.625,
      347.625
    ],
    [
      611.375,
      352.625
    ],
    [
      636.375,
      357.625
    ],
    [
      617.625,
      368.875
    ],
    [
      650.125,
      376.375
    ],
    [
      715.125,
      383.875
    ],
    [
      595.125,
      388.875
    ],
    [
      702.625,
      391.375
    ]
  ],
  "mkpts1": [
    [
      495.125,
      20.125
    ],
    [
      541.375,
      42.625
    ],
    [
      536.375,
      48.875
    ],
    [
      61.375,
      47.625
    ],
    [
      687.625,
      111.375
    ],
    [
      771.375,
      147.625
    ],
    [
      640.125,
      138.875
    ],
    [
      211.375,
      148.875
    ],
    [
      197.625,
      157.625
    ],
    [
      251.375,
      183.875
    ],
    [
      345.125,
      222.625
    ],
    [
      540.125,
      238.875
    ],
    [
      422.625,
      238.875
    ],
    [
      185.125,
      231.375
    ],
    [
      408.875,
      250.125
    ],
    [
      546.375,
      261.375
    ],
    [
      286.375,
      280.125
    ],
    [
      522.625,
      287.625
    ],
    [
      491.375,
      290.125
    ],
    [
      468.875,
      315.125
    ],
    [
      562.625,
      321.375
    ],
    [
      601.375,
      353.875
    ],
    [
      620.125,
      363.875
    ],
    [
      660.125,
      372.625
    ],
    [
      641.375,
      391.375
    ],
    [
      696.375,
      406.375
    ],
    [
      788.875,
      417.625
    ],
    [
      623.875,
      428.875
    ],
    [
      782.625,
      433.875
    ]
  ],
  "mpts3D": [
    [
      0.23000000417232513,
      -0.0,
      0.11299999803304672
    ],
    [
      0.23000000417232513,
      -0.0,
      0.07000000029802322
    ],
    [
      0.21699999272823334,
      0.0,
      0.07000000029802322
    ],
    [
      -0.0,
      -0.02500000037252903,
      0.23999999463558197
    ],
    [
      0.21699999272823334,
      -0.0,
      -0.027000000700354576
    ],
    [
      0.21699999272823334,
      -0.0,
      -0.07000000029802322
    ],
    [
      0.17000000178813934,
      -0.0,
      -0.014999999664723873
    ],
    [
      -0.0,
      -0.0,
      0.15600000321865082
    ],
    [
      -0.014000000432133675,
      0.0,
      0.15600000321865082
    ],
    [
      -0.01899999938905239,
      -0.0,
      0.12800000607967377
    ],
    [
      -0.01899999938905239,
      -0.0,
      0.07400000095367432
    ],
    [
      0.02500000037252903,
      -0.014000000432133675,
      -0.010999999940395355
    ],
    [
      0.0,
      0.0,
      0.041999999433755875
    ],
    [
      -0.07400000095367432,
      -0.0,
      0.12800000607967377
    ],
    [
      -0.014000000432133675,
      0.0,
      0.041999999433755875
    ],
    [
      0.02500000037252903,
      0.0,
      -0.014999999664723873
    ],
    [
      -0.07400000095367432,
      -0.0,
      0.07400000095367432
    ],
    [
      0.0,
      -0.0,
      -0.014999999664723873
    ],
    [
      -0.03500000014901161,
      -0.017999999225139618,
      -0.009999999776482582
    ],
    [
      -0.05700000002980232,
      -0.017999999225139618,
      -0.009999999776482582
    ],
    [
      -0.014000000432133675,
      0.0,
      -0.041999999433755875
    ],
    [
      -0.023000000044703484,
      0.0,
      -0.06499999761581421
    ],
    [
      -0.023000000044703484,
      -0.0,
      -0.07500000298023224
    ],
    [
      -0.017000000923871994,
      -0.0,
      -0.09200000017881393
    ],
    [
      -0.03700000047683716,
      -0.0,
      -0.09700000286102295
    ],
    [
      -0.028999999165534973,
      -0.0,
      -0.12700000405311584
    ],
    [
      0.0,
      0.0,
      -0.15600000321865082
    ],
    [
      -0.052000001072883606,
      -0.0,
      -0.09700000286102295
    ],
    [
      -0.014000000432133675,
      0.0,
      -0.15600000321865082
    ]
  ],
  "mconf": [
    0.6183679699897766,
    0.11722078174352646,
    0.8791236281394958,
    0.9635620713233948,
    0.49722182750701904,
    0.3574376106262207,
    0.9087072610855103,
    0.9128660559654236,
    0.9978117346763611,
    0.9786003828048706,
    0.9988349080085754,
    0.9261625409126282,
    0.3097786009311676,
    0.9963769912719727,
    0.9103625416755676,
    0.969285249710083,
    0.9990416765213013,
    0.9783759117126465,
    0.9972662329673767,
    0.9979521632194519,
    0.9983062148094177,
    0.9986952543258667,
    0.9998603463172913,
    0.9998788833618164,
    0.9992676377296448,
    0.9993523359298706,
    0.8045492768287659,
    0.9998481869697571,
    0.9989928007125854
  ],
  "coverage_score": 0.9795739585136223,
  "pose_estimation_failed": false,
  "tracking_method": "loosely_coupled",
  "kf_translation_vector": [
    -0.019928670944494745,
    -0.04855722289555386,
    0.7281497012714434
  ],
  "kf_quaternion": [
    0.45775378095675956,
    -0.4713917727041552,
    -0.1129152996974567,
    0.7453196681564621
  ],
  "kf_rotation_matrix": [
    [
      0.5300798634421352,
      -0.26324674513388113,
      -0.8060499299358477
    ],
    [
      -0.5998787199350647,
      0.5554232222280491,
      -0.5758911056605056
    ],
    [
      0.5993003084783419,
      0.7888004788197258,
      0.13650254529325012
    ]
  ],
  "position_diff": 0.04229244292982643,
  "orientation_diff": 16.769635062076404,
  "timestamp": 1741869613.374706,
  "image_file": "webcam_000047"
}