{
  "frame": 194,
  "object_rotation_in_cam": [
    [
      0.6153910530376184,
      -0.17680356708542988,
      -0.768136934736977
    ],
    [
      -0.5460142310569155,
      0.6072125957655392,
      -0.5772012846719947
    ],
    [
      0.5684736681013257,
      0.7746182041557916,
      0.27713593499559014
    ]
  ],
  "object_translation_in_cam": [
    0.025466768496873522,
    -0.031057879562447415,
    0.7002571113039977
  ],
  "raw_rvec": [
    0.9202078942098028,
    -0.9098549313583828,
    -0.2513283544296394
  ],
  "refined_raw_rvec": [
    0.9202078942098028,
    -0.9098549313583828,
    -0.2513283544296394
  ],
  "num_inliers": 14,
  "total_matches": 22,
  "inlier_ratio": 0.6363636363636364,
  "reprojection_errors": [
    0.7086297273635864,
    0.34252265095710754,
    0.894461452960968,
    3.7215750217437744,
    2.4029428958892822,
    2.181900978088379,
    1.6994973421096802,
    2.7263426780700684,
    2.3991878032684326,
    0.3602023422718048,
    1.3404057025909424,
    2.8070693016052246,
    2.106037139892578,
    2.0861003398895264
  ],
  "mean_reprojection_error": 1.841205358505249,
  "std_reprojection_error": 0.9641643762588501,
  "inliers": [
    0,
    2,
    5,
    7,
    8,
    9,
    10,
    11,
    13,
    14,
    15,
    16,
    17,
    18
  ],
  "mkpts0": [
    [
      745.125,
      201.375
    ],
    [
      793.875,
      220.125
    ],
    [
      705.125,
      223.875
    ],
    [
      425.125,
      242.625
    ],
    [
      413.875,
      248.875
    ],
    [
      436.375,
      260.125
    ],
    [
      478.875,
      281.375
    ],
    [
      590.125,
      283.875
    ],
    [
      522.625,
      286.375
    ],
    [
      386.375,
      288.875
    ],
    [
      511.375,
      292.625
    ],
    [
      597.625,
      297.625
    ],
    [
      430.125,
      311.375
    ],
    [
      575.125,
      312.625
    ],
    [
      540.125,
      313.875
    ],
    [
      518.875,
      327.625
    ],
    [
      586.375,
      330.125
    ],
    [
      602.625,
      347.625
    ],
    [
      611.375,
      352.625
    ],
    [
      636.375,
      357.625
    ],
    [
      650.125,
      376.375
    ],
    [
      595.125,
      388.875
    ]
  ],
  "mkpts1": [
    [
      928.875,
      86.375
    ],
    [
      1012.625,
      136.375
    ],
    [
      865.125,
      116.375
    ],
    [
      407.625,
      97.625
    ],
    [
      390.125,
      106.375
    ],
    [
      433.875,
      137.625
    ],
    [
      516.375,
      193.875
    ],
    [
      710.125,
      233.875
    ],
    [
      590.125,
      217.625
    ],
    [
      353.875,
      190.125
    ],
    [
      571.375,
      228.875
    ],
    [
      715.125,
      255.125
    ],
    [
      438.875,
      252.625
    ],
    [
      680.125,
      282.625
    ],
    [
      637.625,
      291.375
    ],
    [
      606.375,
      317.625
    ],
    [
      710.125,
      327.625
    ],
    [
      740.125,
      368.875
    ],
    [
      757.625,
      383.875
    ],
    [
      800.125,
      398.875
    ],
    [
      825.125,
      442.625
    ],
    [
      741.375,
      457.625
    ]
  ],
  "mpts3D": [
    [
      0.21699999272823334,
      -0.0,
      -0.027000000700354576
    ],
    [
      0.21699999272823334,
      -0.0,
      -0.07000000029802322
    ],
    [
      0.17000000178813934,
      -0.0,
      -0.014999999664723873
    ],
    [
      -0.0,
      -0.0,
      0.15600000321865082
    ],
    [
      -0.014000000432133675,
      0.0,
      0.15600000321865082
    ],
    [
      -0.01899999938905239,
      -0.0,
      0.12800000607967377
    ],
    [
      -0.01899999938905239,
      -0.0,
      0.07400000095367432
    ],
    [
      0.02500000037252903,
      -0.014000000432133675,
      -0.010999999940395355
    ],
    [
      0.0,
      0.0,
      0.041999999433755875
    ],
    [
      -0.07400000095367432,
      -0.0,
      0.12800000607967377
    ],
    [
      -0.014000000432133675,
      0.0,
      0.041999999433755875
    ],
    [
      0.02500000037252903,
      0.0,
      -0.014999999664723873
    ],
    [
      -0.07400000095367432,
      -0.0,
      0.07400000095367432
    ],
    [
      0.0,
      -0.0,
      -0.014999999664723873
    ],
    [
      -0.03500000014901161,
      -0.017999999225139618,
      -0.009999999776482582
    ],
    [
      -0.05700000002980232,
      -0.017999999225139618,
      -0.009999999776482582
    ],
    [
      -0.014000000432133675,
      0.0,
      -0.041999999433755875
    ],
    [
      -0.023000000044703484,
      0.0,
      -0.06499999761581421
    ],
    [
      -0.023000000044703484,
      -0.0,
      -0.07500000298023224
    ],
    [
      -0.017000000923871994,
      -0.0,
      -0.09200000017881393
    ],
    [
      -0.028999999165534973,
      -0.0,
      -0.12700000405311584
    ],
    [
      -0.052000001072883606,
      -0.0,
      -0.09700000286102295
    ]
  ],
  "mconf": [
    0.9340251088142395,
    0.8526198267936707,
    0.7640379667282104,
    0.9606118202209473,
    0.9956064224243164,
    0.9976986646652222,
    0.9946604371070862,
    0.9092288017272949,
    0.7983390092849731,
    0.9962589740753174,
    0.9734453558921814,
    0.9627552032470703,
    0.998175859451294,
    0.9896204471588135,
    0.9944929480552673,
    0.9990453720092773,
    0.997265100479126,
    0.9959884285926819,
    0.9946948885917664,
    0.9991708397865295,
    0.9993686079978943,
    0.9990711212158203
  ],
  "coverage_score": 0.7772925846688996,
  "pose_estimation_failed": false,
  "tracking_method": "loosely_coupled",
  "kf_translation_vector": [
    0.0267611004570275,
    -0.028724319909188438,
    0.779083072820338
  ],
  "kf_quaternion": [
    0.3977229285309563,
    -0.4458249100402941,
    -0.16301347635814026,
    0.7851644593548269
  ],
  "kf_rotation_matrix": [
    [
      0.5493335122263954,
      -0.09864480160197175,
      -0.8297601433317465
    ],
    [
      -0.6106143537311319,
      0.6304861572927878,
      -0.47920487944060663
    ],
    [
      0.570423354503061,
      0.7699067531715006,
      0.2861132434166469
    ]
  ],
  "position_diff": 0.08249268546769375,
  "orientation_diff": 6.796933744488743,
  "timestamp": 1741869962.521262,
  "image_file": "webcam_000194"
}