{
  "frame": 115,
  "object_rotation_in_cam": [
    [
      0.615452285703217,
      -0.21320431409579893,
      -0.7587900924983308
    ],
    [
      -0.5480751384999636,
      0.5760894347078458,
      -0.6064112513601971
    ],
    [
      0.5664204503555035,
      0.7890911757642043,
      0.23770357538357317
    ]
  ],
  "object_translation_in_cam": [
    -0.00033861680914926617,
    -0.04356075692482648,
    0.69060837265862
  ],
  "raw_rvec": [
    0.967646673634485,
    -0.918906014588787,
    -0.23220069921314546
  ],
  "refined_raw_rvec": [
    0.967646673634485,
    -0.918906014588787,
    -0.23220069921314546
  ],
  "num_inliers": 15,
  "total_matches": 27,
  "inlier_ratio": 0.5555555555555556,
  "reprojection_errors": [
    2.5554542541503906,
    0.34407663345336914,
    2.0268445014953613,
    1.6538563966751099,
    3.8418734073638916,
    3.979146718978882,
    3.12170147895813,
    1.6021164655685425,
    2.44524884223938,
    2.0793874263763428,
    0.40383434295654297,
    1.374649167060852,
    3.522512435913086,
    2.4486160278320312,
    3.3167428970336914
  ],
  "mean_reprojection_error": 2.314404010772705,
  "std_reprojection_error": 1.0896762609481812,
  "inliers": [
    0,
    3,
    4,
    7,
    8,
    9,
    10,
    11,
    13,
    16,
    17,
    18,
    19,
    20,
    21
  ],
  "mkpts0": [
    [
      745.125,
      201.375
    ],
    [
      805.125,
      212.625
    ],
    [
      793.875,
      220.125
    ],
    [
      705.125,
      223.875
    ],
    [
      835.125,
      225.125
    ],
    [
      425.125,
      242.625
    ],
    [
      413.875,
      248.875
    ],
    [
      436.375,
      260.125
    ],
    [
      478.875,
      281.375
    ],
    [
      590.125,
      283.875
    ],
    [
      522.625,
      286.375
    ],
    [
      386.375,
      288.875
    ],
    [
      350.125,
      290.125
    ],
    [
      511.375,
      292.625
    ],
    [
      597.625,
      297.625
    ],
    [
      430.125,
      311.375
    ],
    [
      575.125,
      312.625
    ],
    [
      540.125,
      313.875
    ],
    [
      518.875,
      327.625
    ],
    [
      586.375,
      330.125
    ],
    [
      602.625,
      347.625
    ],
    [
      611.375,
      352.625
    ],
    [
      636.375,
      357.625
    ],
    [
      617.625,
      368.875
    ],
    [
      650.125,
      376.375
    ],
    [
      595.125,
      388.875
    ],
    [
      702.625,
      391.375
    ]
  ],
  "mkpts1": [
    [
      886.375,
      62.625
    ],
    [
      982.625,
      106.375
    ],
    [
      968.875,
      116.375
    ],
    [
      820.125,
      91.375
    ],
    [
      1033.875,
      136.375
    ],
    [
      352.625,
      58.875
    ],
    [
      335.125,
      67.625
    ],
    [
      377.625,
      101.375
    ],
    [
      462.625,
      161.375
    ],
    [
      657.625,
      207.625
    ],
    [
      536.375,
      187.625
    ],
    [
      293.875,
      152.625
    ],
    [
      228.875,
      135.125
    ],
    [
      516.375,
      197.625
    ],
    [
      663.875,
      230.125
    ],
    [
      380.125,
      218.875
    ],
    [
      626.375,
      256.375
    ],
    [
      581.375,
      265.125
    ],
    [
      548.875,
      291.375
    ],
    [
      655.125,
      302.625
    ],
    [
      683.875,
      346.375
    ],
    [
      701.375,
      362.625
    ],
    [
      742.625,
      377.625
    ],
    [
      715.125,
      397.625
    ],
    [
      768.875,
      423.875
    ],
    [
      681.375,
      437.625
    ],
    [
      857.625,
      467.625
    ]
  ],
  "mpts3D": [
    [
      0.21699999272823334,
      -0.0,
      -0.027000000700354576
    ],
    [
      0.23000000417232513,
      0.0,
      -0.07000000029802322
    ],
    [
      0.21699999272823334,
      -0.0,
      -0.07000000029802322
    ],
    [
      0.17000000178813934,
      -0.0,
      -0.014999999664723873
    ],
    [
      0.23000000417232513,
      -0.0,
      -0.11299999803304672
    ],
    [
      -0.0,
      -0.0,
      0.15600000321865082
    ],
    [
      -0.014000000432133675,
      0.0,
      0.15600000321865082
    ],
    [
      -0.01899999938905239,
      -0.0,
      0.12800000607967377
    ],
    [
      -0.01899999938905239,
      -0.0,
      0.07400000095367432
    ],
    [
      0.02500000037252903,
      -0.014000000432133675,
      -0.010999999940395355
    ],
    [
      0.0,
      0.0,
      0.041999999433755875
    ],
    [
      -0.07400000095367432,
      -0.0,
      0.12800000607967377
    ],
    [
      -0.07999999821186066,
      -0.0,
      0.15600000321865082
    ],
    [
      -0.014000000432133675,
      0.0,
      0.041999999433755875
    ],
    [
      0.02500000037252903,
      0.0,
      -0.014999999664723873
    ],
    [
      -0.07400000095367432,
      -0.0,
      0.07400000095367432
    ],
    [
      0.0,
      -0.0,
      -0.014999999664723873
    ],
    [
      -0.03500000014901161,
      -0.017999999225139618,
      -0.009999999776482582
    ],
    [
      -0.05700000002980232,
      -0.017999999225139618,
      -0.009999999776482582
    ],
    [
      -0.014000000432133675,
      0.0,
      -0.041999999433755875
    ],
    [
      -0.023000000044703484,
      0.0,
      -0.06499999761581421
    ],
    [
      -0.023000000044703484,
      -0.0,
      -0.07500000298023224
    ],
    [
      -0.017000000923871994,
      -0.0,
      -0.09200000017881393
    ],
    [
      -0.03700000047683716,
      -0.0,
      -0.09700000286102295
    ],
    [
      -0.028999999165534973,
      -0.0,
      -0.12700000405311584
    ],
    [
      -0.052000001072883606,
      -0.0,
      -0.09700000286102295
    ],
    [
      -0.014000000432133675,
      0.0,
      -0.15600000321865082
    ]
  ],
  "mconf": [
    0.9501343965530396,
    0.6725082397460938,
    0.9741252064704895,
    0.7443748712539673,
    0.3709225058555603,
    0.8230209946632385,
    0.9931890368461609,
    0.9961646795272827,
    0.9949917197227478,
    0.9681439399719238,
    0.9024881720542908,
    0.9934389591217041,
    0.2245914489030838,
    0.995735764503479,
    0.9797751903533936,
    0.9982908368110657,
    0.99410480260849,
    0.996997594833374,
    0.9987999200820923,
    0.9993009567260742,
    0.9983812570571899,
    0.9977239370346069,
    0.9996662735939026,
    0.9994967579841614,
    0.9994474053382874,
    0.9995129108428955,
    0.15867702662944794
  ],
  "coverage_score": 0.7883106100537457,
  "pose_estimation_failed": false,
  "tracking_method": "loosely_coupled",
  "kf_translation_vector": [
    -0.001591172798446454,
    -0.04376578755381922,
    0.7647384217269952
  ],
  "kf_quaternion": [
    0.4373245497628046,
    -0.42724783141206296,
    -0.12190991654305061,
    0.781885222380444
  ],
  "kf_rotation_matrix": [
    [
      0.6051945256043118,
      -0.18305280660554116,
      -0.774745930077988
    ],
    [
      -0.5643310554321191,
      0.5877704208464534,
      -0.5797037107461482
    ],
    [
      0.5614891326227451,
      0.788046700628724,
      0.25241305745689935
    ]
  ],
  "position_diff": 0.07748245775279208,
  "orientation_diff": 2.0194450470329675,
  "timestamp": 1741869951.7758403,
  "image_file": "webcam_000115"
}