{
  "frame": 79,
  "object_rotation_in_cam": [
    [
      0.6504042476143946,
      -0.20464504328905625,
      -0.7315016889538765
    ],
    [
      -0.3334774198554095,
      0.7883235187215379,
      -0.5170481991817323
    ],
    [
      0.6824713364909419,
      0.5802296408213853,
      0.4444844640485809
    ]
  ],
  "object_translation_in_cam": [
    -0.019859792422606003,
    -0.00010354319188233577,
    0.6554240680312438
  ],
  "raw_rvec": [
    0.6808437249704801,
    -0.8773481305782084,
    -0.07993847315643078
  ],
  "refined_raw_rvec": [
    0.6808437249704801,
    -0.8773481305782084,
    -0.07993847315643078
  ],
  "num_inliers": 13,
  "total_matches": 36,
  "inlier_ratio": 0.3611111111111111,
  "reprojection_errors": [
    0.500924825668335,
    1.7737559080123901,
    1.3154613971710205,
    4.8323540687561035,
    3.206289529800415,
    2.611959457397461,
    1.6760056018829346,
    3.980036735534668,
    2.9596283435821533,
    3.7077348232269287,
    3.286205768585205,
    2.640812873840332,
    2.250091791152954
  ],
  "mean_reprojection_error": 2.6724047660827637,
  "std_reprojection_error": 1.1344763040542603,
  "inliers": [
    3,
    10,
    13,
    16,
    17,
    19,
    20,
    22,
    23,
    24,
    27,
    28,
    35
  ],
  "mkpts0": [
    [
      751.375,
      76.375
    ],
    [
      727.625,
      126.375
    ],
    [
      727.625,
      143.875
    ],
    [
      636.375,
      157.625
    ],
    [
      663.875,
      165.125
    ],
    [
      656.375,
      171.375
    ],
    [
      356.375,
      195.125
    ],
    [
      745.125,
      201.375
    ],
    [
      805.125,
      212.625
    ],
    [
      793.875,
      220.125
    ],
    [
      705.125,
      223.875
    ],
    [
      425.125,
      242.625
    ],
    [
      413.875,
      248.875
    ],
    [
      436.375,
      260.125
    ],
    [
      478.875,
      281.375
    ],
    [
      590.125,
      283.875
    ],
    [
      522.625,
      286.375
    ],
    [
      386.375,
      288.875
    ],
    [
      350.125,
      290.125
    ],
    [
      511.375,
      292.625
    ],
    [
      597.625,
      297.625
    ],
    [
      430.125,
      311.375
    ],
    [
      575.125,
      312.625
    ],
    [
      540.125,
      313.875
    ],
    [
      518.875,
      327.625
    ],
    [
      586.375,
      330.125
    ],
    [
      470.125,
      338.875
    ],
    [
      602.625,
      347.625
    ],
    [
      611.375,
      352.625
    ],
    [
      636.375,
      357.625
    ],
    [
      617.625,
      368.875
    ],
    [
      650.125,
      376.375
    ],
    [
      496.375,
      377.625
    ],
    [
      516.375,
      388.875
    ],
    [
      595.125,
      388.875
    ],
    [
      702.625,
      391.375
    ]
  ],
  "mkpts1": [
    [
      916.375,
      11.375
    ],
    [
      868.875,
      83.875
    ],
    [
      861.375,
      110.125
    ],
    [
      683.875,
      100.125
    ],
    [
      727.625,
      126.375
    ],
    [
      715.125,
      131.375
    ],
    [
      210.125,
      62.625
    ],
    [
      862.625,
      213.875
    ],
    [
      958.875,
      255.125
    ],
    [
      946.375,
      261.375
    ],
    [
      800.125,
      236.375
    ],
    [
      320.125,
      171.375
    ],
    [
      298.875,
      175.125
    ],
    [
      340.125,
      203.875
    ],
    [
      417.625,
      253.875
    ],
    [
      617.625,
      302.625
    ],
    [
      490.125,
      280.125
    ],
    [
      245.125,
      235.125
    ],
    [
      172.625,
      222.625
    ],
    [
      471.375,
      288.875
    ],
    [
      622.625,
      327.625
    ],
    [
      325.125,
      293.875
    ],
    [
      581.375,
      343.875
    ],
    [
      530.125,
      337.625
    ],
    [
      492.625,
      356.375
    ],
    [
      608.875,
      385.125
    ],
    [
      398.875,
      357.625
    ],
    [
      636.375,
      423.875
    ],
    [
      653.875,
      437.625
    ],
    [
      696.375,
      453.875
    ],
    [
      666.375,
      470.125
    ],
    [
      723.875,
      496.375
    ],
    [
      437.625,
      442.625
    ],
    [
      495.125,
      486.375
    ],
    [
      627.625,
      501.375
    ],
    [
      821.375,
      546.375
    ]
  ],
  "mpts3D": [
    [
      0.24300000071525574,
      -0.10400000214576721,
      0.0
    ],
    [
      0.20600000023841858,
      -0.07000000029802322,
      -0.0020000000949949026
    ],
    [
      0.20600000023841858,
      -0.054999999701976776,
      -0.0020000000949949026
    ],
    [
      0.23000000417232513,
      -0.0,
      0.11299999803304672
    ],
    [
      0.23000000417232513,
      -0.0,
      0.07000000029802322
    ],
    [
      0.21699999272823334,
      0.0,
      0.07000000029802322
    ],
    [
      -0.0,
      -0.02500000037252903,
      0.23999999463558197
    ],
    [
      0.21699999272823334,
      -0.0,
      -0.027000000700354576
    ],
    [
      0.23000000417232513,
      0.0,
      -0.07000000029802322
    ],
    [
      0.21699999272823334,
      -0.0,
      -0.07000000029802322
    ],
    [
      0.17000000178813934,
      -0.0,
      -0.014999999664723873
    ],
    [
      -0.0,
      -0.0,
      0.15600000321865082
    ],
    [
      -0.014000000432133675,
      0.0,
      0.15600000321865082
    ],
    [
      -0.01899999938905239,
      -0.0,
      0.12800000607967377
    ],
    [
      -0.01899999938905239,
      -0.0,
      0.07400000095367432
    ],
    [
      0.02500000037252903,
      -0.014000000432133675,
      -0.010999999940395355
    ],
    [
      0.0,
      0.0,
      0.041999999433755875
    ],
    [
      -0.07400000095367432,
      -0.0,
      0.12800000607967377
    ],
    [
      -0.07999999821186066,
      -0.0,
      0.15600000321865082
    ],
    [
      -0.014000000432133675,
      0.0,
      0.041999999433755875
    ],
    [
      0.02500000037252903,
      0.0,
      -0.014999999664723873
    ],
    [
      -0.07400000095367432,
      -0.0,
      0.07400000095367432
    ],
    [
      0.0,
      -0.0,
      -0.014999999664723873
    ],
    [
      -0.03500000014901161,
      -0.017999999225139618,
      -0.009999999776482582
    ],
    [
      -0.05700000002980232,
      -0.017999999225139618,
      -0.009999999776482582
    ],
    [
      -0.014000000432133675,
      0.0,
      -0.041999999433755875
    ],
    [
      -0.10000000149011612,
      -0.029999999329447746,
      0.0
    ],
    [
      -0.023000000044703484,
      0.0,
      -0.06499999761581421
    ],
    [
      -0.023000000044703484,
      -0.0,
      -0.07500000298023224
    ],
    [
      -0.017000000923871994,
      -0.0,
      -0.09200000017881393
    ],
    [
      -0.03700000047683716,
      -0.0,
      -0.09700000286102295
    ],
    [
      -0.028999999165534973,
      -0.0,
      -0.12700000405311584
    ],
    [
      -0.09000000357627869,
      -0.0,
      -0.014999999664723873
    ],
    [
      -0.09000000357627869,
      -0.0,
      -0.041999999433755875
    ],
    [
      -0.052000001072883606,
      -0.0,
      -0.09700000286102295
    ],
    [
      -0.014000000432133675,
      0.0,
      -0.15600000321865082
    ]
  ],