{
  "frame": 10,
  "object_rotation_in_cam": [
    [
      0.630457209640205,
      -0.22781065879670775,
      -0.7420417849092439
    ],
    [
      -0.5253315031400154,
      0.578543429672126,
      -0.6239505683881263
    ],
    [
      0.5714459892424993,
      0.7831920605584712,
      0.2450707605097711
    ]
  ],
  "object_translation_in_cam": [
    -0.0038164588370947147,
    -0.02944209131376301,
    0.602118003998681
  ],
  "raw_rvec": [
    0.969339220265003,
    -0.9048231420414063,
    -0.20495336957009505
  ],
  "refined_raw_rvec": [
    0.969339220265003,
    -0.9048231420414063,
    -0.20495336957009505
  ],
  "num_inliers": 13,
  "total_matches": 25,
  "inlier_ratio": 0.52,
  "reprojection_errors": [
    0.6706568002700806,
    0.9962900280952454,
    1.189741611480713,
    3.6932766437530518,
    3.2739460468292236,
    2.619529962539673,
    2.868751287460327,
    4.038561820983887,
    2.7076735496520996,
    1.5321044921875,
    2.7556443214416504,
    2.84273099899292,
    2.6084394454956055
  ],
  "mean_reprojection_error": 2.4459497928619385,
  "std_reprojection_error": 1.0000501871109009,
  "inliers": [
    0,
    2,
    5,
    8,
    9,
    11,
    12,
    13,
    14,
    15,
    16,
    19,
    20
  ],
  "mkpts0": [
    [
      745.125,
      201.375
    ],
    [
      793.875,
      220.125
    ],
    [
      705.125,
      223.875
    ],
    [
      425.125,
      242.625
    ],
    [
      413.875,
      248.875
    ],
    [
      436.375,
      260.125
    ],
    [
      478.875,
      281.375
    ],
    [
      590.125,
      283.875
    ],
    [
      522.625,
      286.375
    ],
    [
      386.375,
      288.875
    ],
    [
      350.125,
      290.125
    ],
    [
      511.375,
      292.625
    ],
    [
      597.625,
      297.625
    ],
    [
      430.125,
      311.375
    ],
    [
      575.125,
      312.625
    ],
    [
      540.125,
      313.875
    ],
    [
      518.875,
      327.625
    ],
    [
      586.375,
      330.125
    ],
    [
      470.125,
      338.875
    ],
    [
      602.625,
      347.625
    ],
    [
      611.375,
      352.625
    ],
    [
      617.625,
      368.875
    ],
    [
      650.125,
      376.375
    ],
    [
      595.125,
      388.875
    ],
    [
      702.625,
      391.375
    ]
  ],
  "mkpts1": [
    [
      917.625,
      68.875
    ],
    [
      1011.375,
      131.375
    ],
    [
      843.875,
      98.875
    ],
    [
      315.125,
      46.375
    ],
    [
      292.625,
      55.125
    ],
    [
      341.375,
      95.125
    ],
    [
      435.125,
      165.125
    ],
    [
      657.625,
      226.375
    ],
    [
      518.875,
      198.875
    ],
    [
      240.125,
      151.375
    ],
    [
      166.375,
      127.625
    ],
    [
      496.375,
      210.125
    ],
    [
      662.625,
      250.125
    ],
    [
      336.375,
      231.375
    ],
    [
      620.125,
      278.875
    ],
    [
      566.375,
      290.125
    ],
    [
      527.625,
      320.125
    ],
    [
      650.125,
      335.125
    ],
    [
      425.125,
      336.375
    ],
    [
      683.875,
      387.625
    ],
    [
      702.625,
      405.125
    ],
    [
      716.375,
      447.625
    ],
    [
      777.625,
      478.875
    ],
    [
      676.375,
      491.375
    ],
    [
      878.875,
      531.375
    ]
  ],
  "mpts3D": [
    [
      0.21699999272823334,
      -0.0,
      -0.027000000700354576
    ],
    [
      0.21699999272823334,
      -0.0,
      -0.07000000029802322
    ],
    [
      0.17000000178813934,
      -0.0,
      -0.014999999664723873
    ],
    [
      -0.0,
      -0.0,
      0.15600000321865082
    ],
    [
      -0.014000000432133675,
      0.0,
      0.15600000321865082
    ],
    [
      -0.01899999938905239,
      -0.0,
      0.12800000607967377
    ],
    [
      -0.01899999938905239,
      -0.0,
      0.07400000095367432
    ],
    [
      0.02500000037252903,
      -0.014000000432133675,
      -0.010999999940395355
    ],
    [
      0.0,
      0.0,
      0.041999999433755875
    ],
    [
      -0.07400000095367432,
      -0.0,
      0.12800000607967377
    ],
    [
      -0.07999999821186066,
      -0.0,
      0.15600000321865082
    ],
    [
      -0.014000000432133675,
      0.0,
      0.041999999433755875
    ],
    [
      0.02500000037252903,
      0.0,
      -0.014999999664723873
    ],
    [
      -0.07400000095367432,
      -0.0,
      0.07400000095367432
    ],
    [
      0.0,
      -0.0,
      -0.014999999664723873
    ],
    [
      -0.03500000014901161,
      -0.017999999225139618,
      -0.009999999776482582
    ],
    [
      -0.05700000002980232,
      -0.017999999225139618,
      -0.009999999776482582
    ],
    [
      -0.014000000432133675,
      0.0,
      -0.041999999433755875
    ],
    [
      -0.10000000149011612,
      -0.029999999329447746,
      0.0
    ],
    [
      -0.023000000044703484,
      0.0,
      -0.06499999761581421
    ],
    [
      -0.023000000044703484,
      -0.0,
      -0.07500000298023224
    ],
    [
      -0.03700000047683716,
      -0.0,
      -0.09700000286102295
    ],
    [
      -0.028999999165534973,
      -0.0,
      -0.12700000405311584
    ],
    [
      -0.052000001072883606,
      -0.0,
      -0.09700000286102295
    ],
    [
      -0.014000000432133675,
      0.0,
      -0.15600000321865082
    ]
  ],
  "mconf": [
    0.8321385979652405,
    0.6719337701797485,
    0.8735430240631104,
    0.6832829117774963,
    0.9893357157707214,
    0.9935061931610107,
    0.9945679903030396,
    0.5988657474517822,
    0.848578691482544,
    0.9904837608337402,
    0.2167821079492569,
    0.9835221171379089,
    0.9756195545196533,
    0.978293776512146,
    0.6908968687057495,
    0.9888949394226074,
    0.9982487559318542,
    0.9986354112625122,
    0.9853418469429016,
    0.9946187734603882,
    0.9781456589698792,
    0.9976528882980347,
    0.9888918995857239,
    0.9974978566169739,
    0.38905638456344604
  ],
  "coverage_score": 0.7863118319475819,
  "pose_estimation_failed": false,
  "tracking_method": "loosely_coupled",
  "kf_translation_vector": [
    0.001864571627670667,
    -0.03234432188269415,
    0.6072927380794644
  ],
  "kf_quaternion": [
    0.4603747011571933,
    -0.4120478096002059,
    -0.10026829262939206,
    0.7798833288584159
  ],
  "kf_rotation_matrix": [
    [
      0.640325744193718,
      -0.22299763474482168,
      -0.7350204053092515
    ],
    [
      -0.5357879140838618,
      0.5560028080552231,
      -0.6354464482207538
    ],
    [
      0.5503764642900579,
      0.8007077696219276,
      0.2365434742761947
    ]
  ],
  "position_diff": 0.008216059621284855,
  "orientation_diff": 1.691593347714024,
  "timestamp": 1741869937.6760352,
  "image_file": "webcam_000010"
}