{
  "frame": 45,
  "object_rotation_in_cam": [
    [
      0.4424932663259969,
      -0.2069059293241323,
      -0.872576441159551
    ],
    [
      -0.5284278251695409,
      0.725988735915948,
      -0.44011860777494116
    ],
    [
      0.7245438170619768,
      0.6558431914213035,
      0.21191027682389552
    ]
  ],
  "object_translation_in_cam": [
    -0.02980596854391229,
    -0.06030974802195805,
    0.7401368660314442
  ],
  "raw_rvec": [
    0.7699584372444574,
    -1.1220429571665362,
    -0.22588241364485537
  ],
  "refined_raw_rvec": [
    0.7699584372444574,
    -1.1220429571665362,
    -0.22588241364485537
  ],
  "num_inliers": 12,
  "total_matches": 19,
  "inlier_ratio": 0.631578947368421,
  "reprojection_errors": [
    1.1517109870910645,
    1.7751954793930054,
    1.4689321517944336,
    1.5346794128417969,
    1.4245647192001343,
    2.850736141204834,
    2.2583651542663574,
    2.1360628604888916,
    3.522437810897827,
    2.372191905975342,
    2.9861414432525635,
    0.7563425898551941
  ],
  "mean_reprojection_error": 2.019779920578003,
  "std_reprojection_error": 0.784200131893158,
  "inliers": [
    2,
    4,
    5,
    6,
    7,
    8,
    9,
    10,
    12,
    13,
    16,
    18
  ],
  "mkpts0": [
    [
      425.125,
      242.625
    ],
    [
      413.875,
      248.875
    ],
    [
      436.375,
      260.125
    ],
    [
      590.125,
      283.875
    ],
    [
      522.625,
      286.375
    ],
    [
      386.375,
      288.875
    ],
    [
      511.375,
      292.625
    ],
    [
      597.625,
      297.625
    ],
    [
      575.125,
      312.625
    ],
    [
      540.125,
      313.875
    ],
    [
      518.875,
      327.625
    ],
    [
      586.375,
      330.125
    ],
    [
      602.625,
      347.625
    ],
    [
      611.375,
      352.625
    ],
    [
      636.375,
      357.625
    ],
    [
      650.125,
      376.375
    ],
    [
      715.125,
      383.875
    ],
    [
      595.125,
      388.875
    ],
    [
      702.625,
      391.375
    ]
  ],
  "mkpts1": [
    [
      276.375,
      90.125
    ],
    [
      260.125,
      97.625
    ],
    [
      310.125,
      121.375
    ],
    [
      590.125,
      178.875
    ],
    [
      473.875,
      176.375
    ],
    [
      241.375,
      166.375
    ],
    [
      458.875,
      186.375
    ],
    [
      595.125,
      198.875
    ],
    [
      568.875,
      221.375
    ],
    [
      537.625,
      225.125
    ],
    [
      512.625,
      247.625
    ],
    [
      603.875,
      255.125
    ],
    [
      640.125,
      285.125
    ],
    [
      657.625,
      295.125
    ],
    [
      697.625,
      303.875
    ],
    [
      731.375,
      335.125
    ],
    [
      823.875,
      348.875
    ],
    [
      657.625,
      353.875
    ],
    [
      815.125,
      361.375
    ]
  ],
  "mpts3D": [
    [
      -0.0,
      -0.0,
      0.15600000321865082
    ],
    [
      -0.014000000432133675,
      0.0,
      0.15600000321865082
    ],
    [
      -0.01899999938905239,
      -0.0,
      0.12800000607967377
    ],
    [
      0.02500000037252903,
      -0.014000000432133675,
      -0.010999999940395355
    ],
    [
      0.0,
      0.0,
      0.041999999433755875
    ],
    [
      -0.07400000095367432,
      -0.0,
      0.12800000607967377
    ],
    [
      -0.014000000432133675,
      0.0,
      0.041999999433755875
    ],
    [
      0.02500000037252903,
      0.0,
      -0.014999999664723873
    ],
    [
      0.0,
      -0.0,
      -0.014999999664723873
    ],
    [
      -0.03500000014901161,
      -0.017999999225139618,
      -0.009999999776482582
    ],
    [
      -0.05700000002980232,
      -0.017999999225139618,
      -0.009999999776482582
    ],
    [
      -0.014000000432133675,
      0.0,
      -0.041999999433755875
    ],
    [
      -0.023000000044703484,
      0.0,
      -0.06499999761581421
    ],
    [
      -0.023000000044703484,
      -0.0,
      -0.07500000298023224
    ],
    [
      -0.017000000923871994,
      -0.0,
      -0.09200000017881393
    ],
    [
      -0.028999999165534973,
      -0.0,
      -0.12700000405311584
    ],
    [
      0.0,
      0.0,
      -0.15600000321865082
    ],
    [
      -0.052000001072883606,
      -0.0,
      -0.09700000286102295
    ],
    [
      -0.014000000432133675,
      0.0,
      -0.15600000321865082
    ]
  ],
  "mconf": [
    0.9577236175537109,
    0.9973583221435547,
    0.9969896078109741,
    0.8036448359489441,
    0.5376076102256775,
    0.9968411922454834,
    0.8761520981788635,
    0.9661451578140259,
    0.9905384182929993,
    0.986230731010437,
    0.9826862812042236,
    0.99753737449646,
    0.9996788501739502,
    0.9992912411689758,
    0.9999017119407654,
    0.9958587884902954,
    0.997139036655426,
    0.9997552633285522,
    0.9996824860572815
  ],
  "coverage_score": 0.6758220575766962,
  "pose_estimation_failed": false,
  "tracking_method": "loosely_coupled",
  "kf_translation_vector": [
    -0.016213304560978747,
    -0.04913023744029607,
    0.7282465730117753
  ],
  "kf_quaternion": [
    0.4584059849070612,
    -0.47137330466748223,
    -0.11298386302067427,
    0.7449200006344103
  ],
  "kf_rotation_matrix": [
    [
      0.5300837086875649,
      -0.26383280934390924,
      -0.8058557628370833
    ],
    [
      -0.6004885665960644,
      0.5541971993966254,
      -0.5764364193632643
    ],
    [
      0.5986858468106966,
      0.7894667269078777,
      0.13534232129648838
    ]
  ],
  "position_diff": 0.022458228405738256,
  "orientation_diff": 13.361887906291022,
  "timestamp": 1741869613.1067321,
  "image_file": "webcam_000045"
}