{
  "frame": 193,
  "object_rotation_in_cam": [
    [
      0.5423377055855321,
      -0.19282948762987306,
      -0.817732597980918
    ],
    [
      -0.5198077058973882,
      0.6876422620363216,
      -0.5069004521119165
    ],
    [
      0.6600528478765282,
      0.6999749339526178,
      0.2727000730621707
    ]
  ],
  "object_translation_in_cam": [
    -0.06576180274727837,
    -0.0042670829630233895,
    0.704929587006738
  ],
  "raw_rvec": [
    0.8209180428493511,
    -1.0051913809597581,
    -0.22241096478885633
  ],
  "refined_raw_rvec": [
    0.8209180428493511,
    -1.0051913809597581,
    -0.22241096478885633
  ],
  "num_inliers": 10,
  "total_matches": 31,
  "inlier_ratio": 0.3225806451612903,
  "reprojection_errors": [
    1.8429148197174072,
    2.9116556644439697,
    0.4647780954837799,
    1.0216128826141357,
    3.1804311275482178,
    1.1816802024841309,
    1.2336136102676392,
    2.907810688018799,
    2.4778456687927246,
    0.7521302700042725
  ],
  "mean_reprojection_error": 1.7974474430084229,
  "std_reprojection_error": 0.94972163438797,
  "inliers": [
    4,
    9,
    10,
    11,
    15,
    16,
    18,
    19,
    20,
    23
  ],
  "mkpts0": [
    [
      727.625,
      126.375
    ],
    [
      727.625,
      143.875
    ],
    [
      636.375,
      157.625
    ],
    [
      663.875,
      165.125
    ],
    [
      656.375,
      171.375
    ],
    [
      356.375,
      195.125
    ],
    [
      705.125,
      223.875
    ],
    [
      413.875,
      248.875
    ],
    [
      436.375,
      260.125
    ],
    [
      478.875,
      281.375
    ],
    [
      590.125,
      283.875
    ],
    [
      522.625,
      286.375
    ],
    [
      386.375,
      288.875
    ],
    [
      350.125,
      290.125
    ],
    [
      511.375,
      292.625
    ],
    [
      597.625,
      297.625
    ],
    [
      430.125,
      311.375
    ],
    [
      575.125,
      312.625
    ],
    [
      540.125,
      313.875
    ],
    [
      518.875,
      327.625
    ],
    [
      586.375,
      330.125
    ],
    [
      470.125,
      338.875
    ],
    [
      602.625,
      347.625
    ],
    [
      611.375,
      352.625
    ],
    [
      636.375,
      357.625
    ],
    [
      617.625,
      368.875
    ],
    [
      650.125,
      376.375
    ],
    [
      496.375,
      377.625
    ],
    [
      595.125,
      388.875
    ],
    [
      702.625,
      391.375
    ],
    [
      815.125,
      415.125
    ]
  ],
  "mkpts1": [
    [
      730.125,
      10.125
    ],
    [
      726.375,
      35.125
    ],
    [
      558.875,
      36.375
    ],
    [
      598.875,
      56.375
    ],
    [
      593.875,
      72.625
    ],
    [
      93.875,
      67.625
    ],
    [
      681.375,
      166.375
    ],
    [
      200.125,
      192.625
    ],
    [
      243.875,
      207.625
    ],
    [
      322.625,
      260.125
    ],
    [
      521.375,
      285.125
    ],
    [
      400.125,
      276.375
    ],
    [
      160.125,
      263.875
    ],
    [
      93.875,
      273.875
    ],
    [
      382.625,
      297.625
    ],
    [
      525.125,
      306.375
    ],
    [
      240.125,
      322.625
    ],
    [
      491.375,
      340.125
    ],
    [
      442.625,
      343.875
    ],
    [
      410.125,
      370.125
    ],
    [
      522.625,
      382.625
    ],
    [
      323.875,
      385.125
    ],
    [
      552.625,
      410.125
    ],
    [
      567.625,
      427.625
    ],
    [
      611.375,
      430.125
    ],
    [
      580.125,
      461.375
    ],
    [
      637.625,
      481.375
    ],
    [
      368.875,
      466.375
    ],
    [
      548.875,
      492.625
    ],
    [
      731.375,
      522.625
    ],
    [
      932.625,
      580.125
    ]
  ],
  "mpts3D": [
    [
      0.20600000023841858,
      -0.07000000029802322,
      -0.0020000000949949026
    ],
    [
      0.20600000023841858,
      -0.054999999701976776,
      -0.0020000000949949026
    ],
    [
      0.23000000417232513,
      -0.0,
      0.11299999803304672
    ],
    [
      0.23000000417232513,
      -0.0,
      0.07000000029802322
    ],
    [
      0.21699999272823334,
      0.0,
      0.07000000029802322
    ],
    [
      -0.0,
      -0.02500000037252903,
      0.23999999463558197
    ],
    [
      0.17000000178813934,
      -0.0,
      -0.014999999664723873
    ],
    [
      -0.014000000432133675,
      0.0,
      0.15600000321865082
    ],
    [
      -0.01899999938905239,
      -0.0,
      0.12800000607967377
    ],
    [
      -0.01899999938905239,
      -0.0,
      0.07400000095367432
    ],
    [
      0.02500000037252903,
      -0.014000000432133675,
      -0.010999999940395355
    ],
    [
      0.0,
      0.0,
      0.041999999433755875
    ],
    [
      -0.07400000095367432,
      -0.0,
      0.12800000607967377
    ],
    [
      -0.07999999821186066,
      -0.0,
      0.15600000321865082
    ],
    [
      -0.014000000432133675,
      0.0,
      0.041999999433755875
    ],
    [
      0.02500000037252903,
      0.0,
      -0.014999999664723873
    ],
    [
      -0.07400000095367432,
      -0.0,
      0.07400000095367432
    ],
    [
      0.0,
      -0.0,
      -0.014999999664723873
    ],
    [
      -0.03500000014901161,
      -0.017999999225139618,
      -0.009999999776482582
    ],
    [
      -0.05700000002980232,
      -0.017999999225139618,
      -0.009999999776482582
    ],
    [
      -0.014000000432133675,
      0.0,
      -0.041999999433755875
    ],
    [
      -0.10000000149011612,
      -0.029999999329447746,
      0.0
    ],
    [
      -0.023000000044703484,
      0.0,
      -0.06499999761581421
    ],
    [
      -0.023000000044703484,
      -0.0,
      -0.07500000298023224
    ],
    [
      -0.017000000923871994,
      -0.0,
      -0.09200000017881393
    ],
    [
      -0.03700000047683716,
      -0.0,
      -0.09700000286102295
    ],
    [
      -0.028999999165534973,
      -0.0,
      -0.12700000405311584
    ],
    [
      -0.09000000357627869,
      -0.0,
      -0.014999999664723873
    ],
    [
      -0.052000001072883606,
      -0.0,
      -0.09700000286102295
    ],
    [
      -0.014000000432133675,
      0.0,
      -0.15600000321865082
    ],
    [
      -0.0,
      -0.02500000037252903,
      -0.23999999463558197
    ]
  ],
  "mconf": [
    0.982526421546936,
    0.9224838018417358,
    0.6814877986907959,
    0.38781118392944336,
    0.980406641960144,
    0.9524903297424316,
    0.21122103929519653,
    0.996238648891449,
    0.9945865273475647,
    0.9705132842063904,
    0.4599098563194275,
    0.6121479868888855,
    0.9265872240066528,
    0.9083283543586731,
    0.6397505402565002,
    0.9639941453933716,
    0.996477484703064,
    0.623428225517273,
    0.8554458022117615,
    0.9982887506484985,
    0.2537361979484558,
    0.9971122741699219,
    0.9086872339248657,
    0.9511416554450989,
    0.8131735324859619,
    0.9918781518936157,
    0.9604816436767578,
    0.9602711796760559,
    0.5987820625305176,
    0.987226128578186,
    0.27868443727493286
  ],
  "coverage_score": 0.9182958340544894,
  "pose_estimation_failed": false,
  "tracking_method": "loosely_coupled",
  "kf_translation_vector": [
    -0.025453429530291758,
    -0.031914854052009264,
    0.7001680087456869
  ],
  "kf_quaternion": [
    0.4511434898618453,
    -0.4715295523961822,
    -0.12998624522179889,
    0.7464804142276404
  ],
  "kf_rotation_matrix": [
    [
      0.5215269145403888,
      -0.23139060332788686,
      -0.8212600477933519
    ],
    [
      -0.6195193480361432,
      0.5591462552168269,
      -0.5509548463221567
    ],
    [
      0.586690254579752,
      0.7961242704305376,
      0.14825886554466217
    ]
  ],
  "position_diff": 0.05158285726223925,
  "orientation_diff": 10.015975632962045,
  "timestamp": 1741869632.9940734,
  "image_file": "webcam_000193"
}