{
  "frame": 60,
  "object_rotation_in_cam": [
    [
      0.39457220802580634,
      -0.2590110549667763,
      -0.8816042457126881
    ],
    [
      -0.4373144384280066,
      0.7908859058901496,
      -0.4280835967503491
    ],
    [
      0.808126756515361,
      0.5544481556190045,
      0.198792324134125
    ]
  ],
  "object_translation_in_cam": [
    -0.045773447207057255,
    0.011929196367968666,
    0.7153108750684816
  ],
  "raw_rvec": [
    0.6895495712562009,
    -1.1858683297663617,
    -0.1251349092003719
  ],
  "refined_raw_rvec": [
    0.6895495712562009,
    -1.1858683297663617,
    -0.1251349092003719
  ],
  "num_inliers": 14,
  "total_matches": 30,
  "inlier_ratio": 0.4666666666666667,
  "reprojection_errors": [
    2.468777894973755,
    4.207024574279785,
    1.674363374710083,
    2.6031031608581543,
    2.878758430480957,
    2.339404582977295,
    0.8354601860046387,
    3.347682237625122,
    2.837024211883545,
    4.083367824554443,
    3.579521894454956,
    3.4862587451934814,
    2.5058224201202393,
    1.3049678802490234
  ],
  "mean_reprojection_error": 2.725109577178955,
  "std_reprojection_error": 0.9540563225746155,
  "inliers": [
    0,
    1,
    10,
    11,
    13,
    15,
    16,
    17,
    18,
    19,
    21,
    22,
    23,
    29
  ],
  "mkpts0": [
    [
      751.375,
      76.375
    ],
    [
      727.625,
      143.875
    ],
    [
      636.375,
      157.625
    ],
    [
      663.875,
      165.125
    ],
    [
      656.375,
      171.375
    ],
    [
      745.125,
      201.375
    ],
    [
      793.875,
      220.125
    ],
    [
      705.125,
      223.875
    ],
    [
      425.125,
      242.625
    ],
    [
      413.875,
      248.875
    ],
    [
      436.375,
      260.125
    ],
    [
      478.875,
      281.375
    ],
    [
      590.125,
      283.875
    ],
    [
      522.625,
      286.375
    ],
    [
      386.375,
      288.875
    ],
    [
      511.375,
      292.625
    ],
    [
      597.625,
      297.625
    ],
    [
      430.125,
      311.375
    ],
    [
      575.125,
      312.625
    ],
    [
      540.125,
      313.875
    ],
    [
      518.875,
      327.625
    ],
    [
      586.375,
      330.125
    ],
    [
      602.625,
      347.625
    ],
    [
      611.375,
      352.625
    ],
    [
      636.375,
      357.625
    ],
    [
      617.625,
      368.875
    ],
    [
      650.125,
      376.375
    ],
    [
      715.125,
      383.875
    ],
    [
      595.125,
      388.875
    ],
    [
      702.625,
      391.375
    ]
  ],
  "mkpts1": [
    [
      735.125,
      28.875
    ],
    [
      696.375,
      118.875
    ],
    [
      512.625,
      115.125
    ],
    [
      557.625,
      136.375
    ],
    [
      550.125,
      142.625
    ],
    [
      698.875,
      206.375
    ],
    [
      780.125,
      242.625
    ],
    [
      650.125,
      232.625
    ],
    [
      227.625,
      228.875
    ],
    [
      212.625,
      236.375
    ],
    [
      265.125,
      260.125
    ],
    [
      360.125,
      302.625
    ],
    [
      552.625,
      323.875
    ],
    [
      435.125,
      318.875
    ],
    [
      198.875,
      306.375
    ],
    [
      420.125,
      328.875
    ],
    [
      558.875,
      343.875
    ],
    [
      298.875,
      355.125
    ],
    [
      535.125,
      366.375
    ],
    [
      505.125,
      370.125
    ],
    [
      483.875,
      393.875
    ],
    [
      572.625,
      401.375
    ],
    [
      612.625,
      432.625
    ],
    [
      631.375,
      443.875
    ],
    [
      671.375,
      453.875
    ],
    [
      653.875,
      471.375
    ],
    [
      706.375,
      486.375
    ],
    [
      798.875,
      501.375
    ],
    [
      636.375,
      503.875
    ],
    [
      791.375,
      513.875
    ]
  ],
  "mpts3D": [
    [
      0.24300000071525574,
      -0.10400000214576721,
      0.0
    ],
    [
      0.20600000023841858,
      -0.054999999701976776,
      -0.0020000000949949026
    ],
    [
      0.23000000417232513,
      -0.0,
      0.11299999803304672
    ],
    [
      0.23000000417232513,
      -0.0,
      0.07000000029802322
    ],
    [
      0.21699999272823334,
      0.0,
      0.07000000029802322
    ],
    [
      0.21699999272823334,
      -0.0,
      -0.027000000700354576
    ],
    [
      0.21699999272823334,
      -0.0,
      -0.07000000029802322
    ],
    [
      0.17000000178813934,
      -0.0,
      -0.014999999664723873
    ],
    [
      -0.0,
      -0.0,
      0.15600000321865082
    ],
    [
      -0.014000000432133675,
      0.0,
      0.15600000321865082
    ],
    [
      -0.01899999938905239,
      -0.0,
      0.12800000607967377
    ],
    [
      -0.01899999938905239,
      -0.0,
      0.07400000095367432
    ],
    [
      0.02500000037252903,
      -0.014000000432133675,
      -0.010999999940395355
    ],
    [
      0.0,
      0.0,
      0.041999999433755875
    ],
    [
      -0.07400000095367432,
      -0.0,
      0.12800000607967377
    ],
    [
      -0.014000000432133675,
      0.0,
      0.041999999433755875
    ],
    [
      0.02500000037252903,
      0.0,
      -0.014999999664723873
    ],
    [
      -0.07400000095367432,
      -0.0,
      0.07400000095367432
    ],
    [
      0.0,
      -0.0,
      -0.014999999664723873
    ],
    [
      -0.03500000014901161,
      -0.017999999225139618,
      -0.009999999776482582
    ],
    [
      -0.05700000002980232,
      -0.017999999225139618,
      -0.009999999776482582
    ],
    [
      -0.014000000432133675,
      0.0,
      -0.041999999433755875
    ],
    [
      -0.023000000044703484,
      0.0,
      -0.06499999761581421
    ],
    [
      -0.023000000044703484,
      -0.0,
      -0.07500000298023224
    ],
    [
      -0.017000000923871994,
      -0.0,
      -0.09200000017881393
    ],
    [
      -0.03700000047683716,
      -0.0,
      -0.09700000286102295
    ],
    [
      -0.028999999165534973,
      -0.0,
      -0.12700000405311584
    ],
    [
      0.0,
      0.0,
      -0.15600000321865082
    ],
    [
      -0.052000001072883606,
      -0.0,
      -0.09700000286102295
    ],
    [
      -0.014000000432133675,
      0.0,
      -0.15600000321865082
    ]
  ],
  "mconf": [
    0.6555138230323792,
    0.3454338312149048,
    0.7894403338432312,
    0.22244815528392792,
    0.9529454112052917,
    0.7094784379005432,
    0.24985617399215698,
    0.913243293762207,
    0.8230214715003967,
    0.9954083561897278,
    0.9949750304222107,
    0.9988265633583069,
    0.8511245846748352,
    0.8843596577644348,
    0.990347683429718,
    0.9898377656936646,
    0.9881131052970886,
    0.9993308782577515,
    0.9889960289001465,
    0.9972795844078064,
    0.9931060671806335,
    0.9993777275085449,
    0.9936617612838745,
    0.9996607899665833,
    0.999841570854187,
    0.9996131658554077,
    0.9993060827255249,
    0.961015522480011,
    0.9995942711830139,
    0.9994142055511475
  ],
  "coverage_score": 0.7474594241169754,
  "pose_estimation_failed": false,
  "tracking_method": "loosely_coupled",
  "kf_translation_vector": [
    -0.032435760722348564,
    -0.022892454242258976,
    0.7294160962641367
  ],
  "kf_quaternion": [
    0.45526960982275844,
    -0.4680011717736836,
    -0.11514076055302988,
    0.7486301428940477
  ],
  "kf_rotation_matrix": [
    [
      0.5354350169554578,
      -0.25373773368850916,
      -0.8055597464623762
    ],
    [
      -0.5985291097914855,
      0.5589443752622063,
      -0.5738850843983958
    ],
    [
      0.5958793899356819,
      0.7894291278293202,
      0.14740897118058482
    ]
  ],
  "position_diff": 0.04198090688364339,
  "orientation_diff": 19.51212136650132,
  "timestamp": 1741869615.1226845,
  "image_file": "webcam_000060"
}