{
  "frame": 116,
  "object_rotation_in_cam": [
    [
      0.823724732222696,
      -0.1196648374830203,
      -0.5542182712567405
    ],
    [
      -0.1591427053741596,
      0.8893855000066168,
      -0.42856391787477144
    ],
    [
      0.5441977258780499,
      0.44121849354729314,
      0.7135650468604919
    ]
  ],
  "object_translation_in_cam": [
    -0.0036436677437242803,
    0.01325936579078194,
    0.6391260798413592
  ],
  "raw_rvec": [
    0.4818830171093406,
    -0.6085522169562813,
    -0.021871808211576783
  ],
  "refined_raw_rvec": [
    0.4818830171093406,
    -0.6085522169562813,
    -0.021871808211576783
  ],
  "num_inliers": 8,
  "total_matches": 18,
  "inlier_ratio": 0.4444444444444444,
  "reprojection_errors": [
    1.3855518102645874,
    1.9762969017028809,
    1.961484432220459,
    1.6910502910614014,
    0.18099437654018402,
    3.253040075302124,
    2.0192923545837402,
    4.0825724601745605
  ],
  "mean_reprojection_error": 2.0687851905822754,
  "std_reprojection_error": 1.0984967947006226,
  "inliers": [
    4,
    6,
    9,
    10,
    11,
    12,
    13,
    14
  ],
  "mkpts0": [
    [
      356.375,
      195.125
    ],
    [
      425.125,
      242.625
    ],
    [
      413.875,
      248.875
    ],
    [
      436.375,
      260.125
    ],
    [
      478.875,
      281.375
    ],
    [
      522.625,
      286.375
    ],
    [
      386.375,
      288.875
    ],
    [
      350.125,
      290.125
    ],
    [
      430.125,
      311.375
    ],
    [
      518.875,
      327.625
    ],
    [
      586.375,
      330.125
    ],
    [
      470.125,
      338.875
    ],
    [
      602.625,
      347.625
    ],
    [
      611.375,
      352.625
    ],
    [
      636.375,
      357.625
    ],
    [
      617.625,
      368.875
    ],
    [
      650.125,
      376.375
    ],
    [
      595.125,
      388.875
    ]
  ],
  "mkpts1": [
    [
      352.625,
      152.625
    ],
    [
      418.875,
      238.875
    ],
    [
      396.375,
      237.625
    ],
    [
      423.875,
      260.125
    ],
    [
      473.875,
      296.375
    ],
    [
      532.625,
      317.625
    ],
    [
      316.375,
      263.875
    ],
    [
      262.625,
      260.125
    ],
    [
      363.875,
      307.625
    ],
    [
      497.625,
      356.375
    ],
    [
      625.125,
      411.375
    ],
    [
      392.625,
      335.125
    ],
    [
      636.375,
      438.875
    ],
    [
      651.375,
      452.625
    ],
    [
      695.125,
      472.625
    ],
    [
      650.125,
      476.375
    ],
    [
      707.625,
      507.625
    ],
    [
      591.375,
      490.125
    ]
  ],
  "mpts3D": [
    [
      -0.0,
      -0.02500000037252903,
      0.23999999463558197
    ],
    [
      -0.0,
      -0.0,
      0.15600000321865082
    ],
    [
      -0.014000000432133675,
      0.0,
      0.15600000321865082
    ],
    [
      -0.01899999938905239,
      -0.0,
      0.12800000607967377
    ],
    [
      -0.01899999938905239,
      -0.0,
      0.07400000095367432
    ],
    [
      0.0,
      0.0,
      0.041999999433755875
    ],
    [
      -0.07400000095367432,
      -0.0,
      0.12800000607967377
    ],
    [
      -0.07999999821186066,
      -0.0,
      0.15600000321865082
    ],
    [
      -0.07400000095367432,
      -0.0,
      0.07400000095367432
    ],
    [
      -0.05700000002980232,
      -0.017999999225139618,
      -0.009999999776482582
    ],
    [
      -0.014000000432133675,
      0.0,
      -0.041999999433755875
    ],
    [
      -0.10000000149011612,
      -0.029999999329447746,
      0.0
    ],
    [
      -0.023000000044703484,
      0.0,
      -0.06499999761581421
    ],
    [
      -0.023000000044703484,
      -0.0,
      -0.07500000298023224
    ],
    [
      -0.017000000923871994,
      -0.0,
      -0.09200000017881393
    ],
    [
      -0.03700000047683716,
      -0.0,
      -0.09700000286102295
    ],
    [
      -0.028999999165534973,
      -0.0,
      -0.12700000405311584
    ],
    [
      -0.052000001072883606,
      -0.0,
      -0.09700000286102295
    ]
  ],
  "mconf": [
    0.987177848815918,
    0.7270447015762329,
    0.9985939264297485,
    0.9814519882202148,
    0.9680708646774292,
    0.2949760854244232,
    0.9967349767684937,
    0.29945671558380127,
    0.9902734756469727,
    0.3057524859905243,
    0.7842810153961182,
    0.9955269694328308,
    0.5759029984474182,
    0.32871267199516296,
    0.5068968534469604,
    0.44858649373054504,
    0.5063851475715637,
    0.5587956309318542
  ],
  "coverage_score": 0.43156028428331555,
  "pose_estimation_failed": false,
  "tracking_method": "loosely_coupled",
  "kf_translation_vector": [
    -0.01939146450753468,
    -0.008879002646639024,
    0.6536218372596603
  ],
  "kf_quaternion": [
    0.449777230183622,
    -0.47162132981748106,
    -0.13086500363930548,
    0.7470931101891013
  ],
  "kf_rotation_matrix": [
    [
      0.5208953441673506,
      -0.22871238567405258,
      -0.8224102899794365
    ],
    [
      -0.6197857560092397,
      0.5611495880616674,
      -0.5486134854943655
    ],
    [
      0.5869698945200108,
      0.7954883936661205,
      0.15054752893907974
    ]
  ],
  "position_diff": 0.03246734756379086,
  "orientation_diff": 40.40350006130383,
  "timestamp": 1741869622.6463776,
  "image_file": "webcam_000116"
}