{
  "frame": 28,
  "object_rotation_in_cam": [
    [
      0.6225484270680405,
      -0.20358674451961967,
      -0.7556360853023177
    ],
    [
      -0.45443607013848586,
      0.6920492372290306,
      -0.5608526646168368
    ],
    [
      0.6371195446006955,
      0.6925462372337461,
      0.33831700397878633
    ]
  ],
  "object_translation_in_cam": [
    -0.019111834580943166,
    0.01573865335045295,
    0.7173255537877152
  ],
  "raw_rvec": [
    0.8209865987148138,
    -0.9122664027762897,
    -0.16430837327659334
  ],
  "refined_raw_rvec": [
    0.8209865987148138,
    -0.9122664027762897,
    -0.16430837327659334
  ],
  "num_inliers": 14,
  "total_matches": 31,
  "inlier_ratio": 0.45161290322580644,
  "reprojection_errors": [
    2.4541640281677246,
    1.6870362758636475,
    0.9484139084815979,
    2.623823404312134,
    1.0913732051849365,
    2.261537551879883,
    0.9818897843360901,
    2.5769543647766113,
    3.7804512977600098,
    3.2678442001342773,
    3.765874147415161,
    3.2332561016082764,
    2.3511152267456055,
    1.6247247457504272
  ],
  "mean_reprojection_error": 2.3320329189300537,
  "std_reprojection_error": 0.9335023164749146,
  "inliers": [
    0,
    3,
    12,
    14,
    15,
    17,
    18,
    19,
    20,
    21,
    22,
    23,
    24,
    25
  ],
  "mkpts0": [
    [
      751.375,
      76.375
    ],
    [
      727.625,
      126.375
    ],
    [
      727.625,
      143.875
    ],
    [
      636.375,
      157.625
    ],
    [
      663.875,
      165.125
    ],
    [
      656.375,
      171.375
    ],
    [
      356.375,
      195.125
    ],
    [
      745.125,
      201.375
    ],
    [
      793.875,
      220.125
    ],
    [
      705.125,
      223.875
    ],
    [
      425.125,
      242.625
    ],
    [
      413.875,
      248.875
    ],
    [
      436.375,
      260.125
    ],
    [
      590.125,
      283.875
    ],
    [
      522.625,
      286.375
    ],
    [
      386.375,
      288.875
    ],
    [
      350.125,
      290.125
    ],
    [
      511.375,
      292.625
    ],
    [
      597.625,
      297.625
    ],
    [
      430.125,
      311.375
    ],
    [
      575.125,
      312.625
    ],
    [
      540.125,
      313.875
    ],
    [
      518.875,
      327.625
    ],
    [
      586.375,
      330.125
    ],
    [
      602.625,
      347.625
    ],
    [
      611.375,
      352.625
    ],
    [
      636.375,
      357.625
    ],
    [
      617.625,
      368.875
    ],
    [
      650.125,
      376.375
    ],
    [
      496.375,
      377.625
    ],
    [
      595.125,
      388.875
    ]
  ],
  "mkpts1": [
    [
      890.125,
      20.125
    ],
    [
      843.875,
      92.625
    ],
    [
      836.375,
      113.875
    ],
    [
      666.375,
      83.875
    ],
    [
      707.625,
      110.125
    ],
    [
      696.375,
      118.875
    ],
    [
      215.125,
      86.375
    ],
    [
      836.375,
      202.625
    ],
    [
      915.125,
      251.375
    ],
    [
      773.875,
      228.875
    ],
    [
      330.125,
      197.625
    ],
    [
      312.625,
      205.125
    ],
    [
      352.625,
      235.125
    ],
    [
      616.375,
      333.875
    ],
    [
      501.375,
      315.125
    ],
    [
      270.125,
      282.625
    ],
    [
      210.125,
      266.375
    ],
    [
      482.625,
      323.875
    ],
    [
      621.375,
      353.875
    ],
    [
      350.125,
      343.875
    ],
    [
      585.125,
      377.625
    ],
    [
      540.125,
      385.125
    ],
    [
      508.875,
      408.875
    ],
    [
      612.625,
      421.375
    ],
    [
      640.125,
      461.375
    ],
    [
      656.375,
      475.125
    ],
    [
      695.125,
      490.125
    ],
    [
      667.625,
      507.625
    ],
    [
      720.125,
      532.625
    ],
    [
      463.875,
      491.375
    ],
    [
      636.375,
      543.875
    ]
  ],
  "mpts3D": [
    [
      0.24300000071525574,
      -0.10400000214576721,
      0.0
    ],
    [
      0.20600000023841858,
      -0.07000000029802322,
      -0.0020000000949949026
    ],
    [
      0.20600000023841858,
      -0.054999999701976776,
      -0.0020000000949949026
    ],
    [
      0.23000000417232513,
      -0.0,
      0.11299999803304672
    ],
    [
      0.23000000417232513,
      -0.0,
      0.07000000029802322
    ],
    [
      0.21699999272823334,
      0.0,
      0.07000000029802322
    ],
    [
      -0.0,
      -0.02500000037252903,
      0.23999999463558197
    ],
    [
      0.21699999272823334,
      -0.0,
      -0.027000000700354576
    ],
    [
      0.21699999272823334,
      -0.0,
      -0.07000000029802322
    ],
    [
      0.17000000178813934,
      -0.0,
      -0.014999999664723873
    ],
    [
      -0.0,
      -0.0,
      0.15600000321865082
    ],
    [
      -0.014000000432133675,
      0.0,
      0.15600000321865082
    ],
    [
      -0.01899999938905239,
      -0.0,
      0.12800000607967377
    ],
    [
      0.02500000037252903,
      -0.014000000432133675,
      -0.010999999940395355
    ],
    [
      0.0,
      0.0,
      0.041999999433755875
    ],
    [
      -0.07400000095367432,
      -0.0,
      0.12800000607967377
    ],
    [
      -0.07999999821186066,
      -0.0,
      0.15600000321865082
    ],
    [
      -0.014000000432133675,
      0.0,
      0.041999999433755875
    ],
    [
      0.02500000037252903,
      0.0,
      -0.014999999664723873
    ],
    [
      -0.07400000095367432,
      -0.0,
      0.07400000095367432
    ],
    [
      0.0,
      -0.0,
      -0.014999999664723873
    ],
    [
      -0.03500000014901161,
      -0.017999999225139618,
      -0.009999999776482582
    ],
    [
      -0.05700000002980232,
      -0.017999999225139618,
      -0.009999999776482582
    ],
    [
      -0.014000000432133675,
      0.0,
      -0.041999999433755875
    ],
    [
      -0.023000000044703484,
      0.0,
      -0.06499999761581421
    ],
    [
      -0.023000000044703484,
      -0.0,
      -0.07500000298023224
    ],
    [
      -0.017000000923871994,
      -0.0,
      -0.09200000017881393
    ],
    [
      -0.03700000047683716,
      -0.0,
      -0.09700000286102295
    ],
    [
      -0.028999999165534973,
      -0.0,
      -0.12700000405311584
    ],
    [
      -0.09000000357627869,
      -0.0,
      -0.014999999664723873
    ],
    [
      -0.052000001072883606,
      -0.0,
      -0.09700000286102295
    ]
  ],
  "mconf": [
    0.8548916578292847,
    0.9782973527908325,
    0.8372323513031006,
    0.7733049988746643,
    0.8591147661209106,
    0.9664984345436096,
    0.9074207544326782,
    0.9914043545722961,
    0.7169588208198547,
    0.48150599002838135,
    0.943783164024353,
    0.9964215755462646,
    0.9968289732933044,
    0.9428818821907043,
    0.13154852390289307,
    0.9933956265449524,
    0.10012493282556534,
    0.45999106764793396,
    0.8334354162216187,
    0.9981979131698608,
    0.8701156973838806,
    0.9924497604370117,
    0.9980762004852295,
    0.9975614547729492,
    0.9944339990615845,
    0.9925107359886169,
    0.9984666109085083,
    0.9975331425666809,
    0.9977027773857117,
    0.5237218141555786,
    0.9943295121192932
  ],
  "coverage_score": 0.8383685150260664,
  "pose_estimation_failed": false,
  "tracking_method": "loosely_coupled",
  "kf_translation_vector": [
    0.009724810644367476,
    -0.03401949138173964,
    0.6623318690048753
  ],
  "kf_quaternion": [
    0.45967840120394027,
    -0.41287818287590533,
    -0.09782869898904754,
    0.780164674428284
  ],
  "kf_rotation_matrix": [
    [
      0.6399223035184016,
      -0.22693737579970272,
      -0.7341654261301381
    ],
    [
      -0.5322273561858342,
      0.5582506262413993,
      -0.6364670294905486
    ],
    [
      0.5542864663575505,
      0.798032371377396,
      0.23645474714335957
    ]
  ],
  "position_diff": 0.07966453431200021,
  "orientation_diff": 9.882578065484298,