{
  "frame": 185,
  "object_rotation_in_cam": [
    [
      0.6077807606247128,
      -0.15752146744997395,
      -0.7783248257038011
    ],
    [
      -0.5393653198491885,
      0.6374710673272623,
      -0.5501960469365655
    ],
    [
      0.58282724606733,
      0.7541999904621105,
      0.3024810335021423
    ]
  ],
  "object_translation_in_cam": [
    0.023062517986384288,
    -0.022912324994477,
    0.6858517092369287
  ],
  "raw_rvec": [
    0.877076032584189,
    -0.9152387960589068,
    -0.25675184646900684
  ],
  "refined_raw_rvec": [
    0.877076032584189,
    -0.9152387960589068,
    -0.25675184646900684
  ],
  "num_inliers": 14,
  "total_matches": 25,
  "inlier_ratio": 0.56,
  "reprojection_errors": [
    0.39517566561698914,
    0.12434683740139008,
    2.323960781097412,
    2.536600112915039,
    3.8343558311462402,
    1.7479747533798218,
    0.870270848274231,
    3.206984519958496,
    1.867795467376709,
    1.1288864612579346,
    0.28096580505371094,
    1.3391770124435425,
    1.241837501525879,
    0.4877995252609253
  ],
  "mean_reprojection_error": 1.5275806188583374,
  "std_reprojection_error": 1.087363362312317,
  "inliers": [
    0,
    1,
    2,
    3,
    6,
    7,
    9,
    11,
    13,
    14,
    15,
    17,
    18,
    19
  ],
  "mkpts0": [
    [
      745.125,
      201.375
    ],
    [
      705.125,
      223.875
    ],
    [
      425.125,
      242.625
    ],
    [
      413.875,
      248.875
    ],
    [
      436.375,
      260.125
    ],
    [
      478.875,
      281.375
    ],
    [
      590.125,
      283.875
    ],
    [
      522.625,
      286.375
    ],
    [
      386.375,
      288.875
    ],
    [
      350.125,
      290.125
    ],
    [
      511.375,
      292.625
    ],
    [
      597.625,
      297.625
    ],
    [
      430.125,
      311.375
    ],
    [
      575.125,
      312.625
    ],
    [
      540.125,
      313.875
    ],
    [
      518.875,
      327.625
    ],
    [
      586.375,
      330.125
    ],
    [
      602.625,
      347.625
    ],
    [
      611.375,
      352.625
    ],
    [
      636.375,
      357.625
    ],
    [
      617.625,
      368.875
    ],
    [
      650.125,
      376.375
    ],
    [
      715.125,
      383.875
    ],
    [
      595.125,
      388.875
    ],
    [
      702.625,
      391.375
    ]
  ],
  "mkpts1": [
    [
      926.375,
      100.125
    ],
    [
      862.625,
      130.125
    ],
    [
      405.125,
      112.625
    ],
    [
      387.625,
      121.375
    ],
    [
      431.375,
      152.625
    ],
    [
      513.875,
      207.625
    ],
    [
      707.625,
      248.875
    ],
    [
      586.375,
      232.625
    ],
    [
      350.125,
      205.125
    ],
    [
      287.625,
      188.875
    ],
    [
      568.875,
      242.625
    ],
    [
      712.625,
      268.875
    ],
    [
      436.375,
      267.625
    ],
    [
      677.625,
      296.375
    ],
    [
      633.875,
      306.375
    ],
    [
      602.625,
      332.625
    ],
    [
      707.625,
      341.375
    ],
    [
      737.625,
      383.875
    ],
    [
      755.125,
      397.625
    ],
    [
      795.125,
      411.375
    ],
    [
      770.125,
      432.625
    ],
    [
      822.625,
      455.125
    ],
    [
      1023.875,
      140.125
    ],
    [
      737.625,
      471.375
    ],
    [
      1011.375,
      150.125
    ]
  ],
  "mpts3D": [
    [
      0.21699999272823334,
      -0.0,
      -0.027000000700354576
    ],
    [
      0.17000000178813934,
      -0.0,
      -0.014999999664723873
    ],
    [
      -0.0,
      -0.0,
      0.15600000321865082
    ],
    [
      -0.014000000432133675,
      0.0,
      0.15600000321865082
    ],
    [
      -0.01899999938905239,
      -0.0,
      0.12800000607967377
    ],
    [
      -0.01899999938905239,
      -0.0,
      0.07400000095367432
    ],
    [
      0.02500000037252903,
      -0.014000000432133675,
      -0.010999999940395355
    ],
    [
      0.0,
      0.0,
      0.041999999433755875
    ],
    [
      -0.07400000095367432,
      -0.0,
      0.12800000607967377
    ],
    [
      -0.07999999821186066,
      -0.0,
      0.15600000321865082
    ],
    [
      -0.014000000432133675,
      0.0,
      0.041999999433755875
    ],
    [
      0.02500000037252903,
      0.0,
      -0.014999999664723873
    ],
    [
      -0.07400000095367432,
      -0.0,
      0.07400000095367432
    ],
    [
      0.0,
      -0.0,
      -0.014999999664723873
    ],
    [
      -0.03500000014901161,
      -0.017999999225139618,
      -0.009999999776482582
    ],
    [
      -0.05700000002980232,
      -0.017999999225139618,
      -0.009999999776482582
    ],
    [
      -0.014000000432133675,
      0.0,
      -0.041999999433755875
    ],
    [
      -0.023000000044703484,
      0.0,
      -0.06499999761581421
    ],
    [
      -0.023000000044703484,
      -0.0,
      -0.07500000298023224
    ],
    [
      -0.017000000923871994,
      -0.0,
      -0.09200000017881393
    ],
    [
      -0.03700000047683716,
      -0.0,
      -0.09700000286102295
    ],
    [
      -0.028999999165534973,
      -0.0,
      -0.12700000405311584
    ],
    [
      0.0,
      0.0,
      -0.15600000321865082
    ],
    [
      -0.052000001072883606,
      -0.0,
      -0.09700000286102295
    ],
    [
      -0.014000000432133675,
      0.0,
      -0.15600000321865082
    ]
  ],
  "mconf": [
    0.9853366613388062,
    0.973549485206604,
    0.9557923078536987,
    0.9950994253158569,
    0.9984103441238403,
    0.9940769672393799,
    0.8460433483123779,
    0.5551912188529968,
    0.9935936331748962,
    0.6809749007225037,
    0.9308042526245117,
    0.9625571966171265,
    0.9980844259262085,
    0.9503993988037109,
    0.9926296472549438,
    0.9983394145965576,
    0.9961187243461609,
    0.990821897983551,
    0.986197829246521,
    0.9991459846496582,
    0.9995206594467163,
    0.9826722741127014,
    0.2279880791902542,
    0.9996581077575684,
    0.6792579889297485
  ],
  "coverage_score": 0.7474594241169754,
  "pose_estimation_failed": false,
  "tracking_method": "loosely_coupled",
  "kf_translation_vector": [
    0.02145051307270817,
    -0.027097098533265133,
    0.7845406370931695
  ],
  "kf_quaternion": [
    0.4002867891093627,
    -0.4433981100273296,
    -0.15817175008483292,
    0.7862253493520861
  ],
  "kf_rotation_matrix": [
    [
      0.5567596269985866,
      -0.10625553258384215,
      -0.8238497918551164
    ],
    [
      -0.6036900904561566,
      0.6295043678792355,
      -0.489165131122407
    ],
    [
      0.5705935439780512,
      0.7696973513117271,
      0.2863372049774173
    ]
  ],
  "position_diff": 0.1032994740720636,
  "orientation_diff": 5.02203354730111,
  "timestamp": 1741869961.307783,
  "image_file": "webcam_000185"
}