{
  "frame": 62,
  "object_rotation_in_cam": [
    [
      0.4064208386656081,
      -0.2738300525390782,
      -0.8716875611277182
    ],
    [
      -0.4137444733621811,
      0.7954574371458316,
      -0.4427899913634415
    ],
    [
      0.8146395599653844,
      0.540614990557819,
      0.20999480784908484
    ]
  ],
  "object_translation_in_cam": [
    -0.04465017564620839,
    0.012934545353410608,
    0.7177971525683197
  ],
  "raw_rvec": [
    0.6850592137112593,
    -1.1747285735517148,
    -0.09746713193244284
  ],
  "refined_raw_rvec": [
    0.6850592137112593,
    -1.1747285735517148,
    -0.09746713193244284
  ],
  "num_inliers": 14,
  "total_matches": 26,
  "inlier_ratio": 0.5384615384615384,
  "reprojection_errors": [
    2.377901077270508,
    1.376725673675537,
    2.6264050006866455,
    2.865015745162964,
    3.2784037590026855,
    2.172274112701416,
    1.1003540754318237,
    2.108891487121582,
    3.5560383796691895,
    2.759363889694214,
    1.5362850427627563,
    4.262930393218994,
    3.4614152908325195,
    1.8674900531768799
  ],
  "mean_reprojection_error": 2.524963617324829,
  "std_reprojection_error": 0.8777397871017456,
  "inliers": [
    0,
    1,
    6,
    7,
    9,
    11,
    12,
    13,
    17,
    18,
    19,
    20,
    23,
    25
  ],
  "mkpts0": [
    [
      751.375,
      76.375
    ],
    [
      636.375,
      157.625
    ],
    [
      656.375,
      171.375
    ],
    [
      705.125,
      223.875
    ],
    [
      425.125,
      242.625
    ],
    [
      413.875,
      248.875
    ],
    [
      436.375,
      260.125
    ],
    [
      478.875,
      281.375
    ],
    [
      590.125,
      283.875
    ],
    [
      522.625,
      286.375
    ],
    [
      386.375,
      288.875
    ],
    [
      511.375,
      292.625
    ],
    [
      597.625,
      297.625
    ],
    [
      430.125,
      311.375
    ],
    [
      575.125,
      312.625
    ],
    [
      540.125,
      313.875
    ],
    [
      518.875,
      327.625
    ],
    [
      586.375,
      330.125
    ],
    [
      602.625,
      347.625
    ],
    [
      611.375,
      352.625
    ],
    [
      636.375,
      357.625
    ],
    [
      617.625,
      368.875
    ],
    [
      650.125,
      376.375
    ],
    [
      715.125,
      383.875
    ],
    [
      595.125,
      388.875
    ],
    [
      702.625,
      391.375
    ]
  ],
  "mkpts1": [
    [
      746.375,
      37.625
    ],
    [
      525.125,
      121.375
    ],
    [
      562.625,
      150.125
    ],
    [
      658.875,
      238.875
    ],
    [
      236.375,
      227.625
    ],
    [
      221.375,
      233.875
    ],
    [
      272.625,
      258.875
    ],
    [
      365.125,
      301.375
    ],
    [
      556.375,
      326.375
    ],
    [
      438.875,
      320.125
    ],
    [
      203.875,
      303.875
    ],
    [
      423.875,
      328.875
    ],
    [
      561.375,
      347.625
    ],
    [
      301.375,
      352.625
    ],
    [
      536.375,
      370.125
    ],
    [
      506.375,
      372.625
    ],
    [
      482.625,
      393.875
    ],
    [
      573.875,
      403.875
    ],
    [
      611.375,
      435.125
    ],
    [
      630.125,
      446.375
    ],
    [
      670.125,
      457.625
    ],
    [
      651.375,
      473.875
    ],
    [
      703.875,
      490.125
    ],
    [
      797.625,
      506.375
    ],
    [
      631.375,
      507.625
    ],
    [
      788.875,
      520.125
    ]
  ],
  "mpts3D": [
    [
      0.24300000071525574,
      -0.10400000214576721,
      0.0
    ],
    [
      0.23000000417232513,
      -0.0,
      0.11299999803304672
    ],
    [
      0.21699999272823334,
      0.0,
      0.07000000029802322
    ],
    [
      0.17000000178813934,
      -0.0,
      -0.014999999664723873
    ],
    [
      -0.0,
      -0.0,
      0.15600000321865082
    ],
    [
      -0.014000000432133675,
      0.0,
      0.15600000321865082
    ],
    [
      -0.01899999938905239,
      -0.0,
      0.12800000607967377
    ],
    [
      -0.01899999938905239,
      -0.0,
      0.07400000095367432
    ],
    [
      0.02500000037252903,
      -0.014000000432133675,
      -0.010999999940395355
    ],
    [
      0.0,
      0.0,
      0.041999999433755875
    ],
    [
      -0.07400000095367432,
      -0.0,
      0.12800000607967377
    ],
    [
      -0.014000000432133675,
      0.0,
      0.041999999433755875
    ],
    [
      0.02500000037252903,
      0.0,
      -0.014999999664723873
    ],
    [
      -0.07400000095367432,
      -0.0,
      0.07400000095367432
    ],
    [
      0.0,
      -0.0,
      -0.014999999664723873
    ],
    [
      -0.03500000014901161,
      -0.017999999225139618,
      -0.009999999776482582
    ],
    [
      -0.05700000002980232,
      -0.017999999225139618,
      -0.009999999776482582
    ],
    [
      -0.014000000432133675,
      0.0,
      -0.041999999433755875
    ],
    [
      -0.023000000044703484,
      0.0,
      -0.06499999761581421
    ],
    [
      -0.023000000044703484,
      -0.0,
      -0.07500000298023224
    ],
    [
      -0.017000000923871994,
      -0.0,
      -0.09200000017881393
    ],
    [
      -0.03700000047683716,
      -0.0,
      -0.09700000286102295
    ],
    [
      -0.028999999165534973,
      -0.0,
      -0.12700000405311584
    ],
    [
      0.0,
      0.0,
      -0.15600000321865082
    ],
    [
      -0.052000001072883606,
      -0.0,
      -0.09700000286102295
    ],
    [
      -0.014000000432133675,
      0.0,
      -0.15600000321865082
    ]
  ],
  "mconf": [
    0.4808851480484009,
    0.45779111981391907,
    0.24243873357772827,
    0.6816741228103638,
    0.8219046592712402,
    0.9954697489738464,
    0.9926671981811523,
    0.9984576106071472,
    0.4465205669403076,
    0.332356721162796,
    0.9924856424331665,
    0.9541794061660767,
    0.9766430854797363,
    0.999025821685791,
    0.9893594980239868,
    0.9928891062736511,
    0.99576336145401,
    0.9919842481613159,
    0.9950738549232483,
    0.9990494251251221,
    0.9997478723526001,
    0.9994055032730103,
    0.9992901086807251,
    0.9920469522476196,
    0.9998665452003479,
    0.9994168281555176
  ],
  "coverage_score": 0.8383685150260664,
  "pose_estimation_failed": false,
  "tracking_method": "loosely_coupled",
  "kf_translation_vector": [
    -0.03328337209206169,
    -0.02144593225100231,
    0.729468501226533
  ],
  "kf_quaternion": [
    0.4551034745555192,
    -0.467834090198141,
    -0.11532085979504794,
    0.7488078463745572
  ],
  "kf_rotation_matrix": [
    [
      0.5356647266892172,
      -0.25311951059900406,
      -0.805601523046653
    ],
    [
      -0.5985321692597725,
      0.5591638534872496,
      -0.5736680462728256
    ],
    [
      0.5956698271208282,
      0.7894721643651601,
      0.1480241829919431
    ]
  ],
  "position_diff": 0.04008441497913514,
  "orientation_diff": 20.04781107873925,
  "timestamp": 1741869615.391754,
  "image_file": "webcam_000062"
}