{
  "frame": 8,
  "object_rotation_in_cam": [
    [
      0.6682929996640143,
      -0.1451673370958206,
      -0.7295964027053463
    ],
    [
      -0.49962555842303635,
      0.639051594403669,
      -0.5847968545235152
    ],
    [
      0.5511431465332237,
      0.7553406542286973,
      0.35454439510281455
    ]
  ],
  "object_translation_in_cam": [
    0.02646193892883726,
    -0.012710586718181337,
    0.6827579267792184
  ],
  "raw_rvec": [
    0.8758801199141648,
    -0.8370591097105878,
    -0.231664965253985
  ],
  "refined_raw_rvec": [
    0.8758801199141648,
    -0.8370591097105878,
    -0.231664965253985
  ],
  "num_inliers": 15,
  "total_matches": 29,
  "inlier_ratio": 0.5172413793103449,
  "reprojection_errors": [
    1.9144665002822876,
    0.7107531428337097,
    1.416946530342102,
    3.240844964981079,
    1.3344924449920654,
    2.3970627784729004,
    2.5503089427948,
    3.2550084590911865,
    2.7827036380767822,
    0.9981657862663269,
    2.1446244716644287,
    1.6453546285629272,
    0.3057578206062317,
    3.3549177646636963,
    1.826794981956482
  ],
  "mean_reprojection_error": 1.9918802976608276,
  "std_reprojection_error": 0.9138132929801941,
  "inliers": [
    4,
    7,
    10,
    13,
    14,
    15,
    16,
    17,
    18,
    19,
    20,
    22,
    23,
    24,
    28
  ],
  "mkpts0": [
    [
      727.625,
      143.875
    ],
    [
      663.875,
      165.125
    ],
    [
      656.375,
      171.375
    ],
    [
      356.375,
      195.125
    ],
    [
      745.125,
      201.375
    ],
    [
      805.125,
      212.625
    ],
    [
      793.875,
      220.125
    ],
    [
      705.125,
      223.875
    ],
    [
      425.125,
      242.625
    ],
    [
      413.875,
      248.875
    ],
    [
      436.375,
      260.125
    ],
    [
      478.875,
      281.375
    ],
    [
      590.125,
      283.875
    ],
    [
      522.625,
      286.375
    ],
    [
      386.375,
      288.875
    ],
    [
      511.375,
      292.625
    ],
    [
      597.625,
      297.625
    ],
    [
      430.125,
      311.375
    ],
    [
      575.125,
      312.625
    ],
    [
      540.125,
      313.875
    ],
    [
      518.875,
      327.625
    ],
    [
      586.375,
      330.125
    ],
    [
      602.625,
      347.625
    ],
    [
      611.375,
      352.625
    ],
    [
      636.375,
      357.625
    ],
    [
      617.625,
      368.875
    ],
    [
      516.375,
      388.875
    ],
    [
      595.125,
      388.875
    ],
    [
      702.625,
      391.375
    ]
  ],
  "mkpts1": [
    [
      960.125,
      32.625
    ],
    [
      821.375,
      35.125
    ],
    [
      808.875,
      42.625
    ],
    [
      305.125,
      15.125
    ],
    [
      958.875,
      131.375
    ],
    [
      1057.625,
      173.875
    ],
    [
      1043.875,
      183.875
    ],
    [
      890.125,
      161.375
    ],
    [
      420.125,
      130.125
    ],
    [
      401.375,
      138.875
    ],
    [
      442.625,
      170.125
    ],
    [
      521.375,
      226.375
    ],
    [
      716.375,
      272.625
    ],
    [
      595.125,
      253.875
    ],
    [
      356.375,
      220.125
    ],
    [
      573.875,
      263.875
    ],
    [
      721.375,
      295.125
    ],
    [
      436.375,
      283.875
    ],
    [
      682.625,
      320.125
    ],
    [
      633.875,
      327.625
    ],
    [
      598.875,
      352.625
    ],
    [
      708.875,
      366.375
    ],
    [
      737.625,
      410.125
    ],
    [
      753.875,
      425.125
    ],
    [
      795.125,
      440.125
    ],
    [
      766.375,
      460.125
    ],
    [
      561.375,
      452.625
    ],
    [
      730.125,
      498.875
    ],
    [
      913.875,
      532.625
    ]
  ],
  "mpts3D": [
    [
      0.20600000023841858,
      -0.054999999701976776,
      -0.0020000000949949026
    ],
    [
      0.23000000417232513,
      -0.0,
      0.07000000029802322
    ],
    [
      0.21699999272823334,
      0.0,
      0.07000000029802322
    ],
    [
      -0.0,
      -0.02500000037252903,
      0.23999999463558197
    ],
    [
      0.21699999272823334,
      -0.0,
      -0.027000000700354576
    ],
    [
      0.23000000417232513,
      0.0,
      -0.07000000029802322
    ],
    [
      0.21699999272823334,
      -0.0,
      -0.07000000029802322
    ],
    [
      0.17000000178813934,
      -0.0,
      -0.014999999664723873
    ],
    [
      -0.0,
      -0.0,
      0.15600000321865082
    ],
    [
      -0.014000000432133675,
      0.0,
      0.15600000321865082
    ],
    [
      -0.01899999938905239,
      -0.0,
      0.12800000607967377
    ],
    [
      -0.01899999938905239,
      -0.0,
      0.07400000095367432
    ],
    [
      0.02500000037252903,
      -0.014000000432133675,
      -0.010999999940395355
    ],
    [
      0.0,
      0.0,
      0.041999999433755875
    ],
    [
      -0.07400000095367432,
      -0.0,
      0.12800000607967377
    ],
    [
      -0.014000000432133675,
      0.0,
      0.041999999433755875
    ],
    [
      0.02500000037252903,
      0.0,
      -0.014999999664723873
    ],
    [
      -0.07400000095367432,
      -0.0,
      0.07400000095367432
    ],
    [
      0.0,
      -0.0,
      -0.014999999664723873
    ],
    [
      -0.03500000014901161,
      -0.017999999225139618,
      -0.009999999776482582
    ],
    [
      -0.05700000002980232,
      -0.017999999225139618,
      -0.009999999776482582
    ],
    [
      -0.014000000432133675,
      0.0,
      -0.041999999433755875
    ],
    [
      -0.023000000044703484,
      0.0,
      -0.06499999761581421
    ],
    [
      -0.023000000044703484,
      -0.0,
      -0.07500000298023224
    ],
    [
      -0.017000000923871994,
      -0.0,
      -0.09200000017881393
    ],
    [
      -0.03700000047683716,
      -0.0,
      -0.09700000286102295
    ],
    [
      -0.09000000357627869,
      -0.0,
      -0.041999999433755875
    ],
    [
      -0.052000001072883606,
      -0.0,
      -0.09700000286102295
    ],
    [
      -0.014000000432133675,
      0.0,
      -0.15600000321865082
    ]
  ],
  "mconf": [
    0.7581658959388733,
    0.9164937138557434,
    0.9886904358863831,
    0.8460883498191833,
    0.9417924284934998,
    0.6369497776031494,
    0.9977442026138306,
    0.5359846949577332,
    0.823589026927948,
    0.9849140048027039,
    0.9950721859931946,
    0.9745432734489441,
    0.9863280653953552,
    0.750925600528717,
    0.9904822111129761,
    0.9288219809532166,
    0.8714067935943604,
    0.9969277381896973,
    0.9238449335098267,
    0.996664822101593,
    0.9991917610168457,
    0.9980689287185669,
    0.9981400370597839,
    0.9951615929603577,
    0.9996495842933655,
    0.999434769153595,
    0.3676644563674927,
    0.9990792870521545,
    0.8705742359161377
  ],
  "coverage_score": 0.7631174549747612,
  "pose_estimation_failed": false,
  "tracking_method": "loosely_coupled",
  "kf_translation_vector": [
    0.03709918333440752,
    -0.050242344342777155,
    0.7275126609146144
  ],
  "kf_quaternion": [
    0.4364630629260073,
    -0.40122341504612324,
    -0.136718212422026,
    0.7936169707813087
  ],
  "kf_rotation_matrix": [
    [
      0.6406558032217042,
      -0.13323461411131973,
      -0.756180322013844
    ],
    [
      -0.5672421884833347,
      0.5816162501867479,
      -0.583059891540606
    ],
    [
      0.5174905230079002,
      0.8024780838884724,
      0.297039531839949
    ]
  ],
  "position_diff": 0.060712193347703204,
  "orientation_diff": 5.050185992872458,
  "timestamp": 1741869975.5834537,
  "image_file": "webcam_000008"
}