{
  "frame": 37,
  "object_rotation_in_cam": [
    [
      0.6184894240065513,
      -0.21765560033054088,
      -0.7550475958751186
    ],
    [
      -0.47081910356368994,
      0.6666548146741547,
      -0.5778414400086344
    ],
    [
      0.6291265406192366,
      0.712879651635899,
      0.30984253770577
    ]
  ],
  "object_translation_in_cam": [
    -0.013386749296831929,
    0.02069608216913807,
    0.7219061721471701
  ],
  "raw_rvec": [
    0.8576180558013282,
    -0.9197128175214622,
    -0.16821418108697112
  ],
  "refined_raw_rvec": [
    0.8576180558013282,
    -0.9197128175214622,
    -0.16821418108697112
  ],
  "num_inliers": 15,
  "total_matches": 32,
  "inlier_ratio": 0.46875,
  "reprojection_errors": [
    0.9764999151229858,
    2.4053761959075928,
    2.7718892097473145,
    2.4642090797424316,
    2.4664363861083984,
    2.789342164993286,
    1.7902432680130005,
    3.502673387527466,
    2.440363645553589,
    3.357971429824829,
    3.629870891571045,
    1.564624309539795,
    1.2271097898483276,
    3.103128671646118,
    2.4340932369232178
  ],
  "mean_reprojection_error": 2.4615888595581055,
  "std_reprojection_error": 0.7684009075164795,
  "inliers": [
    7,
    10,
    14,
    16,
    18,
    19,
    20,
    21,
    22,
    23,
    24,
    25,
    26,
    27,
    31
  ],
  "mkpts0": [
    [
      751.375,
      76.375
    ],
    [
      727.625,
      126.375
    ],
    [
      727.625,
      143.875
    ],
    [
      636.375,
      157.625
    ],
    [
      663.875,
      165.125
    ],
    [
      656.375,
      171.375
    ],
    [
      356.375,
      195.125
    ],
    [
      745.125,
      201.375
    ],
    [
      805.125,
      212.625
    ],
    [
      793.875,
      220.125
    ],
    [
      705.125,
      223.875
    ],
    [
      425.125,
      242.625
    ],
    [
      413.875,
      248.875
    ],
    [
      436.375,
      260.125
    ],
    [
      478.875,
      281.375
    ],
    [
      590.125,
      283.875
    ],
    [
      386.375,
      288.875
    ],
    [
      350.125,
      290.125
    ],
    [
      511.375,
      292.625
    ],
    [
      597.625,
      297.625
    ],
    [
      430.125,
      311.375
    ],
    [
      575.125,
      312.625
    ],
    [
      540.125,
      313.875
    ],
    [
      518.875,
      327.625
    ],
    [
      586.375,
      330.125
    ],
    [
      602.625,
      347.625
    ],
    [
      611.375,
      352.625
    ],
    [
      636.375,
      357.625
    ],
    [
      617.625,
      368.875
    ],
    [
      650.125,
      376.375
    ],
    [
      595.125,
      388.875
    ],
    [
      702.625,
      391.375
    ]
  ],
  "mkpts1": [
    [
      902.625,
      28.875
    ],
    [
      857.625,
      102.625
    ],
    [
      848.875,
      125.125
    ],
    [
      678.875,
      93.875
    ],
    [
      720.125,
      120.125
    ],
    [
      708.875,
      128.875
    ],
    [
      230.125,
      95.125
    ],
    [
      847.625,
      215.125
    ],
    [
      937.625,
      255.125
    ],
    [
      925.125,
      263.875
    ],
    [
      785.125,
      240.125
    ],
    [
      343.875,
      206.375
    ],
    [
      326.375,
      215.125
    ],
    [
      366.375,
      245.125
    ],
    [
      443.875,
      300.125
    ],
    [
      628.875,
      345.125
    ],
    [
      285.125,
      291.375
    ],
    [
      223.875,
      276.375
    ],
    [
      493.875,
      335.125
    ],
    [
      633.875,
      365.125
    ],
    [
      362.625,
      353.875
    ],
    [
      597.625,
      390.125
    ],
    [
      552.625,
      396.375
    ],
    [
      521.375,
      421.375
    ],
    [
      623.875,
      432.625
    ],
    [
      650.125,
      473.875
    ],
    [
      667.625,
      487.625
    ],
    [
      705.125,
      502.625
    ],
    [
      680.125,
      521.375
    ],
    [
      730.125,
      545.125
    ],
    [
      646.375,
      557.625
    ],
    [
      816.375,
      588.875
    ]
  ],
  "mpts3D": [
    [
      0.24300000071525574,
      -0.10400000214576721,
      0.0
    ],
    [
      0.20600000023841858,
      -0.07000000029802322,
      -0.0020000000949949026
    ],
    [
      0.20600000023841858,
      -0.054999999701976776,
      -0.0020000000949949026
    ],
    [
      0.23000000417232513,
      -0.0,
      0.11299999803304672
    ],
    [
      0.23000000417232513,
      -0.0,
      0.07000000029802322
    ],
    [
      0.21699999272823334,
      0.0,
      0.07000000029802322
    ],
    [
      -0.0,
      -0.02500000037252903,
      0.23999999463558197
    ],
    [
      0.21699999272823334,
      -0.0,
      -0.027000000700354576
    ],
    [
      0.23000000417232513,
      0.0,
      -0.07000000029802322
    ],
    [
      0.21699999272823334,
      -0.0,
      -0.07000000029802322
    ],
    [
      0.17000000178813934,
      -0.0,
      -0.014999999664723873
    ],
    [
      -0.0,
      -0.0,
      0.15600000321865082
    ],
    [
      -0.014000000432133675,
      0.0,
      0.15600000321865082
    ],
    [
      -0.01899999938905239,
      -0.0,
      0.12800000607967377
    ],
    [
      -0.01899999938905239,
      -0.0,
      0.07400000095367432
    ],
    [
      0.02500000037252903,
      -0.014000000432133675,
      -0.010999999940395355
    ],
    [
      -0.07400000095367432,
      -0.0,
      0.12800000607967377
    ],
    [
      -0.07999999821186066,
      -0.0,
      0.15600000321865082
    ],
    [
      -0.014000000432133675,
      0.0,
      0.041999999433755875
    ],
    [
      0.02500000037252903,
      0.0,
      -0.014999999664723873
    ],
    [
      -0.07400000095367432,
      -0.0,
      0.07400000095367432
    ],
    [
      0.0,
      -0.0,
      -0.014999999664723873
    ],
    [
      -0.03500000014901161,
      -0.017999999225139618,
      -0.009999999776482582
    ],
    [
      -0.05700000002980232,
      -0.017999999225139618,
      -0.009999999776482582
    ],
    [
      -0.014000000432133675,
      0.0,
      -0.041999999433755875
    ],
    [
      -0.023000000044703484,
      0.0,
      -0.06499999761581421
    ],
    [
      -0.023000000044703484,
      -0.0,
      -0.07500000298023224
    ],
    [
      -0.017000000923871994,
      -0.0,
      -0.09200000017881393
    ],
    [
      -0.03700000047683716,
      -0.0,
      -0.09700000286102295
    ],
    [
      -0.028999999165534973,
      -0.0,
      -0.12700000405311584
    ],
    [
      -0.052000001072883606,
      -0.0,
      -0.09700000286102295
    ],
    [
      -0.014000000432133675,
      0.0,
      -0.15600000321865082
    ]
  ],
  "mconf": [
    0.788577675819397,
    0.9497733116149902,
    0.8380865454673767,
    0.5074657201766968,
    0.34362828731536865,
    0.8472433686256409,
    0.7634500861167908,
    0.9780654907226562,
    0.37699222564697266,
    0.9929583668708801,
    0.37066298723220825,
    0.9230011105537415,
    0.9951311349868774,
    0.9966244697570801,
    0.9711016416549683,
    0.8538370132446289,
    0.9893527030944824,
    0.3226081430912018,
    0.5431146025657654,
    0.9299039244651794,
    0.9945652484893799,
    0.9773781299591064,
    0.9903240203857422,
    0.9979290962219238,
    0.9975833892822266,
    0.9890446066856384,
    0.9915697574615479,
    0.9980176687240601,
    0.9980193972587585,
    0.9965910911560059,
    0.9988389611244202,
    0.11515401303768158
  ],
  "coverage_score": 0.746307034008563,
  "pose_estimation_failed": false,
  "tracking_method": "loosely_coupled",
  "kf_translation_vector": [
    0.013481282023618249,
    -0.03401838870287513,
    0.6936055714077913
  ],
  "kf_quaternion": [
    0.4595587189942426,
    -0.4121682893229233,
    -0.09761978867695408,
    0.7806365748103612
  ],