{
  "frame": 191,
  "object_rotation_in_cam": [
    [
      0.6211484272449015,
      -0.17238466535282806,
      -0.7644986320997436
    ],
    [
      -0.5412869838661359,
      0.6110726308433527,
      -0.5775799866090282
    ],
    [
      0.5667301230994228,
      0.7725760590293859,
      0.28625722800714737
    ]
  ],
  "object_translation_in_cam": [
    0.030770563019333532,
    -0.029841312813066095,
    0.6963866361707737
  ],
  "raw_rvec": [
    0.9146504506053399,
    -0.9018283366097607,
    -0.24990938858330702
  ],
  "refined_raw_rvec": [
    0.9146504506053399,
    -0.9018283366097607,
    -0.24990938858330702
  ],
  "num_inliers": 14,
  "total_matches": 25,
  "inlier_ratio": 0.56,
  "reprojection_errors": [
    0.6366626620292664,
    0.777593195438385,
    1.6200300455093384,
    3.4245126247406006,
    1.7048369646072388,
    2.043917417526245,
    2.2592501640319824,
    3.0602974891662598,
    1.2540435791015625,
    3.1573243141174316,
    3.2505710124969482,
    0.2239416539669037,
    2.2405591011047363,
    2.767069101333618
  ],
  "mean_reprojection_error": 2.030043363571167,
  "std_reprojection_error": 1.0019574165344238,
  "inliers": [
    0,
    3,
    7,
    10,
    11,
    12,
    13,
    14,
    16,
    17,
    18,
    19,
    20,
    21
  ],
  "mkpts0": [
    [
      745.125,
      201.375
    ],
    [
      805.125,
      212.625
    ],
    [
      793.875,
      220.125
    ],
    [
      705.125,
      223.875
    ],
    [
      835.125,
      225.125
    ],
    [
      425.125,
      242.625
    ],
    [
      413.875,
      248.875
    ],
    [
      436.375,
      260.125
    ],
    [
      478.875,
      281.375
    ],
    [
      590.125,
      283.875
    ],
    [
      522.625,
      286.375
    ],
    [
      386.375,
      288.875
    ],
    [
      511.375,
      292.625
    ],
    [
      597.625,
      297.625
    ],
    [
      430.125,
      311.375
    ],
    [
      575.125,
      312.625
    ],
    [
      540.125,
      313.875
    ],
    [
      518.875,
      327.625
    ],
    [
      586.375,
      330.125
    ],
    [
      602.625,
      347.625
    ],
    [
      611.375,
      352.625
    ],
    [
      636.375,
      357.625
    ],
    [
      617.625,
      368.875
    ],
    [
      650.125,
      376.375
    ],
    [
      595.125,
      388.875
    ]
  ],
  "mkpts1": [
    [
      942.625,
      88.875
    ],
    [
      1040.125,
      127.625
    ],
    [
      1027.625,
      138.875
    ],
    [
      877.625,
      118.875
    ],
    [
      1092.625,
      155.125
    ],
    [
      418.875,
      100.125
    ],
    [
      401.375,
      108.875
    ],
    [
      445.125,
      140.125
    ],
    [
      527.625,
      195.125
    ],
    [
      720.125,
      236.375
    ],
    [
      600.125,
      220.125
    ],
    [
      365.125,
      192.625
    ],
    [
      582.625,
      230.125
    ],
    [
      726.375,
      257.625
    ],
    [
      448.875,
      255.125
    ],
    [
      690.125,
      285.125
    ],
    [
      647.625,
      293.875
    ],
    [
      616.375,
      321.375
    ],
    [
      720.125,
      330.125
    ],
    [
      750.125,
      372.625
    ],
    [
      768.875,
      387.625
    ],
    [
      807.625,
      400.125
    ],
    [
      782.625,
      421.375
    ],
    [
      835.125,
      445.125
    ],
    [
      750.125,
      460.125
    ]
  ],
  "mpts3D": [
    [
      0.21699999272823334,
      -0.0,
      -0.027000000700354576
    ],
    [
      0.23000000417232513,
      0.0,
      -0.07000000029802322
    ],
    [
      0.21699999272823334,
      -0.0,
      -0.07000000029802322
    ],
    [
      0.17000000178813934,
      -0.0,
      -0.014999999664723873
    ],
    [
      0.23000000417232513,
      -0.0,
      -0.11299999803304672
    ],
    [
      -0.0,
      -0.0,
      0.15600000321865082
    ],
    [
      -0.014000000432133675,
      0.0,
      0.15600000321865082
    ],
    [
      -0.01899999938905239,
      -0.0,
      0.12800000607967377
    ],
    [
      -0.01899999938905239,
      -0.0,
      0.07400000095367432
    ],
    [
      0.02500000037252903,
      -0.014000000432133675,
      -0.010999999940395355
    ],
    [
      0.0,
      0.0,
      0.041999999433755875
    ],
    [
      -0.07400000095367432,
      -0.0,
      0.12800000607967377
    ],
    [
      -0.014000000432133675,
      0.0,
      0.041999999433755875
    ],
    [
      0.02500000037252903,
      0.0,
      -0.014999999664723873
    ],
    [
      -0.07400000095367432,
      -0.0,
      0.07400000095367432
    ],
    [
      0.0,
      -0.0,
      -0.014999999664723873
    ],
    [
      -0.03500000014901161,
      -0.017999999225139618,
      -0.009999999776482582
    ],
    [
      -0.05700000002980232,
      -0.017999999225139618,
      -0.009999999776482582
    ],
    [
      -0.014000000432133675,
      0.0,
      -0.041999999433755875
    ],
    [
      -0.023000000044703484,
      0.0,
      -0.06499999761581421
    ],
    [
      -0.023000000044703484,
      -0.0,
      -0.07500000298023224
    ],
    [
      -0.017000000923871994,
      -0.0,
      -0.09200000017881393
    ],
    [
      -0.03700000047683716,
      -0.0,
      -0.09700000286102295
    ],
    [
      -0.028999999165534973,
      -0.0,
      -0.12700000405311584
    ],
    [
      -0.052000001072883606,
      -0.0,
      -0.09700000286102295
    ]
  ],
  "mconf": [
    0.9601492881774902,
    0.8686277270317078,
    0.9961560368537903,
    0.7739251852035522,
    0.5635032653808594,
    0.9247206449508667,
    0.99466872215271,
    0.9979517459869385,
    0.9939900636672974,
    0.9580404162406921,
    0.9189191460609436,
    0.9964900016784668,
    0.9889286756515503,
    0.9489348530769348,
    0.9989106059074402,
    0.9820816516876221,
    0.9947340488433838,
    0.9970793128013611,
    0.997896671295166,
    0.9959732890129089,
    0.9907779693603516,
    0.9997364282608032,
    0.999716579914093,
    0.9993332624435425,
    0.9996729493141174
  ],
  "coverage_score": 0.7631174549747612,
  "pose_estimation_failed": false,
  "tracking_method": "loosely_coupled",
  "kf_translation_vector": [
    0.02544246936862575,
    -0.027893657664055098,
    0.7803035761830622
  ],
  "kf_quaternion": [
    0.3985787176156486,
    -0.44501415819486173,
    -0.1615435043302742,
    0.7854941763493083
  ],
  "kf_rotation_matrix": [
    [
      0.5517321904296265,
      -0.10096338123125148,
      -0.8278876649003049
    ],
    [
      -0.60852930874521,
      0.6300774041451195,
      -0.482384229824965
    ],
    [
      0.57033645371991,
      0.7699408161905048,
      0.28619480973996725
    ]
  ],
  "position_diff": 0.08796548709439567,
  "orientation_diff": 6.696485617408445,
  "timestamp": 1741869962.1157067,
  "image_file": "webcam_000191"
}