{
  "frame": 88,
  "object_rotation_in_cam": [
    [
      0.5871364174224415,
      -0.21717583954108222,
      -0.7798111835925199
    ],
    [
      -0.5759132411637371,
      0.5649005913911795,
      -0.5909409957839911
    ],
    [
      0.5688539056635014,
      0.7960665654111607,
      0.20659926777667528
    ]
  ],
  "object_translation_in_cam": [
    -0.03575039300223935,
    -0.058635920441150284,
    0.6927835322011723
  ],
  "raw_rvec": [
    0.9802071393271465,
    -0.9531102684911998,
    -0.25352202255566575
  ],
  "refined_raw_rvec": [
    0.9802071393271465,
    -0.9531102684911998,
    -0.25352202255566575
  ],
  "num_inliers": 11,
  "total_matches": 24,
  "inlier_ratio": 0.4583333333333333,
  "reprojection_errors": [
    0.49148720502853394,
    0.5130266547203064,
    3.5900189876556396,
    3.548018455505371,
    2.528949022293091,
    3.6258974075317383,
    1.3426982164382935,
    1.4874522686004639,
    3.0378572940826416,
    2.1854000091552734,
    2.814772129058838
  ],
  "mean_reprojection_error": 2.2877798080444336,
  "std_reprojection_error": 1.123860478401184,
  "inliers": [
    0,
    4,
    8,
    9,
    10,
    12,
    13,
    14,
    15,
    16,
    17
  ],
  "mkpts0": [
    [
      745.125,
      201.375
    ],
    [
      805.125,
      212.625
    ],
    [
      425.125,
      242.625
    ],
    [
      413.875,
      248.875
    ],
    [
      436.375,
      260.125
    ],
    [
      478.875,
      281.375
    ],
    [
      590.125,
      283.875
    ],
    [
      522.625,
      286.375
    ],
    [
      386.375,
      288.875
    ],
    [
      511.375,
      292.625
    ],
    [
      597.625,
      297.625
    ],
    [
      430.125,
      311.375
    ],
    [
      575.125,
      312.625
    ],
    [
      540.125,
      313.875
    ],
    [
      518.875,
      327.625
    ],
    [
      586.375,
      330.125
    ],
    [
      602.625,
      347.625
    ],
    [
      611.375,
      352.625
    ],
    [
      636.375,
      357.625
    ],
    [
      617.625,
      368.875
    ],
    [
      650.125,
      376.375
    ],
    [
      715.125,
      383.875
    ],
    [
      595.125,
      388.875
    ],
    [
      702.625,
      391.375
    ]
  ],
  "mkpts1": [
    [
      807.625,
      26.375
    ],
    [
      906.375,
      26.375
    ],
    [
      266.375,
      26.375
    ],
    [
      247.625,
      36.375
    ],
    [
      295.125,
      70.125
    ],
    [
      382.625,
      130.125
    ],
    [
      581.375,
      175.125
    ],
    [
      457.625,
      156.375
    ],
    [
      207.625,
      125.125
    ],
    [
      438.875,
      167.625
    ],
    [
      587.625,
      196.375
    ],
    [
      298.875,
      191.375
    ],
    [
      550.125,
      223.875
    ],
    [
      503.875,
      233.875
    ],
    [
      472.625,
      261.375
    ],
    [
      580.125,
      270.125
    ],
    [
      610.125,
      313.875
    ],
    [
      627.625,
      327.625
    ],
    [
      667.625,
      341.375
    ],
    [
      642.625,
      363.875
    ],
    [
      695.125,
      386.375
    ],
    [
      902.625,
      68.875
    ],
    [
      608.875,
      402.625
    ],
    [
      888.875,
      78.875
    ]
  ],
  "mpts3D": [
    [
      0.21699999272823334,
      -0.0,
      -0.027000000700354576
    ],
    [
      0.23000000417232513,
      0.0,
      -0.07000000029802322
    ],
    [
      -0.0,
      -0.0,
      0.15600000321865082
    ],
    [
      -0.014000000432133675,
      0.0,
      0.15600000321865082
    ],
    [
      -0.01899999938905239,
      -0.0,
      0.12800000607967377
    ],
    [
      -0.01899999938905239,
      -0.0,
      0.07400000095367432
    ],
    [
      0.02500000037252903,
      -0.014000000432133675,
      -0.010999999940395355
    ],
    [
      0.0,
      0.0,
      0.041999999433755875
    ],
    [
      -0.07400000095367432,
      -0.0,
      0.12800000607967377
    ],
    [
      -0.014000000432133675,
      0.0,
      0.041999999433755875
    ],
    [
      0.02500000037252903,
      0.0,
      -0.014999999664723873
    ],
    [
      -0.07400000095367432,
      -0.0,
      0.07400000095367432
    ],
    [
      0.0,
      -0.0,
      -0.014999999664723873
    ],
    [
      -0.03500000014901161,
      -0.017999999225139618,
      -0.009999999776482582
    ],
    [
      -0.05700000002980232,
      -0.017999999225139618,
      -0.009999999776482582
    ],
    [
      -0.014000000432133675,
      0.0,
      -0.041999999433755875
    ],
    [
      -0.023000000044703484,
      0.0,
      -0.06499999761581421
    ],
    [
      -0.023000000044703484,
      -0.0,
      -0.07500000298023224
    ],
    [
      -0.017000000923871994,
      -0.0,
      -0.09200000017881393
    ],
    [
      -0.03700000047683716,
      -0.0,
      -0.09700000286102295
    ],
    [
      -0.028999999165534973,
      -0.0,
      -0.12700000405311584
    ],
    [
      0.0,
      0.0,
      -0.15600000321865082
    ],
    [
      -0.052000001072883606,
      -0.0,
      -0.09700000286102295
    ],
    [
      -0.014000000432133675,
      0.0,
      -0.15600000321865082
    ]
  ],
  "mconf": [
    0.8103047013282776,
    0.10002904385328293,
    0.9420691132545471,
    0.9953063130378723,
    0.9987017512321472,
    0.996870219707489,
    0.559492290019989,
    0.8247131705284119,
    0.9962921142578125,
    0.9969274401664734,
    0.9727092981338501,
    0.998113214969635,
    0.9685770869255066,
    0.9772667288780212,
    0.9869284629821777,
    0.9959440231323242,
    0.9949436187744141,
    0.9906602501869202,
    0.9994055032730103,
    0.9995245933532715,
    0.9978771209716797,
    0.20481838285923004,
    0.9992063045501709,
    0.46530789136886597
  ],
  "coverage_score": 0.7427376486136673,
  "pose_estimation_failed": false,
  "tracking_method": "loosely_coupled",
  "kf_translation_vector": [
    0.011568379949619258,
    -0.03545643510775525,
    0.769212378103928
  ],
  "kf_quaternion": [
    0.44742164185729794,
    -0.4190929574788586,
    -0.11170265200627019,
    0.7821109159985619
  ],
  "kf_rotation_matrix": [
    [
      0.6237672210527794,
      -0.2002947912918582,
      -0.7555107216455925
    ],
    [
      -0.5497502452122285,
      0.5746727838649719,
      -0.6062391107261045
    ],
    [
      0.5555979858037532,
      0.7934942898762627,
      0.24834993477868683
    ]
  ],
  "position_diff": 0.0968688069697258,
  "orientation_diff": 2.944298763783948,
  "timestamp": 1741869948.1534846,
  "image_file": "webcam_000088"
}