{
  "frame": 12,
  "object_rotation_in_cam": [
    [
      0.6477852631649254,
      -0.1657426758181493,
      -0.7435748908072328
    ],
    [
      -0.499566975205754,
      0.6444754256705416,
      -0.5788646326996906
    ],
    [
      0.5751583174310548,
      0.746445437469755,
      0.3346821160003384
    ]
  ],
  "object_translation_in_cam": [
    0.02347228435342995,
    -0.023743366140845004,
    0.6817509187018986
  ],
  "raw_rvec": [
    0.8736446098962214,
    -0.8693091414609343,
    -0.2200570314651541
  ],
  "refined_raw_rvec": [
    0.8736446098962214,
    -0.8693091414609343,
    -0.2200570314651541
  ],
  "num_inliers": 15,
  "total_matches": 31,
  "inlier_ratio": 0.4838709677419355,
  "reprojection_errors": [
    2.567587375640869,
    3.0159130096435547,
    4.810149192810059,
    2.4975852966308594,
    3.5665154457092285,
    2.0656282901763916,
    1.3903312683105469,
    3.616346836090088,
    3.2146291732788086,
    3.125917434692383,
    2.834521532058716,
    3.3326163291931152,
    0.9510216116905212,
    0.7775269746780396,
    3.9441990852355957
  ],
  "mean_reprojection_error": 2.7806992530822754,
  "std_reprojection_error": 1.0766911506652832,
  "inliers": [
    1,
    2,
    3,
    10,
    13,
    14,
    16,
    17,
    18,
    19,
    20,
    22,
    23,
    24,
    25
  ],
  "mkpts0": [
    [
      727.625,
      143.875
    ],
    [
      663.875,
      165.125
    ],
    [
      656.375,
      171.375
    ],
    [
      745.125,
      201.375
    ],
    [
      805.125,
      212.625
    ],
    [
      793.875,
      220.125
    ],
    [
      705.125,
      223.875
    ],
    [
      835.125,
      225.125
    ],
    [
      425.125,
      242.625
    ],
    [
      413.875,
      248.875
    ],
    [
      436.375,
      260.125
    ],
    [
      478.875,
      281.375
    ],
    [
      590.125,
      283.875
    ],
    [
      522.625,
      286.375
    ],
    [
      386.375,
      288.875
    ],
    [
      350.125,
      290.125
    ],
    [
      511.375,
      292.625
    ],
    [
      597.625,
      297.625
    ],
    [
      430.125,
      311.375
    ],
    [
      575.125,
      312.625
    ],
    [
      540.125,
      313.875
    ],
    [
      518.875,
      327.625
    ],
    [
      586.375,
      330.125
    ],
    [
      602.625,
      347.625
    ],
    [
      611.375,
      352.625
    ],
    [
      636.375,
      357.625
    ],
    [
      617.625,
      368.875
    ],
    [
      650.125,
      376.375
    ],
    [
      715.125,
      383.875
    ],
    [
      595.125,
      388.875
    ],
    [
      702.625,
      391.375
    ]
  ],
  "mkpts1": [
    [
      951.375,
      15.125
    ],
    [
      812.625,
      15.125
    ],
    [
      798.875,
      23.875
    ],
    [
      948.875,
      112.625
    ],
    [
      1048.875,
      153.875
    ],
    [
      1035.125,
      163.875
    ],
    [
      956.375,
      186.375
    ],
    [
      1102.625,
      183.875
    ],
    [
      411.375,
      108.875
    ],
    [
      391.375,
      116.375
    ],
    [
      433.875,
      147.625
    ],
    [
      513.875,
      203.875
    ],
    [
      708.875,
      250.125
    ],
    [
      587.625,
      231.375
    ],
    [
      347.625,
      196.375
    ],
    [
      286.375,
      180.125
    ],
    [
      567.625,
      241.375
    ],
    [
      715.125,
      272.625
    ],
    [
      428.875,
      260.125
    ],
    [
      676.375,
      296.375
    ],
    [
      628.875,
      303.875
    ],
    [
      593.875,
      328.875
    ],
    [
      703.875,
      342.625
    ],
    [
      732.625,
      385.125
    ],
    [
      750.125,
      398.875
    ],
    [
      792.625,
      416.375
    ],
    [
      763.875,
      435.125
    ],
    [
      817.625,
      461.375
    ],
    [
      926.375,
      491.375
    ],
    [
      727.625,
      472.625
    ],
    [
      910.125,
      506.375
    ]
  ],
  "mpts3D": [
    [
      0.20600000023841858,
      -0.054999999701976776,
      -0.0020000000949949026
    ],
    [
      0.23000000417232513,
      -0.0,
      0.07000000029802322
    ],
    [
      0.21699999272823334,
      0.0,
      0.07000000029802322
    ],
    [
      0.21699999272823334,
      -0.0,
      -0.027000000700354576
    ],
    [
      0.23000000417232513,
      0.0,
      -0.07000000029802322
    ],
    [
      0.21699999272823334,
      -0.0,
      -0.07000000029802322
    ],
    [
      0.17000000178813934,
      -0.0,
      -0.014999999664723873
    ],
    [
      0.23000000417232513,
      -0.0,
      -0.11299999803304672
    ],
    [
      -0.0,
      -0.0,
      0.15600000321865082
    ],
    [
      -0.014000000432133675,
      0.0,
      0.15600000321865082
    ],
    [
      -0.01899999938905239,
      -0.0,
      0.12800000607967377
    ],
    [
      -0.01899999938905239,
      -0.0,
      0.07400000095367432
    ],
    [
      0.02500000037252903,
      -0.014000000432133675,
      -0.010999999940395355
    ],
    [
      0.0,
      0.0,
      0.041999999433755875
    ],
    [
      -0.07400000095367432,
      -0.0,
      0.12800000607967377
    ],
    [
      -0.07999999821186066,
      -0.0,
      0.15600000321865082
    ],
    [
      -0.014000000432133675,
      0.0,
      0.041999999433755875
    ],
    [
      0.02500000037252903,
      0.0,
      -0.014999999664723873
    ],
    [
      -0.07400000095367432,
      -0.0,
      0.07400000095367432
    ],
    [
      0.0,
      -0.0,
      -0.014999999664723873
    ],
    [
      -0.03500000014901161,
      -0.017999999225139618,
      -0.009999999776482582
    ],
    [
      -0.05700000002980232,
      -0.017999999225139618,
      -0.009999999776482582
    ],
    [
      -0.014000000432133675,
      0.0,
      -0.041999999433755875
    ],
    [
      -0.023000000044703484,
      0.0,
      -0.06499999761581421
    ],
    [
      -0.023000000044703484,
      -0.0,
      -0.07500000298023224
    ],
    [
      -0.017000000923871994,
      -0.0,
      -0.09200000017881393
    ],
    [
      -0.03700000047683716,
      -0.0,
      -0.09700000286102295
    ],
    [
      -0.028999999165534973,
      -0.0,
      -0.12700000405311584
    ],
    [
      0.0,
      0.0,
      -0.15600000321865082
    ],
    [
      -0.052000001072883606,
      -0.0,
      -0.09700000286102295
    ],
    [
      -0.014000000432133675,
      0.0,
      -0.15600000321865082
    ]
  ],
  "mconf": [
    0.8566888570785522,
    0.9483781456947327,
    0.9886186718940735,
    0.9867743253707886,
    0.9352003931999207,
    0.9993070363998413,
    0.8439504504203796,
    0.6687645316123962,
    0.5473824739456177,
    0.9675673246383667,
    0.9821076989173889,
    0.9725990295410156,
    0.982893705368042,
    0.7470850348472595,
    0.988520085811615,
    0.12019377946853638,
    0.8855190277099609,
    0.9142498970031738,
    0.9959179759025574,
    0.9147282242774963,
    0.9959823489189148,
    0.999139130115509,
    0.9967696666717529,
    0.9958654046058655,
    0.9951709508895874,
    0.9986092448234558,
    0.9984100461006165,
    0.9983989596366882,
    0.9152442812919617,
    0.9983564615249634,
    0.99507737159729
  ],
  "coverage_score": 0.9421567638998996,
  "pose_estimation_failed": false,
  "tracking_method": "loosely_coupled",
  "kf_translation_vector": [
    0.03586764325605479,
    -0.04848619928459067,
    0.7516168109713238
  ],
  "kf_quaternion": [
    0.42913016914201174,
    -0.40746086458442243,
    -0.15104936820367942,
    0.7918377549280742
  ],
  "kf_rotation_matrix": [
    [
      0.6223194643947685,
      -0.11049431427231601,
      -0.7749254743192402
    ],
    [
      -0.5889206846791382,
      0.5860627725948353,
      -0.5565095270842266
    ],
    [
      0.5156461106150843,
      0.8026963517370347,
      0.2996458835285267
    ]
  ],
  "position_diff": 0.08113355213157938,
  "orientation_diff": 6.015506616575472,
  "timestamp": 1741869976.1194477,