{
  "frame": 144,
  "object_rotation_in_cam": [
    [
      0.6163542502763015,
      -0.1660740642835971,
      -0.7697576523417393
    ],
    [
      -0.5267664664310743,
      0.6396487521874775,
      -0.5597915359030744
    ],
    [
      0.5853413773261364,
      0.7505124109548961,
      0.30676797908616693
    ]
  ],
  "object_translation_in_cam": [
    0.021625375205537513,
    -0.015836908677534678,
    0.6905358211313104
  ],
  "raw_rvec": [
    0.8776999453181117,
    -0.9077056869836643,
    -0.24160783641126776
  ],
  "refined_raw_rvec": [
    0.8776999453181117,
    -0.9077056869836643,
    -0.24160783641126776
  ],
  "num_inliers": 14,
  "total_matches": 28,
  "inlier_ratio": 0.5,
  "reprojection_errors": [
    1.5841866731643677,
    2.3221609592437744,
    1.4290220737457275,
    2.4135093688964844,
    3.5545365810394287,
    2.6295173168182373,
    1.6379283666610718,
    1.5476255416870117,
    1.2899755239486694,
    0.48053136467933655,
    3.9122941493988037,
    2.5265159606933594,
    1.4268356561660767,
    2.577970266342163
  ],
  "mean_reprojection_error": 2.095186710357666,
  "std_reprojection_error": 0.8946282863616943,
  "inliers": [
    2,
    5,
    7,
    8,
    11,
    12,
    14,
    18,
    19,
    20,
    21,
    22,
    23,
    24
  ],
  "mkpts0": [
    [
      727.625,
      126.375
    ],
    [
      727.625,
      143.875
    ],
    [
      656.375,
      171.375
    ],
    [
      745.125,
      201.375
    ],
    [
      793.875,
      220.125
    ],
    [
      705.125,
      223.875
    ],
    [
      835.125,
      225.125
    ],
    [
      425.125,
      242.625
    ],
    [
      413.875,
      248.875
    ],
    [
      436.375,
      260.125
    ],
    [
      478.875,
      281.375
    ],
    [
      590.125,
      283.875
    ],
    [
      522.625,
      286.375
    ],
    [
      386.375,
      288.875
    ],
    [
      350.125,
      290.125
    ],
    [
      511.375,
      292.625
    ],
    [
      597.625,
      297.625
    ],
    [
      430.125,
      311.375
    ],
    [
      575.125,
      312.625
    ],
    [
      540.125,
      313.875
    ],
    [
      518.875,
      327.625
    ],
    [
      586.375,
      330.125
    ],
    [
      602.625,
      347.625
    ],
    [
      611.375,
      352.625
    ],
    [
      636.375,
      357.625
    ],
    [
      617.625,
      368.875
    ],
    [
      650.125,
      376.375
    ],
    [
      595.125,
      388.875
    ]
  ],
  "mkpts1": [
    [
      935.125,
      15.125
    ],
    [
      931.375,
      27.625
    ],
    [
      780.125,
      32.625
    ],
    [
      927.625,
      122.625
    ],
    [
      1011.375,
      173.875
    ],
    [
      862.625,
      150.125
    ],
    [
      1023.875,
      162.625
    ],
    [
      407.625,
      125.125
    ],
    [
      388.875,
      133.875
    ],
    [
      431.375,
      165.125
    ],
    [
      513.875,
      222.625
    ],
    [
      705.125,
      265.125
    ],
    [
      585.125,
      247.625
    ],
    [
      350.125,
      216.375
    ],
    [
      287.625,
      200.125
    ],
    [
      566.375,
      257.625
    ],
    [
      710.125,
      286.375
    ],
    [
      433.875,
      278.875
    ],
    [
      673.875,
      312.625
    ],
    [
      630.125,
      321.375
    ],
    [
      598.875,
      347.625
    ],
    [
      702.625,
      357.625
    ],
    [
      731.375,
      398.875
    ],
    [
      748.875,
      413.875
    ],
    [
      790.125,
      430.125
    ],
    [
      763.875,
      450.125
    ],
    [
      815.125,
      473.875
    ],
    [
      730.125,
      487.625
    ]
  ],
  "mpts3D": [
    [
      0.20600000023841858,
      -0.07000000029802322,
      -0.0020000000949949026
    ],
    [
      0.20600000023841858,
      -0.054999999701976776,
      -0.0020000000949949026
    ],
    [
      0.21699999272823334,
      0.0,
      0.07000000029802322
    ],
    [
      0.21699999272823334,
      -0.0,
      -0.027000000700354576
    ],
    [
      0.21699999272823334,
      -0.0,
      -0.07000000029802322
    ],
    [
      0.17000000178813934,
      -0.0,
      -0.014999999664723873
    ],
    [
      0.23000000417232513,
      -0.0,
      -0.11299999803304672
    ],
    [
      -0.0,
      -0.0,
      0.15600000321865082
    ],
    [
      -0.014000000432133675,
      0.0,
      0.15600000321865082
    ],
    [
      -0.01899999938905239,
      -0.0,
      0.12800000607967377
    ],
    [
      -0.01899999938905239,
      -0.0,
      0.07400000095367432
    ],
    [
      0.02500000037252903,
      -0.014000000432133675,
      -0.010999999940395355
    ],
    [
      0.0,
      0.0,
      0.041999999433755875
    ],
    [
      -0.07400000095367432,
      -0.0,
      0.12800000607967377
    ],
    [
      -0.07999999821186066,
      -0.0,
      0.15600000321865082
    ],
    [
      -0.014000000432133675,
      0.0,
      0.041999999433755875
    ],
    [
      0.02500000037252903,
      0.0,
      -0.014999999664723873
    ],
    [
      -0.07400000095367432,
      -0.0,
      0.07400000095367432
    ],
    [
      0.0,
      -0.0,
      -0.014999999664723873
    ],
    [
      -0.03500000014901161,
      -0.017999999225139618,
      -0.009999999776482582
    ],
    [
      -0.05700000002980232,
      -0.017999999225139618,
      -0.009999999776482582
    ],
    [
      -0.014000000432133675,
      0.0,
      -0.041999999433755875
    ],
    [
      -0.023000000044703484,
      0.0,
      -0.06499999761581421
    ],
    [
      -0.023000000044703484,
      -0.0,
      -0.07500000298023224
    ],
    [
      -0.017000000923871994,
      -0.0,
      -0.09200000017881393
    ],
    [
      -0.03700000047683716,
      -0.0,
      -0.09700000286102295
    ],
    [
      -0.028999999165534973,
      -0.0,
      -0.12700000405311584
    ],
    [
      -0.052000001072883606,
      -0.0,
      -0.09700000286102295
    ]
  ],
  "mconf": [
    0.8309808969497681,
    0.4327070713043213,
    0.2526609003543854,
    0.9959849715232849,
    0.19788827002048492,
    0.7214786410331726,
    0.12402454018592834,
    0.9180524945259094,
    0.9946396350860596,
    0.9976803660392761,
    0.9942002892494202,
    0.8724309802055359,
    0.6602447628974915,
    0.9912877082824707,
    0.40797317028045654,
    0.9416258335113525,
    0.9385101199150085,
    0.9958228468894958,
    0.969683051109314,
    0.9839816689491272,
    0.9973029494285583,
    0.9967783093452454,
    0.9916563630104065,
    0.9927500486373901,
    0.9989565014839172,
    0.9991557002067566,
    0.9946261644363403,
    0.9993602633476257
  ],
  "coverage_score": 0.8429078545765152,
  "pose_estimation_failed": false,
  "tracking_method": "loosely_coupled",
  "kf_translation_vector": [
    0.01322762470921588,
    -0.04253371853310502,
    0.8200814982271334
  ],
  "kf_quaternion": [
    0.4177400289657017,
    -0.4322837635612524,
    -0.12992712789853486,
    0.7885067896962535
  ],
  "kf_rotation_matrix": [
    [
      0.5924993783947139,
      -0.15626761879550377,
      -0.7902688896305237
    ],
    [
      -0.5660613088504168,
      0.6172244192715448,
      -0.5464509226613652
    ],
    [
      0.5731658409434661,
      0.7711124740080966,
      0.2772480319221078
    ]
  ],
  "position_diff": 0.13565582196716106,
  "orientation_diff": 2.7372723723852403,
  "timestamp": 1741869955.6718175,
  "image_file": "webcam_000144"
}