{
  "frame": 118,
  "object_rotation_in_cam": [
    [
      0.8249839607017702,
      -0.12469992492342481,
      -0.5512271703289964
    ],
    [
      -0.1540777093815062,
      0.8887801304380772,
      -0.43165951768752037
    ],
    [
      0.5437476657941331,
      0.44104399832960745,
      0.7140158734095937
    ]
  ],
  "object_translation_in_cam": [
    -0.002368627814531987,
    0.012869936781460286,
    0.637335279784949
  ],
  "raw_rvec": [
    0.4833985683706378,
    -0.6065167132584421,
    -0.016272627173257545
  ],
  "refined_raw_rvec": [
    0.4833985683706378,
    -0.6065167132584421,
    -0.016272627173257545
  ],
  "num_inliers": 9,
  "total_matches": 24,
  "inlier_ratio": 0.375,
  "reprojection_errors": [
    1.8963905572891235,
    1.768572449684143,
    3.212533473968506,
    1.6049591302871704,
    0.494998961687088,
    0.22682993113994598,
    3.755729913711548,
    3.045015811920166,
    1.9284276962280273
  ],
  "mean_reprojection_error": 1.992606282234192,
  "std_reprojection_error": 1.1194753646850586,
  "inliers": [
    6,
    9,
    13,
    14,
    15,
    16,
    18,
    19,
    23
  ],
  "mkpts0": [
    [
      727.625,
      126.375
    ],
    [
      727.625,
      143.875
    ],
    [
      356.375,
      195.125
    ],
    [
      425.125,
      242.625
    ],
    [
      413.875,
      248.875
    ],
    [
      436.375,
      260.125
    ],
    [
      478.875,
      281.375
    ],
    [
      590.125,
      283.875
    ],
    [
      522.625,
      286.375
    ],
    [
      386.375,
      288.875
    ],
    [
      597.625,
      297.625
    ],
    [
      430.125,
      311.375
    ],
    [
      575.125,
      312.625
    ],
    [
      540.125,
      313.875
    ],
    [
      518.875,
      327.625
    ],
    [
      586.375,
      330.125
    ],
    [
      470.125,
      338.875
    ],
    [
      602.625,
      347.625
    ],
    [
      611.375,
      352.625
    ],
    [
      636.375,
      357.625
    ],
    [
      617.625,
      368.875
    ],
    [
      650.125,
      376.375
    ],
    [
      595.125,
      388.875
    ],
    [
      702.625,
      391.375
    ]
  ],
  "mkpts1": [
    [
      997.625,
      195.125
    ],
    [
      1016.375,
      261.375
    ],
    [
      353.875,
      152.625
    ],
    [
      420.125,
      237.625
    ],
    [
      398.875,
      236.375
    ],
    [
      426.375,
      258.875
    ],
    [
      476.375,
      295.125
    ],
    [
      665.125,
      347.625
    ],
    [
      535.125,
      315.125
    ],
    [
      318.875,
      261.375
    ],
    [
      668.875,
      377.625
    ],
    [
      366.375,
      305.125
    ],
    [
      616.375,
      380.125
    ],
    [
      548.875,
      347.625
    ],
    [
      500.125,
      353.875
    ],
    [
      627.625,
      408.875
    ],
    [
      395.125,
      332.625
    ],
    [
      638.875,
      436.375
    ],
    [
      653.875,
      450.125
    ],
    [
      696.375,
      470.125
    ],
    [
      652.625,
      473.875
    ],
    [
      710.125,
      505.125
    ],
    [
      593.875,
      487.625
    ],
    [
      807.625,
      562.625
    ]
  ],
  "mpts3D": [
    [
      0.20600000023841858,
      -0.07000000029802322,
      -0.0020000000949949026
    ],
    [
      0.20600000023841858,
      -0.054999999701976776,
      -0.0020000000949949026
    ],
    [
      -0.0,
      -0.02500000037252903,
      0.23999999463558197
    ],
    [
      -0.0,
      -0.0,
      0.15600000321865082
    ],
    [
      -0.014000000432133675,
      0.0,
      0.15600000321865082
    ],
    [
      -0.01899999938905239,
      -0.0,
      0.12800000607967377
    ],
    [
      -0.01899999938905239,
      -0.0,
      0.07400000095367432
    ],
    [
      0.02500000037252903,
      -0.014000000432133675,
      -0.010999999940395355
    ],
    [
      0.0,
      0.0,
      0.041999999433755875
    ],
    [
      -0.07400000095367432,
      -0.0,
      0.12800000607967377
    ],
    [
      0.02500000037252903,
      0.0,
      -0.014999999664723873
    ],
    [
      -0.07400000095367432,
      -0.0,
      0.07400000095367432
    ],
    [
      0.0,
      -0.0,
      -0.014999999664723873
    ],
    [
      -0.03500000014901161,
      -0.017999999225139618,
      -0.009999999776482582
    ],
    [
      -0.05700000002980232,
      -0.017999999225139618,
      -0.009999999776482582
    ],
    [
      -0.014000000432133675,
      0.0,
      -0.041999999433755875
    ],
    [
      -0.10000000149011612,
      -0.029999999329447746,
      0.0
    ],
    [
      -0.023000000044703484,
      0.0,
      -0.06499999761581421
    ],
    [
      -0.023000000044703484,
      -0.0,
      -0.07500000298023224
    ],
    [
      -0.017000000923871994,
      -0.0,
      -0.09200000017881393
    ],
    [
      -0.03700000047683716,
      -0.0,
      -0.09700000286102295
    ],
    [
      -0.028999999165534973,
      -0.0,
      -0.12700000405311584
    ],
    [
      -0.052000001072883606,
      -0.0,
      -0.09700000286102295
    ],
    [
      -0.014000000432133675,
      0.0,
      -0.15600000321865082
    ]
  ],
  "mconf": [
    0.39900460839271545,
    0.11077087372541428,
    0.9939665198326111,
    0.9736149907112122,
    0.9992983341217041,
    0.9949244260787964,
    0.9903353452682495,
    0.8961790800094604,
    0.1965901255607605,
    0.9967508912086487,
    0.31244465708732605,
    0.9914911985397339,
    0.895223081111908,
    0.9284101128578186,
    0.9819291830062866,
    0.975757360458374,
    0.9738603234291077,
    0.9920781850814819,
    0.8248845934867859,
    0.9981752038002014,
    0.9705586433410645,
    0.9971426725387573,
    0.9940958619117737,
    0.9833709597587585
  ],
  "coverage_score": 0.4056390622295664,
  "pose_estimation_failed": false,
  "tracking_method": "loosely_coupled",
  "kf_translation_vector": [
    -0.018745826275409008,
    -0.008091147779974947,
    0.6535202336178939
  ],
  "kf_quaternion": [
    0.44979283362626465,
    -0.4715307328629903,
    -0.13111821667918538,
    0.7470965051711973
  ],
  "kf_rotation_matrix": [
    [
      0.5209335624411229,
      -0.22826636606202888,
      -0.8225099936458137
    ],
    [
      -0.6200982118432257,
      0.5609888401466512,
      -0.548424770501615
    ],
    [
      0.5866058567652003,
      0.7957298457113136,
      0.1506903495682934
    ]
  ],
  "position_diff": 0.032848247191609066,
  "orientation_diff": 40.52981398741669,
  "timestamp": 1741869622.9193103,
  "image_file": "webcam_000118"
}