{
  "frame": 57,
  "object_rotation_in_cam": [
    [
      0.6803415293709949,
      -0.11753897041389288,
      -0.7234085939821131
    ],
    [
      -0.5389699879386713,
      0.5886238727682274,
      -0.6025224381786309
    ],
    [
      0.4966354352183542,
      0.7998165582440613,
      0.33711528835711396
    ]
  ],
  "object_translation_in_cam": [
    0.0064223205996618675,
    -0.022739569877018632,
    0.7249748481297905
  ],
  "raw_rvec": [
    0.9292110357354718,
    -0.8084196324199857,
    -0.2792465682578921
  ],
  "refined_raw_rvec": [
    0.9292110357354718,
    -0.8084196324199857,
    -0.2792465682578921
  ],
  "num_inliers": 16,
  "total_matches": 28,
  "inlier_ratio": 0.5714285714285714,
  "reprojection_errors": [
    0.6524342894554138,
    1.7785011529922485,
    2.6084113121032715,
    3.3147404193878174,
    2.7654480934143066,
    1.006227731704712,
    1.4836649894714355,
    2.044891834259033,
    3.4020299911499023,
    2.2809641361236572,
    0.5993088483810425,
    2.1750600337982178,
    3.442617654800415,
    0.8761041164398193,
    1.4400157928466797,
    4.674424648284912
  ],
  "mean_reprojection_error": 2.159052848815918,
  "std_reprojection_error": 1.1249632835388184,
  "inliers": [
    3,
    6,
    10,
    11,
    13,
    14,
    15,
    16,
    17,
    18,
    19,
    20,
    21,
    22,
    23,
    24
  ],
  "mkpts0": [
    [
      727.625,
      143.875
    ],
    [
      663.875,
      165.125
    ],
    [
      656.375,
      171.375
    ],
    [
      745.125,
      201.375
    ],
    [
      805.125,
      212.625
    ],
    [
      793.875,
      220.125
    ],
    [
      705.125,
      223.875
    ],
    [
      835.125,
      225.125
    ],
    [
      425.125,
      242.625
    ],
    [
      413.875,
      248.875
    ],
    [
      436.375,
      260.125
    ],
    [
      478.875,
      281.375
    ],
    [
      590.125,
      283.875
    ],
    [
      522.625,
      286.375
    ],
    [
      386.375,
      288.875
    ],
    [
      511.375,
      292.625
    ],
    [
      597.625,
      297.625
    ],
    [
      430.125,
      311.375
    ],
    [
      575.125,
      312.625
    ],
    [
      540.125,
      313.875
    ],
    [
      518.875,
      327.625
    ],
    [
      586.375,
      330.125
    ],
    [
      602.625,
      347.625
    ],
    [
      611.375,
      352.625
    ],
    [
      636.375,
      357.625
    ],
    [
      650.125,
      376.375
    ],
    [
      595.125,
      388.875
    ],
    [
      702.625,
      391.375
    ]
  ],
  "mkpts1": [
    [
      912.625,
      13.875
    ],
    [
      840.125,
      27.625
    ],
    [
      826.375,
      33.875
    ],
    [
      913.875,
      108.875
    ],
    [
      1007.625,
      148.875
    ],
    [
      993.875,
      160.125
    ],
    [
      843.875,
      137.625
    ],
    [
      1057.625,
      177.625
    ],
    [
      393.875,
      117.625
    ],
    [
      375.125,
      126.375
    ],
    [
      413.875,
      157.625
    ],
    [
      486.375,
      212.625
    ],
    [
      670.125,
      255.125
    ],
    [
      556.375,
      236.375
    ],
    [
      330.125,
      208.875
    ],
    [
      536.375,
      247.625
    ],
    [
      675.125,
      275.125
    ],
    [
      403.875,
      268.875
    ],
    [
      637.625,
      301.375
    ],
    [
      587.625,
      311.375
    ],
    [
      553.875,
      337.625
    ],
    [
      660.125,
      346.375
    ],
    [
      683.875,
      388.875
    ],
    [
      700.125,
      403.875
    ],
    [
      740.125,
      418.875
    ],
    [
      758.875,
      462.625
    ],
    [
      673.875,
      475.125
    ],
    [
      845.125,
      506.375
    ]
  ],
  "mpts3D": [
    [
      0.20600000023841858,
      -0.054999999701976776,
      -0.0020000000949949026
    ],
    [
      0.23000000417232513,
      -0.0,
      0.07000000029802322
    ],
    [
      0.21699999272823334,
      0.0,
      0.07000000029802322
    ],
    [
      0.21699999272823334,
      -0.0,
      -0.027000000700354576
    ],
    [
      0.23000000417232513,
      0.0,
      -0.07000000029802322
    ],
    [
      0.21699999272823334,
      -0.0,
      -0.07000000029802322
    ],
    [
      0.17000000178813934,
      -0.0,
      -0.014999999664723873
    ],
    [
      0.23000000417232513,
      -0.0,
      -0.11299999803304672
    ],
    [
      -0.0,
      -0.0,
      0.15600000321865082
    ],
    [
      -0.014000000432133675,
      0.0,
      0.15600000321865082
    ],
    [
      -0.01899999938905239,
      -0.0,
      0.12800000607967377
    ],
    [
      -0.01899999938905239,
      -0.0,
      0.07400000095367432
    ],
    [
      0.02500000037252903,
      -0.014000000432133675,
      -0.010999999940395355
    ],
    [
      0.0,
      0.0,
      0.041999999433755875
    ],
    [
      -0.07400000095367432,
      -0.0,
      0.12800000607967377
    ],
    [
      -0.014000000432133675,
      0.0,
      0.041999999433755875
    ],
    [
      0.02500000037252903,
      0.0,
      -0.014999999664723873
    ],
    [
      -0.07400000095367432,
      -0.0,
      0.07400000095367432
    ],
    [
      0.0,
      -0.0,
      -0.014999999664723873
    ],
    [
      -0.03500000014901161,
      -0.017999999225139618,
      -0.009999999776482582
    ],
    [
      -0.05700000002980232,
      -0.017999999225139618,
      -0.009999999776482582
    ],
    [
      -0.014000000432133675,
      0.0,
      -0.041999999433755875
    ],
    [
      -0.023000000044703484,
      0.0,
      -0.06499999761581421
    ],
    [
      -0.023000000044703484,
      -0.0,
      -0.07500000298023224
    ],
    [
      -0.017000000923871994,
      -0.0,
      -0.09200000017881393
    ],
    [
      -0.028999999165534973,
      -0.0,
      -0.12700000405311584
    ],
    [
      -0.052000001072883606,
      -0.0,
      -0.09700000286102295
    ],
    [
      -0.014000000432133675,
      0.0,
      -0.15600000321865082
    ]
  ],
  "mconf": [
    0.8372385501861572,
    0.13541248440742493,
    0.2668866515159607,
    0.9729375243186951,
    0.8161819577217102,
    0.9971691966056824,
    0.3033462464809418,
    0.31159302592277527,
    0.8508176803588867,
    0.9910628795623779,
    0.9973713159561157,
    0.9906871914863586,
    0.9631473422050476,
    0.9507285952568054,
    0.9950087070465088,
    0.9970006942749023,
    0.9598551392555237,
    0.9982895255088806,
    0.9820441603660583,
    0.9809378981590271,
    0.9965886473655701,
    0.9982603192329407,
    0.997789740562439,
    0.9923682808876038,
    0.999541699886322,
    0.999346137046814,
    0.9993235468864441,
    0.30955448746681213
  ],
  "coverage_score": 0.7653094974242585,
  "pose_estimation_failed": false,
  "tracking_method": "loosely_coupled",
  "kf_translation_vector": [
    -0.00960557467519613,
    -0.01505049099817238,
    0.6496788471296401
  ],
  "kf_quaternion": [
    0.4519571399393846,
    -0.5200636715528856,
    -0.08706968372850876,
    0.7195049627098908
  ],
  "kf_rotation_matrix": [
    [
      0.44390529541269963,
      -0.3447988400743499,
      -0.8270803156815829
    ],
    [
      -0.5953871182513206,
      0.576307227666458,
      -0.559807251435518
    ],
    [
      0.6696732547481286,
      0.7409343690387052,
      0.050537042377487795
    ]
  ],
  "position_diff": 0.07913746231251884,
  "orientation_diff": 19.91739985783672,
  "timestamp": 1741869678.44534,
  "image_file": "webcam_000057"
}