{
  "frame": 156,
  "object_rotation_in_cam": [
    [
      0.6450068396855929,
      -0.19061270217413984,
      -0.7400222797515468
    ],
    [
      -0.3279075209887695,
      0.8056701261740051,
      -0.49332778704403274
    ],
    [
      0.6902483860450552,
      0.5608586680801461,
      0.4571594032736951
    ]
  ],
  "object_translation_in_cam": [
    0.0016870610090930023,
    -0.007494193660326502,
    0.672887179045838
  ],
  "raw_rvec": [
    0.6504869169992472,
    -0.8825500947637372,
    -0.08471791965888853
  ],
  "refined_raw_rvec": [
    0.6504869169992472,
    -0.8825500947637372,
    -0.08471791965888853
  ],
  "num_inliers": 15,
  "total_matches": 35,
  "inlier_ratio": 0.42857142857142855,
  "reprojection_errors": [
    2.328582286834717,
    1.7519690990447998,
    3.0237395763397217,
    2.1411614418029785,
    2.4539172649383545,
    2.4283804893493652,
    3.90145206451416,
    2.867520332336426,
    2.8474061489105225,
    2.6389098167419434,
    3.8259735107421875,
    2.2252285480499268,
    3.3134641647338867,
    2.129934310913086,
    1.6635446548461914
  ],
  "mean_reprojection_error": 2.6360788345336914,
  "std_reprojection_error": 0.6476961374282837,
  "inliers": [
    3,
    4,
    8,
    9,
    10,
    11,
    18,
    20,
    21,
    22,
    23,
    24,
    25,
    26,
    27
  ],
  "mkpts0": [
    [
      751.375,
      76.375
    ],
    [
      727.625,
      126.375
    ],
    [
      636.375,
      157.625
    ],
    [
      663.875,
      165.125
    ],
    [
      656.375,
      171.375
    ],
    [
      356.375,
      195.125
    ],
    [
      745.125,
      201.375
    ],
    [
      793.875,
      220.125
    ],
    [
      705.125,
      223.875
    ],
    [
      835.125,
      225.125
    ],
    [
      425.125,
      242.625
    ],
    [
      413.875,
      248.875
    ],
    [
      436.375,
      260.125
    ],
    [
      478.875,
      281.375
    ],
    [
      590.125,
      283.875
    ],
    [
      522.625,
      286.375
    ],
    [
      386.375,
      288.875
    ],
    [
      511.375,
      292.625
    ],
    [
      597.625,
      297.625
    ],
    [
      430.125,
      311.375
    ],
    [
      575.125,
      312.625
    ],
    [
      540.125,
      313.875
    ],
    [
      518.875,
      327.625
    ],
    [
      586.375,
      330.125
    ],
    [
      470.125,
      338.875
    ],
    [
      602.625,
      347.625
    ],
    [
      611.375,
      352.625
    ],
    [
      636.375,
      357.625
    ],
    [
      617.625,
      368.875
    ],
    [
      650.125,
      376.375
    ],
    [
      496.375,
      377.625
    ],
    [
      715.125,
      383.875
    ],
    [
      516.375,
      388.875
    ],
    [
      595.125,
      388.875
    ],
    [
      702.625,
      391.375
    ]
  ],
  "mkpts1": [
    [
      957.625,
      15.125
    ],
    [
      910.125,
      83.875
    ],
    [
      727.625,
      105.125
    ],
    [
      768.875,
      128.875
    ],
    [
      757.625,
      133.875
    ],
    [
      273.875,
      61.375
    ],
    [
      901.375,
      211.375
    ],
    [
      983.875,
      257.625
    ],
    [
      833.875,
      227.625
    ],
    [
      1052.625,
      278.875
    ],
    [
      377.625,
      163.875
    ],
    [
      360.125,
      167.625
    ],
    [
      398.875,
      195.125
    ],
    [
      472.625,
      241.375
    ],
    [
      665.125,
      288.875
    ],
    [
      546.375,
      270.125
    ],
    [
      310.125,
      222.625
    ],
    [
      525.125,
      273.875
    ],
    [
      670.125,
      312.625
    ],
    [
      385.125,
      276.375
    ],
    [
      630.125,
      327.625
    ],
    [
      583.875,
      317.625
    ],
    [
      547.625,
      335.125
    ],
    [
      658.875,
      365.125
    ],
    [
      460.125,
      332.625
    ],
    [
      685.125,
      400.125
    ],
    [
      702.625,
      413.875
    ],
    [
      745.125,
      431.375
    ],
    [
      715.125,
      443.875
    ],
    [
      770.125,
      468.875
    ],
    [
      493.875,
      415.125
    ],
    [
      882.625,
      505.125
    ],
    [
      518.875,
      433.875
    ],
    [
      677.625,
      471.375
    ],
    [
      865.125,
      516.375
    ]
  ],
  "mpts3D": [
    [
      0.24300000071525574,
      -0.10400000214576721,
      0.0
    ],
    [
      0.20600000023841858,
      -0.07000000029802322,
      -0.0020000000949949026
    ],
    [
      0.23000000417232513,
      -0.0,
      0.11299999803304672
    ],
    [
      0.23000000417232513,
      -0.0,
      0.07000000029802322
    ],
    [
      0.21699999272823334,
      0.0,
      0.07000000029802322
    ],
    [
      -0.0,
      -0.02500000037252903,
      0.23999999463558197
    ],
    [
      0.21699999272823334,
      -0.0,
      -0.027000000700354576
    ],
    [
      0.21699999272823334,
      -0.0,
      -0.07000000029802322
    ],
    [
      0.17000000178813934,
      -0.0,
      -0.014999999664723873
    ],
    [
      0.23000000417232513,
      -0.0,
      -0.11299999803304672
    ],
    [
      -0.0,
      -0.0,
      0.15600000321865082
    ],
    [
      -0.014000000432133675,
      0.0,
      0.15600000321865082
    ],
    [
      -0.01899999938905239,
      -0.0,
      0.12800000607967377
    ],
    [
      -0.01899999938905239,
      -0.0,
      0.07400000095367432
    ],
    [
      0.02500000037252903,
      -0.014000000432133675,
      -0.010999999940395355
    ],
    [
      0.0,
      0.0,
      0.041999999433755875
    ],
    [
      -0.07400000095367432,
      -0.0,
      0.12800000607967377
    ],
    [
      -0.014000000432133675,
      0.0,
      0.041999999433755875
    ],
    [
      0.02500000037252903,
      0.0,
      -0.014999999664723873
    ],
    [
      -0.07400000095367432,
      -0.0,
      0.07400000095367432
    ],
    [
      0.0,
      -0.0,
      -0.014999999664723873
    ],
    [
      -0.03500000014901161,
      -0.017999999225139618,
      -0.009999999776482582
    ],
    [
      -0.05700000002980232,
      -0.017999999225139618,
      -0.009999999776482582
    ],
    [
      -0.014000000432133675,
      0.0,
      -0.041999999433755875
    ],
    [
      -0.10000000149011612,
      -0.029999999329447746,
      0.0
    ],
    [
      -0.023000000044703484,
      0.0,
      -0.06499999761581421
    ],
    [
      -0.023000000044703484,
      -0.0,
      -0.07500000298023224
    ],
    [
      -0.017000000923871994,
      -0.0,
      -0.09200000017881393
    ],
    [
      -0.03700000047683716,
      -0.0,
      -0.09700000286102295
    ],
    [
      -0.028999999165534973,
      -0.0,
      -0.12700000405311584
    ],
    [
      -0.09000000357627869,
      -0.0,
      -0.014999999664723873
    ],
    [
      0.0,
      0.0,
      -0.15600000321865082
    ],
    [
      -0.09000000357627869,
      -0.0,
      -0.041999999433755875
    ],
    [
      -0.052000001072883606,
      -0.0,
      -0.09700000286102295
    ],
    [
      -0.014000000432133675,
      0.0,
      -0.15600000321865082
    ]
  ],
  "mconf": [
    0.6421833634376526,
    0.9944687485694885,
    0.9818833470344543,
    0.7269785404205322,
    0.9936510920524597,
    0.9639940857887268,
    0.9820603728294373,
    0.9976209998130798,
    0.6823209524154663,
    0.9307049512863159,
    0.9768943786621094,
    0.9989005327224731,
    0.9992678761482239,
    0.9976174235343933,
    0.9974352121353149,
    0.91380375623703,
    0.9987431168556213,
    0.9974740147590637,
    0.9181900024414062,
    0.9986864924430847,
    0.8994730114936829,
    0.9974436163902283,
    0.9994952082633972,
    0.9979100227355957,
    0.9976416230201721,
    0.9991939663887024,
    0.9997498393058777,
    0.9999136924743652,
    0.9999213814735413,
    0.9998599886894226,
    0.7774932384490967,
    0.9641147255897522,
    0.45500579476356506,
    0.9997058510780334,
    0.9994601011276245
  ],