{
  "frame": 32,
  "object_rotation_in_cam": [
    [
      0.6679764337143943,
      -0.15173889596421017,
      -0.7285484139395006
    ],
    [
      -0.4898124846962846,
      0.6473911833034531,
      -0.5839249828673255
    ],
    [
      0.5602599520203557,
      0.746900236465699,
      0.35811844818388155
    ]
  ],
  "object_translation_in_cam": [
    0.035580396045844905,
    -0.03317790619386715,
    0.6731364058289794
  ],
  "raw_rvec": [
    0.8673437211918706,
    -0.8399599194513828,
    -0.22033397040260846
  ],
  "refined_raw_rvec": [
    0.8673437211918706,
    -0.8399599194513828,
    -0.22033397040260846
  ],
  "num_inliers": 14,
  "total_matches": 28,
  "inlier_ratio": 0.5,
  "reprojection_errors": [
    1.648779034614563,
    0.9370998740196228,
    1.9385145902633667,
    1.8765373229980469,
    2.501871109008789,
    3.6597418785095215,
    2.38813853263855,
    3.0008442401885986,
    1.6024302244186401,
    3.7153420448303223,
    3.2486062049865723,
    2.1083474159240723,
    2.9082019329071045,
    0.9104628562927246
  ],
  "mean_reprojection_error": 2.3174939155578613,
  "std_reprojection_error": 0.8743568062782288,
  "inliers": [
    2,
    7,
    10,
    11,
    12,
    13,
    14,
    15,
    16,
    17,
    19,
    20,
    25,
    27
  ],
  "mkpts0": [
    [
      745.125,
      201.375
    ],
    [
      805.125,
      212.625
    ],
    [
      793.875,
      220.125
    ],
    [
      705.125,
      223.875
    ],
    [
      835.125,
      225.125
    ],
    [
      425.125,
      242.625
    ],
    [
      413.875,
      248.875
    ],
    [
      436.375,
      260.125
    ],
    [
      478.875,
      281.375
    ],
    [
      590.125,
      283.875
    ],
    [
      522.625,
      286.375
    ],
    [
      386.375,
      288.875
    ],
    [
      511.375,
      292.625
    ],
    [
      597.625,
      297.625
    ],
    [
      430.125,
      311.375
    ],
    [
      575.125,
      312.625
    ],
    [
      540.125,
      313.875
    ],
    [
      518.875,
      327.625
    ],
    [
      586.375,
      330.125
    ],
    [
      602.625,
      347.625
    ],
    [
      611.375,
      352.625
    ],
    [
      636.375,
      357.625
    ],
    [
      617.625,
      368.875
    ],
    [
      650.125,
      376.375
    ],
    [
      496.375,
      377.625
    ],
    [
      715.125,
      383.875
    ],
    [
      595.125,
      388.875
    ],
    [
      702.625,
      391.375
    ]
  ],
  "mkpts1": [
    [
      978.875,
      82.625
    ],
    [
      1081.375,
      123.875
    ],
    [
      1066.375,
      133.875
    ],
    [
      910.125,
      112.625
    ],
    [
      1135.125,
      153.875
    ],
    [
      435.125,
      85.125
    ],
    [
      416.375,
      93.875
    ],
    [
      457.625,
      125.125
    ],
    [
      540.125,
      181.375
    ],
    [
      736.375,
      225.125
    ],
    [
      613.875,
      207.625
    ],
    [
      372.625,
      175.125
    ],
    [
      593.875,
      217.625
    ],
    [
      742.625,
      247.625
    ],
    [
      455.125,
      237.625
    ],
    [
      703.875,
      273.875
    ],
    [
      655.125,
      280.125
    ],
    [
      621.375,
      306.375
    ],
    [
      732.625,
      318.875
    ],
    [
      761.375,
      362.625
    ],
    [
      778.875,
      377.625
    ],
    [
      821.375,
      393.875
    ],
    [
      792.625,
      412.625
    ],
    [
      847.625,
      438.875
    ],
    [
      575.125,
      393.875
    ],
    [
      957.625,
      468.875
    ],
    [
      756.375,
      451.375
    ],
    [
      941.375,
      483.875
    ]
  ],
  "mpts3D": [
    [
      0.21699999272823334,
      -0.0,
      -0.027000000700354576
    ],
    [
      0.23000000417232513,
      0.0,
      -0.07000000029802322
    ],
    [
      0.21699999272823334,
      -0.0,
      -0.07000000029802322
    ],
    [
      0.17000000178813934,
      -0.0,
      -0.014999999664723873
    ],
    [
      0.23000000417232513,
      -0.0,
      -0.11299999803304672
    ],
    [
      -0.0,
      -0.0,
      0.15600000321865082
    ],
    [
      -0.014000000432133675,
      0.0,
      0.15600000321865082
    ],
    [
      -0.01899999938905239,
      -0.0,
      0.12800000607967377
    ],
    [
      -0.01899999938905239,
      -0.0,
      0.07400000095367432
    ],
    [
      0.02500000037252903,
      -0.014000000432133675,
      -0.010999999940395355
    ],
    [
      0.0,
      0.0,
      0.041999999433755875
    ],
    [
      -0.07400000095367432,
      -0.0,
      0.12800000607967377
    ],
    [
      -0.014000000432133675,
      0.0,
      0.041999999433755875
    ],
    [
      0.02500000037252903,
      0.0,
      -0.014999999664723873
    ],
    [
      -0.07400000095367432,
      -0.0,
      0.07400000095367432
    ],
    [
      0.0,
      -0.0,
      -0.014999999664723873
    ],
    [
      -0.03500000014901161,
      -0.017999999225139618,
      -0.009999999776482582
    ],
    [
      -0.05700000002980232,
      -0.017999999225139618,
      -0.009999999776482582
    ],
    [
      -0.014000000432133675,
      0.0,
      -0.041999999433755875
    ],
    [
      -0.023000000044703484,
      0.0,
      -0.06499999761581421
    ],
    [
      -0.023000000044703484,
      -0.0,
      -0.07500000298023224
    ],
    [
      -0.017000000923871994,
      -0.0,
      -0.09200000017881393
    ],
    [
      -0.03700000047683716,
      -0.0,
      -0.09700000286102295
    ],
    [
      -0.028999999165534973,
      -0.0,
      -0.12700000405311584
    ],
    [
      -0.09000000357627869,
      -0.0,
      -0.014999999664723873
    ],
    [
      0.0,
      0.0,
      -0.15600000321865082
    ],
    [
      -0.052000001072883606,
      -0.0,
      -0.09700000286102295
    ],
    [
      -0.014000000432133675,
      0.0,
      -0.15600000321865082
    ]
  ],
  "mconf": [
    0.9939863085746765,
    0.8552566766738892,
    0.9991416335105896,
    0.915747344493866,
    0.6419103145599365,
    0.926137387752533,
    0.9896025061607361,
    0.9951748847961426,
    0.9919001460075378,
    0.9918290972709656,
    0.88083416223526,
    0.9966322183609009,
    0.982318639755249,
    0.9389775991439819,
    0.9981669187545776,
    0.983637273311615,
    0.9974557757377625,
    0.9994330406188965,
    0.9949490427970886,
    0.9965873956680298,
    0.9954571723937988,
    0.9993426203727722,
    0.9987669587135315,
    0.9991956353187561,
    0.9449530243873596,
    0.3936693072319031,
    0.9991220831871033,
    0.9942770600318909
  ],
  "coverage_score": 0.7474594241169754,
  "pose_estimation_failed": false,
  "tracking_method": "loosely_coupled",
  "kf_translation_vector": [
    0.031731702764746385,
    -0.03519631123711276,
    0.7665506750705748
  ],
  "kf_quaternion": [
    0.3936766564385102,
    -0.436825389981622,
    -0.21810766157039346,
    0.7788654035243149
  ],
  "kf_rotation_matrix": [
    [
      0.5232252532633971,
      -0.004182894269288029,
      -0.8521841571767137
    ],
    [
      -0.6836889416323648,
      0.5948954762793799,
      -0.4226923271032331
    ],
    [
      0.5087285773740953,
      0.8037921843971002,
      0.30840453768559817
    ]
  ],
  "position_diff": 0.10279872616074602,
  "orientation_diff": 14.539512247108002,
  "timestamp": 1741869978.807391,
  "image_file": "webcam_000032"
}