{
  "frame": 78,
  "object_rotation_in_cam": [
    [
      0.590826186435041,
      -0.17456502044729524,
      -0.7876874196398351
    ],
    [
      -0.5688895732709025,
      0.6021523176926398,
      -0.5601582273974318
    ],
    [
      0.572091837772815,
      0.7790633093232012,
      0.2564591375250755
    ]
  ],
  "object_translation_in_cam": [
    -0.0072373207752605756,
    -0.053535942193566236,
    0.6698739495832212
  ],
  "raw_rvec": [
    0.9236761264573118,
    -0.9378550171762375,
    -0.27197007032235376
  ],
  "refined_raw_rvec": [
    0.9236761264573118,
    -0.9378550171762375,
    -0.27197007032235376
  ],
  "num_inliers": 11,
  "total_matches": 25,
  "inlier_ratio": 0.44,
  "reprojection_errors": [
    0.6779458522796631,
    1.274379014968872,
    2.44819974899292,
    2.5724093914031982,
    2.4080276489257812,
    1.187346339225769,
    1.0256670713424683,
    4.511815547943115,
    0.6210167407989502,
    1.9416301250457764,
    1.9019943475723267
  ],
  "mean_reprojection_error": 1.8700391054153442,
  "std_reprojection_error": 1.0709868669509888,
  "inliers": [
    0,
    3,
    8,
    12,
    14,
    15,
    16,
    17,
    18,
    19,
    20
  ],
  "mkpts0": [
    [
      745.125,
      201.375
    ],
    [
      805.125,
      212.625
    ],
    [
      793.875,
      220.125
    ],
    [
      425.125,
      242.625
    ],
    [
      413.875,
      248.875
    ],
    [
      436.375,
      260.125
    ],
    [
      478.875,
      281.375
    ],
    [
      590.125,
      283.875
    ],
    [
      522.625,
      286.375
    ],
    [
      386.375,
      288.875
    ],
    [
      350.125,
      290.125
    ],
    [
      511.375,
      292.625
    ],
    [
      597.625,
      297.625
    ],
    [
      430.125,
      311.375
    ],
    [
      575.125,
      312.625
    ],
    [
      540.125,
      313.875
    ],
    [
      518.875,
      327.625
    ],
    [
      586.375,
      330.125
    ],
    [
      602.625,
      347.625
    ],
    [
      611.375,
      352.625
    ],
    [
      636.375,
      357.625
    ],
    [
      617.625,
      368.875
    ],
    [
      650.125,
      376.375
    ],
    [
      595.125,
      388.875
    ],
    [
      702.625,
      391.375
    ]
  ],
  "mkpts1": [
    [
      870.125,
      26.375
    ],
    [
      967.625,
      67.625
    ],
    [
      955.125,
      78.875
    ],
    [
      330.125,
      35.125
    ],
    [
      311.375,
      45.125
    ],
    [
      357.625,
      78.875
    ],
    [
      443.875,
      137.625
    ],
    [
      643.875,
      180.125
    ],
    [
      520.125,
      162.625
    ],
    [
      273.875,
      133.875
    ],
    [
      207.625,
      116.375
    ],
    [
      500.125,
      173.875
    ],
    [
      648.875,
      201.375
    ],
    [
      362.625,
      198.875
    ],
    [
      612.625,
      228.875
    ],
    [
      566.375,
      240.125
    ],
    [
      533.875,
      267.625
    ],
    [
      642.625,
      275.125
    ],
    [
      673.875,
      318.875
    ],
    [
      691.375,
      333.875
    ],
    [
      732.625,
      347.625
    ],
    [
      705.125,
      367.625
    ],
    [
      758.875,
      392.625
    ],
    [
      672.625,
      408.875
    ],
    [
      848.875,
      432.625
    ]
  ],
  "mpts3D": [
    [
      0.21699999272823334,
      -0.0,
      -0.027000000700354576
    ],
    [
      0.23000000417232513,
      0.0,
      -0.07000000029802322
    ],
    [
      0.21699999272823334,
      -0.0,
      -0.07000000029802322
    ],
    [
      -0.0,
      -0.0,
      0.15600000321865082
    ],
    [
      -0.014000000432133675,
      0.0,
      0.15600000321865082
    ],
    [
      -0.01899999938905239,
      -0.0,
      0.12800000607967377
    ],
    [
      -0.01899999938905239,
      -0.0,
      0.07400000095367432
    ],
    [
      0.02500000037252903,
      -0.014000000432133675,
      -0.010999999940395355
    ],
    [
      0.0,
      0.0,
      0.041999999433755875
    ],
    [
      -0.07400000095367432,
      -0.0,
      0.12800000607967377
    ],
    [
      -0.07999999821186066,
      -0.0,
      0.15600000321865082
    ],
    [
      -0.014000000432133675,
      0.0,
      0.041999999433755875
    ],
    [
      0.02500000037252903,
      0.0,
      -0.014999999664723873
    ],
    [
      -0.07400000095367432,
      -0.0,
      0.07400000095367432
    ],
    [
      0.0,
      -0.0,
      -0.014999999664723873
    ],
    [
      -0.03500000014901161,
      -0.017999999225139618,
      -0.009999999776482582
    ],
    [
      -0.05700000002980232,
      -0.017999999225139618,
      -0.009999999776482582
    ],
    [
      -0.014000000432133675,
      0.0,
      -0.041999999433755875
    ],
    [
      -0.023000000044703484,
      0.0,
      -0.06499999761581421
    ],
    [
      -0.023000000044703484,
      -0.0,
      -0.07500000298023224
    ],
    [
      -0.017000000923871994,
      -0.0,
      -0.09200000017881393
    ],
    [
      -0.03700000047683716,
      -0.0,
      -0.09700000286102295
    ],
    [
      -0.028999999165534973,
      -0.0,
      -0.12700000405311584
    ],
    [
      -0.052000001072883606,
      -0.0,
      -0.09700000286102295
    ],
    [
      -0.014000000432133675,
      0.0,
      -0.15600000321865082
    ]
  ],
  "mconf": [
    0.9780769348144531,
    0.937823474407196,
    0.9950154423713684,
    0.9446877241134644,
    0.9946460127830505,
    0.9969683885574341,
    0.9975835084915161,
    0.572485625743866,
    0.9266356825828552,
    0.9957835674285889,
    0.27569007873535156,
    0.9949790239334106,
    0.9737955331802368,
    0.9995001554489136,
    0.9853609204292297,
    0.9878069758415222,
    0.996520459651947,
    0.9991771578788757,
    0.9978899359703064,
    0.9969828128814697,
    0.9997550845146179,
    0.9994178414344788,
    0.999601423740387,
    0.9997696280479431,
    0.4103220999240875
  ],
  "coverage_score": 0.4056390622295664,
  "pose_estimation_failed": false,
  "tracking_method": "loosely_coupled",
  "kf_translation_vector": [
    0.02534557842081756,
    -0.022312652917294923,
    0.770956171700707
  ],
  "kf_quaternion": [
    0.45245096241542504,
    -0.4141857926119406,
    -0.10912494130417415,
    0.782195629617767
  ],
  "kf_rotation_matrix": [
    [
      0.6330837527675581,
      -0.20408341663129564,
      -0.7466960030948623
    ],
    [
      -0.545511625312977,
      0.5667597475894324,
      -0.6174143302197943
    ],
    [
      0.5492012642284608,
      0.7982063314509977,
      0.2474765116155484
    ]
  ],
  "position_diff": 0.11518401599960211,
  "orientation_diff": 4.2243767372220935,
  "timestamp": 1741869946.8079069,
  "image_file": "webcam_000078"
}