{
  "frame": 72,
  "object_rotation_in_cam": [
    [
      0.6061877948641645,
      -0.15026166680817843,
      -0.7809979442007194
    ],
    [
      -0.378738968201515,
      0.8089563765794383,
      -0.4496069113760577
    ],
    [
      0.6993519509684475,
      0.5683405777168249,
      0.43346953341282485
    ]
  ],
  "object_translation_in_cam": [
    -0.02188871430926786,
    -0.010293282378737017,
    0.6606155522368461
  ],
  "raw_rvec": [
    0.6366117408882881,
    -0.9257924735658422,
    -0.1428868720164389
  ],
  "refined_raw_rvec": [
    0.6366117408882881,
    -0.9257924735658422,
    -0.1428868720164389
  ],
  "num_inliers": 13,
  "total_matches": 33,
  "inlier_ratio": 0.3939393939393939,
  "reprojection_errors": [
    1.0066134929656982,
    0.25952479243278503,
    3.0553817749023438,
    0.9003206491470337,
    0.7326688170433044,
    4.685724258422852,
    2.0987765789031982,
    2.780895709991455,
    2.522430419921875,
    3.031174421310425,
    0.15086187422275543,
    1.4576653242111206,
    2.1964833736419678
  ],
  "mean_reprojection_error": 1.9137322902679443,
  "std_reprojection_error": 1.2639845609664917,
  "inliers": [
    3,
    4,
    9,
    10,
    14,
    16,
    19,
    20,
    21,
    22,
    23,
    24,
    25
  ],
  "mkpts0": [
    [
      727.625,
      126.375
    ],
    [
      727.625,
      143.875
    ],
    [
      636.375,
      157.625
    ],
    [
      663.875,
      165.125
    ],
    [
      656.375,
      171.375
    ],
    [
      745.125,
      201.375
    ],
    [
      805.125,
      212.625
    ],
    [
      793.875,
      220.125
    ],
    [
      705.125,
      223.875
    ],
    [
      425.125,
      242.625
    ],
    [
      413.875,
      248.875
    ],
    [
      436.375,
      260.125
    ],
    [
      478.875,
      281.375
    ],
    [
      590.125,
      283.875
    ],
    [
      522.625,
      286.375
    ],
    [
      386.375,
      288.875
    ],
    [
      511.375,
      292.625
    ],
    [
      597.625,
      297.625
    ],
    [
      430.125,
      311.375
    ],
    [
      575.125,
      312.625
    ],
    [
      540.125,
      313.875
    ],
    [
      518.875,
      327.625
    ],
    [
      586.375,
      330.125
    ],
    [
      602.625,
      347.625
    ],
    [
      611.375,
      352.625
    ],
    [
      636.375,
      357.625
    ],
    [
      617.625,
      368.875
    ],
    [
      650.125,
      376.375
    ],
    [
      496.375,
      377.625
    ],
    [
      715.125,
      383.875
    ],
    [
      516.375,
      388.875
    ],
    [
      595.125,
      388.875
    ],
    [
      702.625,
      391.375
    ]
  ],
  "mkpts1": [
    [
      850.125,
      52.625
    ],
    [
      843.875,
      80.125
    ],
    [
      667.625,
      86.375
    ],
    [
      712.625,
      108.875
    ],
    [
      700.125,
      113.875
    ],
    [
      851.375,
      183.875
    ],
    [
      948.875,
      218.875
    ],
    [
      937.625,
      225.125
    ],
    [
      822.625,
      225.125
    ],
    [
      311.375,
      168.875
    ],
    [
      291.375,
      173.875
    ],
    [
      331.375,
      197.625
    ],
    [
      412.625,
      241.375
    ],
    [
      613.875,
      277.625
    ],
    [
      486.375,
      265.125
    ],
    [
      241.375,
      231.375
    ],
    [
      468.875,
      272.625
    ],
    [
      620.125,
      302.625
    ],
    [
      322.625,
      283.875
    ],
    [
      580.125,
      320.125
    ],
    [
      530.125,
      313.875
    ],
    [
      492.625,
      333.875
    ],
    [
      610.125,
      357.625
    ],
    [
      640.125,
      393.875
    ],
    [
      657.625,
      405.125
    ],
    [
      701.375,
      420.125
    ],
    [
      671.375,
      436.375
    ],
    [
      730.125,
      458.875
    ],
    [
      442.625,
      421.375
    ],
    [
      845.125,
      490.125
    ],
    [
      468.875,
      440.125
    ],
    [
      633.875,
      467.625
    ],
    [
      828.875,
      502.625
    ]
  ],
  "mpts3D": [
    [
      0.20600000023841858,
      -0.07000000029802322,
      -0.0020000000949949026
    ],
    [
      0.20600000023841858,
      -0.054999999701976776,
      -0.0020000000949949026
    ],
    [
      0.23000000417232513,
      -0.0,
      0.11299999803304672
    ],
    [
      0.23000000417232513,
      -0.0,
      0.07000000029802322
    ],
    [
      0.21699999272823334,
      0.0,
      0.07000000029802322
    ],
    [
      0.21699999272823334,
      -0.0,
      -0.027000000700354576
    ],
    [
      0.23000000417232513,
      0.0,
      -0.07000000029802322
    ],
    [
      0.21699999272823334,
      -0.0,
      -0.07000000029802322
    ],
    [
      0.17000000178813934,
      -0.0,
      -0.014999999664723873
    ],
    [
      -0.0,
      -0.0,
      0.15600000321865082
    ],
    [
      -0.014000000432133675,
      0.0,
      0.15600000321865082
    ],
    [
      -0.01899999938905239,
      -0.0,
      0.12800000607967377
    ],
    [
      -0.01899999938905239,
      -0.0,
      0.07400000095367432
    ],
    [
      0.02500000037252903,
      -0.014000000432133675,
      -0.010999999940395355
    ],
    [
      0.0,
      0.0,
      0.041999999433755875
    ],
    [
      -0.07400000095367432,
      -0.0,
      0.12800000607967377
    ],
    [
      -0.014000000432133675,
      0.0,
      0.041999999433755875
    ],
    [
      0.02500000037252903,
      0.0,
      -0.014999999664723873
    ],
    [
      -0.07400000095367432,
      -0.0,
      0.07400000095367432
    ],
    [
      0.0,
      -0.0,
      -0.014999999664723873
    ],
    [
      -0.03500000014901161,
      -0.017999999225139618,
      -0.009999999776482582
    ],
    [
      -0.05700000002980232,
      -0.017999999225139618,
      -0.009999999776482582
    ],
    [
      -0.014000000432133675,
      0.0,
      -0.041999999433755875
    ],
    [
      -0.023000000044703484,
      0.0,
      -0.06499999761581421
    ],
    [
      -0.023000000044703484,
      -0.0,
      -0.07500000298023224
    ],
    [
      -0.017000000923871994,
      -0.0,
      -0.09200000017881393
    ],
    [
      -0.03700000047683716,
      -0.0,
      -0.09700000286102295
    ],
    [
      -0.028999999165534973,
      -0.0,
      -0.12700000405311584
    ],
    [
      -0.09000000357627869,
      -0.0,
      -0.014999999664723873
    ],
    [
      0.0,
      0.0,
      -0.15600000321865082
    ],
    [
      -0.09000000357627869,
      -0.0,
      -0.041999999433755875
    ],
    [
      -0.052000001072883606,
      -0.0,
      -0.09700000286102295
    ],
    [
      -0.014000000432133675,
      0.0,
      -0.15600000321865082
    ]
  ],
  "mconf": [
    0.984170138835907,
    0.9587888717651367,
    0.7268428802490234,
    0.47513484954833984,
    0.9803333878517151,
    0.48108139634132385,
    0.15051528811454773,
    0.8918140530586243,
    0.2453797459602356,
    0.8422801494598389,
    0.9972246289253235,
    0.9955503344535828,
    0.998151421546936,
    0.9904642105102539,
    0.9908807873725891,
    0.9974856376647949,
    0.9977359771728516,
    0.9943732023239136,
    0.9994671940803528,
    0.9677265286445618,
    0.9962545037269592,
    0.999303936958313,
    0.9969260096549988,
    0.9963679313659668,
    0.9996446967124939,
    0.9997961521148682,
    0.9998214244842529,
    0.9996390342712402,
    0.9211820363998413,
    0.9385867714881897,
    0.267456978559494,
    0.9998388290405273,
    0.993103563785553
  ],
  "coverage_score": 0.6854752972273345,
  "pose_estimation_failed": false,
  "tracking_method": "loosely_coupled",
  "kf_translation_vector": [
    -0.03142269390235699,
    -0.020542515311869694,
    0.7110793302247702
  ],
  "kf_quaternion": [
    0.4537610597868023,
    -0.46902673555814306,
    -0.11856434880556498,
    0.7483697730033878
  ],