{
  "frame": 195,
  "object_rotation_in_cam": [
    [
      0.6147977002316509,
      -0.17636524742432166,
      -0.7687126168411903
    ],
    [
      -0.5382118781456886,
      0.6186334956818568,
      -0.5723814918769966
    ],
    [
      0.5764995767672022,
      0.7656290861255232,
      0.2854125793755993
    ]
  ],
  "object_translation_in_cam": [
    0.024010601208175112,
    -0.029361717269871357,
    0.699511025811651
  ],
  "raw_rvec": [
    0.9063375979251059,
    -0.9112158067350473,
    -0.24510658697100296
  ],
  "refined_raw_rvec": [
    0.9063375979251059,
    -0.9112158067350473,
    -0.24510658697100296
  ],
  "num_inliers": 14,
  "total_matches": 25,
  "inlier_ratio": 0.56,
  "reprojection_errors": [
    0.9264148473739624,
    0.8949472308158875,
    1.595073938369751,
    3.736941337585449,
    0.7209200263023376,
    1.19245445728302,
    3.140347957611084,
    3.4096078872680664,
    3.058424711227417,
    1.5410947799682617,
    2.6502699851989746,
    3.3927063941955566,
    2.0090043544769287,
    2.216399908065796
  ],
  "mean_reprojection_error": 2.177471876144409,
  "std_reprojection_error": 1.0152242183685303,
  "inliers": [
    1,
    3,
    6,
    9,
    10,
    12,
    13,
    14,
    15,
    16,
    17,
    18,
    19,
    20
  ],
  "mkpts0": [
    [
      663.875,
      165.125
    ],
    [
      745.125,
      201.375
    ],
    [
      793.875,
      220.125
    ],
    [
      705.125,
      223.875
    ],
    [
      425.125,
      242.625
    ],
    [
      413.875,
      248.875
    ],
    [
      436.375,
      260.125
    ],
    [
      478.875,
      281.375
    ],
    [
      590.125,
      283.875
    ],
    [
      522.625,
      286.375
    ],
    [
      386.375,
      288.875
    ],
    [
      350.125,
      290.125
    ],
    [
      511.375,
      292.625
    ],
    [
      597.625,
      297.625
    ],
    [
      430.125,
      311.375
    ],
    [
      575.125,
      312.625
    ],
    [
      540.125,
      313.875
    ],
    [
      518.875,
      327.625
    ],
    [
      586.375,
      330.125
    ],
    [
      602.625,
      347.625
    ],
    [
      611.375,
      352.625
    ],
    [
      636.375,
      357.625
    ],
    [
      617.625,
      368.875
    ],
    [
      650.125,
      376.375
    ],
    [
      595.125,
      388.875
    ]
  ],
  "mkpts1": [
    [
      830.125,
      18.875
    ],
    [
      925.125,
      92.625
    ],
    [
      1010.125,
      141.375
    ],
    [
      861.375,
      122.625
    ],
    [
      405.125,
      102.625
    ],
    [
      387.625,
      111.375
    ],
    [
      431.375,
      142.625
    ],
    [
      513.875,
      197.625
    ],
    [
      706.375,
      237.625
    ],
    [
      586.375,
      222.625
    ],
    [
      350.125,
      195.125
    ],
    [
      288.875,
      178.875
    ],
    [
      568.875,
      232.625
    ],
    [
      712.625,
      258.875
    ],
    [
      435.125,
      256.375
    ],
    [
      676.375,
      285.125
    ],
    [
      633.875,
      295.125
    ],
    [
      602.625,
      321.375
    ],
    [
      706.375,
      330.125
    ],
    [
      737.625,
      372.625
    ],
    [
      755.125,
      386.375
    ],
    [
      795.125,
      400.125
    ],
    [
      770.125,
      420.125
    ],
    [
      822.625,
      443.875
    ],
    [
      737.625,
      458.875
    ]
  ],
  "mpts3D": [
    [
      0.23000000417232513,
      -0.0,
      0.07000000029802322
    ],
    [
      0.21699999272823334,
      -0.0,
      -0.027000000700354576
    ],
    [
      0.21699999272823334,
      -0.0,
      -0.07000000029802322
    ],
    [
      0.17000000178813934,
      -0.0,
      -0.014999999664723873
    ],
    [
      -0.0,
      -0.0,
      0.15600000321865082
    ],
    [
      -0.014000000432133675,
      0.0,
      0.15600000321865082
    ],
    [
      -0.01899999938905239,
      -0.0,
      0.12800000607967377
    ],
    [
      -0.01899999938905239,
      -0.0,
      0.07400000095367432
    ],
    [
      0.02500000037252903,
      -0.014000000432133675,
      -0.010999999940395355
    ],
    [
      0.0,
      0.0,
      0.041999999433755875
    ],
    [
      -0.07400000095367432,
      -0.0,
      0.12800000607967377
    ],
    [
      -0.07999999821186066,
      -0.0,
      0.15600000321865082
    ],
    [
      -0.014000000432133675,
      0.0,
      0.041999999433755875
    ],
    [
      0.02500000037252903,
      0.0,
      -0.014999999664723873
    ],
    [
      -0.07400000095367432,
      -0.0,
      0.07400000095367432
    ],
    [
      0.0,
      -0.0,
      -0.014999999664723873
    ],
    [
      -0.03500000014901161,
      -0.017999999225139618,
      -0.009999999776482582
    ],
    [
      -0.05700000002980232,
      -0.017999999225139618,
      -0.009999999776482582
    ],
    [
      -0.014000000432133675,
      0.0,
      -0.041999999433755875
    ],
    [
      -0.023000000044703484,
      0.0,
      -0.06499999761581421
    ],
    [
      -0.023000000044703484,
      -0.0,
      -0.07500000298023224
    ],
    [
      -0.017000000923871994,
      -0.0,
      -0.09200000017881393
    ],
    [
      -0.03700000047683716,
      -0.0,
      -0.09700000286102295
    ],
    [
      -0.028999999165534973,
      -0.0,
      -0.12700000405311584
    ],
    [
      -0.052000001072883606,
      -0.0,
      -0.09700000286102295
    ]
  ],
  "mconf": [
    0.12223809957504272,
    0.9951462745666504,
    0.15443365275859833,
    0.985587477684021,
    0.9654316306114197,
    0.997088611125946,
    0.9987257122993469,
    0.9968332052230835,
    0.9287118315696716,
    0.6519733667373657,
    0.9965908527374268,
    0.24421100318431854,
    0.9186578392982483,
    0.9428857564926147,
    0.9995243549346924,
    0.901856005191803,
    0.9785707592964172,
    0.9975370168685913,
    0.9913659691810608,
    0.9954856634140015,
    0.9968055486679077,
    0.9995864629745483,
    0.9994350671768188,
    0.999104380607605,
    0.9996472597122192
  ],
  "coverage_score": 0.7772925846688998,
  "pose_estimation_failed": false,
  "tracking_method": "loosely_coupled",
  "kf_translation_vector": [
    0.027090358428791542,
    -0.028896069886207264,
    0.7787874208402134
  ],
  "kf_quaternion": [
    0.39742966494919807,
    -0.4460758197173057,
    -0.16348581947924629,
    0.7850722331805534
  ],
  "kf_rotation_matrix": [
    [
      0.5485774997854661,
      -0.097871172360526,
      -0.8303517088257861
    ],
    [
      -0.6112638819282248,
      0.6306440964951349,
      -0.4781678473150116
    ],
    [
      0.5704552509874583,
      0.7698761310604526,
      0.28613204896380384
    ]
  ],
  "position_diff": 0.08298154089319566,
  "orientation_diff": 6.804239535014739,
  "timestamp": 1741869962.6532912,
  "image_file": "webcam_000195"
}