{
  "frame": 130,
  "object_rotation_in_cam": [
    [
      0.6131260299084085,
      -0.2092000300333966,
      -0.7617820022045542
    ],
    [
      -0.5365938232789437,
      0.597424181530186,
      -0.5959458164479999
    ],
    [
      0.5797788718706808,
      0.7741574095473177,
      0.2540408726471931
    ]
  ],
  "object_translation_in_cam": [
    0.008156882008257498,
    -0.03188590345812238,
    0.6838538656997089
  ],
  "raw_rvec": [
    0.9412219194490887,
    -0.9216141360718212,
    -0.22491021745491827
  ],
  "refined_raw_rvec": [
    0.9412219194490887,
    -0.9216141360718212,
    -0.22491021745491827
  ],
  "num_inliers": 15,
  "total_matches": 25,
  "inlier_ratio": 0.6,
  "reprojection_errors": [
    0.9559800624847412,
    2.689234972000122,
    2.069207191467285,
    2.308016061782837,
    1.9159833192825317,
    2.4466910362243652,
    3.3818788528442383,
    3.0547618865966797,
    3.387448310852051,
    3.442006826400757,
    3.9971044063568115,
    1.401904821395874,
    0.6412124037742615,
    4.420197010040283,
    3.1984336376190186
  ],
  "mean_reprojection_error": 2.620670795440674,
  "std_reprojection_error": 1.0521516799926758,
  "inliers": [
    0,
    2,
    5,
    9,
    11,
    12,
    13,
    14,
    15,
    16,
    17,
    18,
    19,
    20,
    24
  ],
  "mkpts0": [
    [
      745.125,
      201.375
    ],
    [
      793.875,
      220.125
    ],
    [
      705.125,
      223.875
    ],
    [
      425.125,
      242.625
    ],
    [
      413.875,
      248.875
    ],
    [
      436.375,
      260.125
    ],
    [
      478.875,
      281.375
    ],
    [
      590.125,
      283.875
    ],
    [
      522.625,
      286.375
    ],
    [
      386.375,
      288.875
    ],
    [
      350.125,
      290.125
    ],
    [
      511.375,
      292.625
    ],
    [
      597.625,
      297.625
    ],
    [
      430.125,
      311.375
    ],
    [
      575.125,
      312.625
    ],
    [
      540.125,
      313.875
    ],
    [
      518.875,
      327.625
    ],
    [
      586.375,
      330.125
    ],
    [
      602.625,
      347.625
    ],
    [
      611.375,
      352.625
    ],
    [
      636.375,
      357.625
    ],
    [
      617.625,
      368.875
    ],
    [
      650.125,
      376.375
    ],
    [
      595.125,
      388.875
    ],
    [
      702.625,
      391.375
    ]
  ],
  "mkpts1": [
    [
      900.125,
      86.375
    ],
    [
      983.875,
      140.125
    ],
    [
      833.875,
      115.125
    ],
    [
      370.125,
      85.125
    ],
    [
      351.375,
      93.875
    ],
    [
      395.125,
      126.375
    ],
    [
      478.875,
      185.125
    ],
    [
      673.875,
      232.625
    ],
    [
      552.625,
      212.625
    ],
    [
      311.375,
      178.875
    ],
    [
      247.625,
      161.375
    ],
    [
      533.875,
      222.625
    ],
    [
      680.125,
      253.875
    ],
    [
      397.625,
      245.125
    ],
    [
      643.875,
      280.125
    ],
    [
      597.625,
      290.125
    ],
    [
      566.375,
      316.375
    ],
    [
      672.625,
      326.375
    ],
    [
      702.625,
      370.125
    ],
    [
      720.125,
      385.125
    ],
    [
      761.375,
      400.125
    ],
    [
      733.875,
      421.375
    ],
    [
      787.625,
      446.375
    ],
    [
      700.125,
      458.875
    ],
    [
      877.625,
      488.875
    ]
  ],
  "mpts3D": [
    [
      0.21699999272823334,
      -0.0,
      -0.027000000700354576
    ],
    [
      0.21699999272823334,
      -0.0,
      -0.07000000029802322
    ],
    [
      0.17000000178813934,
      -0.0,
      -0.014999999664723873
    ],
    [
      -0.0,
      -0.0,
      0.15600000321865082
    ],
    [
      -0.014000000432133675,
      0.0,
      0.15600000321865082
    ],
    [
      -0.01899999938905239,
      -0.0,
      0.12800000607967377
    ],
    [
      -0.01899999938905239,
      -0.0,
      0.07400000095367432
    ],
    [
      0.02500000037252903,
      -0.014000000432133675,
      -0.010999999940395355
    ],
    [
      0.0,
      0.0,
      0.041999999433755875
    ],
    [
      -0.07400000095367432,
      -0.0,
      0.12800000607967377
    ],
    [
      -0.07999999821186066,
      -0.0,
      0.15600000321865082
    ],
    [
      -0.014000000432133675,
      0.0,
      0.041999999433755875
    ],
    [
      0.02500000037252903,
      0.0,
      -0.014999999664723873
    ],
    [
      -0.07400000095367432,
      -0.0,
      0.07400000095367432
    ],
    [
      0.0,
      -0.0,
      -0.014999999664723873
    ],
    [
      -0.03500000014901161,
      -0.017999999225139618,
      -0.009999999776482582
    ],
    [
      -0.05700000002980232,
      -0.017999999225139618,
      -0.009999999776482582
    ],
    [
      -0.014000000432133675,
      0.0,
      -0.041999999433755875
    ],
    [
      -0.023000000044703484,
      0.0,
      -0.06499999761581421
    ],
    [
      -0.023000000044703484,
      -0.0,
      -0.07500000298023224
    ],
    [
      -0.017000000923871994,
      -0.0,
      -0.09200000017881393
    ],
    [
      -0.03700000047683716,
      -0.0,
      -0.09700000286102295
    ],
    [
      -0.028999999165534973,
      -0.0,
      -0.12700000405311584
    ],
    [
      -0.052000001072883606,
      -0.0,
      -0.09700000286102295
    ],
    [
      -0.014000000432133675,
      0.0,
      -0.15600000321865082
    ]
  ],
  "mconf": [
    0.9794487357139587,
    0.6193431615829468,
    0.5645912289619446,
    0.9042766690254211,
    0.9911719560623169,
    0.9971861839294434,
    0.9932940006256104,
    0.8807662129402161,
    0.8115391135215759,
    0.9946849346160889,
    0.29864829778671265,
    0.9600997567176819,
    0.9513653516769409,
    0.9981797933578491,
    0.953544020652771,
    0.9939446449279785,
    0.9981343746185303,
    0.9976838231086731,
    0.9955540299415588,
    0.9961918592453003,
    0.9995464086532593,
    0.9997119307518005,
    0.9985387921333313,
    0.9994465708732605,
    0.10945345461368561
  ],
  "coverage_score": 0.746307034008563,
  "pose_estimation_failed": false,
  "tracking_method": "loosely_coupled",
  "kf_translation_vector": [
    0.004702353256556403,
    -0.045632151977552736,
    0.8016541915213429
  ],
  "kf_quaternion": [
    0.42093642846406654,
    -0.43035779980202493,
    -0.12209682131687806,
    0.7891115596452699
  ],
  "kf_rotation_matrix": [
    [
      0.5997690607477492,
      -0.16961052422645329,
      -0.7819906289984494
    ],
    [
      -0.5550025766148192,
      0.6158097788324604,
      -0.5592409643840731
    ],
    [
      0.5764106294306816,
      0.7694222419230835,
      0.27520937468295203
    ]
  ],
  "position_diff": 0.11971541438228835,
  "orientation_diff": 2.7263649775360705,
  "timestamp": 1741869953.7953959,
  "image_file": "webcam_000130"
}