{
  "frame": 100,
  "object_rotation_in_cam": [
    [
      0.5854167448415645,
      -0.23433303563801533,
      -0.7761283806612017
    ],
    [
      -0.5567539020649255,
      0.5796864258815314,
      -0.5949695287862861
    ],
    [
      0.5893321028033226,
      0.7804176292584429,
      0.20889230849422263
    ]
  ],
  "object_translation_in_cam": [
    -0.03201382078024876,
    -0.046872038795699615,
    0.6928037197387545
  ],
  "raw_rvec": [
    0.9679420556845985,
    -0.9609560621459248,
    -0.2269068126886811
  ],
  "refined_raw_rvec": [
    0.9679420556845985,
    -0.9609560621459248,
    -0.2269068126886811
  ],
  "num_inliers": 13,
  "total_matches": 25,
  "inlier_ratio": 0.52,
  "reprojection_errors": [
    1.3575952053070068,
    1.9839335680007935,
    3.8548030853271484,
    2.7218246459960938,
    2.432647466659546,
    3.5216829776763916,
    3.7225286960601807,
    2.757739782333374,
    1.2557635307312012,
    1.9483380317687988,
    3.184098958969116,
    1.8780112266540527,
    2.4122307300567627
  ],
  "mean_reprojection_error": 2.5408616065979004,
  "std_reprojection_error": 0.8208252787590027,
  "inliers": [
    4,
    7,
    9,
    10,
    12,
    13,
    14,
    15,
    16,
    17,
    18,
    19,
    20
  ],
  "mkpts0": [
    [
      656.375,
      171.375
    ],
    [
      745.125,
      201.375
    ],
    [
      805.125,
      212.625
    ],
    [
      793.875,
      220.125
    ],
    [
      705.125,
      223.875
    ],
    [
      425.125,
      242.625
    ],
    [
      413.875,
      248.875
    ],
    [
      436.375,
      260.125
    ],
    [
      478.875,
      281.375
    ],
    [
      590.125,
      283.875
    ],
    [
      522.625,
      286.375
    ],
    [
      386.375,
      288.875
    ],
    [
      511.375,
      292.625
    ],
    [
      597.625,
      297.625
    ],
    [
      430.125,
      311.375
    ],
    [
      575.125,
      312.625
    ],
    [
      540.125,
      313.875
    ],
    [
      518.875,
      327.625
    ],
    [
      586.375,
      330.125
    ],
    [
      602.625,
      347.625
    ],
    [
      611.375,
      352.625
    ],
    [
      636.375,
      357.625
    ],
    [
      650.125,
      376.375
    ],
    [
      595.125,
      388.875
    ],
    [
      702.625,
      391.375
    ]
  ],
  "mkpts1": [
    [
      706.375,
      22.625
    ],
    [
      815.125,
      52.625
    ],
    [
      908.875,
      95.125
    ],
    [
      896.375,
      106.375
    ],
    [
      750.125,
      82.625
    ],
    [
      280.125,
      52.625
    ],
    [
      261.375,
      61.375
    ],
    [
      307.625,
      95.125
    ],
    [
      392.625,
      155.125
    ],
    [
      590.125,
      200.125
    ],
    [
      468.875,
      181.375
    ],
    [
      221.375,
      148.875
    ],
    [
      448.875,
      191.375
    ],
    [
      596.375,
      221.375
    ],
    [
      310.125,
      215.125
    ],
    [
      558.875,
      248.875
    ],
    [
      513.875,
      258.875
    ],
    [
      481.375,
      285.125
    ],
    [
      588.875,
      295.125
    ],
    [
      617.625,
      338.875
    ],
    [
      635.125,
      352.625
    ],
    [
      675.125,
      367.625
    ],
    [
      700.125,
      411.375
    ],
    [
      616.375,
      426.375
    ],
    [
      788.875,
      453.875
    ]
  ],
  "mpts3D": [
    [
      0.21699999272823334,
      0.0,
      0.07000000029802322
    ],
    [
      0.21699999272823334,
      -0.0,
      -0.027000000700354576
    ],
    [
      0.23000000417232513,
      0.0,
      -0.07000000029802322
    ],
    [
      0.21699999272823334,
      -0.0,
      -0.07000000029802322
    ],
    [
      0.17000000178813934,
      -0.0,
      -0.014999999664723873
    ],
    [
      -0.0,
      -0.0,
      0.15600000321865082
    ],
    [
      -0.014000000432133675,
      0.0,
      0.15600000321865082
    ],
    [
      -0.01899999938905239,
      -0.0,
      0.12800000607967377
    ],
    [
      -0.01899999938905239,
      -0.0,
      0.07400000095367432
    ],
    [
      0.02500000037252903,
      -0.014000000432133675,
      -0.010999999940395355
    ],
    [
      0.0,
      0.0,
      0.041999999433755875
    ],
    [
      -0.07400000095367432,
      -0.0,
      0.12800000607967377
    ],
    [
      -0.014000000432133675,
      0.0,
      0.041999999433755875
    ],
    [
      0.02500000037252903,
      0.0,
      -0.014999999664723873
    ],
    [
      -0.07400000095367432,
      -0.0,
      0.07400000095367432
    ],
    [
      0.0,
      -0.0,
      -0.014999999664723873
    ],
    [
      -0.03500000014901161,
      -0.017999999225139618,
      -0.009999999776482582
    ],
    [
      -0.05700000002980232,
      -0.017999999225139618,
      -0.009999999776482582
    ],
    [
      -0.014000000432133675,
      0.0,
      -0.041999999433755875
    ],
    [
      -0.023000000044703484,
      0.0,
      -0.06499999761581421
    ],
    [
      -0.023000000044703484,
      -0.0,
      -0.07500000298023224
    ],
    [
      -0.017000000923871994,
      -0.0,
      -0.09200000017881393
    ],
    [
      -0.028999999165534973,
      -0.0,
      -0.12700000405311584
    ],
    [
      -0.052000001072883606,
      -0.0,
      -0.09700000286102295
    ],
    [
      -0.014000000432133675,
      0.0,
      -0.15600000321865082
    ]
  ],
  "mconf": [
    0.640861988067627,
    0.9824559092521667,
    0.6015069484710693,
    0.9939181804656982,
    0.9640196561813354,
    0.949061393737793,
    0.9950509071350098,
    0.9977579712867737,
    0.9958817362785339,
    0.9755750298500061,
    0.9513481259346008,
    0.9962752461433411,
    0.9942087531089783,
    0.984814465045929,
    0.9988670945167542,
    0.9919835925102234,
    0.9976954460144043,
    0.9990940093994141,
    0.9991418719291687,
    0.9983462691307068,
    0.9972272515296936,
    0.9998360276222229,
    0.9996759295463562,
    0.9996851086616516,
    0.5230517983436584
  ],
  "coverage_score": 0.769742378465751,
  "pose_estimation_failed": false,
  "tracking_method": "loosely_coupled",
  "kf_translation_vector": [
    -0.0020055429373664474,
    -0.043036174437295405,
    0.7661600453678705
  ],
  "kf_quaternion": [
    0.4418595640233278,
    -0.42353294625247523,
    -0.11560723281946522,
    0.7823138352602738
  ],
  "kf_rotation_matrix": [
    [
      0.6145096223170478,
      -0.193401890579622,
      -0.7648356900668191
    ],
    [
      -0.5551664413429149,
      0.5827901868018812,
      -0.5934187565067963
    ],
    [
      0.56050704410061,
      0.789272644203292,
      0.25075993823962517
    ]
  ],
  "position_diff": 0.08290633593395853,
  "orientation_diff": 2.958154091690912,
  "timestamp": 1741869949.7607067,
  "image_file": "webcam_000100"
}