{
  "frame": 113,
  "object_rotation_in_cam": [
    [
      0.8080136779269008,
      -0.12285800370359418,
      -0.5762115993357044
    ],
    [
      -0.1468840292933022,
      0.9051268484252548,
      -0.3989617402688261
    ],
    [
      0.5705602318963416,
      0.40700282454269715,
      0.7133089951715592
    ]
  ],
  "object_translation_in_cam": [
    -0.00578417455480485,
    0.014108036092868701,
    0.6387564167257449
  ],
  "raw_rvec": [
    0.44654561307069507,
    -0.6353702790264361,
    -0.013311647676616295
  ],
  "refined_raw_rvec": [
    0.44654561307069507,
    -0.6353702790264361,
    -0.013311647676616295
  ],
  "num_inliers": 10,
  "total_matches": 28,
  "inlier_ratio": 0.35714285714285715,
  "reprojection_errors": [
    1.885422945022583,
    2.513479709625244,
    2.3659772872924805,
    3.1106886863708496,
    1.5597444772720337,
    3.1729354858398438,
    1.0142709016799927,
    3.916092872619629,
    3.387831211090088,
    3.1081607341766357
  ],
  "mean_reprojection_error": 2.6034603118896484,
  "std_reprojection_error": 0.858457088470459,
  "inliers": [
    6,
    7,
    15,
    16,
    17,
    18,
    19,
    20,
    21,
    22
  ],
  "mkpts0": [
    [
      727.625,
      126.375
    ],
    [
      727.625,
      143.875
    ],
    [
      656.375,
      171.375
    ],
    [
      356.375,
      195.125
    ],
    [
      745.125,
      201.375
    ],
    [
      705.125,
      223.875
    ],
    [
      425.125,
      242.625
    ],
    [
      413.875,
      248.875
    ],
    [
      478.875,
      281.375
    ],
    [
      590.125,
      283.875
    ],
    [
      522.625,
      286.375
    ],
    [
      386.375,
      288.875
    ],
    [
      511.375,
      292.625
    ],
    [
      597.625,
      297.625
    ],
    [
      430.125,
      311.375
    ],
    [
      575.125,
      312.625
    ],
    [
      540.125,
      313.875
    ],
    [
      518.875,
      327.625
    ],
    [
      586.375,
      330.125
    ],
    [
      470.125,
      338.875
    ],
    [
      602.625,
      347.625
    ],
    [
      611.375,
      352.625
    ],
    [
      636.375,
      357.625
    ],
    [
      617.625,
      368.875
    ],
    [
      650.125,
      376.375
    ],
    [
      715.125,
      383.875
    ],
    [
      595.125,
      388.875
    ],
    [
      702.625,
      391.375
    ]
  ],
  "mkpts1": [
    [
      991.375,
      183.875
    ],
    [
      982.625,
      213.875
    ],
    [
      848.875,
      261.375
    ],
    [
      347.625,
      150.125
    ],
    [
      987.625,
      332.625
    ],
    [
      921.375,
      352.625
    ],
    [
      416.375,
      236.375
    ],
    [
      392.625,
      235.125
    ],
    [
      470.125,
      292.625
    ],
    [
      660.125,
      345.125
    ],
    [
      532.625,
      316.375
    ],
    [
      312.625,
      261.375
    ],
    [
      511.375,
      321.375
    ],
    [
      665.125,
      373.875
    ],
    [
      361.375,
      305.125
    ],
    [
      611.375,
      377.625
    ],
    [
      543.875,
      347.625
    ],
    [
      495.125,
      352.625
    ],
    [
      625.125,
      407.625
    ],
    [
      390.125,
      333.875
    ],
    [
      635.125,
      435.125
    ],
    [
      650.125,
      447.625
    ],
    [
      693.875,
      468.875
    ],
    [
      646.375,
      471.375
    ],
    [
      706.375,
      503.875
    ],
    [
      830.125,
      556.375
    ],
    [
      590.125,
      487.625
    ],
    [
      805.125,
      560.125
    ]
  ],
  "mpts3D": [
    [
      0.20600000023841858,
      -0.07000000029802322,
      -0.0020000000949949026
    ],
    [
      0.20600000023841858,
      -0.054999999701976776,
      -0.0020000000949949026
    ],
    [
      0.21699999272823334,
      0.0,
      0.07000000029802322
    ],
    [
      -0.0,
      -0.02500000037252903,
      0.23999999463558197
    ],
    [
      0.21699999272823334,
      -0.0,
      -0.027000000700354576
    ],
    [
      0.17000000178813934,
      -0.0,
      -0.014999999664723873
    ],
    [
      -0.0,
      -0.0,
      0.15600000321865082
    ],
    [
      -0.014000000432133675,
      0.0,
      0.15600000321865082
    ],
    [
      -0.01899999938905239,
      -0.0,
      0.07400000095367432
    ],
    [
      0.02500000037252903,
      -0.014000000432133675,
      -0.010999999940395355
    ],
    [
      0.0,
      0.0,
      0.041999999433755875
    ],
    [
      -0.07400000095367432,
      -0.0,
      0.12800000607967377
    ],
    [
      -0.014000000432133675,
      0.0,
      0.041999999433755875
    ],
    [
      0.02500000037252903,
      0.0,
      -0.014999999664723873
    ],
    [
      -0.07400000095367432,
      -0.0,
      0.07400000095367432
    ],
    [
      0.0,
      -0.0,
      -0.014999999664723873
    ],
    [
      -0.03500000014901161,
      -0.017999999225139618,
      -0.009999999776482582
    ],
    [
      -0.05700000002980232,
      -0.017999999225139618,
      -0.009999999776482582
    ],
    [
      -0.014000000432133675,
      0.0,
      -0.041999999433755875
    ],
    [
      -0.10000000149011612,
      -0.029999999329447746,
      0.0
    ],
    [
      -0.023000000044703484,
      0.0,
      -0.06499999761581421
    ],
    [
      -0.023000000044703484,
      -0.0,
      -0.07500000298023224
    ],
    [
      -0.017000000923871994,
      -0.0,
      -0.09200000017881393
    ],
    [
      -0.03700000047683716,
      -0.0,
      -0.09700000286102295
    ],
    [
      -0.028999999165534973,
      -0.0,
      -0.12700000405311584
    ],
    [
      0.0,
      0.0,
      -0.15600000321865082
    ],
    [
      -0.052000001072883606,
      -0.0,
      -0.09700000286102295
    ],
    [
      -0.014000000432133675,
      0.0,
      -0.15600000321865082
    ]
  ],
  "mconf": [
    0.8333232998847961,
    0.23977002501487732,
    0.2154950201511383,
    0.9858406782150269,
    0.8071140050888062,
    0.6847383379936218,
    0.559175431728363,
    0.9949788451194763,
    0.9891052842140198,
    0.9797180891036987,
    0.26516038179397583,
    0.9970802664756775,
    0.7228663563728333,
    0.7974362969398499,
    0.9862695932388306,
    0.9474955201148987,
    0.8583329319953918,
    0.962012529373169,
    0.9816232323646545,
    0.9853203892707825,
    0.997864842414856,
    0.9872066378593445,
    0.997797966003418,
    0.9840978384017944,
    0.9978017807006836,
    0.3902401328086853,
    0.9987122416496277,
    0.9898806810379028
  ],
  "coverage_score": 0.2958363892911637,
  "pose_estimation_failed": false,
  "tracking_method": "loosely_coupled",
  "kf_translation_vector": [
    -0.02058647561615661,
    -0.010741633443809743,
    0.6535352808590305
  ],
  "kf_quaternion": [
    0.4497415304386297,
    -0.47185508979776575,
    -0.1303787626826356,
    0.7470520117582219
  ],
  "kf_rotation_matrix": [
    [
      0.5207083049465748,
      -0.229626226556587,
      -0.8222740767147216
    ],
    [
      -0.6192250943670299,
      0.5614678680801282,
      -0.5489208646241266
    ],
    [
      0.5877270996523878,
      0.7950003957174729,
      0.15017066006132307
    ]
  ],
  "position_diff": 0.03420831675683337,
  "orientation_diff": 41.10598225913471,
  "timestamp": 1741869622.246467,
  "image_file": "webcam_000113"
}