{
  "frame": 85,
  "object_rotation_in_cam": [
    [
      0.5692668590475134,
      -0.19822840597046593,
      -0.7978977016238274
    ],
    [
      -0.5772257258136078,
      0.5947140186554429,
      -0.5595763553561273
    ],
    [
      0.5854448775496562,
      0.7791153541556612,
      0.2241284459183316
    ]
  ],
  "object_translation_in_cam": [
    -0.03616660056540857,
    -0.057006944608435244,
    0.6804941165084055
  ],
  "raw_rvec": [
    0.9385277187661848,
    -0.969831474923605,
    -0.26570679976841205
  ],
  "refined_raw_rvec": [
    0.9385277187661848,
    -0.969831474923605,
    -0.26570679976841205
  ],
  "num_inliers": 13,
  "total_matches": 26,
  "inlier_ratio": 0.5,
  "reprojection_errors": [
    2.0034291744232178,
    2.033643960952759,
    0.824156641960144,
    2.3315041065216064,
    3.6760430335998535,
    2.6246626377105713,
    3.248370409011841,
    2.616623640060425,
    1.031941294670105,
    1.0029321908950806,
    1.012995958328247,
    1.9405007362365723,
    2.847008466720581
  ],
  "mean_reprojection_error": 2.0918314456939697,
  "std_reprojection_error": 0.8835424780845642,
  "inliers": [
    0,
    3,
    4,
    5,
    9,
    10,
    13,
    15,
    16,
    17,
    19,
    20,
    21
  ],
  "mkpts0": [
    [
      745.125,
      201.375
    ],
    [
      805.125,
      212.625
    ],
    [
      793.875,
      220.125
    ],
    [
      705.125,
      223.875
    ],
    [
      835.125,
      225.125
    ],
    [
      425.125,
      242.625
    ],
    [
      413.875,
      248.875
    ],
    [
      436.375,
      260.125
    ],
    [
      478.875,
      281.375
    ],
    [
      590.125,
      283.875
    ],
    [
      522.625,
      286.375
    ],
    [
      386.375,
      288.875
    ],
    [
      511.375,
      292.625
    ],
    [
      597.625,
      297.625
    ],
    [
      430.125,
      311.375
    ],
    [
      575.125,
      312.625
    ],
    [
      540.125,
      313.875
    ],
    [
      518.875,
      327.625
    ],
    [
      586.375,
      330.125
    ],
    [
      602.625,
      347.625
    ],
    [
      611.375,
      352.625
    ],
    [
      636.375,
      357.625
    ],
    [
      617.625,
      368.875
    ],
    [
      650.125,
      376.375
    ],
    [
      595.125,
      388.875
    ],
    [
      702.625,
      391.375
    ]
  ],
  "mkpts1": [
    [
      805.125,
      22.625
    ],
    [
      900.125,
      65.125
    ],
    [
      886.375,
      75.125
    ],
    [
      738.875,
      52.625
    ],
    [
      950.125,
      92.625
    ],
    [
      263.875,
      26.375
    ],
    [
      246.375,
      35.125
    ],
    [
      292.625,
      70.125
    ],
    [
      381.375,
      128.875
    ],
    [
      580.125,
      173.875
    ],
    [
      456.375,
      155.125
    ],
    [
      206.375,
      123.875
    ],
    [
      437.625,
      166.375
    ],
    [
      586.375,
      193.875
    ],
    [
      297.625,
      191.375
    ],
    [
      550.125,
      222.625
    ],
    [
      503.875,
      232.625
    ],
    [
      472.625,
      260.125
    ],
    [
      580.125,
      267.625
    ],
    [
      610.125,
      311.375
    ],
    [
      627.625,
      326.375
    ],
    [
      668.875,
      340.125
    ],
    [
      642.625,
      361.375
    ],
    [
      695.125,
      385.125
    ],
    [
      610.125,
      400.125
    ],
    [
      783.875,
      425.125
    ]
  ],
  "mpts3D": [
    [
      0.21699999272823334,
      -0.0,
      -0.027000000700354576
    ],
    [
      0.23000000417232513,
      0.0,
      -0.07000000029802322
    ],
    [
      0.21699999272823334,
      -0.0,
      -0.07000000029802322
    ],
    [
      0.17000000178813934,
      -0.0,
      -0.014999999664723873
    ],
    [
      0.23000000417232513,
      -0.0,
      -0.11299999803304672
    ],
    [
      -0.0,
      -0.0,
      0.15600000321865082
    ],
    [
      -0.014000000432133675,
      0.0,
      0.15600000321865082
    ],
    [
      -0.01899999938905239,
      -0.0,
      0.12800000607967377
    ],
    [
      -0.01899999938905239,
      -0.0,
      0.07400000095367432
    ],
    [
      0.02500000037252903,
      -0.014000000432133675,
      -0.010999999940395355
    ],
    [
      0.0,
      0.0,
      0.041999999433755875
    ],
    [
      -0.07400000095367432,
      -0.0,
      0.12800000607967377
    ],
    [
      -0.014000000432133675,
      0.0,
      0.041999999433755875
    ],
    [
      0.02500000037252903,
      0.0,
      -0.014999999664723873
    ],
    [
      -0.07400000095367432,
      -0.0,
      0.07400000095367432
    ],
    [
      0.0,
      -0.0,
      -0.014999999664723873
    ],
    [
      -0.03500000014901161,
      -0.017999999225139618,
      -0.009999999776482582
    ],
    [
      -0.05700000002980232,
      -0.017999999225139618,
      -0.009999999776482582
    ],
    [
      -0.014000000432133675,
      0.0,
      -0.041999999433755875
    ],
    [
      -0.023000000044703484,
      0.0,
      -0.06499999761581421
    ],
    [
      -0.023000000044703484,
      -0.0,
      -0.07500000298023224
    ],
    [
      -0.017000000923871994,
      -0.0,
      -0.09200000017881393
    ],
    [
      -0.03700000047683716,
      -0.0,
      -0.09700000286102295
    ],
    [
      -0.028999999165534973,
      -0.0,
      -0.12700000405311584
    ],
    [
      -0.052000001072883606,
      -0.0,
      -0.09700000286102295
    ],
    [
      -0.014000000432133675,
      0.0,
      -0.15600000321865082
    ]
  ],
  "mconf": [
    0.9816062450408936,
    0.8388921022415161,
    0.998283326625824,
    0.4050627052783966,
    0.6164938807487488,
    0.9084165096282959,
    0.9921597838401794,
    0.9959456920623779,
    0.9902792572975159,
    0.9198324084281921,
    0.7406517863273621,
    0.9961211085319519,
    0.9845632910728455,
    0.9674619436264038,
    0.998181939125061,
    0.994701087474823,
    0.9799727201461792,
    0.9924944043159485,
    0.9990586638450623,
    0.9979231357574463,
    0.9978314638137817,
    0.9997852444648743,
    0.9997491240501404,
    0.9995166063308716,
    0.9995755553245544,
    0.3106500506401062
  ],
  "coverage_score": 0.5,
  "pose_estimation_failed": false,
  "tracking_method": "loosely_coupled",
  "kf_translation_vector": [
    0.016425890865105944,
    -0.03205153217500055,
    0.7695818527887173
  ],
  "kf_quaternion": [
    0.4489991931365289,
    -0.4177333483351804,
    -0.11097758492901667,
    0.782037435098057
  ],
  "kf_rotation_matrix": [
    [
      0.6263656506640034,
      -0.20154662095490317,
      -0.7530239247526735
    ],
    [
      -0.5487011244399631,
      0.5721674004121378,
      -0.6095502784380764
    ],
    [
      0.5537085403951971,
      0.7949864310082764,
      0.24779714850284962
    ]
  ],
  "position_diff": 0.11098000052999524,
  "orientation_diff": 4.3190708699257465,
  "timestamp": 1741869947.7479942,
  "image_file": "webcam_000085"
}