{
  "frame": 25,
  "object_rotation_in_cam": [
    [
      0.6608500320098216,
      -0.11838376271444917,
      -0.7411224729544957
    ],
    [
      -0.5357433263033494,
      0.6171407832300103,
      -0.5762953600330932
    ],
    [
      0.5256009165840952,
      0.7778962259837868,
      0.34441419553517316
    ]
  ],
  "object_translation_in_cam": [
    -0.003596555308064932,
    -0.01285652712411056,
    0.7057258907600996
  ],
  "raw_rvec": [
    0.8936842535674465,
    -0.8359605528091875,
    -0.2754319801618766
  ],
  "refined_raw_rvec": [
    0.8936842535674465,
    -0.8359605528091875,
    -0.2754319801618766
  ],
  "num_inliers": 15,
  "total_matches": 29,
  "inlier_ratio": 0.5172413793103449,
  "reprojection_errors": [
    3.1453664302825928,
    2.497819423675537,
    2.2547035217285156,
    3.0815258026123047,
    1.3494292497634888,
    3.0815839767456055,
    2.3498687744140625,
    3.6266658306121826,
    1.9368027448654175,
    1.54215407371521,
    0.8957550525665283,
    3.8668770790100098,
    1.6304956674575806,
    2.7377898693084717,
    1.1409800052642822
  ],
  "mean_reprojection_error": 2.3425211906433105,
  "std_reprojection_error": 0.8844189047813416,
  "inliers": [
    2,
    3,
    6,
    8,
    9,
    12,
    13,
    16,
    18,
    19,
    20,
    21,
    22,
    23,
    24
  ],
  "mkpts0": [
    [
      727.625,
      126.375
    ],
    [
      727.625,
      143.875
    ],
    [
      656.375,
      171.375
    ],
    [
      745.125,
      201.375
    ],
    [
      805.125,
      212.625
    ],
    [
      793.875,
      220.125
    ],
    [
      705.125,
      223.875
    ],
    [
      835.125,
      225.125
    ],
    [
      425.125,
      242.625
    ],
    [
      413.875,
      248.875
    ],
    [
      436.375,
      260.125
    ],
    [
      478.875,
      281.375
    ],
    [
      590.125,
      283.875
    ],
    [
      522.625,
      286.375
    ],
    [
      386.375,
      288.875
    ],
    [
      511.375,
      292.625
    ],
    [
      597.625,
      297.625
    ],
    [
      430.125,
      311.375
    ],
    [
      575.125,
      312.625
    ],
    [
      540.125,
      313.875
    ],
    [
      518.875,
      327.625
    ],
    [
      586.375,
      330.125
    ],
    [
      602.625,
      347.625
    ],
    [
      611.375,
      352.625
    ],
    [
      636.375,
      357.625
    ],
    [
      617.625,
      368.875
    ],
    [
      650.125,
      376.375
    ],
    [
      595.125,
      388.875
    ],
    [
      702.625,
      391.375
    ]
  ],
  "mkpts1": [
    [
      900.125,
      10.125
    ],
    [
      893.875,
      32.625
    ],
    [
      753.875,
      33.875
    ],
    [
      895.125,
      123.875
    ],
    [
      988.875,
      166.375
    ],
    [
      975.125,
      176.375
    ],
    [
      826.375,
      155.125
    ],
    [
      1038.875,
      195.125
    ],
    [
      371.375,
      132.625
    ],
    [
      352.625,
      141.375
    ],
    [
      391.375,
      172.625
    ],
    [
      447.625,
      228.875
    ],
    [
      651.375,
      272.625
    ],
    [
      536.375,
      252.625
    ],
    [
      307.625,
      223.875
    ],
    [
      516.375,
      263.875
    ],
    [
      657.625,
      292.625
    ],
    [
      382.625,
      286.375
    ],
    [
      618.875,
      318.875
    ],
    [
      568.875,
      330.125
    ],
    [
      535.125,
      356.375
    ],
    [
      642.625,
      365.125
    ],
    [
      667.625,
      407.625
    ],
    [
      682.625,
      422.625
    ],
    [
      722.625,
      437.625
    ],
    [
      693.875,
      457.625
    ],
    [
      742.625,
      482.625
    ],
    [
      657.625,
      496.375
    ],
    [
      830.125,
      526.375
    ]
  ],
  "mpts3D": [
    [
      0.20600000023841858,
      -0.07000000029802322,
      -0.0020000000949949026
    ],
    [
      0.20600000023841858,
      -0.054999999701976776,
      -0.0020000000949949026
    ],
    [
      0.21699999272823334,
      0.0,
      0.07000000029802322
    ],
    [
      0.21699999272823334,
      -0.0,
      -0.027000000700354576
    ],
    [
      0.23000000417232513,
      0.0,
      -0.07000000029802322
    ],
    [
      0.21699999272823334,
      -0.0,
      -0.07000000029802322
    ],
    [
      0.17000000178813934,
      -0.0,
      -0.014999999664723873
    ],
    [
      0.23000000417232513,
      -0.0,
      -0.11299999803304672
    ],
    [
      -0.0,
      -0.0,
      0.15600000321865082
    ],
    [
      -0.014000000432133675,
      0.0,
      0.15600000321865082
    ],
    [
      -0.01899999938905239,
      -0.0,
      0.12800000607967377
    ],
    [
      -0.01899999938905239,
      -0.0,
      0.07400000095367432
    ],
    [
      0.02500000037252903,
      -0.014000000432133675,
      -0.010999999940395355
    ],
    [
      0.0,
      0.0,
      0.041999999433755875
    ],
    [
      -0.07400000095367432,
      -0.0,
      0.12800000607967377
    ],
    [
      -0.014000000432133675,
      0.0,
      0.041999999433755875
    ],
    [
      0.02500000037252903,
      0.0,
      -0.014999999664723873
    ],
    [
      -0.07400000095367432,
      -0.0,
      0.07400000095367432
    ],
    [
      0.0,
      -0.0,
      -0.014999999664723873
    ],
    [
      -0.03500000014901161,
      -0.017999999225139618,
      -0.009999999776482582
    ],
    [
      -0.05700000002980232,
      -0.017999999225139618,
      -0.009999999776482582
    ],
    [
      -0.014000000432133675,
      0.0,
      -0.041999999433755875
    ],
    [
      -0.023000000044703484,
      0.0,
      -0.06499999761581421
    ],
    [
      -0.023000000044703484,
      -0.0,
      -0.07500000298023224
    ],
    [
      -0.017000000923871994,
      -0.0,
      -0.09200000017881393
    ],
    [
      -0.03700000047683716,
      -0.0,
      -0.09700000286102295
    ],
    [
      -0.028999999165534973,
      -0.0,
      -0.12700000405311584
    ],
    [
      -0.052000001072883606,
      -0.0,
      -0.09700000286102295
    ],
    [
      -0.014000000432133675,
      0.0,
      -0.15600000321865082
    ]
  ],
  "mconf": [
    0.9072611331939697,
    0.9185653924942017,
    0.23720192909240723,
    0.9823287725448608,
    0.8059272766113281,
    0.9987913370132446,
    0.8019202947616577,
    0.47875893115997314,
    0.8866875767707825,
    0.9928416013717651,
    0.9967498183250427,
    0.1644582897424698,
    0.9485189318656921,
    0.7074377536773682,
    0.9939182996749878,
    0.9384220838546753,
    0.8942130208015442,
    0.9910842180252075,
    0.9493703246116638,
    0.9819076657295227,
    0.9953941702842712,
    0.997663140296936,
    0.9965388774871826,
    0.9876954555511475,
    0.9994069933891296,
    0.9994027018547058,
    0.9988797307014465,
    0.9990167021751404,
    0.25770801305770874
  ],
  "coverage_score": 0.8129072918469556,
  "pose_estimation_failed": false,
  "tracking_method": "loosely_coupled",
  "kf_translation_vector": [
    0.0006504305731401187,
    -0.013976210326734186,
    0.7113010848953798
  ],
  "kf_quaternion": [
    0.397295101569764,
    -0.4916436615104889,
    -0.07301798524830788,
    0.7714346934093053
  ],
  "kf_rotation_matrix": [
    [
      0.5059097678536755,
      -0.27799802274509355,
      -0.8165613302992365
    ],
    [
      -0.5033124509986678,
      0.6736499521978976,
      -0.5411767904977854
    ],
    [
      0.7005225788366525,
      0.6847721089921733,
      0.20088622473046147
    ]
  ],
  "position_diff": 0.009058493710008332,
  "orientation_diff": 14.087706350648377,
  "timestamp": 1741869674.1492817,
  "image_file": "webcam_000025"
}