{
  "frame": 97,
  "object_rotation_in_cam": [
    [
      0.8208926906639266,
      -0.1252602053984319,
      -0.5571759788056927
    ],
    [
      -0.19183421818267787,
      0.8584745099670646,
      -0.4756271107401774
    ],
    [
      0.5378985249550139,
      0.4973242369725719,
      0.6806862567812497
    ]
  ],
  "object_translation_in_cam": [
    -0.010527592932725805,
    -0.008812398467527996,
    0.6190343109508838
  ],
  "raw_rvec": [
    0.5460652740396786,
    -0.6146064347366539,
    -0.0373644135653978
  ],
  "refined_raw_rvec": [
    0.5460652740396786,
    -0.6146064347366539,
    -0.0373644135653978
  ],
  "num_inliers": 11,
  "total_matches": 33,
  "inlier_ratio": 0.3333333333333333,
  "reprojection_errors": [
    2.821349620819092,
    4.398209095001221,
    2.311746120452881,
    0.6887696385383606,
    2.3775269985198975,
    1.5833799839019775,
    3.6419742107391357,
    3.36152982711792,
    3.4363882541656494,
    3.227773904800415,
    2.044745683670044
  ],
  "mean_reprojection_error": 2.717581272125244,
  "std_reprojection_error": 1.000770926475525,
  "inliers": [
    2,
    6,
    7,
    10,
    14,
    16,
    17,
    19,
    20,
    25,
    32
  ],
  "mkpts0": [
    [
      727.625,
      126.375
    ],
    [
      727.625,
      143.875
    ],
    [
      636.375,
      157.625
    ],
    [
      663.875,
      165.125
    ],
    [
      656.375,
      171.375
    ],
    [
      356.375,
      195.125
    ],
    [
      745.125,
      201.375
    ],
    [
      705.125,
      223.875
    ],
    [
      425.125,
      242.625
    ],
    [
      413.875,
      248.875
    ],
    [
      436.375,
      260.125
    ],
    [
      478.875,
      281.375
    ],
    [
      590.125,
      283.875
    ],
    [
      522.625,
      286.375
    ],
    [
      386.375,
      288.875
    ],
    [
      350.125,
      290.125
    ],
    [
      511.375,
      292.625
    ],
    [
      597.625,
      297.625
    ],
    [
      430.125,
      311.375
    ],
    [
      575.125,
      312.625
    ],
    [
      540.125,
      313.875
    ],
    [
      518.875,
      327.625
    ],
    [
      586.375,
      330.125
    ],
    [
      470.125,
      338.875
    ],
    [
      602.625,
      347.625
    ],
    [
      611.375,
      352.625
    ],
    [
      636.375,
      357.625
    ],
    [
      617.625,
      368.875
    ],
    [
      650.125,
      376.375
    ],
    [
      496.375,
      377.625
    ],
    [
      715.125,
      383.875
    ],
    [
      595.125,
      388.875
    ],
    [
      702.625,
      391.375
    ]
  ],
  "mkpts1": [
    [
      981.375,
      100.125
    ],
    [
      972.625,
      130.125
    ],
    [
      811.375,
      141.375
    ],
    [
      848.875,
      165.125
    ],
    [
      836.375,
      168.875
    ],
    [
      320.125,
      66.375
    ],
    [
      977.625,
      247.625
    ],
    [
      888.875,
      258.875
    ],
    [
      396.375,
      166.375
    ],
    [
      370.125,
      165.125
    ],
    [
      398.875,
      190.125
    ],
    [
      453.875,
      232.625
    ],
    [
      645.125,
      287.625
    ],
    [
      508.875,
      248.875
    ],
    [
      288.875,
      203.875
    ],
    [
      233.875,
      197.625
    ],
    [
      500.125,
      267.625
    ],
    [
      650.125,
      316.375
    ],
    [
      341.375,
      255.125
    ],
    [
      596.375,
      323.875
    ],
    [
      526.375,
      300.125
    ],
    [
      477.625,
      311.375
    ],
    [
      608.875,
      358.875
    ],
    [
      368.875,
      298.875
    ],
    [
      621.375,
      392.625
    ],
    [
      636.375,
      407.625
    ],
    [
      681.375,
      427.625
    ],
    [
      635.125,
      436.375
    ],
    [
      693.875,
      467.625
    ],
    [
      401.375,
      390.125
    ],
    [
      820.125,
      520.125
    ],
    [
      577.625,
      457.625
    ],
    [
      793.875,
      526.375
    ]
  ],
  "mpts3D": [
    [
      0.20600000023841858,
      -0.07000000029802322,
      -0.0020000000949949026
    ],
    [
      0.20600000023841858,
      -0.054999999701976776,
      -0.0020000000949949026
    ],
    [
      0.23000000417232513,
      -0.0,
      0.11299999803304672
    ],
    [
      0.23000000417232513,
      -0.0,
      0.07000000029802322
    ],
    [
      0.21699999272823334,
      0.0,
      0.07000000029802322
    ],
    [
      -0.0,
      -0.02500000037252903,
      0.23999999463558197
    ],
    [
      0.21699999272823334,
      -0.0,
      -0.027000000700354576
    ],
    [
      0.17000000178813934,
      -0.0,
      -0.014999999664723873
    ],
    [
      -0.0,
      -0.0,
      0.15600000321865082
    ],
    [
      -0.014000000432133675,
      0.0,
      0.15600000321865082
    ],
    [
      -0.01899999938905239,
      -0.0,
      0.12800000607967377
    ],
    [
      -0.01899999938905239,
      -0.0,
      0.07400000095367432
    ],
    [
      0.02500000037252903,
      -0.014000000432133675,
      -0.010999999940395355
    ],
    [
      0.0,
      0.0,
      0.041999999433755875
    ],
    [
      -0.07400000095367432,
      -0.0,
      0.12800000607967377
    ],
    [
      -0.07999999821186066,
      -0.0,
      0.15600000321865082
    ],
    [
      -0.014000000432133675,
      0.0,
      0.041999999433755875
    ],
    [
      0.02500000037252903,
      0.0,
      -0.014999999664723873
    ],
    [
      -0.07400000095367432,
      -0.0,
      0.07400000095367432
    ],
    [
      0.0,
      -0.0,
      -0.014999999664723873
    ],
    [
      -0.03500000014901161,
      -0.017999999225139618,
      -0.009999999776482582
    ],
    [
      -0.05700000002980232,
      -0.017999999225139618,
      -0.009999999776482582
    ],
    [
      -0.014000000432133675,
      0.0,
      -0.041999999433755875
    ],
    [
      -0.10000000149011612,
      -0.029999999329447746,
      0.0
    ],
    [
      -0.023000000044703484,
      0.0,
      -0.06499999761581421
    ],
    [
      -0.023000000044703484,
      -0.0,
      -0.07500000298023224
    ],
    [
      -0.017000000923871994,
      -0.0,
      -0.09200000017881393
    ],
    [
      -0.03700000047683716,
      -0.0,
      -0.09700000286102295
    ],
    [
      -0.028999999165534973,
      -0.0,
      -0.12700000405311584
    ],
    [
      -0.09000000357627869,
      -0.0,
      -0.014999999664723873
    ],
    [
      0.0,
      0.0,
      -0.15600000321865082
    ],
    [
      -0.052000001072883606,
      -0.0,
      -0.09700000286102295
    ],
    [
      -0.014000000432133675,
      0.0,
      -0.15600000321865082
    ]
  ],
  "mconf": [
    0.9556812047958374,
    0.9750369191169739,
    0.9450588822364807,
    0.6489211320877075,
    0.9760165810585022,
    0.9943827390670776,
    0.57095867395401,
    0.37201258540153503,
    0.24044989049434662,
    0.9994521141052246,
    0.9975904226303101,
    0.5416443943977356,
    0.9850994348526001,
    0.31744566559791565,
    0.9980805516242981,
    0.47378066182136536,
    0.21440976858139038,
    0.8958060145378113,
    0.9901301264762878,
    0.7366656064987183,
    0.9845049977302551,
    0.99175626039505,
    0.9835164546966553,
    0.9892417192459106,
    0.9947084784507751,
    0.9634309411048889,
    0.9968231916427612,
    0.9936991930007935,
    0.9979597330093384,
    0.5246872305870056,
    0.6953762769699097,
    0.9853720664978027,
    0.9775828123092651
  ],
  "coverage_score": 0.9477309221191609,
  "pose_estimation_failed": false,
  "tracking_method": "loosely_coupled",
  "kf_translation_vector": [
    -0.02755040499585606,
    -0.018408349720504084,
    0.6661871404637463
  ],
  "kf_quaternion": [
    0.45040244786625516,
    -0.4719200109956555,
    -0.12635249383075214,
    0.747304613581835
  ],