{
  "frame": 2,
  "kf_translation_vector": [
    -0.008464404690428527,
    -0.09125575813245121,
    0.6718697948094545
  ],
  "kf_quaternion": [
    0.4544631890400679,
    -0.49183232451879094,
    -0.12129633345877633,
    0.7327014220372658
  ],
  "kf_rotation_matrix": [
    [
      0.4867763280958002,
      -0.26929138132129493,
      -0.8309819242027102
    ],
    [
      -0.6247873653739022,
      0.5575008185939777,
      -0.5466567344652243
    ],
    [
      0.6104830501125383,
      0.7852865650277697,
      0.10312834873194854
    ]
  ],
  "pose_estimation_failed": false,
  "num_correspondences": 9,
  "tracking_method": "tracking",
  "avg_reprojection_error": 2.7900025844573975,
  "timestamp": 1741869607.3351407,
  "image_file": "webcam_000002"
}