{
  "frame": 85,
  "object_rotation_in_cam": [
    [
      0.7252927593030781,
      -0.18940218411665694,
      -0.6618740257438472
    ],
    [
      -0.32109628645163196,
      0.7573650433844852,
      -0.5685906839600772
    ],
    [
      0.6089725676329752,
      0.62491999784857,
      0.48849504415034195
    ]
  ],
  "object_translation_in_cam": [
    -0.03393213701851539,
    -0.020543822798342753,
    0.6505974714157297
  ],
  "raw_rvec": [
    0.726169016486987,
    -0.7732225901990238,
    -0.08012678749117212
  ],
  "refined_raw_rvec": [
    0.726169016486987,
    -0.7732225901990238,
    -0.08012678749117212
  ],
  "num_inliers": 13,
  "total_matches": 35,
  "inlier_ratio": 0.37142857142857144,
  "reprojection_errors": [
    3.190570831298828,
    0.9527686834335327,
    2.150664806365967,
    1.164124846458435,
    3.142338752746582,
    3.413633346557617,
    2.9385643005371094,
    1.5194616317749023,
    2.8000402450561523,
    3.149515151977539,
    2.65910005569458,
    1.4507465362548828,
    0.25439903140068054
  ],
  "mean_reprojection_error": 2.2143020629882812,
  "std_reprojection_error": 0.9922115802764893,
  "inliers": [
    2,
    8,
    11,
    14,
    17,
    18,
    20,
    21,
    22,
    23,
    24,
    25,
    26
  ],
  "mkpts0": [
    [
      727.625,
      126.375
    ],
    [
      727.625,
      143.875
    ],
    [
      636.375,
      157.625
    ],
    [
      663.875,
      165.125
    ],
    [
      656.375,
      171.375
    ],
    [
      745.125,
      201.375
    ],
    [
      793.875,
      220.125
    ],
    [
      705.125,
      223.875
    ],
    [
      835.125,
      225.125
    ],
    [
      425.125,
      242.625
    ],
    [
      413.875,
      248.875
    ],
    [
      436.375,
      260.125
    ],
    [
      478.875,
      281.375
    ],
    [
      590.125,
      283.875
    ],
    [
      522.625,
      286.375
    ],
    [
      386.375,
      288.875
    ],
    [
      350.125,
      290.125
    ],
    [
      511.375,
      292.625
    ],
    [
      597.625,
      297.625
    ],
    [
      430.125,
      311.375
    ],
    [
      575.125,
      312.625
    ],
    [
      540.125,
      313.875
    ],
    [
      518.875,
      327.625
    ],
    [
      586.375,
      330.125
    ],
    [
      470.125,
      338.875
    ],
    [
      602.625,
      347.625
    ],
    [
      611.375,
      352.625
    ],
    [
      636.375,
      357.625
    ],
    [
      617.625,
      368.875
    ],
    [
      650.125,
      376.375
    ],
    [
      496.375,
      377.625
    ],
    [
      715.125,
      383.875
    ],
    [
      516.375,
      388.875
    ],
    [
      595.125,
      388.875
    ],
    [
      702.625,
      391.375
    ]
  ],
  "mkpts1": [
    [
      886.375,
      47.625
    ],
    [
      876.375,
      75.125
    ],
    [
      706.375,
      57.625
    ],
    [
      747.625,
      86.375
    ],
    [
      733.875,
      91.375
    ],
    [
      873.875,
      183.875
    ],
    [
      952.625,
      238.875
    ],
    [
      803.875,
      205.125
    ],
    [
      1021.375,
      267.625
    ],
    [
      311.375,
      110.125
    ],
    [
      288.875,
      112.625
    ],
    [
      325.125,
      143.875
    ],
    [
      395.125,
      198.875
    ],
    [
      590.125,
      260.125
    ],
    [
      468.875,
      232.625
    ],
    [
      221.375,
      170.125
    ],
    [
      153.875,
      153.875
    ],
    [
      443.875,
      237.625
    ],
    [
      595.125,
      285.125
    ],
    [
      288.875,
      232.625
    ],
    [
      547.625,
      300.125
    ],
    [
      487.625,
      288.875
    ],
    [
      443.875,
      306.375
    ],
    [
      566.375,
      343.875
    ],
    [
      345.125,
      302.625
    ],
    [
      587.625,
      385.125
    ],
    [
      602.625,
      400.125
    ],
    [
      645.125,
      421.375
    ],
    [
      607.625,
      433.875
    ],
    [
      663.875,
      466.375
    ],
    [
      378.875,
      390.125
    ],
    [
      778.875,
      512.625
    ],
    [
      412.625,
      418.875
    ],
    [
      560.125,
      463.875
    ],
    [
      757.625,
      525.125
    ]
  ],
  "mpts3D": [
    [
      0.20600000023841858,
      -0.07000000029802322,
      -0.0020000000949949026
    ],
    [
      0.20600000023841858,
      -0.054999999701976776,
      -0.0020000000949949026
    ],
    [
      0.23000000417232513,
      -0.0,
      0.11299999803304672
    ],
    [
      0.23000000417232513,
      -0.0,
      0.07000000029802322
    ],
    [
      0.21699999272823334,
      0.0,
      0.07000000029802322
    ],
    [
      0.21699999272823334,
      -0.0,
      -0.027000000700354576
    ],
    [
      0.21699999272823334,
      -0.0,
      -0.07000000029802322
    ],
    [
      0.17000000178813934,
      -0.0,
      -0.014999999664723873
    ],
    [
      0.23000000417232513,
      -0.0,
      -0.11299999803304672
    ],
    [
      -0.0,
      -0.0,
      0.15600000321865082
    ],
    [
      -0.014000000432133675,
      0.0,
      0.15600000321865082
    ],
    [
      -0.01899999938905239,
      -0.0,
      0.12800000607967377
    ],
    [
      -0.01899999938905239,
      -0.0,
      0.07400000095367432
    ],
    [
      0.02500000037252903,
      -0.014000000432133675,
      -0.010999999940395355
    ],
    [
      0.0,
      0.0,
      0.041999999433755875
    ],
    [
      -0.07400000095367432,
      -0.0,
      0.12800000607967377
    ],
    [
      -0.07999999821186066,
      -0.0,
      0.15600000321865082
    ],
    [
      -0.014000000432133675,
      0.0,
      0.041999999433755875
    ],
    [
      0.02500000037252903,
      0.0,
      -0.014999999664723873
    ],
    [
      -0.07400000095367432,
      -0.0,
      0.07400000095367432
    ],
    [
      0.0,
      -0.0,
      -0.014999999664723873
    ],
    [
      -0.03500000014901161,
      -0.017999999225139618,
      -0.009999999776482582
    ],
    [
      -0.05700000002980232,
      -0.017999999225139618,
      -0.009999999776482582
    ],
    [
      -0.014000000432133675,
      0.0,
      -0.041999999433755875
    ],
    [
      -0.10000000149011612,
      -0.029999999329447746,
      0.0
    ],
    [
      -0.023000000044703484,
      0.0,
      -0.06499999761581421
    ],
    [
      -0.023000000044703484,
      -0.0,
      -0.07500000298023224
    ],
    [
      -0.017000000923871994,
      -0.0,
      -0.09200000017881393
    ],
    [
      -0.03700000047683716,
      -0.0,
      -0.09700000286102295
    ],
    [
      -0.028999999165534973,
      -0.0,
      -0.12700000405311584
    ],
    [
      -0.09000000357627869,
      -0.0,
      -0.014999999664723873
    ],
    [
      0.0,
      0.0,
      -0.15600000321865082
    ],
    [
      -0.09000000357627869,
      -0.0,
      -0.041999999433755875
    ],
    [
      -0.052000001072883606,
      -0.0,
      -0.09700000286102295
    ],
    [
      -0.014000000432133675,
      0.0,
      -0.15600000321865082
    ]
  ],
  "mconf": [
    0.999334990978241,
    0.9970282316207886,
    0.9593874216079712,
    0.7354618906974792,
    0.9935319423675537,
    0.9793915152549744,
    0.9968924522399902,
    0.9909679889678955,
    0.520562469959259,
    0.9102404713630676,
    0.9985476136207581,
    0.9990673065185547,
    0.995255172252655,
    0.9146548509597778,
    0.8698441982269287,
    0.999134361743927,
    0.9366526007652283,
    0.9975773692131042,
    0.9989749789237976,
    0.998806893825531,
    0.9960954785346985,
    0.9989566206932068,
    0.9997431039810181,
    0.9994039535522461,
    0.9988718628883362,
    0.9979891777038574,
    0.9987807273864746,
    0.9998170137405396,
    0.9998379349708557,
    0.9996795654296875,
    0.9989767670631409,
    0.9932742118835449,
    0.9929816722869873,
    0.9998860955238342,
    0.995995819568634
  ],
  "coverage_score": 0.8804820237218407,
  "pose_estimation_failed": false,