{
  "frame": 14,
  "object_rotation_in_cam": [
    [
      0.6317968710849274,
      -0.21364122552776968,
      -0.7451108242686373
    ],
    [
      -0.5215361318730443,
      0.5939758045667453,
      -0.6125298415099383
    ],
    [
      0.5734394273488683,
      0.7755966544179262,
      0.26385043645505235
    ]
  ],
  "object_translation_in_cam": [
    -0.009201050152654648,
    -0.03677333623017028,
    0.6179880827618079
  ],
  "raw_rvec": [
    0.9474013587201368,
    -0.8999153201007115,
    -0.21013938821154876
  ],
  "refined_raw_rvec": [
    0.9474013587201368,
    -0.8999153201007115,
    -0.21013938821154876
  ],
  "num_inliers": 13,
  "total_matches": 26,
  "inlier_ratio": 0.5,
  "reprojection_errors": [
    0.9898041486740112,
    1.621232271194458,
    1.398805022239685,
    0.5405355095863342,
    3.5795700550079346,
    2.864933729171753,
    3.1967663764953613,
    0.9360208511352539,
    1.2898024320602417,
    3.257861852645874,
    0.49544715881347656,
    1.7282778024673462,
    1.370063304901123
  ],
  "mean_reprojection_error": 1.789932370185852,
  "std_reprojection_error": 1.0269501209259033,
  "inliers": [
    0,
    3,
    5,
    9,
    11,
    12,
    14,
    15,
    16,
    17,
    18,
    19,
    20
  ],
  "mkpts0": [
    [
      745.125,
      201.375
    ],
    [
      805.125,
      212.625
    ],
    [
      793.875,
      220.125
    ],
    [
      705.125,
      223.875
    ],
    [
      425.125,
      242.625
    ],
    [
      413.875,
      248.875
    ],
    [
      436.375,
      260.125
    ],
    [
      478.875,
      281.375
    ],
    [
      590.125,
      283.875
    ],
    [
      522.625,
      286.375
    ],
    [
      386.375,
      288.875
    ],
    [
      511.375,
      292.625
    ],
    [
      597.625,
      297.625
    ],
    [
      430.125,
      311.375
    ],
    [
      575.125,
      312.625
    ],
    [
      540.125,
      313.875
    ],
    [
      518.875,
      327.625
    ],
    [
      586.375,
      330.125
    ],
    [
      602.625,
      347.625
    ],
    [
      611.375,
      352.625
    ],
    [
      636.375,
      357.625
    ],
    [
      617.625,
      368.875
    ],
    [
      650.125,
      376.375
    ],
    [
      496.375,
      377.625
    ],
    [
      595.125,
      388.875
    ],
    [
      702.625,
      391.375
    ]
  ],
  "mkpts1": [
    [
      901.375,
      61.375
    ],
    [
      1003.875,
      112.625
    ],
    [
      988.875,
      122.625
    ],
    [
      827.625,
      91.375
    ],
    [
      316.375,
      35.125
    ],
    [
      295.125,
      43.875
    ],
    [
      341.375,
      83.875
    ],
    [
      431.375,
      152.625
    ],
    [
      643.875,
      211.375
    ],
    [
      510.125,
      183.875
    ],
    [
      242.625,
      136.375
    ],
    [
      488.875,
      195.125
    ],
    [
      648.875,
      235.125
    ],
    [
      333.875,
      213.875
    ],
    [
      606.375,
      262.625
    ],
    [
      555.125,
      271.375
    ],
    [
      517.625,
      300.125
    ],
    [
      636.375,
      316.375
    ],
    [
      666.375,
      366.375
    ],
    [
      683.875,
      382.625
    ],
    [
      727.625,
      400.125
    ],
    [
      697.625,
      422.625
    ],
    [
      753.875,
      452.625
    ],
    [
      463.875,
      396.375
    ],
    [
      658.875,
      465.125
    ],
    [
      851.375,
      505.125
    ]
  ],
  "mpts3D": [
    [
      0.21699999272823334,
      -0.0,
      -0.027000000700354576
    ],
    [
      0.23000000417232513,
      0.0,
      -0.07000000029802322
    ],
    [
      0.21699999272823334,
      -0.0,
      -0.07000000029802322
    ],
    [
      0.17000000178813934,
      -0.0,
      -0.014999999664723873
    ],
    [
      -0.0,
      -0.0,
      0.15600000321865082
    ],
    [
      -0.014000000432133675,
      0.0,
      0.15600000321865082
    ],
    [
      -0.01899999938905239,
      -0.0,
      0.12800000607967377
    ],
    [
      -0.01899999938905239,
      -0.0,
      0.07400000095367432
    ],
    [
      0.02500000037252903,
      -0.014000000432133675,
      -0.010999999940395355
    ],
    [
      0.0,
      0.0,
      0.041999999433755875
    ],
    [
      -0.07400000095367432,
      -0.0,
      0.12800000607967377
    ],
    [
      -0.014000000432133675,
      0.0,
      0.041999999433755875
    ],
    [
      0.02500000037252903,
      0.0,
      -0.014999999664723873
    ],
    [
      -0.07400000095367432,
      -0.0,
      0.07400000095367432
    ],
    [
      0.0,
      -0.0,
      -0.014999999664723873
    ],
    [
      -0.03500000014901161,
      -0.017999999225139618,
      -0.009999999776482582
    ],
    [
      -0.05700000002980232,
      -0.017999999225139618,
      -0.009999999776482582
    ],
    [
      -0.014000000432133675,
      0.0,
      -0.041999999433755875
    ],
    [
      -0.023000000044703484,
      0.0,
      -0.06499999761581421
    ],
    [
      -0.023000000044703484,
      -0.0,
      -0.07500000298023224
    ],
    [
      -0.017000000923871994,
      -0.0,
      -0.09200000017881393
    ],
    [
      -0.03700000047683716,
      -0.0,
      -0.09700000286102295
    ],
    [
      -0.028999999165534973,
      -0.0,
      -0.12700000405311584
    ],
    [
      -0.09000000357627869,
      -0.0,
      -0.014999999664723873
    ],
    [
      -0.052000001072883606,
      -0.0,
      -0.09700000286102295
    ],
    [
      -0.014000000432133675,
      0.0,
      -0.15600000321865082
    ]
  ],
  "mconf": [
    0.9584685564041138,
    0.4294968545436859,
    0.9928934574127197,
    0.2560745179653168,
    0.7743219137191772,
    0.987425684928894,
    0.9888244867324829,
    0.9883488416671753,
    0.8940253257751465,
    0.6445945501327515,
    0.9908066391944885,
    0.9878435134887695,
    0.9587774872779846,
    0.9974977374076843,
    0.9882217049598694,
    0.9900970458984375,
    0.9982032179832458,
    0.9988664984703064,
    0.9932257533073425,
    0.9973153471946716,
    0.9996084570884705,
    0.9995173215866089,
    0.9991782903671265,
    0.8542191386222839,
    0.9990882873535156,
    0.40309375524520874
  ],
  "coverage_score": 0.7176856953872666,
  "pose_estimation_failed": false,
  "tracking_method": "loosely_coupled",
  "kf_translation_vector": [
    0.004281926695948413,
    -0.0335218792089876,
    0.6249732590027091
  ],
  "kf_quaternion": [
    0.4603576120552434,
    -0.41205812041203405,
    -0.10026107342817199,
    0.7798888969464346
  ],
  "kf_rotation_matrix": [
    [
      0.6403116451150648,
      -0.22300318875658678,
      -0.7350310027029021
    ],
    [
      -0.535773180606837,
      0.5560371723556494,
      -0.635428801598706
    ],
    [
      0.5504072093209473,
      0.8006823594679278,
      0.23655794885059134
    ]
  ],
  "position_diff": 0.015540761084073717,
  "orientation_diff": 2.6682155207460605,
  "timestamp": 1741869938.2120526,
  "image_file": "webcam_000014"
}