{
  "frame": 14,
  "object_rotation_in_cam": [
    [
      0.5019723928745817,
      -0.2819391974710175,
      -0.8176392882690786
    ],
    [
      -0.562663948185927,
      0.611508929728841,
      -0.5562967825484092
    ],
    [
      0.6568355945010831,
      0.7393017772136669,
      0.14832357872274637
    ]
  ],
  "object_translation_in_cam": [
    -0.0037089060377551255,
    -0.039603628465112214,
    0.7154540779254333
  ],
  "raw_rvec": [
    0.9406118794714051,
    -1.0704771013102343,
    -0.20380775618690367
  ],
  "refined_raw_rvec": [
    0.9406118794714051,
    -1.0704771013102343,
    -0.20380775618690367
  ],
  "num_inliers": 13,
  "total_matches": 24,
  "inlier_ratio": 0.5416666666666666,
  "reprojection_errors": [
    2.7452902793884277,
    3.679443836212158,
    2.203542470932007,
    1.90894615650177,
    0.8299139142036438,
    2.3020179271698,
    3.481776714324951,
    1.5258870124816895,
    1.9025861024856567,
    2.7386274337768555,
    3.183964252471924,
    3.3754734992980957,
    1.003731608390808
  ],
  "mean_reprojection_error": 2.375476837158203,
  "std_reprojection_error": 0.8907647132873535,
  "inliers": [
    3,
    4,
    7,
    9,
    10,
    11,
    12,
    13,
    14,
    16,
    17,
    21,
    23
  ],
  "mkpts0": [
    [
      705.125,
      223.875
    ],
    [
      425.125,
      242.625
    ],
    [
      413.875,
      248.875
    ],
    [
      436.375,
      260.125
    ],
    [
      478.875,
      281.375
    ],
    [
      590.125,
      283.875
    ],
    [
      522.625,
      286.375
    ],
    [
      386.375,
      288.875
    ],
    [
      350.125,
      290.125
    ],
    [
      511.375,
      292.625
    ],
    [
      597.625,
      297.625
    ],
    [
      430.125,
      311.375
    ],
    [
      575.125,
      312.625
    ],
    [
      540.125,
      313.875
    ],
    [
      518.875,
      327.625
    ],
    [
      586.375,
      330.125
    ],
    [
      602.625,
      347.625
    ],
    [
      611.375,
      352.625
    ],
    [
      636.375,
      357.625
    ],
    [
      617.625,
      368.875
    ],
    [
      650.125,
      376.375
    ],
    [
      715.125,
      383.875
    ],
    [
      595.125,
      388.875
    ],
    [
      702.625,
      391.375
    ]
  ],
  "mkpts1": [
    [
      758.875,
      102.625
    ],
    [
      328.875,
      87.625
    ],
    [
      313.875,
      96.375
    ],
    [
      362.625,
      127.625
    ],
    [
      453.875,
      181.375
    ],
    [
      642.625,
      217.625
    ],
    [
      525.125,
      203.875
    ],
    [
      292.625,
      181.375
    ],
    [
      222.625,
      168.875
    ],
    [
      510.125,
      215.125
    ],
    [
      646.375,
      237.625
    ],
    [
      386.375,
      242.625
    ],
    [
      618.875,
      265.125
    ],
    [
      586.375,
      275.125
    ],
    [
      561.375,
      301.375
    ],
    [
      652.625,
      306.375
    ],
    [
      686.375,
      346.375
    ],
    [
      705.125,
      358.875
    ],
    [
      742.625,
      371.375
    ],
    [
      722.625,
      391.375
    ],
    [
      771.375,
      410.125
    ],
    [
      865.125,
      431.375
    ],
    [
      698.875,
      428.875
    ],
    [
      855.125,
      446.375
    ]
  ],
  "mpts3D": [
    [
      0.17000000178813934,
      -0.0,
      -0.014999999664723873
    ],
    [
      -0.0,
      -0.0,
      0.15600000321865082
    ],
    [
      -0.014000000432133675,
      0.0,
      0.15600000321865082
    ],
    [
      -0.01899999938905239,
      -0.0,
      0.12800000607967377
    ],
    [
      -0.01899999938905239,
      -0.0,
      0.07400000095367432
    ],
    [
      0.02500000037252903,
      -0.014000000432133675,
      -0.010999999940395355
    ],
    [
      0.0,
      0.0,
      0.041999999433755875
    ],
    [
      -0.07400000095367432,
      -0.0,
      0.12800000607967377
    ],
    [
      -0.07999999821186066,
      -0.0,
      0.15600000321865082
    ],
    [
      -0.014000000432133675,
      0.0,
      0.041999999433755875
    ],
    [
      0.02500000037252903,
      0.0,
      -0.014999999664723873
    ],
    [
      -0.07400000095367432,
      -0.0,
      0.07400000095367432
    ],
    [
      0.0,
      -0.0,
      -0.014999999664723873
    ],
    [
      -0.03500000014901161,
      -0.017999999225139618,
      -0.009999999776482582
    ],
    [
      -0.05700000002980232,
      -0.017999999225139618,
      -0.009999999776482582
    ],
    [
      -0.014000000432133675,
      0.0,
      -0.041999999433755875
    ],
    [
      -0.023000000044703484,
      0.0,
      -0.06499999761581421
    ],
    [
      -0.023000000044703484,
      -0.0,
      -0.07500000298023224
    ],
    [
      -0.017000000923871994,
      -0.0,
      -0.09200000017881393
    ],
    [
      -0.03700000047683716,
      -0.0,
      -0.09700000286102295
    ],
    [
      -0.028999999165534973,
      -0.0,
      -0.12700000405311584
    ],
    [
      0.0,
      0.0,
      -0.15600000321865082
    ],
    [
      -0.052000001072883606,
      -0.0,
      -0.09700000286102295
    ],
    [
      -0.014000000432133675,
      0.0,
      -0.15600000321865082
    ]
  ],
  "mconf": [
    0.6019026041030884,
    0.9563215374946594,
    0.9912693500518799,
    0.9943356513977051,
    0.9941026568412781,
    0.7608230113983154,
    0.7107518911361694,
    0.994387686252594,
    0.3903298079967499,
    0.9485026597976685,
    0.9901071190834045,
    0.9993495345115662,
    0.9961177706718445,
    0.9975537061691284,
    0.9992894530296326,
    0.9967660903930664,
    0.9980801343917847,
    0.9988630414009094,
    0.9998610615730286,
    0.999744713306427,
    0.9997219443321228,
    0.9820073246955872,
    0.9998030662536621,
    0.9998179078102112
  ],
  "coverage_score": 0.6742939480062112,
  "pose_estimation_failed": false,
  "tracking_method": "loosely_coupled",
  "kf_translation_vector": [
    -0.010259536184684675,
    -0.09332738446862715,
    0.6818893260511846
  ],
  "kf_quaternion": [
    0.4545578983758428,
    -0.48858698916579046,
    -0.11514283415234144,
    0.7358002438063004
  ],
  "kf_rotation_matrix": [
    [
      0.49604976352254826,
      -0.2747378990542823,
      -0.8236830209082029
    ],
    [
      -0.6136264008216472,
      0.5602384895350068,
      -0.5564130435730325
    ],
    [
      0.6143266820868967,
      0.7814422062230663,
      0.10931974208408946
    ]
  ],
  "position_diff": 0.06446274763971485,
  "orientation_diff": 4.152784802262054,
  "timestamp": 1741869608.944911,
  "image_file": "webcam_000014"
}