{
  "frame": 150,
  "object_rotation_in_cam": [
    [
      0.6800368584882184,
      -0.1581938341023995,
      -0.7159082217361787
    ],
    [
      -0.34990178311394315,
      0.7880494980821211,
      -0.5065044232247142
    ],
    [
      0.6442969915118013,
      0.5949392401115428,
      0.48055040037892194
    ]
  ],
  "object_translation_in_cam": [
    -0.00041968255956356,
    -0.0261087240976981,
    0.6687537744150263
  ],
  "raw_rvec": [
    0.6734918444180915,
    -0.8317149104863619,
    -0.11722228241643365
  ],
  "refined_raw_rvec": [
    0.6734918444180915,
    -0.8317149104863619,
    -0.11722228241643365
  ],
  "num_inliers": 14,
  "total_matches": 34,
  "inlier_ratio": 0.4117647058823529,
  "reprojection_errors": [
    1.3416364192962646,
    2.5458312034606934,
    0.4279959201812744,
    3.4605820178985596,
    3.3864634037017822,
    3.117208242416382,
    1.9586554765701294,
    3.7463455200195312,
    2.2277896404266357,
    3.924839496612549,
    3.7257375717163086,
    3.3057374954223633,
    3.5620779991149902,
    3.3237719535827637
  ],
  "mean_reprojection_error": 2.8610477447509766,
  "std_reprojection_error": 0.9932113289833069,
  "inliers": [
    6,
    9,
    12,
    15,
    16,
    17,
    18,
    20,
    21,
    22,
    23,
    24,
    25,
    26
  ],
  "mkpts0": [
    [
      727.625,
      126.375
    ],
    [
      727.625,
      143.875
    ],
    [
      636.375,
      157.625
    ],
    [
      663.875,
      165.125
    ],
    [
      656.375,
      171.375
    ],
    [
      356.375,
      195.125
    ],
    [
      745.125,
      201.375
    ],
    [
      805.125,
      212.625
    ],
    [
      793.875,
      220.125
    ],
    [
      705.125,
      223.875
    ],
    [
      425.125,
      242.625
    ],
    [
      413.875,
      248.875
    ],
    [
      436.375,
      260.125
    ],
    [
      478.875,
      281.375
    ],
    [
      590.125,
      283.875
    ],
    [
      522.625,
      286.375
    ],
    [
      386.375,
      288.875
    ],
    [
      511.375,
      292.625
    ],
    [
      597.625,
      297.625
    ],
    [
      430.125,
      311.375
    ],
    [
      575.125,
      312.625
    ],
    [
      540.125,
      313.875
    ],
    [
      518.875,
      327.625
    ],
    [
      586.375,
      330.125
    ],
    [
      470.125,
      338.875
    ],
    [
      602.625,
      347.625
    ],
    [
      611.375,
      352.625
    ],
    [
      636.375,
      357.625
    ],
    [
      617.625,
      368.875
    ],
    [
      650.125,
      376.375
    ],
    [
      496.375,
      377.625
    ],
    [
      715.125,
      383.875
    ],
    [
      595.125,
      388.875
    ],
    [
      702.625,
      391.375
    ]
  ],
  "mkpts1": [
    [
      921.375,
      33.875
    ],
    [
      912.625,
      62.625
    ],
    [
      735.125,
      58.875
    ],
    [
      777.625,
      83.875
    ],
    [
      765.125,
      88.875
    ],
    [
      266.375,
      21.375
    ],
    [
      911.375,
      166.375
    ],
    [
      1008.875,
      205.125
    ],
    [
      993.875,
      211.375
    ],
    [
      842.625,
      183.875
    ],
    [
      368.875,
      125.125
    ],
    [
      350.125,
      128.875
    ],
    [
      388.875,
      156.375
    ],
    [
      463.875,
      202.625
    ],
    [
      661.375,
      247.625
    ],
    [
      541.375,
      231.375
    ],
    [
      296.375,
      185.125
    ],
    [
      516.375,
      235.125
    ],
    [
      665.125,
      271.375
    ],
    [
      371.375,
      240.125
    ],
    [
      623.875,
      287.625
    ],
    [
      572.625,
      277.625
    ],
    [
      535.125,
      296.375
    ],
    [
      650.125,
      325.125
    ],
    [
      445.125,
      295.125
    ],
    [
      677.625,
      360.125
    ],
    [
      695.125,
      372.625
    ],
    [
      737.625,
      388.875
    ],
    [
      706.375,
      402.625
    ],
    [
      765.125,
      427.625
    ],
    [
      480.125,
      377.625
    ],
    [
      878.875,
      462.625
    ],
    [
      667.625,
      431.375
    ],
    [
      861.375,
      473.875
    ]
  ],
  "mpts3D": [
    [
      0.20600000023841858,
      -0.07000000029802322,
      -0.0020000000949949026
    ],
    [
      0.20600000023841858,
      -0.054999999701976776,
      -0.0020000000949949026
    ],
    [
      0.23000000417232513,
      -0.0,
      0.11299999803304672
    ],
    [
      0.23000000417232513,
      -0.0,
      0.07000000029802322
    ],
    [
      0.21699999272823334,
      0.0,
      0.07000000029802322
    ],
    [
      -0.0,
      -0.02500000037252903,
      0.23999999463558197
    ],
    [
      0.21699999272823334,
      -0.0,
      -0.027000000700354576
    ],
    [
      0.23000000417232513,
      0.0,
      -0.07000000029802322
    ],
    [
      0.21699999272823334,
      -0.0,
      -0.07000000029802322
    ],
    [
      0.17000000178813934,
      -0.0,
      -0.014999999664723873
    ],
    [
      -0.0,
      -0.0,
      0.15600000321865082
    ],
    [
      -0.014000000432133675,
      0.0,
      0.15600000321865082
    ],
    [
      -0.01899999938905239,
      -0.0,
      0.12800000607967377
    ],
    [
      -0.01899999938905239,
      -0.0,
      0.07400000095367432
    ],
    [
      0.02500000037252903,
      -0.014000000432133675,
      -0.010999999940395355
    ],
    [
      0.0,
      0.0,
      0.041999999433755875
    ],
    [
      -0.07400000095367432,
      -0.0,
      0.12800000607967377
    ],
    [
      -0.014000000432133675,
      0.0,
      0.041999999433755875
    ],
    [
      0.02500000037252903,
      0.0,
      -0.014999999664723873
    ],
    [
      -0.07400000095367432,
      -0.0,
      0.07400000095367432
    ],
    [
      0.0,
      -0.0,
      -0.014999999664723873
    ],
    [
      -0.03500000014901161,
      -0.017999999225139618,
      -0.009999999776482582
    ],
    [
      -0.05700000002980232,
      -0.017999999225139618,
      -0.009999999776482582
    ],
    [
      -0.014000000432133675,
      0.0,
      -0.041999999433755875
    ],
    [
      -0.10000000149011612,
      -0.029999999329447746,
      0.0
    ],
    [
      -0.023000000044703484,
      0.0,
      -0.06499999761581421
    ],
    [
      -0.023000000044703484,
      -0.0,
      -0.07500000298023224
    ],
    [
      -0.017000000923871994,
      -0.0,
      -0.09200000017881393
    ],
    [
      -0.03700000047683716,
      -0.0,
      -0.09700000286102295
    ],
    [
      -0.028999999165534973,
      -0.0,
      -0.12700000405311584
    ],
    [
      -0.09000000357627869,
      -0.0,
      -0.014999999664723873
    ],
    [
      0.0,
      0.0,
      -0.15600000321865082
    ],
    [
      -0.052000001072883606,
      -0.0,
      -0.09700000286102295
    ],
    [
      -0.014000000432133675,
      0.0,
      -0.15600000321865082
    ]
  ],
  "mconf": [
    0.9898945093154907,
    0.8855435252189636,
    0.9463650584220886,
    0.6865477561950684,
    0.9917081594467163,
    0.9670467376708984,
    0.9940845966339111,
    0.8987857103347778,
    0.9988158345222473,
    0.9642065167427063,
    0.968386173248291,
    0.9991151094436646,
    0.9992648363113403,
    0.9993667006492615,
    0.99294513463974,
    0.6198949813842773,
    0.9991204142570496,
    0.9898412227630615,
    0.8605351448059082,
    0.997302770614624,
    0.8634064793586731,
    0.9973508715629578,
    0.9993002414703369,
    0.9990338087081909,
    0.9927096366882324,
    0.999502956867218,
    0.9998047351837158,
    0.999921977519989,
    0.9999459981918335,
    0.9997161626815796,
    0.9944398403167725,
    0.9383106231689453,
    0.999838650226593,
    0.9983770847320557
  ],
  "coverage_score": 0.769742378465751,
  "pose_estimation_failed": false,
  "tracking_method": "loosely_coupled",
  "kf_translation_vector": [
    -0.00034451535673059113,
    -0.00863286105415382,
    0.6437463562932498
  ],