{
  "frame": 183,
  "object_rotation_in_cam": [
    [
      0.5840901787024495,
      -0.10874010041025867,
      -0.8043719622824429
    ],
    [
      -0.46283036514870896,
      0.7694777696722142,
      -0.4401045501657396
    ],
    [
      0.6668033564999906,
      0.6293485143726345,
      0.3991161876162185
    ]
  ],
  "object_translation_in_cam": [
    -0.03062446764385221,
    -0.009661967549834836,
    0.7016573571995844
  ],
  "raw_rvec": [
    0.6839051266062252,
    -0.9408027112308597,
    -0.2264373775398091
  ],
  "refined_raw_rvec": [
    0.6839051266062252,
    -0.9408027112308597,
    -0.2264373775398091
  ],
  "num_inliers": 13,
  "total_matches": 32,
  "inlier_ratio": 0.40625,
  "reprojection_errors": [
    0.6987422704696655,
    0.5964809656143188,
    1.5297181606292725,
    3.1249544620513916,
    3.242853879928589,
    3.6666648387908936,
    2.1622958183288574,
    2.7851152420043945,
    1.6730971336364746,
    3.0984718799591064,
    2.1107242107391357,
    2.1553986072540283,
    1.5298523902893066
  ],
  "mean_reprojection_error": 2.1826438903808594,
  "std_reprojection_error": 0.9303563833236694,
  "inliers": [
    3,
    4,
    9,
    14,
    16,
    18,
    20,
    21,
    22,
    23,
    24,
    25,
    26
  ],
  "mkpts0": [
    [
      727.625,
      126.375
    ],
    [
      727.625,
      143.875
    ],
    [
      636.375,
      157.625
    ],
    [
      663.875,
      165.125
    ],
    [
      656.375,
      171.375
    ],
    [
      745.125,
      201.375
    ],
    [
      793.875,
      220.125
    ],
    [
      705.125,
      223.875
    ],
    [
      835.125,
      225.125
    ],
    [
      425.125,
      242.625
    ],
    [
      413.875,
      248.875
    ],
    [
      436.375,
      260.125
    ],
    [
      478.875,
      281.375
    ],
    [
      590.125,
      283.875
    ],
    [
      522.625,
      286.375
    ],
    [
      386.375,
      288.875
    ],
    [
      350.125,
      290.125
    ],
    [
      511.375,
      292.625
    ],
    [
      597.625,
      297.625
    ],
    [
      430.125,
      311.375
    ],
    [
      575.125,
      312.625
    ],
    [
      540.125,
      313.875
    ],
    [
      518.875,
      327.625
    ],
    [
      586.375,
      330.125
    ],
    [
      602.625,
      347.625
    ],
    [
      611.375,
      352.625
    ],
    [
      636.375,
      357.625
    ],
    [
      617.625,
      368.875
    ],
    [
      650.125,
      376.375
    ],
    [
      496.375,
      377.625
    ],
    [
      595.125,
      388.875
    ],
    [
      702.625,
      391.375
    ]
  ],
  "mkpts1": [
    [
      810.125,
      40.125
    ],
    [
      806.375,
      65.125
    ],
    [
      638.875,
      65.125
    ],
    [
      682.625,
      86.375
    ],
    [
      671.375,
      93.875
    ],
    [
      815.125,
      158.875
    ],
    [
      896.375,
      196.375
    ],
    [
      756.375,
      187.625
    ],
    [
      961.375,
      210.125
    ],
    [
      302.625,
      176.375
    ],
    [
      285.125,
      183.875
    ],
    [
      326.375,
      208.875
    ],
    [
      403.875,
      250.125
    ],
    [
      593.875,
      278.875
    ],
    [
      475.125,
      268.875
    ],
    [
      242.625,
      251.375
    ],
    [
      171.375,
      243.875
    ],
    [
      457.625,
      278.875
    ],
    [
      600.125,
      300.125
    ],
    [
      322.625,
      301.375
    ],
    [
      563.875,
      321.375
    ],
    [
      516.375,
      323.875
    ],
    [
      483.875,
      346.375
    ],
    [
      592.625,
      358.875
    ],
    [
      621.375,
      392.625
    ],
    [
      638.875,
      403.875
    ],
    [
      680.125,
      416.375
    ],
    [
      652.625,
      433.875
    ],
    [
      706.375,
      452.625
    ],
    [
      442.625,
      431.375
    ],
    [
      620.125,
      467.625
    ],
    [
      813.875,
      475.125
    ]
  ],
  "mpts3D": [
    [
      0.20600000023841858,
      -0.07000000029802322,
      -0.0020000000949949026
    ],
    [
      0.20600000023841858,
      -0.054999999701976776,
      -0.0020000000949949026
    ],
    [
      0.23000000417232513,
      -0.0,
      0.11299999803304672
    ],
    [
      0.23000000417232513,
      -0.0,
      0.07000000029802322
    ],
    [
      0.21699999272823334,
      0.0,
      0.07000000029802322
    ],
    [
      0.21699999272823334,
      -0.0,
      -0.027000000700354576
    ],
    [
      0.21699999272823334,
      -0.0,
      -0.07000000029802322
    ],
    [
      0.17000000178813934,
      -0.0,
      -0.014999999664723873
    ],
    [
      0.23000000417232513,
      -0.0,
      -0.11299999803304672
    ],
    [
      -0.0,
      -0.0,
      0.15600000321865082
    ],
    [
      -0.014000000432133675,
      0.0,
      0.15600000321865082
    ],
    [
      -0.01899999938905239,
      -0.0,
      0.12800000607967377
    ],
    [
      -0.01899999938905239,
      -0.0,
      0.07400000095367432
    ],
    [
      0.02500000037252903,
      -0.014000000432133675,
      -0.010999999940395355
    ],
    [
      0.0,
      0.0,
      0.041999999433755875
    ],
    [
      -0.07400000095367432,
      -0.0,
      0.12800000607967377
    ],
    [
      -0.07999999821186066,
      -0.0,
      0.15600000321865082
    ],
    [
      -0.014000000432133675,
      0.0,
      0.041999999433755875
    ],
    [
      0.02500000037252903,
      0.0,
      -0.014999999664723873
    ],
    [
      -0.07400000095367432,
      -0.0,
      0.07400000095367432
    ],
    [
      0.0,
      -0.0,
      -0.014999999664723873
    ],
    [
      -0.03500000014901161,
      -0.017999999225139618,
      -0.009999999776482582
    ],
    [
      -0.05700000002980232,
      -0.017999999225139618,
      -0.009999999776482582
    ],
    [
      -0.014000000432133675,
      0.0,
      -0.041999999433755875
    ],
    [
      -0.023000000044703484,
      0.0,
      -0.06499999761581421
    ],
    [
      -0.023000000044703484,
      -0.0,
      -0.07500000298023224
    ],
    [
      -0.017000000923871994,
      -0.0,
      -0.09200000017881393
    ],
    [
      -0.03700000047683716,
      -0.0,
      -0.09700000286102295
    ],
    [
      -0.028999999165534973,
      -0.0,
      -0.12700000405311584
    ],
    [
      -0.09000000357627869,
      -0.0,
      -0.014999999664723873
    ],
    [
      -0.052000001072883606,
      -0.0,
      -0.09700000286102295
    ],
    [
      -0.014000000432133675,
      0.0,
      -0.15600000321865082
    ]
  ],
  "mconf": [
    0.9812881946563721,
    0.9690661430358887,
    0.9546232223510742,
    0.9226281046867371,
    0.9936112761497498,
    0.9979773163795471,
    0.9984089732170105,
    0.9861732721328735,
    0.6574153900146484,
    0.9875995516777039,
    0.9987629055976868,
    0.9982507824897766,
    0.9909636378288269,
    0.629740834236145,
    0.9978484511375427,
    0.9988632202148438,
    0.10585347563028336,
    0.9995937347412109,
    0.9907920956611633,
    0.9996140003204346,
    0.9720978736877441,
    0.9984739422798157,
    0.999690055847168,
    0.9979116320610046,
    0.9987165331840515,
    0.9995753169059753,
    0.9998276233673096,
    0.999863862991333,
    0.9996269345283508,
    0.9751083254814148,
    0.999830424785614,
    0.2526073455810547
  ],
  "coverage_score": 0.7854752972273343,
  "pose_estimation_failed": false,
  "tracking_method": "loosely_coupled",
  "kf_translation_vector": [
    -0.014452491460135851,
    -0.014125149420739247,
    0.6924786867441508
  ],
  "kf_quaternion": [
    0.45176679722518326,
    -0.4696173060312701,
    -0.13215434522981678,
    0.7469280928159759
  ],