{
  "frame": 107,
  "object_rotation_in_cam": [
    [
      0.6091876981939696,
      -0.208002459233595,
      -0.7652616058067395
    ],
    [
      -0.5482418409894341,
      0.5867805064679361,
      -0.5959190557598812
    ],
    [
      0.5729932217379617,
      0.7825749894943035,
      0.24342381489973783
    ]
  ],
  "object_translation_in_cam": [
    -0.011784873993850597,
    -0.03811071464827669,
    0.691308865378733
  ],
  "raw_rvec": [
    0.9532868495777419,
    -0.9254597311278592,
    -0.23528990165241911
  ],
  "refined_raw_rvec": [
    0.9532868495777419,
    -0.9254597311278592,
    -0.23528990165241911
  ],
  "num_inliers": 15,
  "total_matches": 26,
  "inlier_ratio": 0.5769230769230769,
  "reprojection_errors": [
    1.4724417924880981,
    2.5862975120544434,
    2.5619707107543945,
    2.9398317337036133,
    3.4135003089904785,
    2.2209360599517822,
    1.1537830829620361,
    1.8433209657669067,
    3.419048309326172,
    2.8378257751464844,
    1.2145094871520996,
    2.159334659576416,
    1.8686290979385376,
    1.6888889074325562,
    2.986480474472046
  ],
  "mean_reprojection_error": 2.2911198139190674,
  "std_reprojection_error": 0.7203029990196228,
  "inliers": [
    0,
    3,
    7,
    8,
    10,
    11,
    13,
    14,
    15,
    16,
    17,
    18,
    20,
    21,
    25
  ],
  "mkpts0": [
    [
      745.125,
      201.375
    ],
    [
      805.125,
      212.625
    ],
    [
      793.875,
      220.125
    ],
    [
      705.125,
      223.875
    ],
    [
      835.125,
      225.125
    ],
    [
      425.125,
      242.625
    ],
    [
      413.875,
      248.875
    ],
    [
      436.375,
      260.125
    ],
    [
      478.875,
      281.375
    ],
    [
      590.125,
      283.875
    ],
    [
      522.625,
      286.375
    ],
    [
      386.375,
      288.875
    ],
    [
      350.125,
      290.125
    ],
    [
      511.375,
      292.625
    ],
    [
      597.625,
      297.625
    ],
    [
      430.125,
      311.375
    ],
    [
      575.125,
      312.625
    ],
    [
      540.125,
      313.875
    ],
    [
      518.875,
      327.625
    ],
    [
      586.375,
      330.125
    ],
    [
      602.625,
      347.625
    ],
    [
      611.375,
      352.625
    ],
    [
      636.375,
      357.625
    ],
    [
      650.125,
      376.375
    ],
    [
      595.125,
      388.875
    ],
    [
      702.625,
      391.375
    ]
  ],
  "mkpts1": [
    [
      860.125,
      72.625
    ],
    [
      953.875,
      113.875
    ],
    [
      941.375,
      125.125
    ],
    [
      793.875,
      101.375
    ],
    [
      1005.125,
      142.625
    ],
    [
      328.875,
      73.875
    ],
    [
      310.125,
      82.625
    ],
    [
      353.875,
      116.375
    ],
    [
      436.375,
      175.125
    ],
    [
      632.625,
      218.875
    ],
    [
      511.375,
      200.125
    ],
    [
      268.875,
      168.875
    ],
    [
      203.875,
      151.375
    ],
    [
      492.625,
      211.375
    ],
    [
      637.625,
      240.125
    ],
    [
      355.125,
      233.875
    ],
    [
      601.375,
      266.375
    ],
    [
      555.125,
      276.375
    ],
    [
      522.625,
      302.625
    ],
    [
      628.875,
      312.625
    ],
    [
      658.875,
      356.375
    ],
    [
      676.375,
      371.375
    ],
    [
      716.375,
      385.125
    ],
    [
      741.375,
      430.125
    ],
    [
      657.625,
      445.125
    ],
    [
      830.125,
      472.625
    ]
  ],
  "mpts3D": [
    [
      0.21699999272823334,
      -0.0,
      -0.027000000700354576
    ],
    [
      0.23000000417232513,
      0.0,
      -0.07000000029802322
    ],
    [
      0.21699999272823334,
      -0.0,
      -0.07000000029802322
    ],
    [
      0.17000000178813934,
      -0.0,
      -0.014999999664723873
    ],
    [
      0.23000000417232513,
      -0.0,
      -0.11299999803304672
    ],
    [
      -0.0,
      -0.0,
      0.15600000321865082
    ],
    [
      -0.014000000432133675,
      0.0,
      0.15600000321865082
    ],
    [
      -0.01899999938905239,
      -0.0,
      0.12800000607967377
    ],
    [
      -0.01899999938905239,
      -0.0,
      0.07400000095367432
    ],
    [
      0.02500000037252903,
      -0.014000000432133675,
      -0.010999999940395355
    ],
    [
      0.0,
      0.0,
      0.041999999433755875
    ],
    [
      -0.07400000095367432,
      -0.0,
      0.12800000607967377
    ],
    [
      -0.07999999821186066,
      -0.0,
      0.15600000321865082
    ],
    [
      -0.014000000432133675,
      0.0,
      0.041999999433755875
    ],
    [
      0.02500000037252903,
      0.0,
      -0.014999999664723873
    ],
    [
      -0.07400000095367432,
      -0.0,
      0.07400000095367432
    ],
    [
      0.0,
      -0.0,
      -0.014999999664723873
    ],
    [
      -0.03500000014901161,
      -0.017999999225139618,
      -0.009999999776482582
    ],
    [
      -0.05700000002980232,
      -0.017999999225139618,
      -0.009999999776482582
    ],
    [
      -0.014000000432133675,
      0.0,
      -0.041999999433755875
    ],
    [
      -0.023000000044703484,
      0.0,
      -0.06499999761581421
    ],
    [
      -0.023000000044703484,
      -0.0,
      -0.07500000298023224
    ],
    [
      -0.017000000923871994,
      -0.0,
      -0.09200000017881393
    ],
    [
      -0.028999999165534973,
      -0.0,
      -0.12700000405311584
    ],
    [
      -0.052000001072883606,
      -0.0,
      -0.09700000286102295
    ],
    [
      -0.014000000432133675,
      0.0,
      -0.15600000321865082
    ]
  ],
  "mconf": [
    0.9891296029090881,
    0.6724205017089844,
    0.9971404075622559,
    0.7971485257148743,
    0.5176754593849182,
    0.8983992338180542,
    0.9934596419334412,
    0.9968812465667725,
    0.9975672364234924,
    0.9735485315322876,
    0.9402059316635132,
    0.995159924030304,
    0.3383398652076721,
    0.993211030960083,
    0.9866325259208679,
    0.9993069171905518,
    0.9947577118873596,
    0.9963346719741821,
    0.9991958141326904,
    0.9992957711219788,
    0.9988705515861511,
    0.9971660375595093,
    0.999753475189209,
    0.9994843006134033,
    0.9994484782218933,
    0.15061287581920624
  ],
  "coverage_score": 0.7742903032614272,
  "pose_estimation_failed": false,
  "tracking_method": "loosely_coupled",
  "kf_translation_vector": [
    -0.003595979023001489,
    -0.04341694990064104,
    0.764616157333919
  ],
  "kf_quaternion": [
    0.4394478575859653,
    -0.42538087501010213,
    -0.11854556732256612,
    0.7822299151188966
  ],
  "kf_rotation_matrix": [
    [
      0.6099961192876215,
      -0.18840565023356065,
      -0.7696804826771373
    ],
    [
      -0.5593252064913701,
      0.5856650578625522,
      -0.5866444863648169
    ],
    [
      0.5613021003322793,
      0.7883525549897855,
      0.2518733832774901
    ]
  ],
  "position_diff": 0.07728356107857515,
  "orientation_diff": 1.1435282302960692,
  "timestamp": 1741869950.699893,
  "image_file": "webcam_000107"
}