{
  "frame": 69,
  "object_rotation_in_cam": [
    [
      0.6841434145377568,
      -0.12929930774380055,
      -0.7177948713675747
    ],
    [
      -0.48929013487493384,
      0.6484718870862172,
      -0.5831632495047245
    ],
    [
      0.5408723992391257,
      0.7501772461730725,
      0.38038289533770747
    ]
  ],
  "object_translation_in_cam": [
    0.01592504392877144,
    -0.01337035613050538,
    0.6897158309482915
  ],
  "raw_rvec": [
    0.8607444445376019,
    -0.8125387807600394,
    -0.2323938300397179
  ],
  "refined_raw_rvec": [
    0.8607444445376019,
    -0.8125387807600394,
    -0.2323938300397179
  ],
  "num_inliers": 14,
  "total_matches": 32,
  "inlier_ratio": 0.4375,
  "reprojection_errors": [
    1.85390305519104,
    1.54164457321167,
    3.5048835277557373,
    1.4912322759628296,
    3.771894931793213,
    0.8431394100189209,
    4.014883995056152,
    2.4385695457458496,
    3.0110726356506348,
    0.7685678005218506,
    2.2897326946258545,
    0.8404784202575684,
    2.6520462036132812,
    1.112560749053955
  ],
  "mean_reprojection_error": 2.1524720191955566,
  "std_reprojection_error": 1.0803228616714478,
  "inliers": [
    1,
    10,
    13,
    14,
    16,
    17,
    18,
    20,
    21,
    23,
    24,
    25,
    26,
    31
  ],
  "mkpts0": [
    [
      727.625,
      126.375
    ],
    [
      727.625,
      143.875
    ],
    [
      663.875,
      165.125
    ],
    [
      656.375,
      171.375
    ],
    [
      745.125,
      201.375
    ],
    [
      805.125,
      212.625
    ],
    [
      793.875,
      220.125
    ],
    [
      705.125,
      223.875
    ],
    [
      425.125,
      242.625
    ],
    [
      413.875,
      248.875
    ],
    [
      436.375,
      260.125
    ],
    [
      478.875,
      281.375
    ],
    [
      590.125,
      283.875
    ],
    [
      522.625,
      286.375
    ],
    [
      386.375,
      288.875
    ],
    [
      350.125,
      290.125
    ],
    [
      511.375,
      292.625
    ],
    [
      597.625,
      297.625
    ],
    [
      430.125,
      311.375
    ],
    [
      575.125,
      312.625
    ],
    [
      540.125,
      313.875
    ],
    [
      518.875,
      327.625
    ],
    [
      586.375,
      330.125
    ],
    [
      470.125,
      338.875
    ],
    [
      602.625,
      347.625
    ],
    [
      611.375,
      352.625
    ],
    [
      636.375,
      357.625
    ],
    [
      617.625,
      368.875
    ],
    [
      650.125,
      376.375
    ],
    [
      496.375,
      377.625
    ],
    [
      595.125,
      388.875
    ],
    [
      702.625,
      391.375
    ]
  ],
  "mkpts1": [
    [
      937.625,
      13.875
    ],
    [
      930.125,
      37.625
    ],
    [
      850.125,
      57.625
    ],
    [
      786.375,
      42.625
    ],
    [
      932.625,
      132.625
    ],
    [
      1030.125,
      173.875
    ],
    [
      1016.375,
      185.125
    ],
    [
      863.875,
      160.125
    ],
    [
      402.625,
      131.375
    ],
    [
      383.875,
      140.125
    ],
    [
      423.875,
      171.375
    ],
    [
      500.125,
      226.375
    ],
    [
      690.125,
      272.625
    ],
    [
      572.625,
      252.625
    ],
    [
      338.875,
      220.125
    ],
    [
      280.125,
      202.625
    ],
    [
      551.375,
      262.625
    ],
    [
      696.375,
      292.625
    ],
    [
      416.375,
      281.375
    ],
    [
      656.375,
      318.875
    ],
    [
      607.625,
      326.375
    ],
    [
      573.875,
      351.375
    ],
    [
      682.625,
      363.875
    ],
    [
      488.875,
      366.375
    ],
    [
      710.125,
      406.375
    ],
    [
      726.375,
      421.375
    ],
    [
      766.375,
      437.625
    ],
    [
      737.625,
      456.375
    ],
    [
      790.125,
      482.625
    ],
    [
      528.875,
      435.125
    ],
    [
      702.625,
      493.875
    ],
    [
      881.375,
      527.625
    ]
  ],
  "mpts3D": [
    [
      0.20600000023841858,
      -0.07000000029802322,
      -0.0020000000949949026
    ],
    [
      0.20600000023841858,
      -0.054999999701976776,
      -0.0020000000949949026
    ],
    [
      0.23000000417232513,
      -0.0,
      0.07000000029802322
    ],
    [
      0.21699999272823334,
      0.0,
      0.07000000029802322
    ],
    [
      0.21699999272823334,
      -0.0,
      -0.027000000700354576
    ],
    [
      0.23000000417232513,
      0.0,
      -0.07000000029802322
    ],
    [
      0.21699999272823334,
      -0.0,
      -0.07000000029802322
    ],
    [
      0.17000000178813934,
      -0.0,
      -0.014999999664723873
    ],
    [
      -0.0,
      -0.0,
      0.15600000321865082
    ],
    [
      -0.014000000432133675,
      0.0,
      0.15600000321865082
    ],
    [
      -0.01899999938905239,
      -0.0,
      0.12800000607967377
    ],
    [
      -0.01899999938905239,
      -0.0,
      0.07400000095367432
    ],
    [
      0.02500000037252903,
      -0.014000000432133675,
      -0.010999999940395355
    ],
    [
      0.0,
      0.0,
      0.041999999433755875
    ],
    [
      -0.07400000095367432,
      -0.0,
      0.12800000607967377
    ],
    [
      -0.07999999821186066,
      -0.0,
      0.15600000321865082
    ],
    [
      -0.014000000432133675,
      0.0,
      0.041999999433755875
    ],
    [
      0.02500000037252903,
      0.0,
      -0.014999999664723873
    ],
    [
      -0.07400000095367432,
      -0.0,
      0.07400000095367432
    ],
    [
      0.0,
      -0.0,
      -0.014999999664723873
    ],
    [
      -0.03500000014901161,
      -0.017999999225139618,
      -0.009999999776482582
    ],
    [
      -0.05700000002980232,
      -0.017999999225139618,
      -0.009999999776482582
    ],
    [
      -0.014000000432133675,
      0.0,
      -0.041999999433755875
    ],
    [
      -0.10000000149011612,
      -0.029999999329447746,
      0.0
    ],
    [
      -0.023000000044703484,
      0.0,
      -0.06499999761581421
    ],
    [
      -0.023000000044703484,
      -0.0,
      -0.07500000298023224
    ],
    [
      -0.017000000923871994,
      -0.0,
      -0.09200000017881393
    ],
    [
      -0.03700000047683716,
      -0.0,
      -0.09700000286102295
    ],
    [
      -0.028999999165534973,
      -0.0,
      -0.12700000405311584
    ],
    [
      -0.09000000357627869,
      -0.0,
      -0.014999999664723873
    ],
    [
      -0.052000001072883606,
      -0.0,
      -0.09700000286102295
    ],
    [
      -0.014000000432133675,
      0.0,
      -0.15600000321865082
    ]
  ],
  "mconf": [
    0.8788920044898987,
    0.7276152968406677,
    0.21363380551338196,
    0.22190609574317932,
    0.9755139350891113,
    0.880180299282074,
    0.9974763989448547,
    0.13470713794231415,
    0.7781163454055786,
    0.9893938302993774,
    0.9967048168182373,
    0.9743781089782715,
    0.9671795964241028,
    0.9509665369987488,
    0.9965461492538452,
    0.18303629755973816,
    0.9813575148582458,
    0.8987913131713867,
    0.9838548302650452,
    0.9593361020088196,
    0.9944697618484497,
    0.998964786529541,
    0.9978794455528259,
    0.9916186928749084,
    0.9973796606063843,
    0.9947370886802673,
    0.9992398619651794,
    0.9993506073951721,
    0.9988275766372681,
    0.7420925498008728,
    0.9991593956947327,
    0.2497854232788086
  ],
  "coverage_score": 0.7295739585136223,
  "pose_estimation_failed": false,
  "tracking_method": "loosely_coupled",
  "kf_translation_vector": [
    0.025510001081774453,
    -0.01650283882420016,
    0.7696474037913544
  ],
  "kf_quaternion": [
    0.4553405561311127,
    -0.41083875627445793,
    -0.10552092092288168,
    0.7827782760990833
  ],