{
  "frame": 45,
  "object_rotation_in_cam": [
    [
      0.6360472958224624,
      -0.1906824317699681,
      -0.7477192305212063
    ],
    [
      -0.4718398747308198,
      0.6706225900243514,
      -0.5723918887991296
    ],
    [
      0.6105824842647695,
      0.7168720610843488,
      0.3365761101827347
    ]
  ],
  "object_translation_in_cam": [
    0.005378969225354325,
    0.01199543270622819,
    0.7135877910832596
  ],
  "raw_rvec": [
    0.8464806435609804,
    -0.8918081590553516,
    -0.18459705887298794
  ],
  "refined_raw_rvec": [
    0.8464806435609804,
    -0.8918081590553516,
    -0.18459705887298794
  ],
  "num_inliers": 15,
  "total_matches": 32,
  "inlier_ratio": 0.46875,
  "reprojection_errors": [
    0.9334678053855896,
    1.0748817920684814,
    2.022651433944702,
    1.7121108770370483,
    2.6504979133605957,
    1.3356091976165771,
    3.980346441268921,
    3.750236749649048,
    1.465541958808899,
    0.553042471408844,
    1.8519037961959839,
    3.68074631690979,
    0.8103034496307373,
    1.9327359199523926,
    2.825761318206787
  ],
  "mean_reprojection_error": 2.0386557579040527,
  "std_reprojection_error": 1.0718188285827637,
  "inliers": [
    4,
    5,
    10,
    11,
    15,
    17,
    18,
    19,
    21,
    22,
    23,
    24,
    25,
    26,
    27
  ],
  "mkpts0": [
    [
      751.375,
      76.375
    ],
    [
      727.625,
      126.375
    ],
    [
      727.625,
      143.875
    ],
    [
      636.375,
      157.625
    ],
    [
      663.875,
      165.125
    ],
    [
      656.375,
      171.375
    ],
    [
      745.125,
      201.375
    ],
    [
      805.125,
      212.625
    ],
    [
      793.875,
      220.125
    ],
    [
      705.125,
      223.875
    ],
    [
      425.125,
      242.625
    ],
    [
      413.875,
      248.875
    ],
    [
      436.375,
      260.125
    ],
    [
      478.875,
      281.375
    ],
    [
      590.125,
      283.875
    ],
    [
      522.625,
      286.375
    ],
    [
      386.375,
      288.875
    ],
    [
      350.125,
      290.125
    ],
    [
      511.375,
      292.625
    ],
    [
      597.625,
      297.625
    ],
    [
      430.125,
      311.375
    ],
    [
      575.125,
      312.625
    ],
    [
      540.125,
      313.875
    ],
    [
      518.875,
      327.625
    ],
    [
      586.375,
      330.125
    ],
    [
      602.625,
      347.625
    ],
    [
      611.375,
      352.625
    ],
    [
      636.375,
      357.625
    ],
    [
      617.625,
      368.875
    ],
    [
      650.125,
      376.375
    ],
    [
      595.125,
      388.875
    ],
    [
      702.625,
      391.375
    ]
  ],
  "mkpts1": [
    [
      953.875,
      11.375
    ],
    [
      907.625,
      85.125
    ],
    [
      898.875,
      108.875
    ],
    [
      728.875,
      73.875
    ],
    [
      768.875,
      101.375
    ],
    [
      756.375,
      110.125
    ],
    [
      896.375,
      200.125
    ],
    [
      987.625,
      242.625
    ],
    [
      975.125,
      252.625
    ],
    [
      800.125,
      255.125
    ],
    [
      390.125,
      182.625
    ],
    [
      371.375,
      190.125
    ],
    [
      411.375,
      221.375
    ],
    [
      468.875,
      276.375
    ],
    [
      668.875,
      326.375
    ],
    [
      555.125,
      305.125
    ],
    [
      328.875,
      266.375
    ],
    [
      270.125,
      248.875
    ],
    [
      535.125,
      313.875
    ],
    [
      673.875,
      347.625
    ],
    [
      405.125,
      328.875
    ],
    [
      637.625,
      371.375
    ],
    [
      591.375,
      376.375
    ],
    [
      558.875,
      400.125
    ],
    [
      662.625,
      415.125
    ],
    [
      688.875,
      457.625
    ],
    [
      705.125,
      472.625
    ],
    [
      743.875,
      488.875
    ],
    [
      715.125,
      506.375
    ],
    [
      765.125,
      532.625
    ],
    [
      681.375,
      542.625
    ],
    [
      852.625,
      578.875
    ]
  ],
  "mpts3D": [
    [
      0.24300000071525574,
      -0.10400000214576721,
      0.0
    ],
    [
      0.20600000023841858,
      -0.07000000029802322,
      -0.0020000000949949026
    ],
    [
      0.20600000023841858,
      -0.054999999701976776,
      -0.0020000000949949026
    ],
    [
      0.23000000417232513,
      -0.0,
      0.11299999803304672
    ],
    [
      0.23000000417232513,
      -0.0,
      0.07000000029802322
    ],
    [
      0.21699999272823334,
      0.0,
      0.07000000029802322
    ],
    [
      0.21699999272823334,
      -0.0,
      -0.027000000700354576
    ],
    [
      0.23000000417232513,
      0.0,
      -0.07000000029802322
    ],
    [
      0.21699999272823334,
      -0.0,
      -0.07000000029802322
    ],
    [
      0.17000000178813934,
      -0.0,
      -0.014999999664723873
    ],
    [
      -0.0,
      -0.0,
      0.15600000321865082
    ],
    [
      -0.014000000432133675,
      0.0,
      0.15600000321865082
    ],
    [
      -0.01899999938905239,
      -0.0,
      0.12800000607967377
    ],
    [
      -0.01899999938905239,
      -0.0,
      0.07400000095367432
    ],
    [
      0.02500000037252903,
      -0.014000000432133675,
      -0.010999999940395355
    ],
    [
      0.0,
      0.0,
      0.041999999433755875
    ],
    [
      -0.07400000095367432,
      -0.0,
      0.12800000607967377
    ],
    [
      -0.07999999821186066,
      -0.0,
      0.15600000321865082
    ],
    [
      -0.014000000432133675,
      0.0,
      0.041999999433755875
    ],
    [
      0.02500000037252903,
      0.0,
      -0.014999999664723873
    ],
    [
      -0.07400000095367432,
      -0.0,
      0.07400000095367432
    ],
    [
      0.0,
      -0.0,
      -0.014999999664723873
    ],
    [
      -0.03500000014901161,
      -0.017999999225139618,
      -0.009999999776482582
    ],
    [
      -0.05700000002980232,
      -0.017999999225139618,
      -0.009999999776482582
    ],
    [
      -0.014000000432133675,
      0.0,
      -0.041999999433755875
    ],
    [
      -0.023000000044703484,
      0.0,
      -0.06499999761581421
    ],
    [
      -0.023000000044703484,
      -0.0,
      -0.07500000298023224
    ],
    [
      -0.017000000923871994,
      -0.0,
      -0.09200000017881393
    ],
    [
      -0.03700000047683716,
      -0.0,
      -0.09700000286102295
    ],
    [
      -0.028999999165534973,
      -0.0,
      -0.12700000405311584
    ],
    [
      -0.052000001072883606,
      -0.0,
      -0.09700000286102295
    ],
    [
      -0.014000000432133675,
      0.0,
      -0.15600000321865082
    ]
  ],
  "mconf": [
    0.7548726201057434,
    0.9956523776054382,
    0.8907630443572998,
    0.8373039960861206,
    0.889215350151062,
    0.9856560230255127,
    0.9814031720161438,
    0.4876253008842468,
    0.9884235858917236,
    0.18834398686885834,
    0.8279469609260559,
    0.9929661750793457,
    0.992530882358551,
    0.30804628133773804,
    0.9310473203659058,
    0.15755818784236908,
    0.9885997176170349,
    0.151832714676857,
    0.4393046796321869,
    0.8905197978019714,
    0.9905771613121033,
    0.9740670919418335,
    0.9899816513061523,
    0.9982284307479858,
    0.997593879699707,
    0.9923292398452759,
    0.9893544316291809,
    0.9975603222846985,
    0.9977096319198608,
    0.9971082806587219,
    0.9978913068771362,
    0.2546139657497406
  ],
  "coverage_score": 0.8647869792568114,
  "pose_estimation_failed": false,
  "tracking_method": "loosely_coupled",
  "kf_translation_vector": [
    0.016317463121016066,
    -0.03263206385401669,
    0.7210528633408564
  ],
  "kf_quaternion": [
    0.4592325425987871,
    -0.41134915978439357,
    -0.09772012316525183,
    0.7812477955754464
  ],