{
  "frame": 48,
  "object_rotation_in_cam": [
    [
      0.6772474419645749,
      -0.174567893278995,
      -0.7147460758818989
    ],
    [
      -0.45242881410322466,
      0.6672647925082038,
      -0.5916636416479665
    ],
    [
      0.5802103674716519,
      0.7240744073057112,
      0.3729238289024899
    ]
  ],
  "object_translation_in_cam": [
    0.018923256615025395,
    0.018655700152598854,
    0.7156153323922677
  ],
  "raw_rvec": [
    0.8484796900119481,
    -0.835078260835701,
    -0.1791841074709827
  ],
  "refined_raw_rvec": [
    0.8484796900119481,
    -0.835078260835701,
    -0.1791841074709827
  ],
  "num_inliers": 15,
  "total_matches": 32,
  "inlier_ratio": 0.46875,
  "reprojection_errors": [
    1.004563570022583,
    1.8812336921691895,
    1.3647480010986328,
    2.8835372924804688,
    3.128633499145508,
    2.2902820110321045,
    3.047464609146118,
    3.152512311935425,
    1.63577401638031,
    1.9511339664459229,
    3.628131628036499,
    1.488628625869751,
    0.7479062080383301,
    3.8029117584228516,
    2.4930944442749023
  ],
  "mean_reprojection_error": 2.300037145614624,
  "std_reprojection_error": 0.921271800994873,
  "inliers": [
    6,
    8,
    11,
    14,
    15,
    16,
    17,
    19,
    20,
    21,
    22,
    24,
    25,
    26,
    31
  ],
  "mkpts0": [
    [
      751.375,
      76.375
    ],
    [
      727.625,
      126.375
    ],
    [
      727.625,
      143.875
    ],
    [
      636.375,
      157.625
    ],
    [
      663.875,
      165.125
    ],
    [
      656.375,
      171.375
    ],
    [
      745.125,
      201.375
    ],
    [
      793.875,
      220.125
    ],
    [
      705.125,
      223.875
    ],
    [
      425.125,
      242.625
    ],
    [
      413.875,
      248.875
    ],
    [
      436.375,
      260.125
    ],
    [
      478.875,
      281.375
    ],
    [
      590.125,
      283.875
    ],
    [
      522.625,
      286.375
    ],
    [
      386.375,
      288.875
    ],
    [
      511.375,
      292.625
    ],
    [
      597.625,
      297.625
    ],
    [
      430.125,
      311.375
    ],
    [
      575.125,
      312.625
    ],
    [
      540.125,
      313.875
    ],
    [
      518.875,
      327.625
    ],
    [
      586.375,
      330.125
    ],
    [
      470.125,
      338.875
    ],
    [
      602.625,
      347.625
    ],
    [
      611.375,
      352.625
    ],
    [
      636.375,
      357.625
    ],
    [
      617.625,
      368.875
    ],
    [
      650.125,
      376.375
    ],
    [
      496.375,
      377.625
    ],
    [
      595.125,
      388.875
    ],
    [
      702.625,
      391.375
    ]
  ],
  "mkpts1": [
    [
      990.125,
      28.875
    ],
    [
      938.875,
      103.875
    ],
    [
      931.375,
      126.375
    ],
    [
      760.125,
      91.375
    ],
    [
      801.375,
      118.875
    ],
    [
      790.125,
      126.375
    ],
    [
      930.125,
      216.375
    ],
    [
      1010.125,
      268.875
    ],
    [
      863.875,
      240.125
    ],
    [
      418.875,
      196.375
    ],
    [
      401.375,
      203.875
    ],
    [
      438.875,
      235.125
    ],
    [
      512.625,
      291.375
    ],
    [
      695.125,
      341.375
    ],
    [
      581.375,
      318.875
    ],
    [
      356.375,
      278.875
    ],
    [
      561.375,
      327.625
    ],
    [
      701.375,
      362.625
    ],
    [
      430.125,
      341.375
    ],
    [
      662.625,
      385.125
    ],
    [
      615.125,
      390.125
    ],
    [
      582.625,
      413.875
    ],
    [
      687.625,
      430.125
    ],
    [
      498.875,
      425.125
    ],
    [
      712.625,
      472.625
    ],
    [
      728.875,
      487.625
    ],
    [
      767.625,
      503.875
    ],
    [
      740.125,
      522.625
    ],
    [
      790.125,
      548.875
    ],
    [
      535.125,
      495.125
    ],
    [
      703.875,
      556.375
    ],
    [
      877.625,
      596.375
    ]
  ],
  "mpts3D": [
    [
      0.24300000071525574,
      -0.10400000214576721,
      0.0
    ],
    [
      0.20600000023841858,
      -0.07000000029802322,
      -0.0020000000949949026
    ],
    [
      0.20600000023841858,
      -0.054999999701976776,
      -0.0020000000949949026
    ],
    [
      0.23000000417232513,
      -0.0,
      0.11299999803304672
    ],
    [
      0.23000000417232513,
      -0.0,
      0.07000000029802322
    ],
    [
      0.21699999272823334,
      0.0,
      0.07000000029802322
    ],
    [
      0.21699999272823334,
      -0.0,
      -0.027000000700354576
    ],
    [
      0.21699999272823334,
      -0.0,
      -0.07000000029802322
    ],
    [
      0.17000000178813934,
      -0.0,
      -0.014999999664723873
    ],
    [
      -0.0,
      -0.0,
      0.15600000321865082
    ],
    [
      -0.014000000432133675,
      0.0,
      0.15600000321865082
    ],
    [
      -0.01899999938905239,
      -0.0,
      0.12800000607967377
    ],
    [
      -0.01899999938905239,
      -0.0,
      0.07400000095367432
    ],
    [
      0.02500000037252903,
      -0.014000000432133675,
      -0.010999999940395355
    ],
    [
      0.0,
      0.0,
      0.041999999433755875
    ],
    [
      -0.07400000095367432,
      -0.0,
      0.12800000607967377
    ],
    [
      -0.014000000432133675,
      0.0,
      0.041999999433755875
    ],
    [
      0.02500000037252903,
      0.0,
      -0.014999999664723873
    ],
    [
      -0.07400000095367432,
      -0.0,
      0.07400000095367432
    ],
    [
      0.0,
      -0.0,
      -0.014999999664723873
    ],
    [
      -0.03500000014901161,
      -0.017999999225139618,
      -0.009999999776482582
    ],
    [
      -0.05700000002980232,
      -0.017999999225139618,
      -0.009999999776482582
    ],
    [
      -0.014000000432133675,
      0.0,
      -0.041999999433755875
    ],
    [
      -0.10000000149011612,
      -0.029999999329447746,
      0.0
    ],
    [
      -0.023000000044703484,
      0.0,
      -0.06499999761581421
    ],
    [
      -0.023000000044703484,
      -0.0,
      -0.07500000298023224
    ],
    [
      -0.017000000923871994,
      -0.0,
      -0.09200000017881393
    ],
    [
      -0.03700000047683716,
      -0.0,
      -0.09700000286102295
    ],
    [
      -0.028999999165534973,
      -0.0,
      -0.12700000405311584
    ],
    [
      -0.09000000357627869,
      -0.0,
      -0.014999999664723873
    ],
    [
      -0.052000001072883606,
      -0.0,
      -0.09700000286102295
    ],
    [
      -0.014000000432133675,
      0.0,
      -0.15600000321865082
    ]
  ],
  "mconf": [
    0.85677170753479,
    0.9898319244384766,
    0.8734085559844971,
    0.7236247062683105,
    0.7963905334472656,
    0.982306182384491,
    0.9879210591316223,
    0.5585275888442993,
    0.5994471311569214,
    0.7505924105644226,
    0.9911804795265198,
    0.9950368404388428,
    0.9708918929100037,
    0.9224402904510498,
    0.5104820728302002,
    0.9871174693107605,
    0.941705584526062,
    0.9417931437492371,
    0.9713978171348572,
    0.9145514369010925,
    0.9960147738456726,
    0.9985694885253906,
    0.9955732822418213,
    0.9935969710350037,
    0.9923723936080933,
    0.9681468605995178,
    0.9978784322738647,
    0.9974570274353027,
    0.9948567152023315,
    0.7386488914489746,
    0.9947609305381775,
    0.49770358204841614
  ],
  "coverage_score": 0.7286329568116936,
  "pose_estimation_failed": false,
  "tracking_method": "loosely_coupled",
  "kf_translation_vector": [
    0.017612746620051228,
    -0.031251554140979514,
    0.7306853256414514
  ],
  "kf_quaternion": [
    0.45907843169780893,
    -0.41095550339743114,
    -0.09806935206377097,
    0.7815017402175355
  ],