{
  "frame": 22,
  "object_rotation_in_cam": [
    [
      0.6207731484696162,
      -0.1991335813609448,
      -0.75827865255029
    ],
    [
      -0.4870902531013358,
      0.6599139241388963,
      -0.5720635437268132
    ],
    [
      0.6143157034235704,
      0.7244718279560406,
      0.31266081786056404
    ]
  ],
  "object_translation_in_cam": [
    -0.007876626109461406,
    7.882009230657777e-05,
    0.6765257767325334
  ],
  "raw_rvec": [
    0.8618339183710241,
    -0.9123919007373338,
    -0.19141076452467595
  ],
  "refined_raw_rvec": [
    0.8618339183710241,
    -0.9123919007373338,
    -0.19141076452467595
  ],
  "num_inliers": 14,
  "total_matches": 31,
  "inlier_ratio": 0.45161290322580644,
  "reprojection_errors": [
    2.48663067817688,
    2.733686685562134,
    1.7926270961761475,
    1.6909269094467163,
    1.2984436750411987,
    3.631051778793335,
    2.7855658531188965,
    2.336477518081665,
    1.4401845932006836,
    0.9518336057662964,
    3.8212053775787354,
    1.1407780647277832,
    1.547112226486206,
    2.3189167976379395
  ],
  "mean_reprojection_error": 2.1411027908325195,
  "std_reprojection_error": 0.8573901653289795,
  "inliers": [
    4,
    7,
    8,
    10,
    14,
    17,
    18,
    20,
    21,
    22,
    23,
    24,
    25,
    26
  ],
  "mkpts0": [
    [
      727.625,
      126.375
    ],
    [
      727.625,
      143.875
    ],
    [
      656.375,
      171.375
    ],
    [
      356.375,
      195.125
    ],
    [
      745.125,
      201.375
    ],
    [
      805.125,
      212.625
    ],
    [
      793.875,
      220.125
    ],
    [
      705.125,
      223.875
    ],
    [
      835.125,
      225.125
    ],
    [
      425.125,
      242.625
    ],
    [
      413.875,
      248.875
    ],
    [
      436.375,
      260.125
    ],
    [
      478.875,
      281.375
    ],
    [
      590.125,
      283.875
    ],
    [
      522.625,
      286.375
    ],
    [
      386.375,
      288.875
    ],
    [
      350.125,
      290.125
    ],
    [
      511.375,
      292.625
    ],
    [
      597.625,
      297.625
    ],
    [
      430.125,
      311.375
    ],
    [
      575.125,
      312.625
    ],
    [
      540.125,
      313.875
    ],
    [
      518.875,
      327.625
    ],
    [
      586.375,
      330.125
    ],
    [
      602.625,
      347.625
    ],
    [
      611.375,
      352.625
    ],
    [
      636.375,
      357.625
    ],
    [
      617.625,
      368.875
    ],
    [
      650.125,
      376.375
    ],
    [
      595.125,
      388.875
    ],
    [
      702.625,
      391.375
    ]
  ],
  "mkpts1": [
    [
      886.375,
      45.125
    ],
    [
      877.625,
      68.875
    ],
    [
      728.875,
      71.375
    ],
    [
      222.625,
      30.125
    ],
    [
      875.125,
      165.125
    ],
    [
      971.375,
      208.875
    ],
    [
      956.375,
      217.625
    ],
    [
      807.625,
      191.375
    ],
    [
      1021.375,
      237.625
    ],
    [
      343.875,
      151.375
    ],
    [
      325.125,
      160.125
    ],
    [
      367.625,
      192.625
    ],
    [
      430.125,
      251.375
    ],
    [
      642.625,
      301.375
    ],
    [
      521.375,
      278.875
    ],
    [
      281.375,
      241.375
    ],
    [
      217.625,
      223.875
    ],
    [
      502.625,
      288.875
    ],
    [
      647.625,
      322.625
    ],
    [
      363.875,
      307.625
    ],
    [
      610.125,
      347.625
    ],
    [
      562.625,
      355.125
    ],
    [
      530.125,
      380.125
    ],
    [
      637.625,
      393.875
    ],
    [
      666.375,
      437.625
    ],
    [
      682.625,
      452.625
    ],
    [
      723.875,
      470.125
    ],
    [
      695.125,
      488.875
    ],
    [
      748.875,
      516.375
    ],
    [
      660.125,
      527.625
    ],
    [
      838.875,
      561.375
    ]
  ],
  "mpts3D": [
    [
      0.20600000023841858,
      -0.07000000029802322,
      -0.0020000000949949026
    ],
    [
      0.20600000023841858,
      -0.054999999701976776,
      -0.0020000000949949026
    ],
    [
      0.21699999272823334,
      0.0,
      0.07000000029802322
    ],
    [
      -0.0,
      -0.02500000037252903,
      0.23999999463558197
    ],
    [
      0.21699999272823334,
      -0.0,
      -0.027000000700354576
    ],
    [
      0.23000000417232513,
      0.0,
      -0.07000000029802322
    ],
    [
      0.21699999272823334,
      -0.0,
      -0.07000000029802322
    ],
    [
      0.17000000178813934,
      -0.0,
      -0.014999999664723873
    ],
    [
      0.23000000417232513,
      -0.0,
      -0.11299999803304672
    ],
    [
      -0.0,
      -0.0,
      0.15600000321865082
    ],
    [
      -0.014000000432133675,
      0.0,
      0.15600000321865082
    ],
    [
      -0.01899999938905239,
      -0.0,
      0.12800000607967377
    ],
    [
      -0.01899999938905239,
      -0.0,
      0.07400000095367432
    ],
    [
      0.02500000037252903,
      -0.014000000432133675,
      -0.010999999940395355
    ],
    [
      0.0,
      0.0,
      0.041999999433755875
    ],
    [
      -0.07400000095367432,
      -0.0,
      0.12800000607967377
    ],
    [
      -0.07999999821186066,
      -0.0,
      0.15600000321865082
    ],
    [
      -0.014000000432133675,
      0.0,
      0.041999999433755875
    ],
    [
      0.02500000037252903,
      0.0,
      -0.014999999664723873
    ],
    [
      -0.07400000095367432,
      -0.0,
      0.07400000095367432
    ],
    [
      0.0,
      -0.0,
      -0.014999999664723873
    ],
    [
      -0.03500000014901161,
      -0.017999999225139618,
      -0.009999999776482582
    ],
    [
      -0.05700000002980232,
      -0.017999999225139618,
      -0.009999999776482582
    ],
    [
      -0.014000000432133675,
      0.0,
      -0.041999999433755875
    ],
    [
      -0.023000000044703484,
      0.0,
      -0.06499999761581421
    ],
    [
      -0.023000000044703484,
      -0.0,
      -0.07500000298023224
    ],
    [
      -0.017000000923871994,
      -0.0,
      -0.09200000017881393
    ],
    [
      -0.03700000047683716,
      -0.0,
      -0.09700000286102295
    ],
    [
      -0.028999999165534973,
      -0.0,
      -0.12700000405311584
    ],
    [
      -0.052000001072883606,
      -0.0,
      -0.09700000286102295
    ],
    [
      -0.014000000432133675,
      0.0,
      -0.15600000321865082
    ]
  ],
  "mconf": [
    0.8845037817955017,
    0.6612472534179688,
    0.3003421425819397,
    0.3767078220844269,
    0.9896957278251648,
    0.8702888488769531,
    0.9974552392959595,
    0.2971121668815613,
    0.5550794005393982,
    0.857170581817627,
    0.9890152812004089,
    0.995500922203064,
    0.32797926664352417,
    0.8283525705337524,
    0.4416827857494354,
    0.9886052012443542,
    0.31209856271743774,
    0.6418200135231018,
    0.869201123714447,
    0.9925376176834106,
    0.912063479423523,
    0.9891946911811829,
    0.9978534579277039,
    0.9969169497489929,
    0.9968670606613159,
    0.9955483078956604,
    0.9991638660430908,
    0.9993220567703247,
    0.9986257553100586,
    0.9988505244255066,
    0.5075857043266296
  ],
  "coverage_score": 0.7295739585136225,
  "pose_estimation_failed": false,
  "tracking_method": "loosely_coupled",
  "kf_translation_vector": [
    0.006894496868791046,
    -0.03334768742294915,
    0.6418087437036669
  ],
  "kf_quaternion": [
    0.45965445067280525,
    -0.4130659236138025,
    -0.09795071555221399,
    0.7800640909877644
  ],
  "kf_rotation_matrix": [
    [
      0.639564400143771,
      -0.22691950864303687,
      -0.7344827531439666
    ],
    [
      -0.5325508521983924,
      0.5582468865989818,
      -0.6361996568887078
    ],
    [
      0.5543888237433221,
      0.7980400680415403,
      0.23618865745151585
    ]
  ],
  "position_diff": 0.050417132067808075,
  "orientation_diff": 7.371241991699339,
  "timestamp": 1741869939.2880661,