{
  "frame": 179,
  "object_rotation_in_cam": [
    [
      0.6119537631495249,
      -0.17511289152856296,
      -0.7712639411949977
    ],
    [
      -0.5477809932276465,
      0.6095651421187107,
      -0.5730325653680853
    ],
    [
      0.5704810033872014,
      0.773153162532691,
      0.2771021689558386
    ]
  ],
  "object_translation_in_cam": [
    0.03181709510624863,
    -0.018092745848122826,
    0.7011984618375087
  ],
  "raw_rvec": [
    0.9166379008877175,
    -0.9136141054224473,
    -0.25375525782905706
  ],
  "refined_raw_rvec": [
    0.9166379008877175,
    -0.9136141054224473,
    -0.25375525782905706
  ],
  "num_inliers": 13,
  "total_matches": 25,
  "inlier_ratio": 0.52,
  "reprojection_errors": [
    1.6246929168701172,
    1.5941369533538818,
    2.545515298843384,
    3.389838933944702,
    2.712456703186035,
    2.8729209899902344,
    0.389029860496521,
    1.1858808994293213,
    3.6586620807647705,
    3.0578482151031494,
    1.4145575761795044,
    1.2684404850006104,
    0.9471274614334106
  ],
  "mean_reprojection_error": 2.0508546829223633,
  "std_reprojection_error": 0.9955850839614868,
  "inliers": [
    2,
    5,
    8,
    9,
    10,
    11,
    12,
    13,
    14,
    15,
    16,
    17,
    18
  ],
  "mkpts0": [
    [
      727.625,
      143.875
    ],
    [
      656.375,
      171.375
    ],
    [
      745.125,
      201.375
    ],
    [
      805.125,
      212.625
    ],
    [
      793.875,
      220.125
    ],
    [
      705.125,
      223.875
    ],
    [
      425.125,
      242.625
    ],
    [
      413.875,
      248.875
    ],
    [
      436.375,
      260.125
    ],
    [
      478.875,
      281.375
    ],
    [
      590.125,
      283.875
    ],
    [
      522.625,
      286.375
    ],
    [
      386.375,
      288.875
    ],
    [
      511.375,
      292.625
    ],
    [
      597.625,
      297.625
    ],
    [
      430.125,
      311.375
    ],
    [
      575.125,
      312.625
    ],
    [
      540.125,
      313.875
    ],
    [
      518.875,
      327.625
    ],
    [
      586.375,
      330.125
    ],
    [
      602.625,
      347.625
    ],
    [
      611.375,
      352.625
    ],
    [
      617.625,
      368.875
    ],
    [
      650.125,
      376.375
    ],
    [
      595.125,
      388.875
    ]
  ],
  "mkpts1": [
    [
      937.625,
      13.875
    ],
    [
      785.125,
      25.125
    ],
    [
      938.875,
      108.875
    ],
    [
      1037.625,
      147.625
    ],
    [
      1025.125,
      157.625
    ],
    [
      873.875,
      140.125
    ],
    [
      417.625,
      128.875
    ],
    [
      400.125,
      137.625
    ],
    [
      445.125,
      167.625
    ],
    [
      530.125,
      222.625
    ],
    [
      723.875,
      260.125
    ],
    [
      602.625,
      245.125
    ],
    [
      366.375,
      221.375
    ],
    [
      585.125,
      256.375
    ],
    [
      728.875,
      281.375
    ],
    [
      452.625,
      282.625
    ],
    [
      695.125,
      310.125
    ],
    [
      652.625,
      318.875
    ],
    [
      621.375,
      346.375
    ],
    [
      726.375,
      353.875
    ],
    [
      758.875,
      396.375
    ],
    [
      776.375,
      410.125
    ],
    [
      792.625,
      445.125
    ],
    [
      846.375,
      468.875
    ],
    [
      761.375,
      483.875
    ]
  ],
  "mpts3D": [
    [
      0.20600000023841858,
      -0.054999999701976776,
      -0.0020000000949949026
    ],
    [
      0.21699999272823334,
      0.0,
      0.07000000029802322
    ],
    [
      0.21699999272823334,
      -0.0,
      -0.027000000700354576
    ],
    [
      0.23000000417232513,
      0.0,
      -0.07000000029802322
    ],
    [
      0.21699999272823334,
      -0.0,
      -0.07000000029802322
    ],
    [
      0.17000000178813934,
      -0.0,
      -0.014999999664723873
    ],
    [
      -0.0,
      -0.0,
      0.15600000321865082
    ],
    [
      -0.014000000432133675,
      0.0,
      0.15600000321865082
    ],
    [
      -0.01899999938905239,
      -0.0,
      0.12800000607967377
    ],
    [
      -0.01899999938905239,
      -0.0,
      0.07400000095367432
    ],
    [
      0.02500000037252903,
      -0.014000000432133675,
      -0.010999999940395355
    ],
    [
      0.0,
      0.0,
      0.041999999433755875
    ],
    [
      -0.07400000095367432,
      -0.0,
      0.12800000607967377
    ],
    [
      -0.014000000432133675,
      0.0,
      0.041999999433755875
    ],
    [
      0.02500000037252903,
      0.0,
      -0.014999999664723873
    ],
    [
      -0.07400000095367432,
      -0.0,
      0.07400000095367432
    ],
    [
      0.0,
      -0.0,
      -0.014999999664723873
    ],
    [
      -0.03500000014901161,
      -0.017999999225139618,
      -0.009999999776482582
    ],
    [
      -0.05700000002980232,
      -0.017999999225139618,
      -0.009999999776482582
    ],
    [
      -0.014000000432133675,
      0.0,
      -0.041999999433755875
    ],
    [
      -0.023000000044703484,
      0.0,
      -0.06499999761581421
    ],
    [
      -0.023000000044703484,
      -0.0,
      -0.07500000298023224
    ],
    [
      -0.03700000047683716,
      -0.0,
      -0.09700000286102295
    ],
    [
      -0.028999999165534973,
      -0.0,
      -0.12700000405311584
    ],
    [
      -0.052000001072883606,
      -0.0,
      -0.09700000286102295
    ]
  ],
  "mconf": [
    0.701313853263855,
    0.43917930126190186,
    0.977828323841095,
    0.5171706676483154,
    0.9769273996353149,
    0.667572021484375,
    0.949734091758728,
    0.9945675730705261,
    0.9981284141540527,
    0.9924206733703613,
    0.8332133293151855,
    0.3831555247306824,
    0.9940083622932434,
    0.7008400559425354,
    0.9514749646186829,
    0.9962868690490723,
    0.9943588376045227,
    0.993553876876831,
    0.9988692998886108,
    0.9979562759399414,
    0.9712944626808167,
    0.9813833832740784,
    0.9964313507080078,
    0.9960833191871643,
    0.9971452951431274
  ],
  "coverage_score": 0.7474594241169754,
  "pose_estimation_failed": false,
  "tracking_method": "loosely_coupled",
  "kf_translation_vector": [
    0.01779467410466234,
    -0.027410995248620777,
    0.7895154804885471
  ],
  "kf_quaternion": [
    0.4021396514909725,
    -0.44183697574282305,
    -0.15459556563536792,
    0.7868697469410268
  ],
  "kf_rotation_matrix": [
    [
      0.5617605959046333,
      -0.11206718766267457,
      -0.8196743123572008
    ],
    [
      -0.598653482101502,
      0.6287678235691996,
      -0.49625097724014444
    ],
    [
      0.5709982848105744,
      0.7694751259744728,
      0.2861275751303103
    ]
  ],
  "position_diff": 0.09396045066210154,
  "orientation_diff": 5.3248979604934785,
  "timestamp": 1741869960.507458,
  "image_file": "webcam_000179"
}