{
  "frame": 1,
  "object_rotation_in_cam": [
    [
      0.6372199446951171,
      -0.22399204634734482,
      -0.7374132526988384
    ],
    [
      -0.5313222654022928,
      0.5654122282126157,
      -0.6308768996210121
    ],
    [
      0.5582538780613417,
      0.7938114230475484,
      0.24127998729421937
    ]
  ],
  "object_translation_in_cam": [
    -0.0013232716178433097,
    -0.030486852724155713,
    0.5889588281571851
  ],
  "raw_rvec": [
    0.984056272825151,
    -0.894939157730809,
    -0.21227816995318113
  ],
  "refined_raw_rvec": [
    0.984056272825151,
    -0.894939157730809,
    -0.21227816995318113
  ],
  "num_inliers": 12,
  "total_matches": 23,
  "inlier_ratio": 0.5217391304347826,
  "reprojection_errors": [
    1.5154304504394531,
    0.8621136546134949,
    3.503681182861328,
    2.6462693214416504,
    2.487062454223633,
    3.0082993507385254,
    4.070925235748291,
    2.7468714714050293,
    1.2691859006881714,
    2.7059102058410645,
    2.0805177688598633,
    2.488391160964966
  ],
  "mean_reprojection_error": 2.4487216472625732,
  "std_reprojection_error": 0.8741641640663147,
  "inliers": [
    0,
    5,
    8,
    9,
    11,
    12,
    13,
    14,
    15,
    16,
    18,
    19
  ],
  "mkpts0": [
    [
      745.125,
      201.375
    ],
    [
      793.875,
      220.125
    ],
    [
      705.125,
      223.875
    ],
    [
      425.125,
      242.625
    ],
    [
      413.875,
      248.875
    ],
    [
      436.375,
      260.125
    ],
    [
      478.875,
      281.375
    ],
    [
      590.125,
      283.875
    ],
    [
      522.625,
      286.375
    ],
    [
      386.375,
      288.875
    ],
    [
      350.125,
      290.125
    ],
    [
      511.375,
      292.625
    ],
    [
      597.625,
      297.625
    ],
    [
      430.125,
      311.375
    ],
    [
      575.125,
      312.625
    ],
    [
      540.125,
      313.875
    ],
    [
      518.875,
      327.625
    ],
    [
      586.375,
      330.125
    ],
    [
      602.625,
      347.625
    ],
    [
      611.375,
      352.625
    ],
    [
      617.625,
      368.875
    ],
    [
      595.125,
      388.875
    ],
    [
      702.625,
      391.375
    ]
  ],
  "mkpts1": [
    [
      933.875,
      56.375
    ],
    [
      1028.875,
      121.375
    ],
    [
      823.875,
      121.375
    ],
    [
      316.375,
      33.875
    ],
    [
      293.875,
      43.875
    ],
    [
      342.625,
      85.125
    ],
    [
      437.625,
      158.875
    ],
    [
      671.375,
      197.625
    ],
    [
      523.875,
      192.625
    ],
    [
      237.625,
      143.875
    ],
    [
      163.875,
      120.125
    ],
    [
      501.375,
      203.875
    ],
    [
      670.125,
      246.375
    ],
    [
      336.375,
      226.375
    ],
    [
      626.375,
      276.375
    ],
    [
      571.375,
      287.625
    ],
    [
      531.375,
      318.875
    ],
    [
      657.625,
      332.625
    ],
    [
      690.125,
      387.625
    ],
    [
      710.125,
      405.125
    ],
    [
      725.125,
      448.875
    ],
    [
      683.875,
      496.375
    ],
    [
      891.375,
      536.375
    ]
  ],
  "mpts3D": [
    [
      0.21699999272823334,
      -0.0,
      -0.027000000700354576
    ],
    [
      0.21699999272823334,
      -0.0,
      -0.07000000029802322
    ],
    [
      0.17000000178813934,
      -0.0,
      -0.014999999664723873
    ],
    [
      -0.0,
      -0.0,
      0.15600000321865082
    ],
    [
      -0.014000000432133675,
      0.0,
      0.15600000321865082
    ],
    [
      -0.01899999938905239,
      -0.0,
      0.12800000607967377
    ],
    [
      -0.01899999938905239,
      -0.0,
      0.07400000095367432
    ],
    [
      0.02500000037252903,
      -0.014000000432133675,
      -0.010999999940395355
    ],
    [
      0.0,
      0.0,
      0.041999999433755875
    ],
    [
      -0.07400000095367432,
      -0.0,
      0.12800000607967377
    ],
    [
      -0.07999999821186066,
      -0.0,
      0.15600000321865082
    ],
    [
      -0.014000000432133675,
      0.0,
      0.041999999433755875
    ],
    [
      0.02500000037252903,
      0.0,
      -0.014999999664723873
    ],
    [
      -0.07400000095367432,
      -0.0,
      0.07400000095367432
    ],
    [
      0.0,
      -0.0,
      -0.014999999664723873
    ],
    [
      -0.03500000014901161,
      -0.017999999225139618,
      -0.009999999776482582
    ],
    [
      -0.05700000002980232,
      -0.017999999225139618,
      -0.009999999776482582
    ],
    [
      -0.014000000432133675,
      0.0,
      -0.041999999433755875
    ],
    [
      -0.023000000044703484,
      0.0,
      -0.06499999761581421
    ],
    [
      -0.023000000044703484,
      -0.0,
      -0.07500000298023224
    ],
    [
      -0.03700000047683716,
      -0.0,
      -0.09700000286102295
    ],
    [
      -0.052000001072883606,
      -0.0,
      -0.09700000286102295
    ],
    [
      -0.014000000432133675,
      0.0,
      -0.15600000321865082
    ]
  ],
  "mconf": [
    0.9581908583641052,
    0.7652319669723511,
    0.6460911631584167,
    0.7064191699028015,
    0.9921671748161316,
    0.9954431056976318,
    0.9969872832298279,
    0.1959204077720642,
    0.8240251541137695,
    0.9903655052185059,
    0.10174190998077393,
    0.9934757351875305,
    0.9852957129478455,
    0.9969741106033325,
    0.9474626779556274,
    0.9461116790771484,
    0.9946774244308472,
    0.9988868832588196,
    0.9965440034866333,
    0.9888518452644348,
    0.9988153576850891,
    0.9968728423118591,
    0.6256823539733887
  ],
  "coverage_score": 0.7609640474436813,
  "pose_estimation_failed": false,
  "tracking_method": "pnp",
  "timestamp": 1741869936.471958,
  "image_file": "webcam_000001"
}