{
  "frame": 44,
  "object_rotation_in_cam": [
    [
      0.47591225550483757,
      -0.19286380310139065,
      -0.8580857058089046
    ],
    [
      -0.49988944292154514,
      0.7434192150447951,
      -0.44434042755275815
    ],
    [
      0.7236145865831378,
      0.6404150405443713,
      0.2573917363255196
    ]
  ],
  "object_translation_in_cam": [
    0.005260515412373305,
    -0.05755981157168821,
    0.7309333178457988
  ],
  "raw_rvec": [
    0.742837499752083,
    -1.083143920554488,
    -0.21025029635837303
  ],
  "refined_raw_rvec": [
    0.742837499752083,
    -1.083143920554488,
    -0.21025029635837303
  ],
  "num_inliers": 11,
  "total_matches": 19,
  "inlier_ratio": 0.5789473684210527,
  "reprojection_errors": [
    0.8374736905097961,
    3.220871925354004,
    2.5702264308929443,
    0.46363115310668945,
    2.0530240535736084,
    1.5863929986953735,
    1.3456754684448242,
    1.59248685836792,
    1.0810383558273315,
    2.9786834716796875,
    2.4054791927337646
  ],
  "mean_reprojection_error": 1.8304530382156372,
  "std_reprojection_error": 0.8499300479888916,
  "inliers": [
    0,
    3,
    4,
    6,
    7,
    8,
    9,
    13,
    14,
    15,
    18
  ],
  "mkpts0": [
    [
      705.125,
      223.875
    ],
    [
      425.125,
      242.625
    ],
    [
      413.875,
      248.875
    ],
    [
      436.375,
      260.125
    ],
    [
      478.875,
      281.375
    ],
    [
      590.125,
      283.875
    ],
    [
      386.375,
      288.875
    ],
    [
      511.375,
      292.625
    ],
    [
      597.625,
      297.625
    ],
    [
      430.125,
      311.375
    ],
    [
      540.125,
      313.875
    ],
    [
      518.875,
      327.625
    ],
    [
      586.375,
      330.125
    ],
    [
      602.625,
      347.625
    ],
    [
      611.375,
      352.625
    ],
    [
      636.375,
      357.625
    ],
    [
      715.125,
      383.875
    ],
    [
      595.125,
      388.875
    ],
    [
      702.625,
      391.375
    ]
  ],
  "mkpts1": [
    [
      773.875,
      95.125
    ],
    [
      347.625,
      93.875
    ],
    [
      333.875,
      101.375
    ],
    [
      382.625,
      126.375
    ],
    [
      470.125,
      165.125
    ],
    [
      660.125,
      185.125
    ],
    [
      313.875,
      168.875
    ],
    [
      527.625,
      190.125
    ],
    [
      665.125,
      205.125
    ],
    [
      406.375,
      215.125
    ],
    [
      606.375,
      231.375
    ],
    [
      581.375,
      252.625
    ],
    [
      672.625,
      261.375
    ],
    [
      708.875,
      291.375
    ],
    [
      728.875,
      302.625
    ],
    [
      767.625,
      311.375
    ],
    [
      895.125,
      357.625
    ],
    [
      725.125,
      360.125
    ],
    [
      886.375,
      370.125
    ]
  ],
  "mpts3D": [
    [
      0.17000000178813934,
      -0.0,
      -0.014999999664723873
    ],
    [
      -0.0,
      -0.0,
      0.15600000321865082
    ],
    [
      -0.014000000432133675,
      0.0,
      0.15600000321865082
    ],
    [
      -0.01899999938905239,
      -0.0,
      0.12800000607967377
    ],
    [
      -0.01899999938905239,
      -0.0,
      0.07400000095367432
    ],
    [
      0.02500000037252903,
      -0.014000000432133675,
      -0.010999999940395355
    ],
    [
      -0.07400000095367432,
      -0.0,
      0.12800000607967377
    ],
    [
      -0.014000000432133675,
      0.0,
      0.041999999433755875
    ],
    [
      0.02500000037252903,
      0.0,
      -0.014999999664723873
    ],
    [
      -0.07400000095367432,
      -0.0,
      0.07400000095367432
    ],
    [
      -0.03500000014901161,
      -0.017999999225139618,
      -0.009999999776482582
    ],
    [
      -0.05700000002980232,
      -0.017999999225139618,
      -0.009999999776482582
    ],
    [
      -0.014000000432133675,
      0.0,
      -0.041999999433755875
    ],
    [
      -0.023000000044703484,
      0.0,
      -0.06499999761581421
    ],
    [
      -0.023000000044703484,
      -0.0,
      -0.07500000298023224
    ],
    [
      -0.017000000923871994,
      -0.0,
      -0.09200000017881393
    ],
    [
      0.0,
      0.0,
      -0.15600000321865082
    ],
    [
      -0.052000001072883606,
      -0.0,
      -0.09700000286102295
    ],
    [
      -0.014000000432133675,
      0.0,
      -0.15600000321865082
    ]
  ],
  "mconf": [
    0.7254590392112732,
    0.93442702293396,
    0.9981963634490967,
    0.9948295950889587,
    0.9994573593139648,
    0.8014154434204102,
    0.9941677451133728,
    0.9900287389755249,
    0.9816118478775024,
    0.9995271563529968,
    0.9923168420791626,
    0.9977656602859497,
    0.9990666508674622,
    0.9974156022071838,
    0.9996450543403625,
    0.9999392032623291,
    0.9963394999504089,
    0.9994276762008667,
    0.9995208382606506
  ],
  "coverage_score": 0.7474594241169754,
  "pose_estimation_failed": false,
  "tracking_method": "loosely_coupled",
  "kf_translation_vector": [
    -0.015401828736767938,
    -0.04831896538553725,
    0.7268161158712868
  ],
  "kf_quaternion": [
    0.4584100782595096,
    -0.4713506028591569,
    -0.11323755497943791,
    0.7448933248973967
  ],
  "kf_rotation_matrix": [
    [
      0.5300117306531762,
      -0.2634439358248958,
      -0.8060303083923788
    ],
    [
      -0.6008435311524368,
      0.5540749125847781,
      -0.5761840351106939
    ],
    [
      0.5983933626322202,
      0.7896823943341138,
      0.13537761866883924
    ]
  ],
  "position_diff": 0.024118623990218146,
  "orientation_diff": 14.44488058830437,
  "timestamp": 1741869612.9747899,
  "image_file": "webcam_000044"
}