{
  "frame": 158,
  "object_rotation_in_cam": [
    [
      0.6285943704281403,
      -0.1659576952772013,
      -0.7598204793530702
    ],
    [
      -0.5372287079609623,
      0.6137736608971169,
      -0.5785042856639402
    ],
    [
      0.5623650351939075,
      0.7718419116420345,
      0.29665742974704823
    ]
  ],
  "object_translation_in_cam": [
    0.027114742681810206,
    -0.03689823936413233,
    0.6977793202336672
  ],
  "raw_rvec": [
    0.9099858232364284,
    -0.8910085993700814,
    -0.250196104373004
  ],
  "refined_raw_rvec": [
    0.9099858232364284,
    -0.8910085993700814,
    -0.250196104373004
  ],
  "num_inliers": 15,
  "total_matches": 25,
  "inlier_ratio": 0.6,
  "reprojection_errors": [
    0.6687012910842896,
    0.24008215963840485,
    0.3725883364677429,
    3.1523172855377197,
    3.5927326679229736,
    0.9010151028633118,
    1.5064548254013062,
    2.401914358139038,
    2.319674015045166,
    2.153174877166748,
    2.9870593547821045,
    3.585020065307617,
    2.1921181678771973,
    0.6466064453125,
    3.108726739883423
  ],
  "mean_reprojection_error": 1.9885456562042236,
  "std_reprojection_error": 1.1461173295974731,
  "inliers": [
    0,
    3,
    7,
    8,
    10,
    11,
    12,
    13,
    14,
    15,
    16,
    17,
    19,
    20,
    21
  ],
  "mkpts0": [
    [
      745.125,
      201.375
    ],
    [
      805.125,
      212.625
    ],
    [
      793.875,
      220.125
    ],
    [
      705.125,
      223.875
    ],
    [
      835.125,
      225.125
    ],
    [
      425.125,
      242.625
    ],
    [
      413.875,
      248.875
    ],
    [
      436.375,
      260.125
    ],
    [
      478.875,
      281.375
    ],
    [
      590.125,
      283.875
    ],
    [
      522.625,
      286.375
    ],
    [
      386.375,
      288.875
    ],
    [
      511.375,
      292.625
    ],
    [
      597.625,
      297.625
    ],
    [
      430.125,
      311.375
    ],
    [
      575.125,
      312.625
    ],
    [
      540.125,
      313.875
    ],
    [
      518.875,
      327.625
    ],
    [
      586.375,
      330.125
    ],
    [
      602.625,
      347.625
    ],
    [
      611.375,
      352.625
    ],
    [
      636.375,
      357.625
    ],
    [
      617.625,
      368.875
    ],
    [
      650.125,
      376.375
    ],
    [
      595.125,
      388.875
    ]
  ],
  "mkpts1": [
    [
      938.875,
      77.625
    ],
    [
      1036.375,
      117.625
    ],
    [
      1023.875,
      128.875
    ],
    [
      873.875,
      107.625
    ],
    [
      1088.875,
      146.375
    ],
    [
      412.625,
      85.125
    ],
    [
      395.125,
      93.875
    ],
    [
      437.625,
      125.125
    ],
    [
      521.375,
      182.625
    ],
    [
      713.875,
      223.875
    ],
    [
      593.875,
      206.375
    ],
    [
      357.625,
      177.625
    ],
    [
      575.125,
      216.375
    ],
    [
      718.875,
      243.875
    ],
    [
      441.375,
      240.125
    ],
    [
      683.875,
      270.125
    ],
    [
      638.875,
      280.125
    ],
    [
      606.375,
      305.125
    ],
    [
      711.375,
      313.875
    ],
    [
      741.375,
      355.125
    ],
    [
      758.875,
      370.125
    ],
    [
      797.625,
      382.625
    ],
    [
      772.625,
      403.875
    ],
    [
      825.125,
      426.375
    ],
    [
      738.875,
      440.125
    ]
  ],
  "mpts3D": [
    [
      0.21699999272823334,
      -0.0,
      -0.027000000700354576
    ],
    [
      0.23000000417232513,
      0.0,
      -0.07000000029802322
    ],
    [
      0.21699999272823334,
      -0.0,
      -0.07000000029802322
    ],
    [
      0.17000000178813934,
      -0.0,
      -0.014999999664723873
    ],
    [
      0.23000000417232513,
      -0.0,
      -0.11299999803304672
    ],
    [
      -0.0,
      -0.0,
      0.15600000321865082
    ],
    [
      -0.014000000432133675,
      0.0,
      0.15600000321865082
    ],
    [
      -0.01899999938905239,
      -0.0,
      0.12800000607967377
    ],
    [
      -0.01899999938905239,
      -0.0,
      0.07400000095367432
    ],
    [
      0.02500000037252903,
      -0.014000000432133675,
      -0.010999999940395355
    ],
    [
      0.0,
      0.0,
      0.041999999433755875
    ],
    [
      -0.07400000095367432,
      -0.0,
      0.12800000607967377
    ],
    [
      -0.014000000432133675,
      0.0,
      0.041999999433755875
    ],
    [
      0.02500000037252903,
      0.0,
      -0.014999999664723873
    ],
    [
      -0.07400000095367432,
      -0.0,
      0.07400000095367432
    ],
    [
      0.0,
      -0.0,
      -0.014999999664723873
    ],
    [
      -0.03500000014901161,
      -0.017999999225139618,
      -0.009999999776482582
    ],
    [
      -0.05700000002980232,
      -0.017999999225139618,
      -0.009999999776482582
    ],
    [
      -0.014000000432133675,
      0.0,
      -0.041999999433755875
    ],
    [
      -0.023000000044703484,
      0.0,
      -0.06499999761581421
    ],
    [
      -0.023000000044703484,
      -0.0,
      -0.07500000298023224
    ],
    [
      -0.017000000923871994,
      -0.0,
      -0.09200000017881393
    ],
    [
      -0.03700000047683716,
      -0.0,
      -0.09700000286102295
    ],
    [
      -0.028999999165534973,
      -0.0,
      -0.12700000405311584
    ],
    [
      -0.052000001072883606,
      -0.0,
      -0.09700000286102295
    ]
  ],
  "mconf": [
    0.9937121868133545,
    0.7463683485984802,
    0.9739699959754944,
    0.9315847754478455,
    0.27937620878219604,
    0.9477837085723877,
    0.9936385154724121,
    0.9970847368240356,
    0.9949221611022949,
    0.9436215162277222,
    0.5717778205871582,
    0.990842878818512,
    0.9648346900939941,
    0.9504570960998535,
    0.9982505440711975,
    0.9820818305015564,
    0.9934768676757812,
    0.9985617995262146,
    0.998531699180603,
    0.9976924061775208,
    0.9959964752197266,
    0.9998075366020203,
    0.9997033476829529,
    0.9994127154350281,
    0.9997660517692566
  ],
  "coverage_score": 0.7742903032614272,
  "pose_estimation_failed": false,
  "tracking_method": "loosely_coupled",
  "kf_translation_vector": [
    0.021887871519867024,
    -0.03822004646321335,
    0.8130026937910728
  ],
  "kf_quaternion": [
    0.4125041550626182,
    -0.4361498205968724,
    -0.14078950639865875,
    0.7872686777316964
  ],
  "kf_rotation_matrix": [
    [
      0.5799032977626761,
      -0.13814888937011016,
      -0.8028866978657563
    ],
    [
      -0.5815055635339913,
      0.6200372738881949,
      -0.5266925655145618
    ],
    [
      0.570581672351109,
      0.7723138373453506,
      0.27922731209878293
    ]
  ],
  "position_diff": 0.11962195115895083,
  "orientation_diff": 3.963148802749735,
  "timestamp": 1741869957.5500119,
  "image_file": "webcam_000158"
}