{
  "frame": 199,
  "object_rotation_in_cam": [
    [
      0.5580634136936976,
      -0.10660609607987837,
      -0.8229218471854691
    ],
    [
      -0.4831502923447655,
      0.7645274371971231,
      -0.42668910553231415
    ],
    [
      0.6746339906228447,
      0.6357145098638275,
      0.3751480249779932
    ]
  ],
  "object_translation_in_cam": [
    -0.05118091746090303,
    -0.009396543614013495,
    0.7004715906519074
  ],
  "raw_rvec": [
    0.6883569402471098,
    -0.9703025662036652,
    -0.24397207149192296
  ],
  "refined_raw_rvec": [
    0.6883569402471098,
    -0.9703025662036652,
    -0.24397207149192296
  ],
  "num_inliers": 15,
  "total_matches": 31,
  "inlier_ratio": 0.4838709677419355,
  "reprojection_errors": [
    4.289798736572266,
    3.6969265937805176,
    2.2737574577331543,
    4.048952102661133,
    1.9098166227340698,
    2.604440927505493,
    1.369889736175537,
    3.684108018875122,
    2.8895881175994873,
    3.0493574142456055,
    1.2172926664352417,
    2.041931390762329,
    1.7437307834625244,
    2.1074740886688232,
    0.8592036962509155
  ],
  "mean_reprojection_error": 2.5190846920013428,
  "std_reprojection_error": 1.0278276205062866,
  "inliers": [
    2,
    3,
    4,
    8,
    9,
    10,
    14,
    16,
    17,
    19,
    20,
    21,
    23,
    24,
    25
  ],
  "mkpts0": [
    [
      727.625,
      126.375
    ],
    [
      727.625,
      143.875
    ],
    [
      663.875,
      165.125
    ],
    [
      656.375,
      171.375
    ],
    [
      745.125,
      201.375
    ],
    [
      805.125,
      212.625
    ],
    [
      793.875,
      220.125
    ],
    [
      705.125,
      223.875
    ],
    [
      835.125,
      225.125
    ],
    [
      425.125,
      242.625
    ],
    [
      413.875,
      248.875
    ],
    [
      436.375,
      260.125
    ],
    [
      478.875,
      281.375
    ],
    [
      590.125,
      283.875
    ],
    [
      522.625,
      286.375
    ],
    [
      386.375,
      288.875
    ],
    [
      511.375,
      292.625
    ],
    [
      597.625,
      297.625
    ],
    [
      430.125,
      311.375
    ],
    [
      575.125,
      312.625
    ],
    [
      540.125,
      313.875
    ],
    [
      518.875,
      327.625
    ],
    [
      586.375,
      330.125
    ],
    [
      602.625,
      347.625
    ],
    [
      611.375,
      352.625
    ],
    [
      636.375,
      357.625
    ],
    [
      617.625,
      368.875
    ],
    [
      650.125,
      376.375
    ],
    [
      496.375,
      377.625
    ],
    [
      595.125,
      388.875
    ],
    [
      702.625,
      391.375
    ]
  ],
  "mkpts1": [
    [
      757.625,
      30.125
    ],
    [
      753.875,
      55.125
    ],
    [
      632.625,
      80.125
    ],
    [
      621.375,
      87.625
    ],
    [
      767.625,
      150.125
    ],
    [
      861.375,
      177.625
    ],
    [
      848.875,
      186.375
    ],
    [
      710.125,
      180.125
    ],
    [
      913.875,
      198.875
    ],
    [
      252.625,
      182.625
    ],
    [
      233.875,
      190.125
    ],
    [
      276.375,
      213.875
    ],
    [
      355.125,
      255.125
    ],
    [
      548.875,
      277.625
    ],
    [
      430.125,
      272.625
    ],
    [
      192.625,
      260.125
    ],
    [
      411.375,
      282.625
    ],
    [
      556.375,
      298.875
    ],
    [
      276.375,
      308.875
    ],
    [
      520.125,
      321.375
    ],
    [
      471.375,
      325.125
    ],
    [
      440.125,
      350.125
    ],
    [
      548.875,
      358.875
    ],
    [
      580.125,
      392.625
    ],
    [
      597.625,
      403.875
    ],
    [
      637.625,
      413.875
    ],
    [
      612.625,
      433.875
    ],
    [
      666.375,
      451.375
    ],
    [
      400.125,
      436.375
    ],
    [
      578.875,
      468.875
    ],
    [
      772.625,
      470.125
    ]
  ],
  "mpts3D": [
    [
      0.20600000023841858,
      -0.07000000029802322,
      -0.0020000000949949026
    ],
    [
      0.20600000023841858,
      -0.054999999701976776,
      -0.0020000000949949026
    ],
    [
      0.23000000417232513,
      -0.0,
      0.07000000029802322
    ],
    [
      0.21699999272823334,
      0.0,
      0.07000000029802322
    ],
    [
      0.21699999272823334,
      -0.0,
      -0.027000000700354576
    ],
    [
      0.23000000417232513,
      0.0,
      -0.07000000029802322
    ],
    [
      0.21699999272823334,
      -0.0,
      -0.07000000029802322
    ],
    [
      0.17000000178813934,
      -0.0,
      -0.014999999664723873
    ],
    [
      0.23000000417232513,
      -0.0,
      -0.11299999803304672
    ],
    [
      -0.0,
      -0.0,
      0.15600000321865082
    ],
    [
      -0.014000000432133675,
      0.0,
      0.15600000321865082
    ],
    [
      -0.01899999938905239,
      -0.0,
      0.12800000607967377
    ],
    [
      -0.01899999938905239,
      -0.0,
      0.07400000095367432
    ],
    [
      0.02500000037252903,
      -0.014000000432133675,
      -0.010999999940395355
    ],
    [
      0.0,
      0.0,
      0.041999999433755875
    ],
    [
      -0.07400000095367432,
      -0.0,
      0.12800000607967377
    ],
    [
      -0.014000000432133675,
      0.0,
      0.041999999433755875
    ],
    [
      0.02500000037252903,
      0.0,
      -0.014999999664723873
    ],
    [
      -0.07400000095367432,
      -0.0,
      0.07400000095367432
    ],
    [
      0.0,
      -0.0,
      -0.014999999664723873
    ],
    [
      -0.03500000014901161,
      -0.017999999225139618,
      -0.009999999776482582
    ],
    [
      -0.05700000002980232,
      -0.017999999225139618,
      -0.009999999776482582
    ],
    [
      -0.014000000432133675,
      0.0,
      -0.041999999433755875
    ],
    [
      -0.023000000044703484,
      0.0,
      -0.06499999761581421
    ],
    [
      -0.023000000044703484,
      -0.0,
      -0.07500000298023224
    ],
    [
      -0.017000000923871994,
      -0.0,
      -0.09200000017881393
    ],
    [
      -0.03700000047683716,
      -0.0,
      -0.09700000286102295
    ],
    [
      -0.028999999165534973,
      -0.0,
      -0.12700000405311584
    ],
    [
      -0.09000000357627869,
      -0.0,
      -0.014999999664723873
    ],
    [
      -0.052000001072883606,
      -0.0,
      -0.09700000286102295
    ],
    [
      -0.014000000432133675,
      0.0,
      -0.15600000321865082
    ]
  ],
  "mconf": [
    0.993579089641571,
    0.9914432168006897,
    0.8940975666046143,
    0.9946973919868469,
    0.9968498945236206,
    0.4438498616218567,
    0.997343897819519,
    0.9666855931282043,
    0.5457825660705566,
    0.9759067893028259,
    0.9987882375717163,
    0.9995293021202087,
    0.9986752867698669,
    0.9197613000869751,
    0.9981026649475098,
    0.9984744787216187,
    0.9997288584709167,
    0.9858500957489014,
    0.999750018119812,
    0.9005181789398193,
    0.9987084865570068,
    0.9995957016944885,
    0.9990665912628174,
    0.9980090260505676,
    0.9986475706100464,
    0.999809741973877,
    0.9997681379318237,
    0.9993463754653931,
    0.9280505776405334,
    0.9996153116226196,
    0.5115000009536743
  ],
  "coverage_score": 0.9439592513355665,
  "pose_estimation_failed": false,
  "tracking_method": "loosely_coupled",
  "kf_translation_vector": [
    -0.03559817108944162,
    -0.018319570088201165,
    0.7050168800714055
  ],
  "kf_quaternion": [
    0.4498330824054185,
    -0.4697523934095379,
    -0.13018630873269904,
    0.7483544694048436
  ],
  "kf_rotation_matrix": [
    [
      0.5247684278091302,
      -0.2277693221986022,
      -0.8202068233317271
    ],
    [
      -0.6174713461803387,
      0.5614034459843886,
      -0.5509585351758278
    ],
    [
      0.5859583891548733,
      0.7955798556411814,
      0.15396577371930142
    ]
  ],
  "position_diff": 0.019431655733803562,
  "orientation_diff": 16.923661204301055,