{
  "frame": 131,
  "object_rotation_in_cam": [
    [
      0.6192742793999457,
      -0.2037205289929514,
      -0.7582857726085265
    ],
    [
      -0.5409967892851977,
      0.5892197321931307,
      -0.6001188058854368
    ],
    [
      0.5690534604558567,
      0.7818683094109182,
      0.25467647296546125
    ]
  ],
  "object_translation_in_cam": [
    0.01652307880957304,
    -0.028727084905824964,
    0.6869240621869667
  ],
  "raw_rvec": [
    0.9497391988258339,
    -0.912183685236699,
    -0.23178543539766697
  ],
  "refined_raw_rvec": [
    0.9497391988258339,
    -0.912183685236699,
    -0.23178543539766697
  ],
  "num_inliers": 15,
  "total_matches": 25,
  "inlier_ratio": 0.6,
  "reprojection_errors": [
    1.1626660823822021,
    1.131842851638794,
    2.488135814666748,
    3.722463607788086,
    3.2937493324279785,
    0.7726390361785889,
    1.285968542098999,
    3.3947277069091797,
    3.1008052825927734,
    3.2252004146575928,
    1.5174928903579712,
    2.661292314529419,
    2.364881753921509,
    2.040882110595703,
    2.515082597732544
  ],
  "mean_reprojection_error": 2.3118555545806885,
  "std_reprojection_error": 0.9172281622886658,
  "inliers": [
    1,
    2,
    6,
    7,
    9,
    10,
    12,
    13,
    14,
    15,
    16,
    17,
    18,
    19,
    20
  ],
  "mkpts0": [
    [
      663.875,
      165.125
    ],
    [
      745.125,
      201.375
    ],
    [
      705.125,
      223.875
    ],
    [
      835.125,
      225.125
    ],
    [
      425.125,
      242.625
    ],
    [
      413.875,
      248.875
    ],
    [
      436.375,
      260.125
    ],
    [
      478.875,
      281.375
    ],
    [
      590.125,
      283.875
    ],
    [
      522.625,
      286.375
    ],
    [
      386.375,
      288.875
    ],
    [
      350.125,
      290.125
    ],
    [
      511.375,
      292.625
    ],
    [
      597.625,
      297.625
    ],
    [
      430.125,
      311.375
    ],
    [
      575.125,
      312.625
    ],
    [
      540.125,
      313.875
    ],
    [
      518.875,
      327.625
    ],
    [
      586.375,
      330.125
    ],
    [
      602.625,
      347.625
    ],
    [
      611.375,
      352.625
    ],
    [
      636.375,
      357.625
    ],
    [
      617.625,
      368.875
    ],
    [
      650.125,
      376.375
    ],
    [
      595.125,
      388.875
    ]
  ],
  "mkpts1": [
    [
      817.625,
      10.125
    ],
    [
      917.625,
      90.125
    ],
    [
      852.625,
      120.125
    ],
    [
      1015.125,
      132.625
    ],
    [
      387.625,
      91.375
    ],
    [
      368.875,
      100.125
    ],
    [
      413.875,
      133.875
    ],
    [
      496.375,
      192.625
    ],
    [
      692.625,
      238.875
    ],
    [
      571.375,
      218.875
    ],
    [
      330.125,
      186.375
    ],
    [
      266.375,
      168.875
    ],
    [
      552.625,
      230.125
    ],
    [
      698.875,
      260.125
    ],
    [
      416.375,
      252.625
    ],
    [
      661.375,
      287.625
    ],
    [
      617.625,
      297.625
    ],
    [
      585.125,
      323.875
    ],
    [
      691.375,
      335.125
    ],
    [
      721.375,
      378.875
    ],
    [
      738.875,
      393.875
    ],
    [
      781.375,
      410.125
    ],
    [
      753.875,
      431.375
    ],
    [
      808.875,
      456.375
    ],
    [
      721.375,
      470.125
    ]
  ],
  "mpts3D": [
    [
      0.23000000417232513,
      -0.0,
      0.07000000029802322
    ],
    [
      0.21699999272823334,
      -0.0,
      -0.027000000700354576
    ],
    [
      0.17000000178813934,
      -0.0,
      -0.014999999664723873
    ],
    [
      0.23000000417232513,
      -0.0,
      -0.11299999803304672
    ],
    [
      -0.0,
      -0.0,
      0.15600000321865082
    ],
    [
      -0.014000000432133675,
      0.0,
      0.15600000321865082
    ],
    [
      -0.01899999938905239,
      -0.0,
      0.12800000607967377
    ],
    [
      -0.01899999938905239,
      -0.0,
      0.07400000095367432
    ],
    [
      0.02500000037252903,
      -0.014000000432133675,
      -0.010999999940395355
    ],
    [
      0.0,
      0.0,
      0.041999999433755875
    ],
    [
      -0.07400000095367432,
      -0.0,
      0.12800000607967377
    ],
    [
      -0.07999999821186066,
      -0.0,
      0.15600000321865082
    ],
    [
      -0.014000000432133675,
      0.0,
      0.041999999433755875
    ],
    [
      0.02500000037252903,
      0.0,
      -0.014999999664723873
    ],
    [
      -0.07400000095367432,
      -0.0,
      0.07400000095367432
    ],
    [
      0.0,
      -0.0,
      -0.014999999664723873
    ],
    [
      -0.03500000014901161,
      -0.017999999225139618,
      -0.009999999776482582
    ],
    [
      -0.05700000002980232,
      -0.017999999225139618,
      -0.009999999776482582
    ],
    [
      -0.014000000432133675,
      0.0,
      -0.041999999433755875
    ],
    [
      -0.023000000044703484,
      0.0,
      -0.06499999761581421
    ],
    [
      -0.023000000044703484,
      -0.0,
      -0.07500000298023224
    ],
    [
      -0.017000000923871994,
      -0.0,
      -0.09200000017881393
    ],
    [
      -0.03700000047683716,
      -0.0,
      -0.09700000286102295
    ],
    [
      -0.028999999165534973,
      -0.0,
      -0.12700000405311584
    ],
    [
      -0.052000001072883606,
      -0.0,
      -0.09700000286102295
    ]
  ],
  "mconf": [
    0.19664151966571808,
    0.9766923189163208,
    0.7548720240592957,
    0.1957739144563675,
    0.8941043019294739,
    0.9936286807060242,
    0.9972859621047974,
    0.9945272207260132,
    0.9548272490501404,
    0.9129837155342102,
    0.9942476153373718,
    0.275479257106781,
    0.9920116662979126,
    0.8986304402351379,
    0.9980381727218628,
    0.8686522245407104,
    0.9950265884399414,
    0.9985713958740234,
    0.9977095127105713,
    0.9950988292694092,
    0.9959051012992859,
    0.9994294047355652,
    0.9995155930519104,
    0.9988884329795837,
    0.9992256760597229
  ],
  "coverage_score": 0.7742903032614272,
  "pose_estimation_failed": false,
  "tracking_method": "loosely_coupled",
  "kf_translation_vector": [
    0.005208859509093876,
    -0.04566611891689278,
    0.8038478082137214
  ],
  "kf_quaternion": [
    0.4207814565439578,
    -0.43048044823806836,
    -0.12244667486968873,
    0.7890731026507329
  ],
  "kf_rotation_matrix": [
    [
      0.599386790996217,
      -0.16903762474923886,
      -0.7824076662446459
    ],
    [
      -0.5555151353440021,
      0.6158995552842041,
      -0.5586328599397414
    ],
    [
      0.5763145054421176,
      0.7694764578724,
      0.2752590990269942
    ]
  ],
  "position_diff": 0.11983995525733089,
  "orientation_diff": 2.9527803764604785,
  "timestamp": 1741869953.9253614,
  "image_file": "webcam_000131"
}