{
  "frame": 55,
  "object_rotation_in_cam": [
    [
      0.6778904652808906,
      -0.10736192537564476,
      -0.7272811932539519
    ],
    [
      -0.548436300702801,
      0.5849460013045348,
      -0.5975414626862826
    ],
    [
      0.489573427743668,
      0.8039350673639444,
      0.33764813979917874
    ]
  ],
  "object_translation_in_cam": [
    0.004568536524944397,
    -0.03008404702979636,
    0.7222221797824203
  ],
  "raw_rvec": [
    0.9299336753196549,
    -0.8074299253469965,
    -0.29266984222889797
  ],
  "refined_raw_rvec": [
    0.9299336753196549,
    -0.8074299253469965,
    -0.29266984222889797
  ],
  "num_inliers": 14,
  "total_matches": 27,
  "inlier_ratio": 0.5185185185185185,
  "reprojection_errors": [
    0.49190884828567505,
    0.6075327396392822,
    3.4204633235931396,
    2.182892322540283,
    2.2162129878997803,
    2.3782155513763428,
    3.0961570739746094,
    2.542161703109741,
    0.5055962800979614,
    1.5842012166976929,
    2.9149532318115234,
    1.2339375019073486,
    0.8649618625640869,
    3.3965253829956055
  ],
  "mean_reprojection_error": 1.959694504737854,
  "std_reprojection_error": 1.0349512100219727,
  "inliers": [
    1,
    8,
    10,
    11,
    12,
    13,
    14,
    16,
    17,
    18,
    19,
    20,
    21,
    22
  ],
  "mkpts0": [
    [
      656.375,
      171.375
    ],
    [
      745.125,
      201.375
    ],
    [
      805.125,
      212.625
    ],
    [
      793.875,
      220.125
    ],
    [
      705.125,
      223.875
    ],
    [
      835.125,
      225.125
    ],
    [
      425.125,
      242.625
    ],
    [
      413.875,
      248.875
    ],
    [
      436.375,
      260.125
    ],
    [
      478.875,
      281.375
    ],
    [
      590.125,
      283.875
    ],
    [
      522.625,
      286.375
    ],
    [
      386.375,
      288.875
    ],
    [
      511.375,
      292.625
    ],
    [
      597.625,
      297.625
    ],
    [
      430.125,
      311.375
    ],
    [
      575.125,
      312.625
    ],
    [
      540.125,
      313.875
    ],
    [
      518.875,
      327.625
    ],
    [
      586.375,
      330.125
    ],
    [
      602.625,
      347.625
    ],
    [
      611.375,
      352.625
    ],
    [
      636.375,
      357.625
    ],
    [
      650.125,
      376.375
    ],
    [
      715.125,
      383.875
    ],
    [
      595.125,
      388.875
    ],
    [
      702.625,
      391.375
    ]
  ],
  "mkpts1": [
    [
      822.625,
      16.375
    ],
    [
      911.375,
      90.125
    ],
    [
      1005.125,
      131.375
    ],
    [
      991.375,
      142.625
    ],
    [
      818.875,
      146.375
    ],
    [
      1055.125,
      160.125
    ],
    [
      387.625,
      101.375
    ],
    [
      370.125,
      111.375
    ],
    [
      407.625,
      142.625
    ],
    [
      481.375,
      196.375
    ],
    [
      665.125,
      238.875
    ],
    [
      552.625,
      221.375
    ],
    [
      325.125,
      193.875
    ],
    [
      532.625,
      231.375
    ],
    [
      672.625,
      260.125
    ],
    [
      400.125,
      255.125
    ],
    [
      633.875,
      286.375
    ],
    [
      583.875,
      296.375
    ],
    [
      550.125,
      322.625
    ],
    [
      657.625,
      331.375
    ],
    [
      681.375,
      372.625
    ],
    [
      697.625,
      387.625
    ],
    [
      736.375,
      401.375
    ],
    [
      758.875,
      446.375
    ],
    [
      860.125,
      473.875
    ],
    [
      671.375,
      458.875
    ],
    [
      843.875,
      488.875
    ]
  ],
  "mpts3D": [
    [
      0.21699999272823334,
      0.0,
      0.07000000029802322
    ],
    [
      0.21699999272823334,
      -0.0,
      -0.027000000700354576
    ],
    [
      0.23000000417232513,
      0.0,
      -0.07000000029802322
    ],
    [
      0.21699999272823334,
      -0.0,
      -0.07000000029802322
    ],
    [
      0.17000000178813934,
      -0.0,
      -0.014999999664723873
    ],
    [
      0.23000000417232513,
      -0.0,
      -0.11299999803304672
    ],
    [
      -0.0,
      -0.0,
      0.15600000321865082
    ],
    [
      -0.014000000432133675,
      0.0,
      0.15600000321865082
    ],
    [
      -0.01899999938905239,
      -0.0,
      0.12800000607967377
    ],
    [
      -0.01899999938905239,
      -0.0,
      0.07400000095367432
    ],
    [
      0.02500000037252903,
      -0.014000000432133675,
      -0.010999999940395355
    ],
    [
      0.0,
      0.0,
      0.041999999433755875
    ],
    [
      -0.07400000095367432,
      -0.0,
      0.12800000607967377
    ],
    [
      -0.014000000432133675,
      0.0,
      0.041999999433755875
    ],
    [
      0.02500000037252903,
      0.0,
      -0.014999999664723873
    ],
    [
      -0.07400000095367432,
      -0.0,
      0.07400000095367432
    ],
    [
      0.0,
      -0.0,
      -0.014999999664723873
    ],
    [
      -0.03500000014901161,
      -0.017999999225139618,
      -0.009999999776482582
    ],
    [
      -0.05700000002980232,
      -0.017999999225139618,
      -0.009999999776482582
    ],
    [
      -0.014000000432133675,
      0.0,
      -0.041999999433755875
    ],
    [
      -0.023000000044703484,
      0.0,
      -0.06499999761581421
    ],
    [
      -0.023000000044703484,
      -0.0,
      -0.07500000298023224
    ],
    [
      -0.017000000923871994,
      -0.0,
      -0.09200000017881393
    ],
    [
      -0.028999999165534973,
      -0.0,
      -0.12700000405311584
    ],
    [
      0.0,
      0.0,
      -0.15600000321865082
    ],
    [
      -0.052000001072883606,
      -0.0,
      -0.09700000286102295
    ],
    [
      -0.014000000432133675,
      0.0,
      -0.15600000321865082
    ]
  ],
  "mconf": [
    0.13029849529266357,
    0.9585694670677185,
    0.9053235054016113,
    0.9883674383163452,
    0.6655746102333069,
    0.27325868606567383,
    0.924072802066803,
    0.9942184090614319,
    0.9979069828987122,
    0.9763718247413635,
    0.9785398244857788,
    0.780225396156311,
    0.9965211749076843,
    0.9628331661224365,
    0.9568544626235962,
    0.9986706972122192,
    0.9759049415588379,
    0.9930270910263062,
    0.9984157681465149,
    0.9971871376037598,
    0.9975224733352661,
    0.983258843421936,
    0.9996364712715149,
    0.9994763135910034,
    0.3359166979789734,
    0.9996586441993713,
    0.8820327520370483
  ],
  "coverage_score": 0.75,
  "pose_estimation_failed": false,
  "tracking_method": "loosely_coupled",
  "kf_translation_vector": [
    -0.009221993756224468,
    -0.014878271592062708,
    0.6513224631531683
  ],
  "kf_quaternion": [
    0.45132312742721464,
    -0.5205542605488123,
    -0.08776539655317969,
    0.7194636416398403
  ],
  "kf_rotation_matrix": [
    [
      0.4426409939846848,
      -0.34358833010467144,
      -0.828260834435707
    ],
    [
      -0.5961643773611329,
      0.5772093396343625,
      -0.5580478594211036
    ],
    [
      0.669818621426624,
      0.7407944638391586,
      0.050661392947594974
    ]
  ],
  "position_diff": 0.07528011175617697,
  "orientation_diff": 20.12780782616544,
  "timestamp": 1741869678.1771805,
  "image_file": "webcam_000055"
}