{
  "frame": 41,
  "object_rotation_in_cam": [
    [
      0.6708680293148213,
      -0.13868241511193546,
      -0.7284938400439424
    ],
    [
      -0.5301406578658715,
      0.5972193217146806,
      -0.6018969717885262
    ],
    [
      0.5185431227205596,
      0.7899976389264577,
      0.3271341626455927
    ]
  ],
  "object_translation_in_cam": [
    -0.003279984275352044,
    -0.008212192720874166,
    0.7250070728218595
  ],
  "raw_rvec": [
    0.9247884952934194,
    -0.8285436465465329,
    -0.26008871397286276
  ],
  "refined_raw_rvec": [
    0.9247884952934194,
    -0.8285436465465329,
    -0.26008871397286276
  ],
  "num_inliers": 16,
  "total_matches": 32,
  "inlier_ratio": 0.5,
  "reprojection_errors": [
    1.4895302057266235,
    1.641363263130188,
    2.729174852371216,
    2.8052785396575928,
    2.951183557510376,
    1.7842353582382202,
    2.3363022804260254,
    2.9214322566986084,
    3.1906886100769043,
    2.7365503311157227,
    0.39103350043296814,
    1.3045802116394043,
    1.8726356029510498,
    0.8849397301673889,
    3.953214645385742,
    2.7386765480041504
  ],
  "mean_reprojection_error": 2.2331762313842773,
  "std_reprojection_error": 0.9105551242828369,
  "inliers": [
    5,
    8,
    12,
    14,
    15,
    16,
    18,
    19,
    20,
    21,
    22,
    23,
    25,
    26,
    27,
    31
  ],
  "mkpts0": [
    [
      727.625,
      126.375
    ],
    [
      727.625,
      143.875
    ],
    [
      663.875,
      165.125
    ],
    [
      656.375,
      171.375
    ],
    [
      356.375,
      195.125
    ],
    [
      745.125,
      201.375
    ],
    [
      805.125,
      212.625
    ],
    [
      793.875,
      220.125
    ],
    [
      705.125,
      223.875
    ],
    [
      835.125,
      225.125
    ],
    [
      425.125,
      242.625
    ],
    [
      413.875,
      248.875
    ],
    [
      436.375,
      260.125
    ],
    [
      478.875,
      281.375
    ],
    [
      590.125,
      283.875
    ],
    [
      522.625,
      286.375
    ],
    [
      386.375,
      288.875
    ],
    [
      350.125,
      290.125
    ],
    [
      511.375,
      292.625
    ],
    [
      597.625,
      297.625
    ],
    [
      430.125,
      311.375
    ],
    [
      575.125,
      312.625
    ],
    [
      540.125,
      313.875
    ],
    [
      518.875,
      327.625
    ],
    [
      586.375,
      330.125
    ],
    [
      602.625,
      347.625
    ],
    [
      611.375,
      352.625
    ],
    [
      636.375,
      357.625
    ],
    [
      650.125,
      376.375
    ],
    [
      715.125,
      383.875
    ],
    [
      595.125,
      388.875
    ],
    [
      702.625,
      391.375
    ]
  ],
  "mkpts1": [
    [
      895.125,
      25.125
    ],
    [
      887.625,
      47.625
    ],
    [
      816.375,
      56.375
    ],
    [
      800.125,
      63.875
    ],
    [
      257.625,
      31.375
    ],
    [
      890.125,
      138.875
    ],
    [
      983.875,
      180.125
    ],
    [
      970.125,
      191.375
    ],
    [
      822.625,
      167.625
    ],
    [
      1048.875,
      221.375
    ],
    [
      373.875,
      145.125
    ],
    [
      355.125,
      153.875
    ],
    [
      393.875,
      185.125
    ],
    [
      448.875,
      240.125
    ],
    [
      650.125,
      283.875
    ],
    [
      536.375,
      265.125
    ],
    [
      310.125,
      235.125
    ],
    [
      252.625,
      218.875
    ],
    [
      516.375,
      275.125
    ],
    [
      656.375,
      303.875
    ],
    [
      383.875,
      297.625
    ],
    [
      617.625,
      330.125
    ],
    [
      568.875,
      340.125
    ],
    [
      535.125,
      366.375
    ],
    [
      641.375,
      375.125
    ],
    [
      665.125,
      417.625
    ],
    [
      680.125,
      432.625
    ],
    [
      720.125,
      447.625
    ],
    [
      740.125,
      491.375
    ],
    [
      841.375,
      520.125
    ],
    [
      655.125,
      503.875
    ],
    [
      826.375,
      535.125
    ]
  ],
  "mpts3D": [
    [
      0.20600000023841858,
      -0.07000000029802322,
      -0.0020000000949949026
    ],
    [
      0.20600000023841858,
      -0.054999999701976776,
      -0.0020000000949949026
    ],
    [
      0.23000000417232513,
      -0.0,
      0.07000000029802322
    ],
    [
      0.21699999272823334,
      0.0,
      0.07000000029802322
    ],
    [
      -0.0,
      -0.02500000037252903,
      0.23999999463558197
    ],
    [
      0.21699999272823334,
      -0.0,
      -0.027000000700354576
    ],
    [
      0.23000000417232513,
      0.0,
      -0.07000000029802322
    ],
    [
      0.21699999272823334,
      -0.0,
      -0.07000000029802322
    ],
    [
      0.17000000178813934,
      -0.0,
      -0.014999999664723873
    ],
    [
      0.23000000417232513,
      -0.0,
      -0.11299999803304672
    ],
    [
      -0.0,
      -0.0,
      0.15600000321865082
    ],
    [
      -0.014000000432133675,
      0.0,
      0.15600000321865082
    ],
    [
      -0.01899999938905239,
      -0.0,
      0.12800000607967377
    ],
    [
      -0.01899999938905239,
      -0.0,
      0.07400000095367432
    ],
    [
      0.02500000037252903,
      -0.014000000432133675,
      -0.010999999940395355
    ],
    [
      0.0,
      0.0,
      0.041999999433755875
    ],
    [
      -0.07400000095367432,
      -0.0,
      0.12800000607967377
    ],
    [
      -0.07999999821186066,
      -0.0,
      0.15600000321865082
    ],
    [
      -0.014000000432133675,
      0.0,
      0.041999999433755875
    ],
    [
      0.02500000037252903,
      0.0,
      -0.014999999664723873
    ],
    [
      -0.07400000095367432,
      -0.0,
      0.07400000095367432
    ],
    [
      0.0,
      -0.0,
      -0.014999999664723873
    ],
    [
      -0.03500000014901161,
      -0.017999999225139618,
      -0.009999999776482582
    ],
    [
      -0.05700000002980232,
      -0.017999999225139618,
      -0.009999999776482582
    ],
    [
      -0.014000000432133675,
      0.0,
      -0.041999999433755875
    ],
    [
      -0.023000000044703484,
      0.0,
      -0.06499999761581421
    ],
    [
      -0.023000000044703484,
      -0.0,
      -0.07500000298023224
    ],
    [
      -0.017000000923871994,
      -0.0,
      -0.09200000017881393
    ],
    [
      -0.028999999165534973,
      -0.0,
      -0.12700000405311584
    ],
    [
      0.0,
      0.0,
      -0.15600000321865082
    ],
    [
      -0.052000001072883606,
      -0.0,
      -0.09700000286102295
    ],
    [
      -0.014000000432133675,
      0.0,
      -0.15600000321865082
    ]
  ],
  "mconf": [
    0.9687502980232239,
    0.9181614518165588,
    0.13567908108234406,
    0.2140769064426422,
    0.42483511567115784,
    0.9757097959518433,
    0.8490802645683289,
    0.9968467950820923,
    0.2993461489677429,
    0.20197860896587372,
    0.8571248650550842,
    0.9909512996673584,
    0.9946019649505615,
    0.6465196013450623,
    0.9784431457519531,
    0.6431868672370911,
    0.9959256649017334,
    0.23332922160625458,
    0.9418661594390869,
    0.9438977241516113,
    0.9958034157752991,
    0.976443350315094,
    0.9874194264411926,
    0.99725741147995,
    0.9976302981376648,
    0.9965571761131287,
    0.990633487701416,
    0.9993744492530823,
    0.9991356134414673,
    0.655261754989624,
    0.9990382194519043,
    0.9813075661659241
  ],
  "coverage_score": 0.7783283537314115,
  "pose_estimation_failed": false,
  "tracking_method": "loosely_coupled",
  "kf_translation_vector": [
    -0.004212534219997043,
    -0.013447494985452658,
    0.7021793662820246
  ],
  "kf_quaternion": [
    0.43491724053355507,
    -0.5259220638509275,
    -0.0668414655393857,
    0.7278634453838206
  ],