{
  "frame": 83,
  "object_rotation_in_cam": [
    [
      0.6923111475840983,
      -0.19051421668243426,
      -0.6959954081548723
    ],
    [
      -0.34587174779403773,
      0.7588939993053254,
      -0.5517722645224806
    ],
    [
      0.6333071995553867,
      0.6227232379317856,
      0.45949729045019017
    ]
  ],
  "object_translation_in_cam": [
    -0.030296209159372478,
    -0.011677839794112323,
    0.650750425353308
  ],
  "raw_rvec": [
    0.7242579315059957,
    -0.819720428893892,
    -0.0958019199661854
  ],
  "refined_raw_rvec": [
    0.7242579315059957,
    -0.819720428893892,
    -0.0958019199661854
  ],
  "num_inliers": 14,
  "total_matches": 35,
  "inlier_ratio": 0.4,
  "reprojection_errors": [
    0.26024001836776733,
    2.43694806098938,
    3.4969265460968018,
    3.1004621982574463,
    1.2026982307434082,
    2.837132453918457,
    4.175617694854736,
    3.488053321838379,
    2.5127344131469727,
    2.988921880722046,
    1.911641240119934,
    2.0837604999542236,
    1.1398977041244507,
    2.9975976943969727
  ],
  "mean_reprojection_error": 2.473759412765503,
  "std_reprojection_error": 1.0282434225082397,
  "inliers": [
    6,
    11,
    12,
    14,
    17,
    18,
    19,
    20,
    21,
    22,
    24,
    25,
    26,
    27
  ],
  "mkpts0": [
    [
      727.625,
      126.375
    ],
    [
      727.625,
      143.875
    ],
    [
      636.375,
      157.625
    ],
    [
      663.875,
      165.125
    ],
    [
      656.375,
      171.375
    ],
    [
      356.375,
      195.125
    ],
    [
      745.125,
      201.375
    ],
    [
      805.125,
      212.625
    ],
    [
      793.875,
      220.125
    ],
    [
      425.125,
      242.625
    ],
    [
      413.875,
      248.875
    ],
    [
      436.375,
      260.125
    ],
    [
      478.875,
      281.375
    ],
    [
      590.125,
      283.875
    ],
    [
      522.625,
      286.375
    ],
    [
      386.375,
      288.875
    ],
    [
      350.125,
      290.125
    ],
    [
      511.375,
      292.625
    ],
    [
      597.625,
      297.625
    ],
    [
      430.125,
      311.375
    ],
    [
      575.125,
      312.625
    ],
    [
      540.125,
      313.875
    ],
    [
      518.875,
      327.625
    ],
    [
      586.375,
      330.125
    ],
    [
      470.125,
      338.875
    ],
    [
      602.625,
      347.625
    ],
    [
      611.375,
      352.625
    ],
    [
      636.375,
      357.625
    ],
    [
      617.625,
      368.875
    ],
    [
      650.125,
      376.375
    ],
    [
      496.375,
      377.625
    ],
    [
      715.125,
      383.875
    ],
    [
      516.375,
      388.875
    ],
    [
      595.125,
      388.875
    ],
    [
      702.625,
      391.375
    ]
  ],
  "mkpts1": [
    [
      873.875,
      61.375
    ],
    [
      863.875,
      87.625
    ],
    [
      692.625,
      75.125
    ],
    [
      733.875,
      101.375
    ],
    [
      721.375,
      106.375
    ],
    [
      206.375,
      27.625
    ],
    [
      865.125,
      193.875
    ],
    [
      960.125,
      236.375
    ],
    [
      946.375,
      246.375
    ],
    [
      307.625,
      137.625
    ],
    [
      287.625,
      142.625
    ],
    [
      325.125,
      171.375
    ],
    [
      397.625,
      225.125
    ],
    [
      596.375,
      278.875
    ],
    [
      472.625,
      255.125
    ],
    [
      226.375,
      202.625
    ],
    [
      157.625,
      188.875
    ],
    [
      450.125,
      261.375
    ],
    [
      601.375,
      303.875
    ],
    [
      297.625,
      262.625
    ],
    [
      556.375,
      320.125
    ],
    [
      500.125,
      312.625
    ],
    [
      458.875,
      331.375
    ],
    [
      578.875,
      362.625
    ],
    [
      360.125,
      330.125
    ],
    [
      602.625,
      403.875
    ],
    [
      618.875,
      418.875
    ],
    [
      661.375,
      437.625
    ],
    [
      625.125,
      452.625
    ],
    [
      681.375,
      481.375
    ],
    [
      397.625,
      416.375
    ],
    [
      797.625,
      523.875
    ],
    [
      468.875,
      476.375
    ],
    [
      581.375,
      482.625
    ],
    [
      777.625,
      536.375
    ]
  ],
  "mpts3D": [
    [
      0.20600000023841858,
      -0.07000000029802322,
      -0.0020000000949949026
    ],
    [
      0.20600000023841858,
      -0.054999999701976776,
      -0.0020000000949949026
    ],
    [
      0.23000000417232513,
      -0.0,
      0.11299999803304672
    ],
    [
      0.23000000417232513,
      -0.0,
      0.07000000029802322
    ],
    [
      0.21699999272823334,
      0.0,
      0.07000000029802322
    ],
    [
      -0.0,
      -0.02500000037252903,
      0.23999999463558197
    ],
    [
      0.21699999272823334,
      -0.0,
      -0.027000000700354576
    ],
    [
      0.23000000417232513,
      0.0,
      -0.07000000029802322
    ],
    [
      0.21699999272823334,
      -0.0,
      -0.07000000029802322
    ],
    [
      -0.0,
      -0.0,
      0.15600000321865082
    ],
    [
      -0.014000000432133675,
      0.0,
      0.15600000321865082
    ],
    [
      -0.01899999938905239,
      -0.0,
      0.12800000607967377
    ],
    [
      -0.01899999938905239,
      -0.0,
      0.07400000095367432
    ],
    [
      0.02500000037252903,
      -0.014000000432133675,
      -0.010999999940395355
    ],
    [
      0.0,
      0.0,
      0.041999999433755875
    ],
    [
      -0.07400000095367432,
      -0.0,
      0.12800000607967377
    ],
    [
      -0.07999999821186066,
      -0.0,
      0.15600000321865082
    ],
    [
      -0.014000000432133675,
      0.0,
      0.041999999433755875
    ],
    [
      0.02500000037252903,
      0.0,
      -0.014999999664723873
    ],
    [
      -0.07400000095367432,
      -0.0,
      0.07400000095367432
    ],
    [
      0.0,
      -0.0,
      -0.014999999664723873
    ],
    [
      -0.03500000014901161,
      -0.017999999225139618,
      -0.009999999776482582
    ],
    [
      -0.05700000002980232,
      -0.017999999225139618,
      -0.009999999776482582
    ],
    [
      -0.014000000432133675,
      0.0,
      -0.041999999433755875
    ],
    [
      -0.10000000149011612,
      -0.029999999329447746,
      0.0
    ],
    [
      -0.023000000044703484,
      0.0,
      -0.06499999761581421
    ],
    [
      -0.023000000044703484,
      -0.0,
      -0.07500000298023224
    ],
    [
      -0.017000000923871994,
      -0.0,
      -0.09200000017881393
    ],
    [
      -0.03700000047683716,
      -0.0,
      -0.09700000286102295
    ],
    [
      -0.028999999165534973,
      -0.0,
      -0.12700000405311584
    ],
    [
      -0.09000000357627869,
      -0.0,
      -0.014999999664723873
    ],
    [
      0.0,
      0.0,
      -0.15600000321865082
    ],
    [
      -0.09000000357627869,
      -0.0,
      -0.041999999433755875
    ],
    [
      -0.052000001072883606,
      -0.0,
      -0.09700000286102295
    ],
    [
      -0.014000000432133675,
      0.0,
      -0.15600000321865082
    ]
  ],
  "mconf": [
    0.9950896501541138,
    0.9719926118850708,
    0.9457117915153503,
    0.23047910630702972,
    0.9835607409477234,
    0.9783961176872253,
    0.8574056029319763,
    0.11976727098226547,
    0.9386336207389832,
    0.9437060952186584,
    0.9985750913619995,
    0.9984468221664429,
    0.9980154037475586,
    0.9913323521614075,
    0.9886133670806885,
    0.9973336458206177,
    0.911736249923706,
    0.9998217225074768,
    0.9924785494804382,
    0.9981346726417542,
    0.9087743163108826,
    0.9992528557777405,
    0.9996371269226074,
    0.9995297193527222,
    0.9973849058151245,
    0.9989199638366699,
    0.9991537928581238,
    0.9998334646224976,
    0.9998852610588074,
    0.9995855093002319,
    0.9591906070709229,
    0.9777726531028748,
    0.39895936846733093,
    0.9998762011528015,
    0.9984096884727478
  ],
  "coverage_score": 0.7474594241169754,