{
  "frame": 128,
  "object_rotation_in_cam": [
    [
      0.6198917768729224,
      -0.20651227056703392,
      -0.7570250108619788
    ],
    [
      -0.5360816621183513,
      0.593052976564235,
      -0.6007533757946989
    ],
    [
      0.5730188797114427,
      0.778229303671835,
      0.256921222168769
    ]
  ],
  "object_translation_in_cam": [
    0.0029301684006781334,
    -0.0329794151674161,
    0.6865696352873355
  ],
  "raw_rvec": [
    0.9460153350916735,
    -0.9124421470719308,
    -0.2260925412819479
  ],
  "refined_raw_rvec": [
    0.9460153350916735,
    -0.9124421470719308,
    -0.2260925412819479
  ],
  "num_inliers": 13,
  "total_matches": 23,
  "inlier_ratio": 0.5652173913043478,
  "reprojection_errors": [
    1.2505213022232056,
    1.9863241910934448,
    1.7883780002593994,
    2.6094372272491455,
    3.112048864364624,
    1.494080662727356,
    1.8815277814865112,
    2.7567648887634277,
    1.6556369066238403,
    2.536625623703003,
    1.2567092180252075,
    1.6205837726593018,
    2.9133095741271973
  ],
  "mean_reprojection_error": 2.0663037300109863,
  "std_reprojection_error": 0.6162799596786499,
  "inliers": [
    0,
    2,
    5,
    8,
    9,
    10,
    11,
    13,
    14,
    15,
    17,
    18,
    19
  ],
  "mkpts0": [
    [
      745.125,
      201.375
    ],
    [
      793.875,
      220.125
    ],
    [
      705.125,
      223.875
    ],
    [
      425.125,
      242.625
    ],
    [
      413.875,
      248.875
    ],
    [
      436.375,
      260.125
    ],
    [
      478.875,
      281.375
    ],
    [
      590.125,
      283.875
    ],
    [
      522.625,
      286.375
    ],
    [
      386.375,
      288.875
    ],
    [
      511.375,
      292.625
    ],
    [
      597.625,
      297.625
    ],
    [
      430.125,
      311.375
    ],
    [
      575.125,
      312.625
    ],
    [
      540.125,
      313.875
    ],
    [
      518.875,
      327.625
    ],
    [
      586.375,
      330.125
    ],
    [
      602.625,
      347.625
    ],
    [
      611.375,
      352.625
    ],
    [
      636.375,
      357.625
    ],
    [
      617.625,
      368.875
    ],
    [
      650.125,
      376.375
    ],
    [
      595.125,
      388.875
    ]
  ],
  "mkpts1": [
    [
      892.625,
      85.125
    ],
    [
      975.125,
      140.125
    ],
    [
      826.375,
      113.875
    ],
    [
      360.125,
      78.875
    ],
    [
      342.625,
      87.625
    ],
    [
      386.375,
      122.625
    ],
    [
      468.875,
      182.625
    ],
    [
      663.875,
      230.125
    ],
    [
      542.625,
      208.875
    ],
    [
      301.375,
      173.875
    ],
    [
      523.875,
      220.125
    ],
    [
      668.875,
      251.375
    ],
    [
      387.625,
      241.375
    ],
    [
      632.625,
      277.625
    ],
    [
      586.375,
      286.375
    ],
    [
      553.875,
      312.625
    ],
    [
      660.125,
      323.875
    ],
    [
      690.125,
      368.875
    ],
    [
      707.625,
      383.875
    ],
    [
      746.375,
      398.875
    ],
    [
      720.125,
      420.125
    ],
    [
      772.625,
      443.875
    ],
    [
      687.625,
      457.625
    ]
  ],
  "mpts3D": [
    [
      0.21699999272823334,
      -0.0,
      -0.027000000700354576
    ],
    [
      0.21699999272823334,
      -0.0,
      -0.07000000029802322
    ],
    [
      0.17000000178813934,
      -0.0,
      -0.014999999664723873
    ],
    [
      -0.0,
      -0.0,
      0.15600000321865082
    ],
    [
      -0.014000000432133675,
      0.0,
      0.15600000321865082
    ],
    [
      -0.01899999938905239,
      -0.0,
      0.12800000607967377
    ],
    [
      -0.01899999938905239,
      -0.0,
      0.07400000095367432
    ],
    [
      0.02500000037252903,
      -0.014000000432133675,
      -0.010999999940395355
    ],
    [
      0.0,
      0.0,
      0.041999999433755875
    ],
    [
      -0.07400000095367432,
      -0.0,
      0.12800000607967377
    ],
    [
      -0.014000000432133675,
      0.0,
      0.041999999433755875
    ],
    [
      0.02500000037252903,
      0.0,
      -0.014999999664723873
    ],
    [
      -0.07400000095367432,
      -0.0,
      0.07400000095367432
    ],
    [
      0.0,
      -0.0,
      -0.014999999664723873
    ],
    [
      -0.03500000014901161,
      -0.017999999225139618,
      -0.009999999776482582
    ],
    [
      -0.05700000002980232,
      -0.017999999225139618,
      -0.009999999776482582
    ],
    [
      -0.014000000432133675,
      0.0,
      -0.041999999433755875
    ],
    [
      -0.023000000044703484,
      0.0,
      -0.06499999761581421
    ],
    [
      -0.023000000044703484,
      -0.0,
      -0.07500000298023224
    ],
    [
      -0.017000000923871994,
      -0.0,
      -0.09200000017881393
    ],
    [
      -0.03700000047683716,
      -0.0,
      -0.09700000286102295
    ],
    [
      -0.028999999165534973,
      -0.0,
      -0.12700000405311584
    ],
    [
      -0.052000001072883606,
      -0.0,
      -0.09700000286102295
    ]
  ],
  "mconf": [
    0.9512630105018616,
    0.8073399662971497,
    0.5261561274528503,
    0.8546468019485474,
    0.9914771318435669,
    0.9965759515762329,
    0.9937722682952881,
    0.8932104110717773,
    0.8394467234611511,
    0.9958683252334595,
    0.9814267754554749,
    0.9380218982696533,
    0.9986467361450195,
    0.9504478573799133,
    0.9949741959571838,
    0.9988353848457336,
    0.9982593655586243,
    0.9968792796134949,
    0.9954777956008911,
    0.9996982216835022,
    0.9997758865356445,
    0.9994426369667053,
    0.99922776222229
  ],
  "coverage_score": 0.769742378465751,
  "pose_estimation_failed": false,
  "tracking_method": "loosely_coupled",
  "kf_translation_vector": [
    0.003788284341391336,
    -0.045492640538308995,
    0.7968931349211242
  ],
  "kf_quaternion": [
    0.4212391438166315,
    -0.4301277815763176,
    -0.12152085199650543,
    0.789164341416229
  ],
  "kf_rotation_matrix": [
    [
      0.6004455480925581,
      -0.17057347061758774,
      -0.7812616942467476
    ],
    [
      -0.5541731631542327,
      0.6155805324933493,
      -0.5603148340485347
    ],
    [
      0.5765043356432455,
      0.7693928119866182,
      0.27509535046573375
    ]
  ],
  "position_diff": 0.11185977611399645,
  "orientation_diff": 2.8749797287664185,
  "timestamp": 1741869953.5198298,
  "image_file": "webcam_000128"
}