{
  "frame": 55,
  "object_rotation_in_cam": [
    [
      0.4091490804399921,
      -0.27409247320764735,
      -0.8703277233927595
    ],
    [
      -0.4638969118706591,
      0.7588699955559427,
      -0.4570732818726
    ],
    [
      0.7857459418488744,
      0.5907534561691861,
      0.18334030896719591
    ]
  ],
  "object_translation_in_cam": [
    -0.042571207163274546,
    0.010571876156079059,
    0.7326407844774155
  ],
  "raw_rvec": [
    0.7419798383270994,
    -1.1726874546932513,
    -0.13440300919991519
  ],
  "refined_raw_rvec": [
    0.7419798383270994,
    -1.1726874546932513,
    -0.13440300919991519
  ],
  "num_inliers": 12,
  "total_matches": 28,
  "inlier_ratio": 0.42857142857142855,
  "reprojection_errors": [
    1.3762444257736206,
    1.1704572439193726,
    2.3395133018493652,
    4.048138618469238,
    2.267242670059204,
    2.7651472091674805,
    1.2825069427490234,
    3.093738317489624,
    2.272707939147949,
    2.1838364601135254,
    1.8169575929641724,
    0.2582354247570038
  ],
  "mean_reprojection_error": 2.0728938579559326,
  "std_reprojection_error": 0.9516185522079468,
  "inliers": [
    0,
    3,
    9,
    10,
    11,
    12,
    13,
    14,
    15,
    16,
    17,
    18
  ],
  "mkpts0": [
    [
      751.375,
      76.375
    ],
    [
      727.625,
      126.375
    ],
    [
      727.625,
      143.875
    ],
    [
      745.125,
      201.375
    ],
    [
      793.875,
      220.125
    ],
    [
      705.125,
      223.875
    ],
    [
      425.125,
      242.625
    ],
    [
      413.875,
      248.875
    ],
    [
      436.375,
      260.125
    ],
    [
      478.875,
      281.375
    ],
    [
      590.125,
      283.875
    ],
    [
      522.625,
      286.375
    ],
    [
      386.375,
      288.875
    ],
    [
      511.375,
      292.625
    ],
    [
      597.625,
      297.625
    ],
    [
      430.125,
      311.375
    ],
    [
      575.125,
      312.625
    ],
    [
      540.125,
      313.875
    ],
    [
      518.875,
      327.625
    ],
    [
      586.375,
      330.125
    ],
    [
      602.625,
      347.625
    ],
    [
      611.375,
      352.625
    ],
    [
      636.375,
      357.625
    ],
    [
      617.625,
      368.875
    ],
    [
      650.125,
      376.375
    ],
    [
      715.125,
      383.875
    ],
    [
      595.125,
      388.875
    ],
    [
      702.625,
      391.375
    ]
  ],
  "mkpts1": [
    [
      750.125,
      22.625
    ],
    [
      718.875,
      101.375
    ],
    [
      717.625,
      122.625
    ],
    [
      717.625,
      201.375
    ],
    [
      798.875,
      237.625
    ],
    [
      668.875,
      227.625
    ],
    [
      243.875,
      225.125
    ],
    [
      228.875,
      232.625
    ],
    [
      280.125,
      257.625
    ],
    [
      372.625,
      297.625
    ],
    [
      565.125,
      318.875
    ],
    [
      447.625,
      313.875
    ],
    [
      211.375,
      302.625
    ],
    [
      432.625,
      323.875
    ],
    [
      570.125,
      338.875
    ],
    [
      310.125,
      350.125
    ],
    [
      545.125,
      361.375
    ],
    [
      515.125,
      366.375
    ],
    [
      491.375,
      388.875
    ],
    [
      582.625,
      397.625
    ],
    [
      621.375,
      427.625
    ],
    [
      641.375,
      438.875
    ],
    [
      680.125,
      448.875
    ],
    [
      661.375,
      466.375
    ],
    [
      715.125,
      482.625
    ],
    [
      810.125,
      497.625
    ],
    [
      642.625,
      500.125
    ],
    [
      801.375,
      510.125
    ]
  ],
  "mpts3D": [
    [
      0.24300000071525574,
      -0.10400000214576721,
      0.0
    ],
    [
      0.20600000023841858,
      -0.07000000029802322,
      -0.0020000000949949026
    ],
    [
      0.20600000023841858,
      -0.054999999701976776,
      -0.0020000000949949026
    ],
    [
      0.21699999272823334,
      -0.0,
      -0.027000000700354576
    ],
    [
      0.21699999272823334,
      -0.0,
      -0.07000000029802322
    ],
    [
      0.17000000178813934,
      -0.0,
      -0.014999999664723873
    ],
    [
      -0.0,
      -0.0,
      0.15600000321865082
    ],
    [
      -0.014000000432133675,
      0.0,
      0.15600000321865082
    ],
    [
      -0.01899999938905239,
      -0.0,
      0.12800000607967377
    ],
    [
      -0.01899999938905239,
      -0.0,
      0.07400000095367432
    ],
    [
      0.02500000037252903,
      -0.014000000432133675,
      -0.010999999940395355
    ],
    [
      0.0,
      0.0,
      0.041999999433755875
    ],
    [
      -0.07400000095367432,
      -0.0,
      0.12800000607967377
    ],
    [
      -0.014000000432133675,
      0.0,
      0.041999999433755875
    ],
    [
      0.02500000037252903,
      0.0,
      -0.014999999664723873
    ],
    [
      -0.07400000095367432,
      -0.0,
      0.07400000095367432
    ],
    [
      0.0,
      -0.0,
      -0.014999999664723873
    ],
    [
      -0.03500000014901161,
      -0.017999999225139618,
      -0.009999999776482582
    ],
    [
      -0.05700000002980232,
      -0.017999999225139618,
      -0.009999999776482582
    ],
    [
      -0.014000000432133675,
      0.0,
      -0.041999999433755875
    ],
    [
      -0.023000000044703484,
      0.0,
      -0.06499999761581421
    ],
    [
      -0.023000000044703484,
      -0.0,
      -0.07500000298023224
    ],
    [
      -0.017000000923871994,
      -0.0,
      -0.09200000017881393
    ],
    [
      -0.03700000047683716,
      -0.0,
      -0.09700000286102295
    ],
    [
      -0.028999999165534973,
      -0.0,
      -0.12700000405311584
    ],
    [
      0.0,
      0.0,
      -0.15600000321865082
    ],
    [
      -0.052000001072883606,
      -0.0,
      -0.09700000286102295
    ],
    [
      -0.014000000432133675,
      0.0,
      -0.15600000321865082
    ]
  ],
  "mconf": [
    0.492194265127182,
    0.7832015752792358,
    0.6603751182556152,
    0.4676213264465332,
    0.29810580611228943,
    0.8647237420082092,
    0.8595378398895264,
    0.9959549307823181,
    0.9931400418281555,
    0.9989046454429626,
    0.8041309118270874,
    0.6248465776443481,
    0.9910992383956909,
    0.9815078377723694,
    0.973701000213623,
    0.9991481304168701,
    0.9792010188102722,
    0.9969087839126587,
    0.9978039264678955,
    0.9985634088516235,
    0.9956566095352173,
    0.9990481734275818,
    0.9998705387115479,
    0.9996260404586792,
    0.9994881749153137,
    0.9969511032104492,
    0.9996427297592163,
    0.9996355175971985
  ],
  "coverage_score": 0.7652465283787413,
  "pose_estimation_failed": false,
  "tracking_method": "loosely_coupled",
  "kf_translation_vector": [
    -0.02794246474348695,
    -0.03228904571019207,
    0.7302523116914517
  ],
  "kf_quaternion": [
    0.4562304387605707,
    -0.46907597268875695,
    -0.11416902568883393,
    0.7475205362849213
  ],
  "kf_rotation_matrix": [
    [
      0.5338663308387179,
      -0.2573260910435779,
      -0.8054626146911086
    ],
    [
      -0.5987008562837544,
      0.5576384406431991,
      -0.5749753509517785
    ],
    [
      0.5971130759595742,
      0.7891911380554484,
      0.1436430371888675
    ]
  ],
  "position_diff": 0.04770856912812306,
  "orientation_diff": 16.71738705050058,
  "timestamp": 1741869614.4542563,
  "image_file": "webcam_000055"
}