{
  "frame": 91,
  "object_rotation_in_cam": [
    [
      0.5772546483514646,
      -0.20462546101605097,
      -0.7905096404602511
    ],
    [
      -0.5707800929378455,
      0.5911869747601379,
      -0.5698315947539417
    ],
    [
      0.5839410556404571,
      0.7801451028994059,
      0.22446928956893858
    ]
  ],
  "object_translation_in_cam": [
    -0.033338236315574,
    -0.05257169404397057,
    0.6836719312345279
  ],
  "raw_rvec": [
    0.9452155862340575,
    -0.9623515892703512,
    -0.25637114008403883
  ],
  "refined_raw_rvec": [
    0.9452155862340575,
    -0.9623515892703512,
    -0.25637114008403883
  ],
  "num_inliers": 14,
  "total_matches": 26,
  "inlier_ratio": 0.5384615384615384,
  "reprojection_errors": [
    1.2219550609588623,
    1.7033591270446777,
    0.2584456503391266,
    2.376936674118042,
    2.1164519786834717,
    3.291215181350708,
    1.9229809045791626,
    2.944415807723999,
    2.7080535888671875,
    0.40095651149749756,
    1.0694104433059692,
    0.7643991708755493,
    1.7216225862503052,
    2.2123796939849854
  ],
  "mean_reprojection_error": 1.7651845216751099,
  "std_reprojection_error": 0.8963713645935059,
  "inliers": [
    0,
    3,
    4,
    5,
    6,
    9,
    10,
    13,
    15,
    16,
    17,
    19,
    20,
    21
  ],
  "mkpts0": [
    [
      745.125,
      201.375
    ],
    [
      805.125,
      212.625
    ],
    [
      793.875,
      220.125
    ],
    [
      705.125,
      223.875
    ],
    [
      835.125,
      225.125
    ],
    [
      425.125,
      242.625
    ],
    [
      413.875,
      248.875
    ],
    [
      436.375,
      260.125
    ],
    [
      478.875,
      281.375
    ],
    [
      590.125,
      283.875
    ],
    [
      522.625,
      286.375
    ],
    [
      386.375,
      288.875
    ],
    [
      511.375,
      292.625
    ],
    [
      597.625,
      297.625
    ],
    [
      430.125,
      311.375
    ],
    [
      575.125,
      312.625
    ],
    [
      540.125,
      313.875
    ],
    [
      518.875,
      327.625
    ],
    [
      586.375,
      330.125
    ],
    [
      602.625,
      347.625
    ],
    [
      611.375,
      352.625
    ],
    [
      636.375,
      357.625
    ],
    [
      617.625,
      368.875
    ],
    [
      650.125,
      376.375
    ],
    [
      595.125,
      388.875
    ],
    [
      702.625,
      391.375
    ]
  ],
  "mkpts1": [
    [
      811.375,
      35.125
    ],
    [
      906.375,
      77.625
    ],
    [
      893.875,
      88.875
    ],
    [
      746.375,
      65.125
    ],
    [
      956.375,
      106.375
    ],
    [
      273.875,
      35.125
    ],
    [
      255.125,
      45.125
    ],
    [
      300.125,
      78.875
    ],
    [
      387.625,
      138.875
    ],
    [
      586.375,
      183.875
    ],
    [
      463.875,
      165.125
    ],
    [
      215.125,
      132.625
    ],
    [
      445.125,
      176.375
    ],
    [
      592.625,
      205.125
    ],
    [
      305.125,
      200.125
    ],
    [
      556.375,
      232.625
    ],
    [
      510.125,
      243.875
    ],
    [
      478.875,
      270.125
    ],
    [
      585.125,
      278.875
    ],
    [
      615.125,
      322.625
    ],
    [
      632.625,
      337.625
    ],
    [
      672.625,
      351.375
    ],
    [
      646.375,
      373.875
    ],
    [
      700.125,
      397.625
    ],
    [
      613.875,
      412.625
    ],
    [
      787.625,
      438.875
    ]
  ],
  "mpts3D": [
    [
      0.21699999272823334,
      -0.0,
      -0.027000000700354576
    ],
    [
      0.23000000417232513,
      0.0,
      -0.07000000029802322
    ],
    [
      0.21699999272823334,
      -0.0,
      -0.07000000029802322
    ],
    [
      0.17000000178813934,
      -0.0,
      -0.014999999664723873
    ],
    [
      0.23000000417232513,
      -0.0,
      -0.11299999803304672
    ],
    [
      -0.0,
      -0.0,
      0.15600000321865082
    ],
    [
      -0.014000000432133675,
      0.0,
      0.15600000321865082
    ],
    [
      -0.01899999938905239,
      -0.0,
      0.12800000607967377
    ],
    [
      -0.01899999938905239,
      -0.0,
      0.07400000095367432
    ],
    [
      0.02500000037252903,
      -0.014000000432133675,
      -0.010999999940395355
    ],
    [
      0.0,
      0.0,
      0.041999999433755875
    ],
    [
      -0.07400000095367432,
      -0.0,
      0.12800000607967377
    ],
    [
      -0.014000000432133675,
      0.0,
      0.041999999433755875
    ],
    [
      0.02500000037252903,
      0.0,
      -0.014999999664723873
    ],
    [
      -0.07400000095367432,
      -0.0,
      0.07400000095367432
    ],
    [
      0.0,
      -0.0,
      -0.014999999664723873
    ],
    [
      -0.03500000014901161,
      -0.017999999225139618,
      -0.009999999776482582
    ],
    [
      -0.05700000002980232,
      -0.017999999225139618,
      -0.009999999776482582
    ],
    [
      -0.014000000432133675,
      0.0,
      -0.041999999433755875
    ],
    [
      -0.023000000044703484,
      0.0,
      -0.06499999761581421
    ],
    [
      -0.023000000044703484,
      -0.0,
      -0.07500000298023224
    ],
    [
      -0.017000000923871994,
      -0.0,
      -0.09200000017881393
    ],
    [
      -0.03700000047683716,
      -0.0,
      -0.09700000286102295
    ],
    [
      -0.028999999165534973,
      -0.0,
      -0.12700000405311584
    ],
    [
      -0.052000001072883606,
      -0.0,
      -0.09700000286102295
    ],
    [
      -0.014000000432133675,
      0.0,
      -0.15600000321865082
    ]
  ],
  "mconf": [
    0.9687617421150208,
    0.26921746134757996,
    0.8301601409912109,
    0.7853374481201172,
    0.1109975203871727,
    0.8656535148620605,
    0.989189624786377,
    0.9947407841682434,
    0.9954403042793274,
    0.9731966853141785,
    0.6615058779716492,
    0.9927095174789429,
    0.9702408313751221,
    0.9621897339820862,
    0.9986688494682312,
    0.980221152305603,
    0.9951117634773254,
    0.998065173625946,
    0.997966468334198,
    0.995965301990509,
    0.9944440126419067,
    0.9995778203010559,
    0.9996311068534851,
    0.998513400554657,
    0.9995922446250916,
    0.17214617133140564
  ],
  "coverage_score": 0.6742939480062112,
  "pose_estimation_failed": false,
  "tracking_method": "loosely_coupled",
  "kf_translation_vector": [
    0.00738049284453908,
    -0.03817567214435878,
    0.7682347084839983
  ],
  "kf_quaternion": [
    0.44590218131495984,
    -0.4203684358073986,
    -0.11260118191029346,
    0.7821653256874833
  ],
  "kf_rotation_matrix": [
    [
      0.6212227040184921,
      -0.19874092472163293,
      -0.7580134542689485
    ],
    [
      -0.5510318852082738,
      0.5769844370619314,
      -0.6028704843265608
    ],
    [
      0.5571770037391788,
      0.7922064151653384,
      0.2489232457508035
    ]
  ],
  "position_diff": 0.09913623063749079,
  "orientation_diff": 3.2487437420160012,
  "timestamp": 1741869948.5518842,
  "image_file": "webcam_000091"
}