{
  "frame": 1,
  "object_rotation_in_cam": [
    [
      0.48543811039022,
      -0.2713048320184531,
      -0.8311098177161738
    ],
    [
      -0.6304040821961037,
      0.5500421177854293,
      -0.5477630526172863
    ],
    [
      0.6057561672251144,
      0.7898400830456496,
      0.09597973266883268
    ]
  ],
  "object_translation_in_cam": [
    -0.008708757434261208,
    -0.09166773896098869,
    0.6746710712019557
  ],
  "raw_rvec": [
    1.0087404710822216,
    -1.0835985890638173,
    -0.270811227285248
  ],
  "refined_raw_rvec": [
    1.0087404710822216,
    -1.0835985890638173,
    -0.270811227285248
  ],
  "num_inliers": 11,
  "total_matches": 17,
  "inlier_ratio": 0.6470588235294118,
  "reprojection_errors": [
    2.333963394165039,
    3.4673802852630615,
    1.3336302042007446,
    0.8831834197044373,
    2.9145843982696533,
    2.2537505626678467,
    2.569207191467285,
    2.780878782272339,
    2.519535541534424,
    2.714867353439331,
    1.2201207876205444
  ],
  "mean_reprojection_error": 2.271918296813965,
  "std_reprojection_error": 0.7607720494270325,
  "inliers": [
    0,
    2,
    4,
    5,
    6,
    7,
    8,
    10,
    11,
    14,
    16
  ],
  "mkpts0": [
    [
      478.875,
      281.375
    ],
    [
      590.125,
      283.875
    ],
    [
      522.625,
      286.375
    ],
    [
      386.375,
      288.875
    ],
    [
      511.375,
      292.625
    ],
    [
      597.625,
      297.625
    ],
    [
      430.125,
      311.375
    ],
    [
      540.125,
      313.875
    ],
    [
      518.875,
      327.625
    ],
    [
      586.375,
      330.125
    ],
    [
      602.625,
      347.625
    ],
    [
      611.375,
      352.625
    ],
    [
      617.625,
      368.875
    ],
    [
      650.125,
      376.375
    ],
    [
      715.125,
      383.875
    ],
    [
      595.125,
      388.875
    ],
    [
      702.625,
      391.375
    ]
  ],
  "mkpts1": [
    [
      431.375,
      63.875
    ],
    [
      632.625,
      96.375
    ],
    [
      507.625,
      83.875
    ],
    [
      258.875,
      66.375
    ],
    [
      492.625,
      97.625
    ],
    [
      637.625,
      117.625
    ],
    [
      361.375,
      130.125
    ],
    [
      573.875,
      160.125
    ],
    [
      548.875,
      190.125
    ],
    [
      646.375,
      191.375
    ],
    [
      682.625,
      233.875
    ],
    [
      701.375,
      246.375
    ],
    [
      713.875,
      291.375
    ],
    [
      773.875,
      300.125
    ],
    [
      871.375,
      317.625
    ],
    [
      698.875,
      321.375
    ],
    [
      861.375,
      333.875
    ]
  ],
  "mpts3D": [
    [
      -0.01899999938905239,
      -0.0,
      0.07400000095367432
    ],
    [
      0.02500000037252903,
      -0.014000000432133675,
      -0.010999999940395355
    ],
    [
      0.0,
      0.0,
      0.041999999433755875
    ],
    [
      -0.07400000095367432,
      -0.0,
      0.12800000607967377
    ],
    [
      -0.014000000432133675,
      0.0,
      0.041999999433755875
    ],
    [
      0.02500000037252903,
      0.0,
      -0.014999999664723873
    ],
    [
      -0.07400000095367432,
      -0.0,
      0.07400000095367432
    ],
    [
      -0.03500000014901161,
      -0.017999999225139618,
      -0.009999999776482582
    ],
    [
      -0.05700000002980232,
      -0.017999999225139618,
      -0.009999999776482582
    ],
    [
      -0.014000000432133675,
      0.0,
      -0.041999999433755875
    ],
    [
      -0.023000000044703484,
      0.0,
      -0.06499999761581421
    ],
    [
      -0.023000000044703484,
      -0.0,
      -0.07500000298023224
    ],
    [
      -0.03700000047683716,
      -0.0,
      -0.09700000286102295
    ],
    [
      -0.028999999165534973,
      -0.0,
      -0.12700000405311584
    ],
    [
      0.0,
      0.0,
      -0.15600000321865082
    ],
    [
      -0.052000001072883606,
      -0.0,
      -0.09700000286102295
    ],
    [
      -0.014000000432133675,
      0.0,
      -0.15600000321865082
    ]
  ],
  "mconf": [
    0.9989666938781738,
    0.1946602761745453,
    0.6095873117446899,
    0.9727609157562256,
    0.8110390901565552,
    0.9941038489341736,
    0.9981672763824463,
    0.9676503539085388,
    0.9976292848587036,
    0.9943552017211914,
    0.9970365166664124,
    0.9874036908149719,
    0.2813619375228882,
    0.9980071783065796,
    0.935951292514801,
    0.9974961876869202,
    0.9990994334220886
  ],
  "coverage_score": 0.6758220575766962,
  "pose_estimation_failed": false,
  "tracking_method": "pnp",
  "timestamp": 1741869607.2027938,
  "image_file": "webcam_000001"
}