{
  "frame": 18,
  "object_rotation_in_cam": [
    [
      0.4768176270031394,
      -0.2888198840903675,
      -0.8301975819846272
    ],
    [
      -0.5586381268249943,
      0.6296328480375771,
      -0.5398943599719774
    ],
    [
      0.6786518944470403,
      0.7212111696487487,
      0.13887424144645089
    ]
  ],
  "object_translation_in_cam": [
    -0.011856974462933394,
    -0.02889921265065543,
    0.7252759139849272
  ],
  "raw_rvec": [
    0.9198760771165614,
    -1.1005855614293938,
    -0.1968109256771381
  ],
  "refined_raw_rvec": [
    0.9198760771165614,
    -1.1005855614293938,
    -0.1968109256771381
  ],
  "num_inliers": 12,
  "total_matches": 25,
  "inlier_ratio": 0.48,
  "reprojection_errors": [
    1.6901270151138306,
    0.8282605409622192,
    1.6278127431869507,
    2.7605950832366943,
    1.8642256259918213,
    2.3396763801574707,
    2.0240626335144043,
    1.732471227645874,
    3.679090976715088,
    0.7643638253211975,
    0.7195033431053162,
    3.0015692710876465
  ],
  "mean_reprojection_error": 1.9193133115768433,
  "std_reprojection_error": 0.880474328994751,
  "inliers": [
    2,
    4,
    8,
    10,
    11,
    13,
    14,
    15,
    16,
    17,
    18,
    19
  ],
  "mkpts0": [
    [
      745.125,
      201.375
    ],
    [
      793.875,
      220.125
    ],
    [
      705.125,
      223.875
    ],
    [
      425.125,
      242.625
    ],
    [
      413.875,
      248.875
    ],
    [
      436.375,
      260.125
    ],
    [
      478.875,
      281.375
    ],
    [
      590.125,
      283.875
    ],
    [
      522.625,
      286.375
    ],
    [
      386.375,
      288.875
    ],
    [
      511.375,
      292.625
    ],
    [
      597.625,
      297.625
    ],
    [
      430.125,
      311.375
    ],
    [
      575.125,
      312.625
    ],
    [
      540.125,
      313.875
    ],
    [
      518.875,
      327.625
    ],
    [
      586.375,
      330.125
    ],
    [
      602.625,
      347.625
    ],
    [
      611.375,
      352.625
    ],
    [
      636.375,
      357.625
    ],
    [
      617.625,
      368.875
    ],
    [
      650.125,
      376.375
    ],
    [
      715.125,
      383.875
    ],
    [
      595.125,
      388.875
    ],
    [
      702.625,
      391.375
    ]
  ],
  "mkpts1": [
    [
      807.625,
      90.125
    ],
    [
      876.375,
      147.625
    ],
    [
      745.125,
      127.625
    ],
    [
      322.625,
      110.125
    ],
    [
      307.625,
      118.875
    ],
    [
      353.875,
      150.125
    ],
    [
      442.625,
      203.875
    ],
    [
      627.625,
      240.125
    ],
    [
      512.625,
      225.125
    ],
    [
      286.375,
      202.625
    ],
    [
      497.625,
      237.625
    ],
    [
      631.375,
      260.125
    ],
    [
      376.375,
      263.875
    ],
    [
      603.875,
      287.625
    ],
    [
      571.375,
      297.625
    ],
    [
      547.625,
      322.625
    ],
    [
      636.375,
      328.875
    ],
    [
      670.125,
      368.875
    ],
    [
      687.625,
      380.125
    ],
    [
      725.125,
      392.625
    ],
    [
      703.875,
      412.625
    ],
    [
      753.875,
      432.625
    ],
    [
      843.875,
      452.625
    ],
    [
      681.375,
      450.125
    ],
    [
      833.875,
      467.625
    ]
  ],
  "mpts3D": [
    [
      0.21699999272823334,
      -0.0,
      -0.027000000700354576
    ],
    [
      0.21699999272823334,
      -0.0,
      -0.07000000029802322
    ],
    [
      0.17000000178813934,
      -0.0,
      -0.014999999664723873
    ],
    [
      -0.0,
      -0.0,
      0.15600000321865082
    ],
    [
      -0.014000000432133675,
      0.0,
      0.15600000321865082
    ],
    [
      -0.01899999938905239,
      -0.0,
      0.12800000607967377
    ],
    [
      -0.01899999938905239,
      -0.0,
      0.07400000095367432
    ],
    [
      0.02500000037252903,
      -0.014000000432133675,
      -0.010999999940395355
    ],
    [
      0.0,
      0.0,
      0.041999999433755875
    ],
    [
      -0.07400000095367432,
      -0.0,
      0.12800000607967377
    ],
    [
      -0.014000000432133675,
      0.0,
      0.041999999433755875
    ],
    [
      0.02500000037252903,
      0.0,
      -0.014999999664723873
    ],
    [
      -0.07400000095367432,
      -0.0,
      0.07400000095367432
    ],
    [
      0.0,
      -0.0,
      -0.014999999664723873
    ],
    [
      -0.03500000014901161,
      -0.017999999225139618,
      -0.009999999776482582
    ],
    [
      -0.05700000002980232,
      -0.017999999225139618,
      -0.009999999776482582
    ],
    [
      -0.014000000432133675,
      0.0,
      -0.041999999433755875
    ],
    [
      -0.023000000044703484,
      0.0,
      -0.06499999761581421
    ],
    [
      -0.023000000044703484,
      -0.0,
      -0.07500000298023224
    ],
    [
      -0.017000000923871994,
      -0.0,
      -0.09200000017881393
    ],
    [
      -0.03700000047683716,
      -0.0,
      -0.09700000286102295
    ],
    [
      -0.028999999165534973,
      -0.0,
      -0.12700000405311584
    ],
    [
      0.0,
      0.0,
      -0.15600000321865082
    ],
    [
      -0.052000001072883606,
      -0.0,
      -0.09700000286102295
    ],
    [
      -0.014000000432133675,
      0.0,
      -0.15600000321865082
    ]
  ],
  "mconf": [
    0.10083970427513123,
    0.13100309669971466,
    0.8733471035957336,
    0.9358124136924744,
    0.9947697520256042,
    0.9959620237350464,
    0.9985387325286865,
    0.964605987071991,
    0.9626046419143677,
    0.9951807856559753,
    0.9957932829856873,
    0.9872719645500183,
    0.9992507100105286,
    0.9959115982055664,
    0.9977017045021057,
    0.9980852007865906,
    0.9988253116607666,
    0.9955483078956604,
    0.9964043498039246,
    0.9998784065246582,
    0.9996632933616638,
    0.999695360660553,
    0.9903962016105652,
    0.9997045993804932,
    0.9997092485427856
  ],
  "coverage_score": 0.6854752972273345,
  "pose_estimation_failed": false,
  "tracking_method": "loosely_coupled",
  "kf_translation_vector": [
    -0.01081725277285956,
    -0.09254136724548073,
    0.6898627899272265
  ],
  "kf_quaternion": [
    0.45605706792642603,
    -0.4863996455287131,
    -0.11327162095673739,
    0.7366117535783194
  ],
  "kf_rotation_matrix": [
    [
      0.5011698494307508,
      -0.27677757767335365,
      -0.8198920383311631
    ],
    [
      -0.6105264070477578,
      0.5583629813603689,
      -0.5616834405105032
    ],
    [
      0.6132587449999504,
      0.7820645456377825,
      0.11085467124778692
    ]
  ],
  "position_diff": 0.07420197766802843,
  "orientation_diff": 5.394407868070188,
  "timestamp": 1741869609.4828613,
  "image_file": "webcam_000018"
}