{
  "frame": 15,
  "object_rotation_in_cam": [
    [
      0.5068370582424975,
      -0.2719780040894162,
      -0.8180123236746674
    ],
    [
      -0.5759290143859472,
      0.5992333321055763,
      -0.5560801957290689
    ],
    [
      0.6414218321670401,
      0.7529590818797431,
      0.14707363541536514
    ]
  ],
  "object_translation_in_cam": [
    -0.00319612346792204,
    -0.03883387334656643,
    0.720112396598775
  ],
  "raw_rvec": [
    0.9527126329511184,
    -1.0621693183802647,
    -0.22121411653646114
  ],
  "refined_raw_rvec": [
    0.9527126329511184,
    -1.0621693183802647,
    -0.22121411653646114
  ],
  "num_inliers": 12,
  "total_matches": 23,
  "inlier_ratio": 0.5217391304347826,
  "reprojection_errors": [
    1.6828750371932983,
    1.8259490728378296,
    3.3963308334350586,
    2.5098416805267334,
    3.0751454830169678,
    2.9903297424316406,
    2.134725332260132,
    3.8003127574920654,
    2.2149922847747803,
    1.3200976848602295,
    4.692098140716553,
    1.760211706161499
  ],
  "mean_reprojection_error": 2.6169092655181885,
  "std_reprojection_error": 0.956685483455658,
  "inliers": [
    4,
    7,
    9,
    10,
    11,
    13,
    14,
    15,
    16,
    17,
    18,
    22
  ],
  "mkpts0": [
    [
      705.125,
      223.875
    ],
    [
      425.125,
      242.625
    ],
    [
      413.875,
      248.875
    ],
    [
      436.375,
      260.125
    ],
    [
      478.875,
      281.375
    ],
    [
      590.125,
      283.875
    ],
    [
      522.625,
      286.375
    ],
    [
      386.375,
      288.875
    ],
    [
      350.125,
      290.125
    ],
    [
      511.375,
      292.625
    ],
    [
      597.625,
      297.625
    ],
    [
      430.125,
      311.375
    ],
    [
      575.125,
      312.625
    ],
    [
      540.125,
      313.875
    ],
    [
      518.875,
      327.625
    ],
    [
      586.375,
      330.125
    ],
    [
      602.625,
      347.625
    ],
    [
      611.375,
      352.625
    ],
    [
      636.375,
      357.625
    ],
    [
      617.625,
      368.875
    ],
    [
      715.125,
      383.875
    ],
    [
      595.125,
      388.875
    ],
    [
      702.625,
      391.375
    ]
  ],
  "mkpts1": [
    [
      823.875,
      70.125
    ],
    [
      331.375,
      92.625
    ],
    [
      316.375,
      101.375
    ],
    [
      365.125,
      133.875
    ],
    [
      455.125,
      186.375
    ],
    [
      642.625,
      222.625
    ],
    [
      526.375,
      207.625
    ],
    [
      295.125,
      186.375
    ],
    [
      226.375,
      172.625
    ],
    [
      510.125,
      218.875
    ],
    [
      646.375,
      241.375
    ],
    [
      388.875,
      246.375
    ],
    [
      618.875,
      268.875
    ],
    [
      586.375,
      280.125
    ],
    [
      561.375,
      305.125
    ],
    [
      652.625,
      310.125
    ],
    [
      686.375,
      348.875
    ],
    [
      703.875,
      362.625
    ],
    [
      742.625,
      375.125
    ],
    [
      720.125,
      393.875
    ],
    [
      862.625,
      433.875
    ],
    [
      697.625,
      431.375
    ],
    [
      852.625,
      448.875
    ]
  ],
  "mpts3D": [
    [
      0.17000000178813934,
      -0.0,
      -0.014999999664723873
    ],
    [
      -0.0,
      -0.0,
      0.15600000321865082
    ],
    [
      -0.014000000432133675,
      0.0,
      0.15600000321865082
    ],
    [
      -0.01899999938905239,
      -0.0,
      0.12800000607967377
    ],
    [
      -0.01899999938905239,
      -0.0,
      0.07400000095367432
    ],
    [
      0.02500000037252903,
      -0.014000000432133675,
      -0.010999999940395355
    ],
    [
      0.0,
      0.0,
      0.041999999433755875
    ],
    [
      -0.07400000095367432,
      -0.0,
      0.12800000607967377
    ],
    [
      -0.07999999821186066,
      -0.0,
      0.15600000321865082
    ],
    [
      -0.014000000432133675,
      0.0,
      0.041999999433755875
    ],
    [
      0.02500000037252903,
      0.0,
      -0.014999999664723873
    ],
    [
      -0.07400000095367432,
      -0.0,
      0.07400000095367432
    ],
    [
      0.0,
      -0.0,
      -0.014999999664723873
    ],
    [
      -0.03500000014901161,
      -0.017999999225139618,
      -0.009999999776482582
    ],
    [
      -0.05700000002980232,
      -0.017999999225139618,
      -0.009999999776482582
    ],
    [
      -0.014000000432133675,
      0.0,
      -0.041999999433755875
    ],
    [
      -0.023000000044703484,
      0.0,
      -0.06499999761581421
    ],
    [
      -0.023000000044703484,
      -0.0,
      -0.07500000298023224
    ],
    [
      -0.017000000923871994,
      -0.0,
      -0.09200000017881393
    ],
    [
      -0.03700000047683716,
      -0.0,
      -0.09700000286102295
    ],
    [
      0.0,
      0.0,
      -0.15600000321865082
    ],
    [
      -0.052000001072883606,
      -0.0,
      -0.09700000286102295
    ],
    [
      -0.014000000432133675,
      0.0,
      -0.15600000321865082
    ]
  ],
  "mconf": [
    0.10882746428251266,
    0.9600457549095154,
    0.9926775693893433,
    0.993343710899353,
    0.9978384971618652,
    0.9377949237823486,
    0.947207510471344,
    0.9957395792007446,
    0.29603004455566406,
    0.9959328770637512,
    0.9845311045646667,
    0.9984739422798157,
    0.995150625705719,
    0.9973795413970947,
    0.9990603923797607,
    0.9892104268074036,
    0.9981358051300049,
    0.9989345073699951,
    0.9996335506439209,
    0.9987066388130188,
    0.9556090831756592,
    0.999615490436554,
    0.999718964099884
  ],
  "coverage_score": 0.6403360647604436,
  "pose_estimation_failed": false,
  "tracking_method": "loosely_coupled",
  "kf_translation_vector": [
    -0.010374290393572929,
    -0.09326702002506931,
    0.6837320580831957
  ],
  "kf_quaternion": [
    0.4549555523167979,
    -0.48807476958847373,
    -0.11465201701102047,
    0.7359710454240577
  ],
  "kf_rotation_matrix": [
    [
      0.49727586857292594,
      -0.2753435231008807,
      -0.8227409402852376
    ],
    [
      -0.6128657823791911,
      0.5597407208228441,
      -0.5577507133491314
    ],
    [
      0.6140946533913026,
      0.7815857404911618,
      0.10959692941455135
    ]
  ],
  "position_diff": 0.06685417338370307,
  "orientation_diff": 3.1565420182553154,
  "timestamp": 1741869609.0788832,
  "image_file": "webcam_000015"
}