{
  "frame": 112,
  "object_rotation_in_cam": [
    [
      0.609260571716671,
      -0.22062386288412444,
      -0.7616604669257571
    ],
    [
      -0.539928365116034,
      0.5880456441726013,
      -0.6022289273297631
    ],
    [
      0.580757192202216,
      0.7781564312499881,
      0.2391519437714878
    ]
  ],
  "object_translation_in_cam": [
    -0.007894625032361907,
    -0.04122813090282381,
    0.6898111321759125
  ],
  "raw_rvec": [
    0.9553360394142808,
    -0.9290593831208144,
    -0.22098401481397428
  ],
  "refined_raw_rvec": [
    0.9553360394142808,
    -0.9290593831208144,
    -0.22098401481397428
  ],
  "num_inliers": 14,
  "total_matches": 26,
  "inlier_ratio": 0.5384615384615384,
  "reprojection_errors": [
    1.2668575048446655,
    2.310772657394409,
    2.7046852111816406,
    3.460350275039673,
    1.5671414136886597,
    1.9093222618103027,
    2.492480993270874,
    3.624495267868042,
    3.6260457038879395,
    2.119987964630127,
    2.3230679035186768,
    2.8743386268615723,
    1.840844750404358,
    2.720639228820801
  ],
  "mean_reprojection_error": 2.48864483833313,
  "std_reprojection_error": 0.7106069922447205,
  "inliers": [
    0,
    3,
    7,
    8,
    11,
    13,
    14,
    15,
    16,
    17,
    18,
    19,
    20,
    21
  ],
  "mkpts0": [
    [
      745.125,
      201.375
    ],
    [
      805.125,
      212.625
    ],
    [
      793.875,
      220.125
    ],
    [
      705.125,
      223.875
    ],
    [
      835.125,
      225.125
    ],
    [
      425.125,
      242.625
    ],
    [
      413.875,
      248.875
    ],
    [
      436.375,
      260.125
    ],
    [
      478.875,
      281.375
    ],
    [
      590.125,
      283.875
    ],
    [
      522.625,
      286.375
    ],
    [
      386.375,
      288.875
    ],
    [
      350.125,
      290.125
    ],
    [
      511.375,
      292.625
    ],
    [
      597.625,
      297.625
    ],
    [
      430.125,
      311.375
    ],
    [
      575.125,
      312.625
    ],
    [
      540.125,
      313.875
    ],
    [
      518.875,
      327.625
    ],
    [
      586.375,
      330.125
    ],
    [
      602.625,
      347.625
    ],
    [
      611.375,
      352.625
    ],
    [
      636.375,
      357.625
    ],
    [
      617.625,
      368.875
    ],
    [
      650.125,
      376.375
    ],
    [
      595.125,
      388.875
    ]
  ],
  "mkpts1": [
    [
      867.625,
      71.375
    ],
    [
      962.625,
      113.875
    ],
    [
      948.875,
      123.875
    ],
    [
      801.375,
      98.875
    ],
    [
      1012.625,
      142.625
    ],
    [
      335.125,
      65.125
    ],
    [
      316.375,
      73.875
    ],
    [
      361.375,
      107.625
    ],
    [
      445.125,
      166.375
    ],
    [
      640.125,
      213.875
    ],
    [
      518.875,
      192.625
    ],
    [
      276.375,
      158.875
    ],
    [
      210.125,
      140.125
    ],
    [
      500.125,
      203.875
    ],
    [
      646.375,
      233.875
    ],
    [
      362.625,
      223.875
    ],
    [
      608.875,
      261.375
    ],
    [
      563.875,
      270.125
    ],
    [
      532.625,
      296.375
    ],
    [
      638.875,
      307.625
    ],
    [
      667.625,
      351.375
    ],
    [
      685.125,
      366.375
    ],
    [
      725.125,
      380.125
    ],
    [
      700.125,
      401.375
    ],
    [
      752.625,
      426.375
    ],
    [
      666.375,
      440.125
    ]
  ],
  "mpts3D": [
    [
      0.21699999272823334,
      -0.0,
      -0.027000000700354576
    ],
    [
      0.23000000417232513,
      0.0,
      -0.07000000029802322
    ],
    [
      0.21699999272823334,
      -0.0,
      -0.07000000029802322
    ],
    [
      0.17000000178813934,
      -0.0,
      -0.014999999664723873
    ],
    [
      0.23000000417232513,
      -0.0,
      -0.11299999803304672
    ],
    [
      -0.0,
      -0.0,
      0.15600000321865082
    ],
    [
      -0.014000000432133675,
      0.0,
      0.15600000321865082
    ],
    [
      -0.01899999938905239,
      -0.0,
      0.12800000607967377
    ],
    [
      -0.01899999938905239,
      -0.0,
      0.07400000095367432
    ],
    [
      0.02500000037252903,
      -0.014000000432133675,
      -0.010999999940395355
    ],
    [
      0.0,
      0.0,
      0.041999999433755875
    ],
    [
      -0.07400000095367432,
      -0.0,
      0.12800000607967377
    ],
    [
      -0.07999999821186066,
      -0.0,
      0.15600000321865082
    ],
    [
      -0.014000000432133675,
      0.0,
      0.041999999433755875
    ],
    [
      0.02500000037252903,
      0.0,
      -0.014999999664723873
    ],
    [
      -0.07400000095367432,
      -0.0,
      0.07400000095367432
    ],
    [
      0.0,
      -0.0,
      -0.014999999664723873
    ],
    [
      -0.03500000014901161,
      -0.017999999225139618,
      -0.009999999776482582
    ],
    [
      -0.05700000002980232,
      -0.017999999225139618,
      -0.009999999776482582
    ],
    [
      -0.014000000432133675,
      0.0,
      -0.041999999433755875
    ],
    [
      -0.023000000044703484,
      0.0,
      -0.06499999761581421
    ],
    [
      -0.023000000044703484,
      -0.0,
      -0.07500000298023224
    ],
    [
      -0.017000000923871994,
      -0.0,
      -0.09200000017881393
    ],
    [
      -0.03700000047683716,
      -0.0,
      -0.09700000286102295
    ],
    [
      -0.028999999165534973,
      -0.0,
      -0.12700000405311584
    ],
    [
      -0.052000001072883606,
      -0.0,
      -0.09700000286102295
    ]
  ],
  "mconf": [
    0.9786927700042725,
    0.8106303215026855,
    0.9961944818496704,
    0.8438960909843445,
    0.598844051361084,
    0.9035840630531311,
    0.9899728894233704,
    0.9966331720352173,
    0.9967010617256165,
    0.9630542993545532,
    0.7761452794075012,
    0.9878746867179871,
    0.34126031398773193,
    0.9738350510597229,
    0.939575731754303,
    0.9991775751113892,
    0.9916406273841858,
    0.9958010315895081,
    0.998684287071228,
    0.9990038275718689,
    0.9978756308555603,
    0.9978331327438354,
    0.9997910261154175,
    0.9997611045837402,
    0.9994434118270874,
    0.9997615814208984
  ],
  "coverage_score": 0.7742903032614272,
  "pose_estimation_failed": false,
  "tracking_method": "loosely_coupled",
  "kf_translation_vector": [
    -0.0027534406891912256,
    -0.043476988495550775,
    0.7647663505598478
  ],
  "kf_quaternion": [
    0.4380703016326356,
    -0.4265322124175381,
    -0.12062328045753555,
    0.7820579945306836
  ],
  "kf_rotation_matrix": [
    [
      0.6070405919637258,
      -0.1850333882829077,
      -0.7728288069998919
    ],
    [
      -0.5623709915162375,
      0.5870888700783088,
      -0.5822933337513136
    ],
    [
      0.5614628995840896,
      0.788092192481769,
      0.25232936519538374
    ]
  ],
  "position_diff": 0.0785520496084078,
  "orientation_diff": 2.150674257091258,
  "timestamp": 1741869951.374884,
  "image_file": "webcam_000112"
}