{
  "frame": 75,
  "object_rotation_in_cam": [
    [
      0.6084963521723682,
      -0.2133910947421908,
      -0.7643274364286884
    ],
    [
      -0.3558630033579438,
      0.7875134556583441,
      -0.5031740056860226
    ],
    [
      0.7092909926355934,
      0.5781754040442941,
      0.40326106918996285
    ]
  ],
  "object_translation_in_cam": [
    -0.022408837161453737,
    -0.0028517357926433656,
    0.6647523070071575
  ],
  "raw_rvec": [
    0.684003284144595,
    -0.9321314979099566,
    -0.0901200412323964
  ],
  "refined_raw_rvec": [
    0.684003284144595,
    -0.9321314979099566,
    -0.0901200412323964
  ],
  "num_inliers": 12,
  "total_matches": 33,
  "inlier_ratio": 0.36363636363636365,
  "reprojection_errors": [
    0.41153407096862793,
    0.14316284656524658,
    2.8523831367492676,
    4.310616970062256,
    0.7865456938743591,
    1.7570054531097412,
    1.7111930847167969,
    3.421396255493164,
    3.1383161544799805,
    2.6931138038635254,
    1.6505452394485474,
    3.0699596405029297
  ],
  "mean_reprojection_error": 2.1621477603912354,
  "std_reprojection_error": 1.2382606267929077,
  "inliers": [
    3,
    4,
    12,
    14,
    17,
    19,
    20,
    21,
    23,
    24,
    25,
    32
  ],
  "mkpts0": [
    [
      727.625,
      126.375
    ],
    [
      727.625,
      143.875
    ],
    [
      636.375,
      157.625
    ],
    [
      663.875,
      165.125
    ],
    [
      656.375,
      171.375
    ],
    [
      356.375,
      195.125
    ],
    [
      745.125,
      201.375
    ],
    [
      805.125,
      212.625
    ],
    [
      793.875,
      220.125
    ],
    [
      425.125,
      242.625
    ],
    [
      413.875,
      248.875
    ],
    [
      436.375,
      260.125
    ],
    [
      478.875,
      281.375
    ],
    [
      590.125,
      283.875
    ],
    [
      522.625,
      286.375
    ],
    [
      386.375,
      288.875
    ],
    [
      350.125,
      290.125
    ],
    [
      511.375,
      292.625
    ],
    [
      597.625,
      297.625
    ],
    [
      430.125,
      311.375
    ],
    [
      575.125,
      312.625
    ],
    [
      540.125,
      313.875
    ],
    [
      518.875,
      327.625
    ],
    [
      586.375,
      330.125
    ],
    [
      602.625,
      347.625
    ],
    [
      611.375,
      352.625
    ],
    [
      636.375,
      357.625
    ],
    [
      617.625,
      368.875
    ],
    [
      650.125,
      376.375
    ],
    [
      496.375,
      377.625
    ],
    [
      516.375,
      388.875
    ],
    [
      595.125,
      388.875
    ],
    [
      702.625,
      391.375
    ]
  ],
  "mkpts1": [
    [
      855.125,
      75.125
    ],
    [
      847.625,
      102.625
    ],
    [
      668.875,
      100.125
    ],
    [
      713.875,
      123.875
    ],
    [
      701.375,
      130.125
    ],
    [
      198.875,
      73.875
    ],
    [
      850.125,
      205.125
    ],
    [
      947.625,
      242.625
    ],
    [
      935.125,
      250.125
    ],
    [
      311.375,
      178.875
    ],
    [
      291.375,
      181.375
    ],
    [
      332.625,
      208.875
    ],
    [
      411.375,
      255.125
    ],
    [
      612.625,
      297.625
    ],
    [
      486.375,
      281.375
    ],
    [
      241.375,
      241.375
    ],
    [
      176.375,
      228.875
    ],
    [
      466.375,
      287.625
    ],
    [
      618.875,
      321.375
    ],
    [
      321.375,
      296.375
    ],
    [
      578.875,
      338.875
    ],
    [
      527.625,
      332.625
    ],
    [
      491.375,
      352.625
    ],
    [
      606.375,
      378.875
    ],
    [
      636.375,
      415.125
    ],
    [
      655.125,
      428.875
    ],
    [
      697.625,
      443.875
    ],
    [
      667.625,
      458.875
    ],
    [
      726.375,
      485.125
    ],
    [
      438.875,
      440.125
    ],
    [
      502.625,
      483.875
    ],
    [
      630.125,
      491.375
    ],
    [
      823.875,
      530.125
    ]
  ],
  "mpts3D": [
    [
      0.20600000023841858,
      -0.07000000029802322,
      -0.0020000000949949026
    ],
    [
      0.20600000023841858,
      -0.054999999701976776,
      -0.0020000000949949026
    ],
    [
      0.23000000417232513,
      -0.0,
      0.11299999803304672
    ],
    [
      0.23000000417232513,
      -0.0,
      0.07000000029802322
    ],
    [
      0.21699999272823334,
      0.0,
      0.07000000029802322
    ],
    [
      -0.0,
      -0.02500000037252903,
      0.23999999463558197
    ],
    [
      0.21699999272823334,
      -0.0,
      -0.027000000700354576
    ],
    [
      0.23000000417232513,
      0.0,
      -0.07000000029802322
    ],
    [
      0.21699999272823334,
      -0.0,
      -0.07000000029802322
    ],
    [
      -0.0,
      -0.0,
      0.15600000321865082
    ],
    [
      -0.014000000432133675,
      0.0,
      0.15600000321865082
    ],
    [
      -0.01899999938905239,
      -0.0,
      0.12800000607967377
    ],
    [
      -0.01899999938905239,
      -0.0,
      0.07400000095367432
    ],
    [
      0.02500000037252903,
      -0.014000000432133675,
      -0.010999999940395355
    ],
    [
      0.0,
      0.0,
      0.041999999433755875
    ],
    [
      -0.07400000095367432,
      -0.0,
      0.12800000607967377
    ],
    [
      -0.07999999821186066,
      -0.0,
      0.15600000321865082
    ],
    [
      -0.014000000432133675,
      0.0,
      0.041999999433755875
    ],
    [
      0.02500000037252903,
      0.0,
      -0.014999999664723873
    ],
    [
      -0.07400000095367432,
      -0.0,
      0.07400000095367432
    ],
    [
      0.0,
      -0.0,
      -0.014999999664723873
    ],
    [
      -0.03500000014901161,
      -0.017999999225139618,
      -0.009999999776482582
    ],
    [
      -0.05700000002980232,
      -0.017999999225139618,
      -0.009999999776482582
    ],
    [
      -0.014000000432133675,
      0.0,
      -0.041999999433755875
    ],
    [
      -0.023000000044703484,
      0.0,
      -0.06499999761581421
    ],
    [
      -0.023000000044703484,
      -0.0,
      -0.07500000298023224
    ],
    [
      -0.017000000923871994,
      -0.0,
      -0.09200000017881393
    ],
    [
      -0.03700000047683716,
      -0.0,
      -0.09700000286102295
    ],
    [
      -0.028999999165534973,
      -0.0,
      -0.12700000405311584
    ],
    [
      -0.09000000357627869,
      -0.0,
      -0.014999999664723873
    ],
    [
      -0.09000000357627869,
      -0.0,
      -0.041999999433755875
    ],
    [
      -0.052000001072883606,
      -0.0,
      -0.09700000286102295
    ],
    [
      -0.014000000432133675,
      0.0,
      -0.15600000321865082
    ]
  ],
  "mconf": [
    0.9695743322372437,
    0.9412990212440491,
    0.7230932116508484,
    0.6795355081558228,
    0.9763557314872742,
    0.9499850273132324,
    0.8199701905250549,
    0.10150717943906784,
    0.7171473503112793,
    0.5869956016540527,
    0.9964127540588379,
    0.996002733707428,
    0.9983935356140137,
    0.9921082258224487,
    0.9953262209892273,
    0.9978870153427124,
    0.21163542568683624,
    0.9993928670883179,
    0.9933680891990662,
    0.999337911605835,
    0.9432908892631531,
    0.9986100196838379,
    0.999428391456604,
    0.9971656203269958,
    0.9949706792831421,
    0.9955132603645325,
    0.9996875524520874,
    0.9995586276054382,
    0.9992616176605225,
    0.7891026139259338,
    0.21194756031036377,
    0.9998000860214233,
    0.8527019023895264
  ],
  "coverage_score": 0.7427376486136673,
  "pose_estimation_failed": false,
  "tracking_method": "loosely_coupled",
  "kf_translation_vector": [
    -0.03066446746016806,
    -0.018858537172064174,
    0.7057396025304842
  ],
  "kf_quaternion": [
    0.4533759215162396,
    -0.4691942110172783,
    -0.11961261070439828,
    0.7483314035222981
  ],