{
  "frame": 29,
  "object_rotation_in_cam": [
    [
      0.599124722772197,
      -0.19785831958494823,
      -0.7758232092004974
    ],
    [
      -0.48827074191522224,
      0.677655097368341,
      -0.5498865806693805
    ],
    [
      0.6345401871849384,
      0.7082624191510694,
      0.30939149384813164
    ]
  ],
  "object_translation_in_cam": [
    -0.016978917639912668,
    0.011971097526869966,
    0.7178273469187928
  ],
  "raw_rvec": [
    0.8378199146896746,
    -0.9391817190251043,
    -0.1933899013044521
  ],
  "refined_raw_rvec": [
    0.8378199146896746,
    -0.9391817190251043,
    -0.1933899013044521
  ],
  "num_inliers": 13,
  "total_matches": 30,
  "inlier_ratio": 0.43333333333333335,
  "reprojection_errors": [
    1.0896170139312744,
    0.6579214334487915,
    2.113452911376953,
    2.5212960243225098,
    2.864229202270508,
    2.1627919673919678,
    0.9683698415756226,
    1.6765446662902832,
    0.2998158931732178,
    1.4292805194854736,
    2.0051980018615723,
    1.2504754066467285,
    3.080878496170044
  ],
  "mean_reprojection_error": 1.7015286684036255,
  "std_reprojection_error": 0.8154858350753784,
  "inliers": [
    3,
    4,
    8,
    9,
    12,
    13,
    15,
    19,
    20,
    21,
    23,
    24,
    25
  ],
  "mkpts0": [
    [
      727.625,
      126.375
    ],
    [
      727.625,
      143.875
    ],
    [
      636.375,
      157.625
    ],
    [
      663.875,
      165.125
    ],
    [
      656.375,
      171.375
    ],
    [
      745.125,
      201.375
    ],
    [
      793.875,
      220.125
    ],
    [
      705.125,
      223.875
    ],
    [
      425.125,
      242.625
    ],
    [
      413.875,
      248.875
    ],
    [
      436.375,
      260.125
    ],
    [
      478.875,
      281.375
    ],
    [
      590.125,
      283.875
    ],
    [
      522.625,
      286.375
    ],
    [
      386.375,
      288.875
    ],
    [
      350.125,
      290.125
    ],
    [
      511.375,
      292.625
    ],
    [
      597.625,
      297.625
    ],
    [
      430.125,
      311.375
    ],
    [
      575.125,
      312.625
    ],
    [
      540.125,
      313.875
    ],
    [
      518.875,
      327.625
    ],
    [
      586.375,
      330.125
    ],
    [
      602.625,
      347.625
    ],
    [
      611.375,
      352.625
    ],
    [
      636.375,
      357.625
    ],
    [
      617.625,
      368.875
    ],
    [
      650.125,
      376.375
    ],
    [
      595.125,
      388.875
    ],
    [
      702.625,
      391.375
    ]
  ],
  "mkpts1": [
    [
      850.125,
      81.375
    ],
    [
      842.625,
      103.875
    ],
    [
      672.625,
      73.875
    ],
    [
      713.875,
      98.875
    ],
    [
      702.625,
      108.875
    ],
    [
      842.625,
      193.875
    ],
    [
      920.125,
      242.625
    ],
    [
      780.125,
      218.875
    ],
    [
      337.625,
      188.875
    ],
    [
      320.125,
      196.375
    ],
    [
      360.125,
      227.625
    ],
    [
      420.125,
      280.125
    ],
    [
      622.625,
      323.875
    ],
    [
      507.625,
      306.375
    ],
    [
      278.875,
      273.875
    ],
    [
      217.625,
      257.625
    ],
    [
      488.875,
      315.125
    ],
    [
      628.875,
      345.125
    ],
    [
      358.875,
      335.125
    ],
    [
      592.625,
      368.875
    ],
    [
      547.625,
      376.375
    ],
    [
      516.375,
      400.125
    ],
    [
      618.875,
      411.375
    ],
    [
      646.375,
      452.625
    ],
    [
      662.625,
      467.625
    ],
    [
      702.625,
      482.625
    ],
    [
      675.125,
      501.375
    ],
    [
      726.375,
      525.125
    ],
    [
      641.375,
      536.375
    ],
    [
      811.375,
      566.375
    ]
  ],
  "mpts3D": [
    [
      0.20600000023841858,
      -0.07000000029802322,
      -0.0020000000949949026
    ],
    [
      0.20600000023841858,
      -0.054999999701976776,
      -0.0020000000949949026
    ],
    [
      0.23000000417232513,
      -0.0,
      0.11299999803304672
    ],
    [
      0.23000000417232513,
      -0.0,
      0.07000000029802322
    ],
    [
      0.21699999272823334,
      0.0,
      0.07000000029802322
    ],
    [
      0.21699999272823334,
      -0.0,
      -0.027000000700354576
    ],
    [
      0.21699999272823334,
      -0.0,
      -0.07000000029802322
    ],
    [
      0.17000000178813934,
      -0.0,
      -0.014999999664723873
    ],
    [
      -0.0,
      -0.0,
      0.15600000321865082
    ],
    [
      -0.014000000432133675,
      0.0,
      0.15600000321865082
    ],
    [
      -0.01899999938905239,
      -0.0,
      0.12800000607967377
    ],
    [
      -0.01899999938905239,
      -0.0,
      0.07400000095367432
    ],
    [
      0.02500000037252903,
      -0.014000000432133675,
      -0.010999999940395355
    ],
    [
      0.0,
      0.0,
      0.041999999433755875
    ],
    [
      -0.07400000095367432,
      -0.0,
      0.12800000607967377
    ],
    [
      -0.07999999821186066,
      -0.0,
      0.15600000321865082
    ],
    [
      -0.014000000432133675,
      0.0,
      0.041999999433755875
    ],
    [
      0.02500000037252903,
      0.0,
      -0.014999999664723873
    ],
    [
      -0.07400000095367432,
      -0.0,
      0.07400000095367432
    ],
    [
      0.0,
      -0.0,
      -0.014999999664723873
    ],
    [
      -0.03500000014901161,
      -0.017999999225139618,
      -0.009999999776482582
    ],
    [
      -0.05700000002980232,
      -0.017999999225139618,
      -0.009999999776482582
    ],
    [
      -0.014000000432133675,
      0.0,
      -0.041999999433755875
    ],
    [
      -0.023000000044703484,
      0.0,
      -0.06499999761581421
    ],
    [
      -0.023000000044703484,
      -0.0,
      -0.07500000298023224
    ],
    [
      -0.017000000923871994,
      -0.0,
      -0.09200000017881393
    ],
    [
      -0.03700000047683716,
      -0.0,
      -0.09700000286102295
    ],
    [
      -0.028999999165534973,
      -0.0,
      -0.12700000405311584
    ],
    [
      -0.052000001072883606,
      -0.0,
      -0.09700000286102295
    ],
    [
      -0.014000000432133675,
      0.0,
      -0.15600000321865082
    ]
  ],
  "mconf": [
    0.6697463989257812,
    0.5824024081230164,
    0.6136231422424316,
    0.6008743643760681,
    0.9685294032096863,
    0.9929036498069763,
    0.8312199711799622,
    0.6825959086418152,
    0.8063130974769592,
    0.985484778881073,
    0.9913700222969055,
    0.39024055004119873,
    0.9141516089439392,
    0.20985645055770874,
    0.9866886138916016,
    0.1550765335559845,
    0.5261730551719666,
    0.9506092667579651,
    0.9952967762947083,
    0.972938597202301,
    0.9948961734771729,
    0.9986238479614258,
    0.997635006904602,
    0.9953175187110901,
    0.9851390719413757,
    0.9982481002807617,
    0.9990490674972534,
    0.9943373799324036,
    0.9992976188659668,
    0.756554901599884
  ],
  "coverage_score": 0.8804820237218406,
  "pose_estimation_failed": false,
  "tracking_method": "loosely_coupled",
  "kf_translation_vector": [
    0.01018195190824835,
    -0.034105194190028845,
    0.6657864914789932
  ],
  "kf_quaternion": [
    0.45968055630040056,
    -0.4128280170057207,
    -0.097798154158527,
    0.7801937807863272
  ],
  "kf_rotation_matrix": [
    [
      0.6400170988366187,
      -0.22693500173343134,
      -0.7340835226219189
    ],
    [
      -0.5321410483208924,
      0.5582586144050785,
      -0.6365321862517743
    ],
    [
      0.5542598829869427,
      0.7980274584441123,
      0.23653362906895736
    ]
  ],
  "position_diff": 0.0747271561553255,
  "orientation_diff": 8.861933890126771,
  "timestamp": 1741869940.2280085,
  "image_file": "webcam_000029"
}