{
  "frame": 119,
  "object_rotation_in_cam": [
    [
      0.6159702130212356,
      -0.22534393197196442,
      -0.7548515145338113
    ],
    [
      -0.5422686662181719,
      0.5737700060422812,
      -0.6137855275291245
    ],
    [
      0.5714240022159891,
      0.787405926120483,
      0.23122827941626392
    ]
  ],
  "object_translation_in_cam": [
    -0.0005831505184440155,
    -0.040302196413743045,
    0.6863240796635529
  ],
  "raw_rvec": [
    0.9737319368370307,
    -0.9216705000166688,
    -0.22024094887627801
  ],
  "refined_raw_rvec": [
    0.9737319368370307,
    -0.9216705000166688,
    -0.22024094887627801
  ],
  "num_inliers": 13,
  "total_matches": 26,
  "inlier_ratio": 0.5,
  "reprojection_errors": [
    1.2146284580230713,
    1.7711037397384644,
    2.5063400268554688,
    3.11667799949646,
    0.6777481436729431,
    2.461300849914551,
    2.115907669067383,
    2.8037047386169434,
    2.6812565326690674,
    1.5679515600204468,
    2.332563877105713,
    2.2539222240448,
    2.3713951110839844
  ],
  "mean_reprojection_error": 2.1441922187805176,
  "std_reprojection_error": 0.6496492028236389,
  "inliers": [
    0,
    3,
    6,
    7,
    10,
    12,
    13,
    14,
    15,
    16,
    17,
    19,
    20
  ],
  "mkpts0": [
    [
      745.125,
      201.375
    ],
    [
      805.125,
      212.625
    ],
    [
      793.875,
      220.125
    ],
    [
      705.125,
      223.875
    ],
    [
      425.125,
      242.625
    ],
    [
      413.875,
      248.875
    ],
    [
      436.375,
      260.125
    ],
    [
      478.875,
      281.375
    ],
    [
      590.125,
      283.875
    ],
    [
      522.625,
      286.375
    ],
    [
      386.375,
      288.875
    ],
    [
      350.125,
      290.125
    ],
    [
      511.375,
      292.625
    ],
    [
      597.625,
      297.625
    ],
    [
      430.125,
      311.375
    ],
    [
      575.125,
      312.625
    ],
    [
      540.125,
      313.875
    ],
    [
      518.875,
      327.625
    ],
    [
      586.375,
      330.125
    ],
    [
      602.625,
      347.625
    ],
    [
      611.375,
      352.625
    ],
    [
      636.375,
      357.625
    ],
    [
      617.625,
      368.875
    ],
    [
      650.125,
      376.375
    ],
    [
      595.125,
      388.875
    ],
    [
      702.625,
      391.375
    ]
  ],
  "mkpts1": [
    [
      885.125,
      70.125
    ],
    [
      980.125,
      113.875
    ],
    [
      966.375,
      123.875
    ],
    [
      818.875,
      98.875
    ],
    [
      350.125,
      62.625
    ],
    [
      332.625,
      71.375
    ],
    [
      376.375,
      105.125
    ],
    [
      461.375,
      166.375
    ],
    [
      656.375,
      215.125
    ],
    [
      535.125,
      193.875
    ],
    [
      291.375,
      156.375
    ],
    [
      226.375,
      138.875
    ],
    [
      515.125,
      203.875
    ],
    [
      661.375,
      236.375
    ],
    [
      378.875,
      225.125
    ],
    [
      625.125,
      262.625
    ],
    [
      580.125,
      272.625
    ],
    [
      547.625,
      298.875
    ],
    [
      653.875,
      310.125
    ],
    [
      682.625,
      353.875
    ],
    [
      700.125,
      370.125
    ],
    [
      741.375,
      385.125
    ],
    [
      713.875,
      405.125
    ],
    [
      765.125,
      430.125
    ],
    [
      680.125,
      443.875
    ],
    [
      868.875,
      461.375
    ]
  ],
  "mpts3D": [
    [
      0.21699999272823334,
      -0.0,
      -0.027000000700354576
    ],
    [
      0.23000000417232513,
      0.0,
      -0.07000000029802322
    ],
    [
      0.21699999272823334,
      -0.0,
      -0.07000000029802322
    ],
    [
      0.17000000178813934,
      -0.0,
      -0.014999999664723873
    ],
    [
      -0.0,
      -0.0,
      0.15600000321865082
    ],
    [
      -0.014000000432133675,
      0.0,
      0.15600000321865082
    ],
    [
      -0.01899999938905239,
      -0.0,
      0.12800000607967377
    ],
    [
      -0.01899999938905239,
      -0.0,
      0.07400000095367432
    ],
    [
      0.02500000037252903,
      -0.014000000432133675,
      -0.010999999940395355
    ],
    [
      0.0,
      0.0,
      0.041999999433755875
    ],
    [
      -0.07400000095367432,
      -0.0,
      0.12800000607967377
    ],
    [
      -0.07999999821186066,
      -0.0,
      0.15600000321865082
    ],
    [
      -0.014000000432133675,
      0.0,
      0.041999999433755875
    ],
    [
      0.02500000037252903,
      0.0,
      -0.014999999664723873
    ],
    [
      -0.07400000095367432,
      -0.0,
      0.07400000095367432
    ],
    [
      0.0,
      -0.0,
      -0.014999999664723873
    ],
    [
      -0.03500000014901161,
      -0.017999999225139618,
      -0.009999999776482582
    ],
    [
      -0.05700000002980232,
      -0.017999999225139618,
      -0.009999999776482582
    ],
    [
      -0.014000000432133675,
      0.0,
      -0.041999999433755875
    ],
    [
      -0.023000000044703484,
      0.0,
      -0.06499999761581421
    ],
    [
      -0.023000000044703484,
      -0.0,
      -0.07500000298023224
    ],
    [
      -0.017000000923871994,
      -0.0,
      -0.09200000017881393
    ],
    [
      -0.03700000047683716,
      -0.0,
      -0.09700000286102295
    ],
    [
      -0.028999999165534973,
      -0.0,
      -0.12700000405311584
    ],
    [
      -0.052000001072883606,
      -0.0,
      -0.09700000286102295
    ],
    [
      -0.014000000432133675,
      0.0,
      -0.15600000321865082
    ]
  ],
  "mconf": [
    0.9918850064277649,
    0.7291151881217957,
    0.9938083291053772,
    0.708189845085144,
    0.8945942521095276,
    0.9917851090431213,
    0.9972103834152222,
    0.9972564578056335,
    0.9557484984397888,
    0.7313442826271057,
    0.9938105344772339,
    0.33420681953430176,
    0.9962472915649414,
    0.9532434940338135,
    0.9990969896316528,
    0.9777317643165588,
    0.9893085360527039,
    0.9976279139518738,
    0.9987239837646484,
    0.9962233901023865,
    0.9970203638076782,
    0.9996470808982849,
    0.9996791481971741,
    0.9994236826896667,
    0.999752402305603,
    0.2152775526046753
  ],
  "coverage_score": 0.7772925846688998,
  "pose_estimation_failed": false,
  "tracking_method": "loosely_coupled",
  "kf_translation_vector": [
    -0.0002717634014699883,
    -0.04444130281232884,
    0.7714508160301391
  ],
  "kf_quaternion": [
    0.42201051763165914,
    -0.4295385795479486,
    -0.12017571330010167,
    0.7892791202236391
  ],
  "kf_rotation_matrix": [
    [
      0.6021088132254848,
      -0.1728352340640897,
      -0.7794824942884925
    ],
    [
      -0.5522439591270998,
      0.6149298418821417,
      -0.5629279697887025
    ],
    [
      0.5766208343823734,
      0.7694083905370513,
      0.2748074633763795
    ]
  ],
  "position_diff": 0.08547058276325276,
  "orientation_diff": 4.084059083548196,
  "timestamp": 1741869952.3126335,
  "image_file": "webcam_000119"
}