{
  "frame": 189,
  "object_rotation_in_cam": [
    [
      0.6073344634883369,
      -0.1656914773439935,
      -0.7769756648666023
    ],
    [
      -0.5382723607105819,
      0.6334857528561258,
      -0.5558405046624117
    ],
    [
      0.5843010483940544,
      0.7558056200266523,
      0.29555058717880517
    ]
  ],
  "object_translation_in_cam": [
    0.02683383858318003,
    -0.029196985599701623,
    0.6849065609043119
  ],
  "raw_rvec": [
    0.8845044031513998,
    -0.9179726331078415,
    -0.25124873673217907
  ],
  "refined_raw_rvec": [
    0.8845044031513998,
    -0.9179726331078415,
    -0.25124873673217907
  ],
  "num_inliers": 13,
  "total_matches": 24,
  "inlier_ratio": 0.5416666666666666,
  "reprojection_errors": [
    0.2941104769706726,
    0.46267932653427124,
    2.549724817276001,
    3.741213798522949,
    2.5306973457336426,
    1.9202629327774048,
    2.6355764865875244,
    2.6377439498901367,
    1.0714147090911865,
    0.37663695216178894,
    1.7126529216766357,
    1.0684326887130737,
    0.8747762441635132
  ],
  "mean_reprojection_error": 1.6827632188796997,
  "std_reprojection_error": 1.041887879371643,
  "inliers": [
    0,
    1,
    4,
    7,
    8,
    10,
    12,
    14,
    15,
    16,
    18,
    19,
    20
  ],
  "mkpts0": [
    [
      745.125,
      201.375
    ],
    [
      705.125,
      223.875
    ],
    [
      835.125,
      225.125
    ],
    [
      425.125,
      242.625
    ],
    [
      413.875,
      248.875
    ],
    [
      436.375,
      260.125
    ],
    [
      478.875,
      281.375
    ],
    [
      590.125,
      283.875
    ],
    [
      522.625,
      286.375
    ],
    [
      386.375,
      288.875
    ],
    [
      350.125,
      290.125
    ],
    [
      511.375,
      292.625
    ],
    [
      597.625,
      297.625
    ],
    [
      430.125,
      311.375
    ],
    [
      575.125,
      312.625
    ],
    [
      540.125,
      313.875
    ],
    [
      518.875,
      327.625
    ],
    [
      586.375,
      330.125
    ],
    [
      602.625,
      347.625
    ],
    [
      611.375,
      352.625
    ],
    [
      636.375,
      357.625
    ],
    [
      617.625,
      368.875
    ],
    [
      650.125,
      376.375
    ],
    [
      595.125,
      388.875
    ]
  ],
  "mkpts1": [
    [
      933.875,
      88.875
    ],
    [
      870.125,
      118.875
    ],
    [
      1031.375,
      128.875
    ],
    [
      410.125,
      96.375
    ],
    [
      393.875,
      106.375
    ],
    [
      437.625,
      137.625
    ],
    [
      521.375,
      193.875
    ],
    [
      715.125,
      235.125
    ],
    [
      595.125,
      218.875
    ],
    [
      358.875,
      190.125
    ],
    [
      295.125,
      173.875
    ],
    [
      576.375,
      228.875
    ],
    [
      720.125,
      256.375
    ],
    [
      443.875,
      252.625
    ],
    [
      685.125,
      282.625
    ],
    [
      642.625,
      292.625
    ],
    [
      611.375,
      318.875
    ],
    [
      715.125,
      327.625
    ],
    [
      746.375,
      370.125
    ],
    [
      763.875,
      383.875
    ],
    [
      803.875,
      398.875
    ],
    [
      777.625,
      417.625
    ],
    [
      831.375,
      442.625
    ],
    [
      747.625,
      457.625
    ]
  ],
  "mpts3D": [
    [
      0.21699999272823334,
      -0.0,
      -0.027000000700354576
    ],
    [
      0.17000000178813934,
      -0.0,
      -0.014999999664723873
    ],
    [
      0.23000000417232513,
      -0.0,
      -0.11299999803304672
    ],
    [
      -0.0,
      -0.0,
      0.15600000321865082
    ],
    [
      -0.014000000432133675,
      0.0,
      0.15600000321865082
    ],
    [
      -0.01899999938905239,
      -0.0,
      0.12800000607967377
    ],
    [
      -0.01899999938905239,
      -0.0,
      0.07400000095367432
    ],
    [
      0.02500000037252903,
      -0.014000000432133675,
      -0.010999999940395355
    ],
    [
      0.0,
      0.0,
      0.041999999433755875
    ],
    [
      -0.07400000095367432,
      -0.0,
      0.12800000607967377
    ],
    [
      -0.07999999821186066,
      -0.0,
      0.15600000321865082
    ],
    [
      -0.014000000432133675,
      0.0,
      0.041999999433755875
    ],
    [
      0.02500000037252903,
      0.0,
      -0.014999999664723873
    ],
    [
      -0.07400000095367432,
      -0.0,
      0.07400000095367432
    ],
    [
      0.0,
      -0.0,
      -0.014999999664723873
    ],
    [
      -0.03500000014901161,
      -0.017999999225139618,
      -0.009999999776482582
    ],
    [
      -0.05700000002980232,
      -0.017999999225139618,
      -0.009999999776482582
    ],
    [
      -0.014000000432133675,
      0.0,
      -0.041999999433755875
    ],
    [
      -0.023000000044703484,
      0.0,
      -0.06499999761581421
    ],
    [
      -0.023000000044703484,
      -0.0,
      -0.07500000298023224
    ],
    [
      -0.017000000923871994,
      -0.0,
      -0.09200000017881393
    ],
    [
      -0.03700000047683716,
      -0.0,
      -0.09700000286102295
    ],
    [
      -0.028999999165534973,
      -0.0,
      -0.12700000405311584
    ],
    [
      -0.052000001072883606,
      -0.0,
      -0.09700000286102295
    ]
  ],
  "mconf": [
    0.992819607257843,
    0.908057451248169,
    0.10137265920639038,
    0.9508649706840515,
    0.9938725233078003,
    0.9976255297660828,
    0.9956502318382263,
    0.9371556043624878,
    0.7487710118293762,
    0.994047999382019,
    0.697896420955658,
    0.9508146047592163,
    0.9529942274093628,
    0.9988002181053162,
    0.987412691116333,
    0.9892675876617432,
    0.99798184633255,
    0.998051643371582,
    0.9932689666748047,
    0.9964334964752197,
    0.9994648098945618,
    0.9986433386802673,
    0.9988512992858887,
    0.9983662366867065
  ],
  "coverage_score": 0.7474594241169754,
  "pose_estimation_failed": false,
  "tracking_method": "loosely_coupled",
  "kf_translation_vector": [
    0.023928923658362966,
    -0.02737834211131605,
    0.7812265806104388
  ],
  "kf_quaternion": [
    0.3990787754037462,
    -0.44448409003118244,
    -0.16049384900546862,
    0.7857555276056338
  ],
  "kf_rotation_matrix": [
    [
      0.553351236281123,
      -0.10255047466668371,
      -0.8266110387913959
    ],
    [
      -0.6069861906776874,
      0.6299557109073122,
      -0.4844827825855662
    ],
    [
      0.5704122839076513,
      0.7698306323087571,
      0.2863400494627959
    ]
  ],
  "position_diff": 0.10079421563475958,
  "orientation_diff": 5.599394167215192,
  "timestamp": 1741869961.8477483,
  "image_file": "webcam_000189"
}