{
  "frame": 198,
  "object_rotation_in_cam": [
    [
      0.547837720359664,
      -0.1075624171576697,
      -0.8296409817302457
    ],
    [
      -0.45401998758989315,
      0.7947242289481172,
      -0.4028389886687905
    ],
    [
      0.7026661248558947,
      0.5973639814535356,
      0.38654442259846417
    ]
  ],
  "object_translation_in_cam": [
    -0.05537195461582624,
    -0.0025186412744077533,
    0.6980060583637306
  ],
  "raw_rvec": [
    0.6432071062672632,
    -0.9853908150457653,
    -0.2227987498325893
  ],
  "refined_raw_rvec": [
    0.6432071062672632,
    -0.9853908150457653,
    -0.2227987498325893
  ],
  "num_inliers": 13,
  "total_matches": 34,
  "inlier_ratio": 0.38235294117647056,
  "reprojection_errors": [
    0.477763831615448,
    2.857069730758667,
    2.5111942291259766,
    1.6792292594909668,
    2.665958881378174,
    2.136260509490967,
    3.4400980472564697,
    2.3705170154571533,
    2.9040842056274414,
    1.8182626962661743,
    2.0121335983276367,
    2.1810805797576904,
    1.8490543365478516
  ],
  "mean_reprojection_error": 2.223284959793091,
  "std_reprojection_error": 0.698746383190155,
  "inliers": [
    6,
    8,
    9,
    10,
    13,
    17,
    19,
    20,
    21,
    23,
    24,
    25,
    26
  ],
  "mkpts0": [
    [
      727.625,
      126.375
    ],
    [
      727.625,
      143.875
    ],
    [
      636.375,
      157.625
    ],
    [
      663.875,
      165.125
    ],
    [
      656.375,
      171.375
    ],
    [
      356.375,
      195.125
    ],
    [
      745.125,
      201.375
    ],
    [
      793.875,
      220.125
    ],
    [
      705.125,
      223.875
    ],
    [
      425.125,
      242.625
    ],
    [
      413.875,
      248.875
    ],
    [
      436.375,
      260.125
    ],
    [
      590.125,
      283.875
    ],
    [
      522.625,
      286.375
    ],
    [
      386.375,
      288.875
    ],
    [
      350.125,
      290.125
    ],
    [
      511.375,
      292.625
    ],
    [
      597.625,
      297.625
    ],
    [
      430.125,
      311.375
    ],
    [
      575.125,
      312.625
    ],
    [
      540.125,
      313.875
    ],
    [
      518.875,
      327.625
    ],
    [
      586.375,
      330.125
    ],
    [
      470.125,
      338.875
    ],
    [
      602.625,
      347.625
    ],
    [
      611.375,
      352.625
    ],
    [
      636.375,
      357.625
    ],
    [
      617.625,
      368.875
    ],
    [
      650.125,
      376.375
    ],
    [
      496.375,
      377.625
    ],
    [
      715.125,
      383.875
    ],
    [
      516.375,
      388.875
    ],
    [
      595.125,
      388.875
    ],
    [
      702.625,
      391.375
    ]
  ],
  "mkpts1": [
    [
      741.375,
      61.375
    ],
    [
      738.875,
      83.875
    ],
    [
      573.875,
      86.375
    ],
    [
      617.625,
      105.125
    ],
    [
      607.625,
      113.875
    ],
    [
      116.375,
      113.875
    ],
    [
      753.875,
      172.625
    ],
    [
      837.625,
      205.125
    ],
    [
      696.375,
      198.875
    ],
    [
      240.125,
      202.625
    ],
    [
      221.375,
      210.125
    ],
    [
      265.125,
      232.625
    ],
    [
      537.625,
      291.375
    ],
    [
      420.125,
      286.375
    ],
    [
      181.375,
      276.375
    ],
    [
      116.375,
      281.375
    ],
    [
      401.375,
      296.375
    ],
    [
      546.375,
      311.375
    ],
    [
      265.125,
      321.375
    ],
    [
      511.375,
      333.875
    ],
    [
      462.625,
      337.625
    ],
    [
      430.125,
      361.375
    ],
    [
      541.375,
      368.875
    ],
    [
      346.375,
      376.375
    ],
    [
      572.625,
      402.625
    ],
    [
      590.125,
      412.625
    ],
    [
      632.625,
      422.625
    ],
    [
      605.125,
      441.375
    ],
    [
      660.125,
      457.625
    ],
    [
      392.625,
      445.125
    ],
    [
      767.625,
      476.375
    ],
    [
      413.875,
      458.875
    ],
    [
      572.625,
      475.125
    ],
    [
      752.625,
      488.875
    ]
  ],
  "mpts3D": [
    [
      0.20600000023841858,
      -0.07000000029802322,
      -0.0020000000949949026
    ],
    [
      0.20600000023841858,
      -0.054999999701976776,
      -0.0020000000949949026
    ],
    [
      0.23000000417232513,
      -0.0,
      0.11299999803304672
    ],
    [
      0.23000000417232513,
      -0.0,
      0.07000000029802322
    ],
    [
      0.21699999272823334,
      0.0,
      0.07000000029802322
    ],
    [
      -0.0,
      -0.02500000037252903,
      0.23999999463558197
    ],
    [
      0.21699999272823334,
      -0.0,
      -0.027000000700354576
    ],
    [
      0.21699999272823334,
      -0.0,
      -0.07000000029802322
    ],
    [
      0.17000000178813934,
      -0.0,
      -0.014999999664723873
    ],
    [
      -0.0,
      -0.0,
      0.15600000321865082
    ],
    [
      -0.014000000432133675,
      0.0,
      0.15600000321865082
    ],
    [
      -0.01899999938905239,
      -0.0,
      0.12800000607967377
    ],
    [
      0.02500000037252903,
      -0.014000000432133675,
      -0.010999999940395355
    ],
    [
      0.0,
      0.0,
      0.041999999433755875
    ],
    [
      -0.07400000095367432,
      -0.0,
      0.12800000607967377
    ],
    [
      -0.07999999821186066,
      -0.0,
      0.15600000321865082
    ],
    [
      -0.014000000432133675,
      0.0,
      0.041999999433755875
    ],
    [
      0.02500000037252903,
      0.0,
      -0.014999999664723873
    ],
    [
      -0.07400000095367432,
      -0.0,
      0.07400000095367432
    ],
    [
      0.0,
      -0.0,
      -0.014999999664723873
    ],
    [
      -0.03500000014901161,
      -0.017999999225139618,
      -0.009999999776482582
    ],
    [
      -0.05700000002980232,
      -0.017999999225139618,
      -0.009999999776482582
    ],
    [
      -0.014000000432133675,
      0.0,
      -0.041999999433755875
    ],
    [
      -0.10000000149011612,
      -0.029999999329447746,
      0.0
    ],
    [
      -0.023000000044703484,
      0.0,
      -0.06499999761581421
    ],
    [
      -0.023000000044703484,
      -0.0,
      -0.07500000298023224
    ],
    [
      -0.017000000923871994,
      -0.0,
      -0.09200000017881393
    ],
    [
      -0.03700000047683716,
      -0.0,
      -0.09700000286102295
    ],
    [
      -0.028999999165534973,
      -0.0,
      -0.12700000405311584
    ],
    [
      -0.09000000357627869,
      -0.0,
      -0.014999999664723873
    ],
    [
      0.0,
      0.0,
      -0.15600000321865082
    ],
    [
      -0.09000000357627869,
      -0.0,
      -0.041999999433755875
    ],
    [
      -0.052000001072883606,
      -0.0,
      -0.09700000286102295
    ],
    [
      -0.014000000432133675,
      0.0,
      -0.15600000321865082
    ]
  ],
  "mconf": [
    0.9968398213386536,
    0.9935973286628723,
    0.9144424200057983,
    0.8893700838088989,
    0.990851879119873,
    0.959557831287384,
    0.996407151222229,
    0.9965585470199585,
    0.9297822117805481,
    0.9916930794715881,
    0.9990095496177673,
    0.9993687868118286,
    0.9811210632324219,
    0.9949068427085876,
    0.99906986951828,
    0.14123883843421936,
    0.999168872833252,
    0.9821299910545349,
    0.9995791912078857,
    0.9819960594177246,
    0.9970024228096008,
    0.9997488856315613,
    0.9973006248474121,
    0.999285876750946,
    0.9990498423576355,
    0.999660074710846,
    0.999872624874115,
    0.9998441934585571,
    0.9997506737709045,
    0.9338473081588745,
    0.9683896899223328,
    0.5647684931755066,
    0.9998103380203247,
    0.9984506368637085
  ],
  "coverage_score": 0.6758220575766961,
  "pose_estimation_failed": false,
  "tracking_method": "loosely_coupled",
  "kf_translation_vector": [
    -0.03466444927437648,
    -0.018514712219404355,
    0.7047148247001566
  ],