{
  "frame": 208,
  "object_rotation_in_cam": [
    [
      0.573434572472665,
      -0.11767481452458695,
      -0.8107560848490105
    ],
    [
      -0.4831380513258333,
      0.7506511311975179,
      -0.4506667311805511
    ],
    [
      0.6616270962212538,
      0.6501349992566857,
      0.37359612991483326
    ]
  ],
  "object_translation_in_cam": [
    -0.05481147989982363,
    -0.01988334183217052,
    0.7122859467612689
  ],
  "raw_rvec": [
    0.7132457989453685,
    -0.9540056935766784,
    -0.23679570181446716
  ],
  "refined_raw_rvec": [
    0.7132457989453685,
    -0.9540056935766784,
    -0.23679570181446716
  ],
  "num_inliers": 14,
  "total_matches": 31,
  "inlier_ratio": 0.45161290322580644,
  "reprojection_errors": [
    0.7461217641830444,
    2.9688663482666016,
    2.4793972969055176,
    1.441603183746338,
    2.7831125259399414,
    3.9046311378479004,
    3.8236875534057617,
    2.7479658126831055,
    3.2013676166534424,
    3.4867072105407715,
    3.176027297973633,
    3.2212626934051514,
    4.100210189819336,
    1.2868362665176392
  ],
  "mean_reprojection_error": 2.811985492706299,
  "std_reprojection_error": 0.978184163570404,
  "inliers": [
    6,
    10,
    12,
    14,
    15,
    16,
    17,
    18,
    19,
    20,
    21,
    22,
    27,
    30
  ],
  "mkpts0": [
    [
      727.625,
      126.375
    ],
    [
      727.625,
      143.875
    ],
    [
      636.375,
      157.625
    ],
    [
      663.875,
      165.125
    ],
    [
      656.375,
      171.375
    ],
    [
      356.375,
      195.125
    ],
    [
      745.125,
      201.375
    ],
    [
      793.875,
      220.125
    ],
    [
      425.125,
      242.625
    ],
    [
      413.875,
      248.875
    ],
    [
      436.375,
      260.125
    ],
    [
      590.125,
      283.875
    ],
    [
      522.625,
      286.375
    ],
    [
      386.375,
      288.875
    ],
    [
      511.375,
      292.625
    ],
    [
      597.625,
      297.625
    ],
    [
      430.125,
      311.375
    ],
    [
      575.125,
      312.625
    ],
    [
      540.125,
      313.875
    ],
    [
      518.875,
      327.625
    ],
    [
      586.375,
      330.125
    ],
    [
      602.625,
      347.625
    ],
    [
      611.375,
      352.625
    ],
    [
      636.375,
      357.625
    ],
    [
      617.625,
      368.875
    ],
    [
      650.125,
      376.375
    ],
    [
      496.375,
      377.625
    ],
    [
      715.125,
      383.875
    ],
    [
      516.375,
      388.875
    ],
    [
      595.125,
      388.875
    ],
    [
      702.625,
      391.375
    ]
  ],
  "mkpts1": [
    [
      756.375,
      15.125
    ],
    [
      750.125,
      38.875
    ],
    [
      583.875,
      43.875
    ],
    [
      627.625,
      63.875
    ],
    [
      617.625,
      71.375
    ],
    [
      123.875,
      70.125
    ],
    [
      762.625,
      133.875
    ],
    [
      843.875,
      170.125
    ],
    [
      245.125,
      165.125
    ],
    [
      227.625,
      172.625
    ],
    [
      270.125,
      196.375
    ],
    [
      542.625,
      257.625
    ],
    [
      423.875,
      252.625
    ],
    [
      186.375,
      241.375
    ],
    [
      405.125,
      262.625
    ],
    [
      550.125,
      278.875
    ],
    [
      267.625,
      287.625
    ],
    [
      512.625,
      301.375
    ],
    [
      465.125,
      305.125
    ],
    [
      432.625,
      328.875
    ],
    [
      542.625,
      337.625
    ],
    [
      572.625,
      370.125
    ],
    [
      590.125,
      380.125
    ],
    [
      631.375,
      391.375
    ],
    [
      602.625,
      408.875
    ],
    [
      658.875,
      426.375
    ],
    [
      391.375,
      413.875
    ],
    [
      763.875,
      445.125
    ],
    [
      412.625,
      427.625
    ],
    [
      571.375,
      443.875
    ],
    [
      750.125,
      457.625
    ]
  ],
  "mpts3D": [
    [
      0.20600000023841858,
      -0.07000000029802322,
      -0.0020000000949949026
    ],
    [
      0.20600000023841858,
      -0.054999999701976776,
      -0.0020000000949949026
    ],
    [
      0.23000000417232513,
      -0.0,
      0.11299999803304672
    ],
    [
      0.23000000417232513,
      -0.0,
      0.07000000029802322
    ],
    [
      0.21699999272823334,
      0.0,
      0.07000000029802322
    ],
    [
      -0.0,
      -0.02500000037252903,
      0.23999999463558197
    ],
    [
      0.21699999272823334,
      -0.0,
      -0.027000000700354576
    ],
    [
      0.21699999272823334,
      -0.0,
      -0.07000000029802322
    ],
    [
      -0.0,
      -0.0,
      0.15600000321865082
    ],
    [
      -0.014000000432133675,
      0.0,
      0.15600000321865082
    ],
    [
      -0.01899999938905239,
      -0.0,
      0.12800000607967377
    ],
    [
      0.02500000037252903,
      -0.014000000432133675,
      -0.010999999940395355
    ],
    [
      0.0,
      0.0,
      0.041999999433755875
    ],
    [
      -0.07400000095367432,
      -0.0,
      0.12800000607967377
    ],
    [
      -0.014000000432133675,
      0.0,
      0.041999999433755875
    ],
    [
      0.02500000037252903,
      0.0,
      -0.014999999664723873
    ],
    [
      -0.07400000095367432,
      -0.0,
      0.07400000095367432
    ],
    [
      0.0,
      -0.0,
      -0.014999999664723873
    ],
    [
      -0.03500000014901161,
      -0.017999999225139618,
      -0.009999999776482582
    ],
    [
      -0.05700000002980232,
      -0.017999999225139618,
      -0.009999999776482582
    ],
    [
      -0.014000000432133675,
      0.0,
      -0.041999999433755875
    ],
    [
      -0.023000000044703484,
      0.0,
      -0.06499999761581421
    ],
    [
      -0.023000000044703484,
      -0.0,
      -0.07500000298023224
    ],
    [
      -0.017000000923871994,
      -0.0,
      -0.09200000017881393
    ],
    [
      -0.03700000047683716,
      -0.0,
      -0.09700000286102295
    ],
    [
      -0.028999999165534973,
      -0.0,
      -0.12700000405311584
    ],
    [
      -0.09000000357627869,
      -0.0,
      -0.014999999664723873
    ],
    [
      0.0,
      0.0,
      -0.15600000321865082
    ],
    [
      -0.09000000357627869,
      -0.0,
      -0.041999999433755875
    ],
    [
      -0.052000001072883606,
      -0.0,
      -0.09700000286102295
    ],
    [
      -0.014000000432133675,
      0.0,
      -0.15600000321865082
    ]
  ],
  "mconf": [
    0.9537671804428101,
    0.911307692527771,
    0.8816818594932556,
    0.7163829207420349,
    0.9911031723022461,
    0.9618871212005615,
    0.9821575284004211,
    0.9953352808952332,
    0.9825265407562256,
    0.9986423850059509,
    0.9988245964050293,
    0.9735692739486694,
    0.992003858089447,
    0.9990504384040833,
    0.9983370304107666,
    0.9682109355926514,
    0.9997426867485046,
    0.9621173143386841,
    0.995618462562561,
    0.9995477199554443,
    0.9982300996780396,
    0.9988872408866882,
    0.9993681311607361,
    0.9997602701187134,
    0.9994118809700012,
    0.9997469186782837,
    0.9514303803443909,
    0.8692998886108398,
    0.38010933995246887,
    0.999714195728302,
    0.9972415566444397
  ],
  "coverage_score": 0.7176856953872667,
  "pose_estimation_failed": false,
  "tracking_method": "loosely_coupled",
  "kf_translation_vector": [
    -0.03964380150919058,
    -0.019941916860274425,
    0.706533902730078
  ],
  "kf_quaternion": [
    0.4482244307730503,
    -0.4711906491158786,
    -0.13033664640786352,
    0.7483893307945294
  ],
  "kf_rotation_matrix": [
    [
      0.521983461577817,
      -0.22731320980472916,
      -0.8221082474270105
    ],
    [
      -0.6174834321374659,
      0.5642144365226531,
      -0.548065945534988
    ],
    [
      0.5884279708468787,
      0.7937195816330199,
      0.15414846368786406
    ]
  ],
  "position_diff": 0.016421475232832872,
  "orientation_diff": 15.805758737151152,
  "timestamp": 1741869635.142014,