{
  "frame": 148,
  "object_rotation_in_cam": [
    [
      0.7010677480495147,
      -0.16596616224113198,
      -0.6935122534142655
    ],
    [
      -0.33732171397936767,
      0.7796625755049922,
      -0.5275796903169642
    ],
    [
      0.6282659261195085,
      0.6038058473945681,
      0.4906122957380132
    ]
  ],
  "object_translation_in_cam": [
    0.009778885024727162,
    -0.01958893845593585,
    0.6500821491699448
  ],
  "raw_rvec": [
    0.6883414126872831,
    -0.8041773816552731,
    -0.10425369480494438
  ],
  "refined_raw_rvec": [
    0.6883414126872831,
    -0.8041773816552731,
    -0.10425369480494438
  ],
  "num_inliers": 15,
  "total_matches": 34,
  "inlier_ratio": 0.4411764705882353,
  "reprojection_errors": [
    2.5267226696014404,
    2.286687135696411,
    4.877467632293701,
    2.380460739135742,
    3.7481026649475098,
    2.2615013122558594,
    1.541548252105713,
    2.6705784797668457,
    3.0714569091796875,
    4.635146141052246,
    3.19404673576355,
    1.5451964139938354,
    1.0717861652374268,
    2.8246068954467773,
    2.1556098461151123
  ],
  "mean_reprojection_error": 2.7193944454193115,
  "std_reprojection_error": 1.0358812808990479,
  "inliers": [
    3,
    4,
    6,
    12,
    15,
    16,
    17,
    19,
    20,
    21,
    23,
    24,
    25,
    26,
    33
  ],
  "mkpts0": [
    [
      727.625,
      126.375
    ],
    [
      727.625,
      143.875
    ],
    [
      636.375,
      157.625
    ],
    [
      663.875,
      165.125
    ],
    [
      656.375,
      171.375
    ],
    [
      356.375,
      195.125
    ],
    [
      745.125,
      201.375
    ],
    [
      805.125,
      212.625
    ],
    [
      793.875,
      220.125
    ],
    [
      835.125,
      225.125
    ],
    [
      425.125,
      242.625
    ],
    [
      413.875,
      248.875
    ],
    [
      436.375,
      260.125
    ],
    [
      478.875,
      281.375
    ],
    [
      590.125,
      283.875
    ],
    [
      522.625,
      286.375
    ],
    [
      386.375,
      288.875
    ],
    [
      511.375,
      292.625
    ],
    [
      597.625,
      297.625
    ],
    [
      430.125,
      311.375
    ],
    [
      575.125,
      312.625
    ],
    [
      540.125,
      313.875
    ],
    [
      518.875,
      327.625
    ],
    [
      586.375,
      330.125
    ],
    [
      602.625,
      347.625
    ],
    [
      611.375,
      352.625
    ],
    [
      636.375,
      357.625
    ],
    [
      617.625,
      368.875
    ],
    [
      650.125,
      376.375
    ],
    [
      496.375,
      377.625
    ],
    [
      715.125,
      383.875
    ],
    [
      516.375,
      388.875
    ],
    [
      595.125,
      388.875
    ],
    [
      702.625,
      391.375
    ]
  ],
  "mkpts1": [
    [
      966.375,
      45.125
    ],
    [
      955.125,
      73.875
    ],
    [
      775.125,
      66.375
    ],
    [
      817.625,
      92.625
    ],
    [
      803.875,
      97.625
    ],
    [
      293.875,
      21.375
    ],
    [
      951.375,
      180.125
    ],
    [
      1055.125,
      223.875
    ],
    [
      1037.625,
      230.125
    ],
    [
      1106.375,
      252.625
    ],
    [
      396.375,
      130.125
    ],
    [
      375.125,
      132.625
    ],
    [
      412.625,
      161.375
    ],
    [
      486.375,
      211.375
    ],
    [
      686.375,
      261.375
    ],
    [
      561.375,
      241.375
    ],
    [
      316.375,
      190.125
    ],
    [
      538.875,
      246.375
    ],
    [
      691.375,
      287.625
    ],
    [
      390.125,
      248.875
    ],
    [
      647.625,
      302.625
    ],
    [
      592.625,
      293.875
    ],
    [
      552.625,
      311.375
    ],
    [
      672.625,
      342.625
    ],
    [
      698.875,
      381.375
    ],
    [
      716.375,
      395.125
    ],
    [
      758.875,
      412.625
    ],
    [
      725.125,
      426.375
    ],
    [
      783.875,
      455.125
    ],
    [
      493.875,
      396.375
    ],
    [
      902.625,
      493.875
    ],
    [
      517.625,
      416.375
    ],
    [
      683.875,
      456.375
    ],
    [
      883.875,
      505.125
    ]
  ],
  "mpts3D": [
    [
      0.20600000023841858,
      -0.07000000029802322,
      -0.0020000000949949026
    ],
    [
      0.20600000023841858,
      -0.054999999701976776,
      -0.0020000000949949026
    ],
    [
      0.23000000417232513,
      -0.0,
      0.11299999803304672
    ],
    [
      0.23000000417232513,
      -0.0,
      0.07000000029802322
    ],
    [
      0.21699999272823334,
      0.0,
      0.07000000029802322
    ],
    [
      -0.0,
      -0.02500000037252903,
      0.23999999463558197
    ],
    [
      0.21699999272823334,
      -0.0,
      -0.027000000700354576
    ],
    [
      0.23000000417232513,
      0.0,
      -0.07000000029802322
    ],
    [
      0.21699999272823334,
      -0.0,
      -0.07000000029802322
    ],
    [
      0.23000000417232513,
      -0.0,
      -0.11299999803304672
    ],
    [
      -0.0,
      -0.0,
      0.15600000321865082
    ],
    [
      -0.014000000432133675,
      0.0,
      0.15600000321865082
    ],
    [
      -0.01899999938905239,
      -0.0,
      0.12800000607967377
    ],
    [
      -0.01899999938905239,
      -0.0,
      0.07400000095367432
    ],
    [
      0.02500000037252903,
      -0.014000000432133675,
      -0.010999999940395355
    ],
    [
      0.0,
      0.0,
      0.041999999433755875
    ],
    [
      -0.07400000095367432,
      -0.0,
      0.12800000607967377
    ],
    [
      -0.014000000432133675,
      0.0,
      0.041999999433755875
    ],
    [
      0.02500000037252903,
      0.0,
      -0.014999999664723873
    ],
    [
      -0.07400000095367432,
      -0.0,
      0.07400000095367432
    ],
    [
      0.0,
      -0.0,
      -0.014999999664723873
    ],
    [
      -0.03500000014901161,
      -0.017999999225139618,
      -0.009999999776482582
    ],
    [
      -0.05700000002980232,
      -0.017999999225139618,
      -0.009999999776482582
    ],
    [
      -0.014000000432133675,
      0.0,
      -0.041999999433755875
    ],
    [
      -0.023000000044703484,
      0.0,
      -0.06499999761581421
    ],
    [
      -0.023000000044703484,
      -0.0,
      -0.07500000298023224
    ],
    [
      -0.017000000923871994,
      -0.0,
      -0.09200000017881393
    ],
    [
      -0.03700000047683716,
      -0.0,
      -0.09700000286102295
    ],
    [
      -0.028999999165534973,
      -0.0,
      -0.12700000405311584
    ],
    [
      -0.09000000357627869,
      -0.0,
      -0.014999999664723873
    ],
    [
      0.0,
      0.0,
      -0.15600000321865082
    ],
    [
      -0.09000000357627869,
      -0.0,
      -0.041999999433755875
    ],
    [
      -0.052000001072883606,
      -0.0,
      -0.09700000286102295
    ],
    [
      -0.014000000432133675,
      0.0,
      -0.15600000321865082
    ]
  ],
  "mconf": [
    0.961298406124115,
    0.9679649472236633,
    0.983752965927124,
    0.8873960971832275,
    0.9899473786354065,
    0.9818992614746094,
    0.2140032798051834,
    0.7902864217758179,
    0.9977512955665588,
    0.8333159685134888,
    0.9271379113197327,
    0.998728334903717,
    0.9990086555480957,
    0.9977331757545471,
    0.9970960021018982,
    0.9749332666397095,
    0.9988275766372681,
    0.998928964138031,
    0.9610491394996643,
    0.9995934963226318,
    0.9706448316574097,
    0.9992655515670776,
    0.9996750354766846,
    0.9984062910079956,
    0.9991918206214905,
    0.9997262358665466,
    0.9999440312385559,
    0.9999342560768127,
    0.9998686909675598,
    0.9849416613578796,
    0.8514750599861145,
    0.2778172791004181,
    0.9999171495437622,
    0.9991344809532166
  ],
  "coverage_score": 0.8690746665964332,
  "pose_estimation_failed": false,
  "tracking_method": "loosely_coupled",