{
  "frame": 118,
  "object_rotation_in_cam": [
    [
      0.6185146105772127,
      -0.21822363254508978,
      -0.7548629827335188
    ],
    [
      -0.5413790424444784,
      0.5779255017413085,
      -0.6106642668757984
    ],
    [
      0.5695159426253303,
      0.7863717699891588,
      0.2393136654261492
    ]
  ],
  "object_translation_in_cam": [
    -0.0034143073526432264,
    -0.04125255632231312,
    0.6850447072082804
  ],
  "raw_rvec": [
    0.9670399556952091,
    -0.9167460992464649,
    -0.22369086052572584
  ],
  "refined_raw_rvec": [
    0.9670399556952091,
    -0.9167460992464649,
    -0.22369086052572584
  ],
  "num_inliers": 13,
  "total_matches": 25,
  "inlier_ratio": 0.52,
  "reprojection_errors": [
    0.6586956977844238,
    1.401078462600708,
    2.33376145362854,
    1.9793479442596436,
    2.4030425548553467,
    3.25472354888916,
    2.0326075553894043,
    2.8948071002960205,
    1.3140244483947754,
    2.5855579376220703,
    3.511151075363159,
    1.679830551147461,
    2.346597194671631
  ],
  "mean_reprojection_error": 2.184248208999634,
  "std_reprojection_error": 0.7689396142959595,
  "inliers": [
    0,
    2,
    7,
    10,
    12,
    13,
    14,
    15,
    16,
    17,
    18,
    19,
    20
  ],
  "mkpts0": [
    [
      745.125,
      201.375
    ],
    [
      793.875,
      220.125
    ],
    [
      705.125,
      223.875
    ],
    [
      835.125,
      225.125
    ],
    [
      425.125,
      242.625
    ],
    [
      413.875,
      248.875
    ],
    [
      436.375,
      260.125
    ],
    [
      478.875,
      281.375
    ],
    [
      590.125,
      283.875
    ],
    [
      522.625,
      286.375
    ],
    [
      386.375,
      288.875
    ],
    [
      350.125,
      290.125
    ],
    [
      511.375,
      292.625
    ],
    [
      597.625,
      297.625
    ],
    [
      430.125,
      311.375
    ],
    [
      575.125,
      312.625
    ],
    [
      540.125,
      313.875
    ],
    [
      518.875,
      327.625
    ],
    [
      586.375,
      330.125
    ],
    [
      602.625,
      347.625
    ],
    [
      611.375,
      352.625
    ],
    [
      636.375,
      357.625
    ],
    [
      617.625,
      368.875
    ],
    [
      650.125,
      376.375
    ],
    [
      595.125,
      388.875
    ]
  ],
  "mkpts1": [
    [
      881.375,
      68.875
    ],
    [
      963.875,
      122.625
    ],
    [
      815.125,
      96.375
    ],
    [
      1027.625,
      141.375
    ],
    [
      345.125,
      62.625
    ],
    [
      326.375,
      70.125
    ],
    [
      370.125,
      105.125
    ],
    [
      453.875,
      165.125
    ],
    [
      650.125,
      212.625
    ],
    [
      528.875,
      192.625
    ],
    [
      285.125,
      156.375
    ],
    [
      218.875,
      138.875
    ],
    [
      508.875,
      202.625
    ],
    [
      656.375,
      235.125
    ],
    [
      371.375,
      223.875
    ],
    [
      618.875,
      260.125
    ],
    [
      573.875,
      270.125
    ],
    [
      540.125,
      296.375
    ],
    [
      647.625,
      307.625
    ],
    [
      676.375,
      352.625
    ],
    [
      693.875,
      367.625
    ],
    [
      735.125,
      382.625
    ],
    [
      707.625,
      402.625
    ],
    [
      760.125,
      428.875
    ],
    [
      673.875,
      441.375
    ]
  ],
  "mpts3D": [
    [
      0.21699999272823334,
      -0.0,
      -0.027000000700354576
    ],
    [
      0.21699999272823334,
      -0.0,
      -0.07000000029802322
    ],
    [
      0.17000000178813934,
      -0.0,
      -0.014999999664723873
    ],
    [
      0.23000000417232513,
      -0.0,
      -0.11299999803304672
    ],
    [
      -0.0,
      -0.0,
      0.15600000321865082
    ],
    [
      -0.014000000432133675,
      0.0,
      0.15600000321865082
    ],
    [
      -0.01899999938905239,
      -0.0,
      0.12800000607967377
    ],
    [
      -0.01899999938905239,
      -0.0,
      0.07400000095367432
    ],
    [
      0.02500000037252903,
      -0.014000000432133675,
      -0.010999999940395355
    ],
    [
      0.0,
      0.0,
      0.041999999433755875
    ],
    [
      -0.07400000095367432,
      -0.0,
      0.12800000607967377
    ],
    [
      -0.07999999821186066,
      -0.0,
      0.15600000321865082
    ],
    [
      -0.014000000432133675,
      0.0,
      0.041999999433755875
    ],
    [
      0.02500000037252903,
      0.0,
      -0.014999999664723873
    ],
    [
      -0.07400000095367432,
      -0.0,
      0.07400000095367432
    ],
    [
      0.0,
      -0.0,
      -0.014999999664723873
    ],
    [
      -0.03500000014901161,
      -0.017999999225139618,
      -0.009999999776482582
    ],
    [
      -0.05700000002980232,
      -0.017999999225139618,
      -0.009999999776482582
    ],
    [
      -0.014000000432133675,
      0.0,
      -0.041999999433755875
    ],
    [
      -0.023000000044703484,
      0.0,
      -0.06499999761581421
    ],
    [
      -0.023000000044703484,
      -0.0,
      -0.07500000298023224
    ],
    [
      -0.017000000923871994,
      -0.0,
      -0.09200000017881393
    ],
    [
      -0.03700000047683716,
      -0.0,
      -0.09700000286102295
    ],
    [
      -0.028999999165534973,
      -0.0,
      -0.12700000405311584
    ],
    [
      -0.052000001072883606,
      -0.0,
      -0.09700000286102295
    ]
  ],
  "mconf": [
    0.9916052222251892,
    0.9981062412261963,
    0.5614393353462219,
    0.4974382519721985,
    0.9045637249946594,
    0.9857493042945862,
    0.9958906173706055,
    0.9955840110778809,
    0.976527988910675,
    0.8558215498924255,
    0.9948034286499023,
    0.5133337378501892,
    0.9957759380340576,
    0.9516955614089966,
    0.9991106986999512,
    0.9742883443832397,
    0.9860379099845886,
    0.9978975653648376,
    0.9984793066978455,
    0.9987819790840149,
    0.9986336827278137,
    0.9997637271881104,
    0.9997296929359436,
    0.9993512034416199,
    0.9995752573013306
  ],
  "coverage_score": 0.7772925846688998,
  "pose_estimation_failed": false,
  "tracking_method": "loosely_coupled",
  "kf_translation_vector": [
    -0.0007315913072772505,
    -0.04430431303376027,
    0.7683475400047374
  ],
  "kf_quaternion": [
    0.42204006827183393,
    -0.4295144391835927,
    -0.12012438206901203,
    0.7892842708039024
  ],
  "kf_rotation_matrix": [
    [
      0.6021749587306837,
      -0.1729200358593448,
      -0.7794125866805736
    ],
    [
      -0.5521691770877829,
      0.6149046272112876,
      -0.5630288618786327
    ],
    [
      0.5766233770425028,
      0.7694094882652219,
      0.2747990546118192
    ]
  ],
  "position_diff": 0.08362747542377987,
  "orientation_diff": 3.680960390093732,
  "timestamp": 1741869952.179963,
  "image_file": "webcam_000118"
}