{
  "frame": 52,
  "object_rotation_in_cam": [
    [
      0.6819500125077673,
      -0.11259647080042079,
      -0.7226798843221983
    ],
    [
      -0.5443877832523553,
      0.5817319021393003,
      -0.6043425646758451
    ],
    [
      0.4884527836815372,
      0.8055495197668989,
      0.3354159347989834
    ]
  ],
  "object_translation_in_cam": [
    0.014110443629940744,
    -0.03455381620204885,
    0.7214211046131855
  ],
  "raw_rvec": [
    0.9358410253176442,
    -0.8039109165353558,
    -0.28660918734640906
  ],
  "refined_raw_rvec": [
    0.9358410253176442,
    -0.8039109165353558,
    -0.28660918734640906
  ],
  "num_inliers": 16,
  "total_matches": 26,
  "inlier_ratio": 0.6153846153846154,
  "reprojection_errors": [
    0.5433356165885925,
    0.8016070127487183,
    1.5484191179275513,
    3.1860859394073486,
    1.9735090732574463,
    1.481512427330017,
    1.9852688312530518,
    2.5849568843841553,
    3.410214900970459,
    3.074215888977051,
    1.143242359161377,
    1.6368688344955444,
    1.3172260522842407,
    0.8225986957550049,
    3.9992425441741943,
    2.0607707500457764
  ],
  "mean_reprojection_error": 1.973067283630371,
  "std_reprojection_error": 0.9883926510810852,
  "inliers": [
    1,
    4,
    8,
    10,
    11,
    12,
    13,
    14,
    15,
    16,
    17,
    18,
    20,
    21,
    22,
    25
  ],
  "mkpts0": [
    [
      656.375,
      171.375
    ],
    [
      745.125,
      201.375
    ],
    [
      805.125,
      212.625
    ],
    [
      793.875,
      220.125
    ],
    [
      705.125,
      223.875
    ],
    [
      835.125,
      225.125
    ],
    [
      425.125,
      242.625
    ],
    [
      413.875,
      248.875
    ],
    [
      436.375,
      260.125
    ],
    [
      478.875,
      281.375
    ],
    [
      590.125,
      283.875
    ],
    [
      522.625,
      286.375
    ],
    [
      386.375,
      288.875
    ],
    [
      511.375,
      292.625
    ],
    [
      597.625,
      297.625
    ],
    [
      430.125,
      311.375
    ],
    [
      575.125,
      312.625
    ],
    [
      540.125,
      313.875
    ],
    [
      518.875,
      327.625
    ],
    [
      586.375,
      330.125
    ],
    [
      602.625,
      347.625
    ],
    [
      611.375,
      352.625
    ],
    [
      636.375,
      357.625
    ],
    [
      650.125,
      376.375
    ],
    [
      595.125,
      388.875
    ],
    [
      702.625,
      391.375
    ]
  ],
  "mkpts1": [
    [
      843.875,
      10.125
    ],
    [
      931.375,
      82.625
    ],
    [
      1026.375,
      123.875
    ],
    [
      1012.625,
      135.125
    ],
    [
      861.375,
      112.625
    ],
    [
      1076.375,
      151.375
    ],
    [
      407.625,
      92.625
    ],
    [
      390.125,
      101.375
    ],
    [
      427.625,
      132.625
    ],
    [
      501.375,
      187.625
    ],
    [
      685.125,
      230.125
    ],
    [
      571.375,
      211.375
    ],
    [
      345.125,
      183.875
    ],
    [
      551.375,
      222.625
    ],
    [
      691.375,
      251.375
    ],
    [
      420.125,
      245.125
    ],
    [
      652.625,
      276.375
    ],
    [
      602.625,
      286.375
    ],
    [
      570.125,
      312.625
    ],
    [
      676.375,
      321.375
    ],
    [
      701.375,
      363.875
    ],
    [
      716.375,
      377.625
    ],
    [
      756.375,
      392.625
    ],
    [
      777.625,
      436.375
    ],
    [
      690.125,
      448.875
    ],
    [
      863.875,
      478.875
    ]
  ],
  "mpts3D": [
    [
      0.21699999272823334,
      0.0,
      0.07000000029802322
    ],
    [
      0.21699999272823334,
      -0.0,
      -0.027000000700354576
    ],
    [
      0.23000000417232513,
      0.0,
      -0.07000000029802322
    ],
    [
      0.21699999272823334,
      -0.0,
      -0.07000000029802322
    ],
    [
      0.17000000178813934,
      -0.0,
      -0.014999999664723873
    ],
    [
      0.23000000417232513,
      -0.0,
      -0.11299999803304672
    ],
    [
      -0.0,
      -0.0,
      0.15600000321865082
    ],
    [
      -0.014000000432133675,
      0.0,
      0.15600000321865082
    ],
    [
      -0.01899999938905239,
      -0.0,
      0.12800000607967377
    ],
    [
      -0.01899999938905239,
      -0.0,
      0.07400000095367432
    ],
    [
      0.02500000037252903,
      -0.014000000432133675,
      -0.010999999940395355
    ],
    [
      0.0,
      0.0,
      0.041999999433755875
    ],
    [
      -0.07400000095367432,
      -0.0,
      0.12800000607967377
    ],
    [
      -0.014000000432133675,
      0.0,
      0.041999999433755875
    ],
    [
      0.02500000037252903,
      0.0,
      -0.014999999664723873
    ],
    [
      -0.07400000095367432,
      -0.0,
      0.07400000095367432
    ],
    [
      0.0,
      -0.0,
      -0.014999999664723873
    ],
    [
      -0.03500000014901161,
      -0.017999999225139618,
      -0.009999999776482582
    ],
    [
      -0.05700000002980232,
      -0.017999999225139618,
      -0.009999999776482582
    ],
    [
      -0.014000000432133675,
      0.0,
      -0.041999999433755875
    ],
    [
      -0.023000000044703484,
      0.0,
      -0.06499999761581421
    ],
    [
      -0.023000000044703484,
      -0.0,
      -0.07500000298023224
    ],
    [
      -0.017000000923871994,
      -0.0,
      -0.09200000017881393
    ],
    [
      -0.028999999165534973,
      -0.0,
      -0.12700000405311584
    ],
    [
      -0.052000001072883606,
      -0.0,
      -0.09700000286102295
    ],
    [
      -0.014000000432133675,
      0.0,
      -0.15600000321865082
    ]
  ],
  "mconf": [
    0.35273638367652893,
    0.9605172872543335,
    0.7307825088500977,
    0.9981240630149841,
    0.3973831832408905,
    0.4353003203868866,
    0.8794302940368652,
    0.995013415813446,
    0.9979431629180908,
    0.9702038168907166,
    0.985051691532135,
    0.9157604575157166,
    0.9953837990760803,
    0.9855032563209534,
    0.9496580362319946,
    0.9989460110664368,
    0.9557874202728271,
    0.994416356086731,
    0.9980279803276062,
    0.9979355931282043,
    0.9976935982704163,
    0.9968381524085999,
    0.9996288418769836,
    0.9994843006134033,
    0.9996476173400879,
    0.5758712291717529
  ],
  "coverage_score": 0.7783283537314115,
  "pose_estimation_failed": false,
  "tracking_method": "loosely_coupled",
  "kf_translation_vector": [
    -0.00856537513092877,
    -0.014603755448067603,
    0.6545267423488899
  ],
  "kf_quaternion": [
    0.45044315145187175,
    -0.5212310624904674,
    -0.0887350371457713,
    0.71940617177496
  ],
  "kf_rotation_matrix": [
    [
      0.4408885453555942,
      -0.34189685809493076,
      -0.8298938661052044
    ],
    [
      -0.5972429915963237,
      0.5784541209856895,
      -0.5556002509932362
    ],
    [
      0.6700135070006439,
      0.7406060817597221,
      0.05083829361032932
    ]
  ],
  "position_diff": 0.07457351787467732,
  "orientation_diff": 20.189658382456507,
  "timestamp": 1741869677.7780046,
  "image_file": "webcam_000052"
}