{
  "frame": 111,
  "object_rotation_in_cam": [
    [
      0.6056471403059922,
      -0.2138735210848955,
      -0.7664526459070534
    ],
    [
      -0.5461933231331528,
      0.5887275339033796,
      -0.5958798071665197
    ],
    [
      0.5786746885806718,
      0.7795242188686597,
      0.23974485811643334
    ]
  ],
  "object_translation_in_cam": [
    -0.01087103931670784,
    -0.03913951899293492,
    0.6913483590265596
  ],
  "raw_rvec": [
    0.952478312463957,
    -0.9315114608870857,
    -0.23013412659967342
  ],
  "refined_raw_rvec": [
    0.952478312463957,
    -0.9315114608870857,
    -0.23013412659967342
  ],
  "num_inliers": 14,
  "total_matches": 25,
  "inlier_ratio": 0.56,
  "reprojection_errors": [
    0.9388511180877686,
    1.9205652475357056,
    1.841987133026123,
    0.7831065654754639,
    2.8408796787261963,
    2.4084625244140625,
    2.518836736679077,
    2.8241024017333984,
    3.557943105697632,
    0.16719499230384827,
    1.902258038520813,
    3.289108991622925,
    1.4380125999450684,
    2.322735071182251
  ],
  "mean_reprojection_error": 2.0538601875305176,
  "std_reprojection_error": 0.937225878238678,
  "inliers": [
    0,
    3,
    4,
    7,
    10,
    11,
    13,
    14,
    16,
    17,
    18,
    19,
    20,
    21
  ],
  "mkpts0": [
    [
      745.125,
      201.375
    ],
    [
      805.125,
      212.625
    ],
    [
      793.875,
      220.125
    ],
    [
      705.125,
      223.875
    ],
    [
      835.125,
      225.125
    ],
    [
      425.125,
      242.625
    ],
    [
      413.875,
      248.875
    ],
    [
      436.375,
      260.125
    ],
    [
      478.875,
      281.375
    ],
    [
      590.125,
      283.875
    ],
    [
      522.625,
      286.375
    ],
    [
      386.375,
      288.875
    ],
    [
      350.125,
      290.125
    ],
    [
      511.375,
      292.625
    ],
    [
      597.625,
      297.625
    ],
    [
      430.125,
      311.375
    ],
    [
      575.125,
      312.625
    ],
    [
      540.125,
      313.875
    ],
    [
      518.875,
      327.625
    ],
    [
      586.375,
      330.125
    ],
    [
      602.625,
      347.625
    ],
    [
      611.375,
      352.625
    ],
    [
      617.625,
      368.875
    ],
    [
      650.125,
      376.375
    ],
    [
      595.125,
      388.875
    ]
  ],
  "mkpts1": [
    [
      860.125,
      73.875
    ],
    [
      955.125,
      116.375
    ],
    [
      942.625,
      126.375
    ],
    [
      795.125,
      101.375
    ],
    [
      1006.375,
      145.125
    ],
    [
      330.125,
      68.875
    ],
    [
      310.125,
      77.625
    ],
    [
      355.125,
      111.375
    ],
    [
      440.125,
      170.125
    ],
    [
      633.875,
      217.625
    ],
    [
      513.875,
      197.625
    ],
    [
      270.125,
      163.875
    ],
    [
      205.125,
      145.125
    ],
    [
      493.875,
      207.625
    ],
    [
      640.125,
      238.875
    ],
    [
      357.625,
      230.125
    ],
    [
      602.625,
      265.125
    ],
    [
      558.875,
      273.875
    ],
    [
      526.375,
      301.375
    ],
    [
      632.625,
      311.375
    ],
    [
      661.375,
      355.125
    ],
    [
      678.875,
      370.125
    ],
    [
      692.625,
      405.125
    ],
    [
      743.875,
      430.125
    ],
    [
      660.125,
      443.875
    ]
  ],
  "mpts3D": [
    [
      0.21699999272823334,
      -0.0,
      -0.027000000700354576
    ],
    [
      0.23000000417232513,
      0.0,
      -0.07000000029802322
    ],
    [
      0.21699999272823334,
      -0.0,
      -0.07000000029802322
    ],
    [
      0.17000000178813934,
      -0.0,
      -0.014999999664723873
    ],
    [
      0.23000000417232513,
      -0.0,
      -0.11299999803304672
    ],
    [
      -0.0,
      -0.0,
      0.15600000321865082
    ],
    [
      -0.014000000432133675,
      0.0,
      0.15600000321865082
    ],
    [
      -0.01899999938905239,
      -0.0,
      0.12800000607967377
    ],
    [
      -0.01899999938905239,
      -0.0,
      0.07400000095367432
    ],
    [
      0.02500000037252903,
      -0.014000000432133675,
      -0.010999999940395355
    ],
    [
      0.0,
      0.0,
      0.041999999433755875
    ],
    [
      -0.07400000095367432,
      -0.0,
      0.12800000607967377
    ],
    [
      -0.07999999821186066,
      -0.0,
      0.15600000321865082
    ],
    [
      -0.014000000432133675,
      0.0,
      0.041999999433755875
    ],
    [
      0.02500000037252903,
      0.0,
      -0.014999999664723873
    ],
    [
      -0.07400000095367432,
      -0.0,
      0.07400000095367432
    ],
    [
      0.0,
      -0.0,
      -0.014999999664723873
    ],
    [
      -0.03500000014901161,
      -0.017999999225139618,
      -0.009999999776482582
    ],
    [
      -0.05700000002980232,
      -0.017999999225139618,
      -0.009999999776482582
    ],
    [
      -0.014000000432133675,
      0.0,
      -0.041999999433755875
    ],
    [
      -0.023000000044703484,
      0.0,
      -0.06499999761581421
    ],
    [
      -0.023000000044703484,
      -0.0,
      -0.07500000298023224
    ],
    [
      -0.03700000047683716,
      -0.0,
      -0.09700000286102295
    ],
    [
      -0.028999999165534973,
      -0.0,
      -0.12700000405311584
    ],
    [
      -0.052000001072883606,
      -0.0,
      -0.09700000286102295
    ]
  ],
  "mconf": [
    0.9637048244476318,
    0.732891857624054,
    0.9604023694992065,
    0.3427529036998749,
    0.27740567922592163,
    0.8515108227729797,
    0.9915726184844971,
    0.9972028136253357,
    0.9951428174972534,
    0.8959504961967468,
    0.791228175163269,
    0.9943785667419434,
    0.4701243042945862,
    0.9877588152885437,
    0.9747863411903381,
    0.9986748695373535,
    0.961892306804657,
    0.9906786680221558,
    0.9979830384254456,
    0.9978998303413391,
    0.9939447045326233,
    0.9921384453773499,
    0.9973924160003662,
    0.995670735836029,
    0.9989012479782104
  ],
  "coverage_score": 0.7772925846688996,
  "pose_estimation_failed": false,
  "tracking_method": "loosely_coupled",
  "kf_translation_vector": [
    -0.003002857475806299,
    -0.04344070405794121,
    0.764776326887911
  ],
  "kf_quaternion": [
    0.4383376737579888,
    -0.4262980734335909,
    -0.12019926042058807,
    0.7821011278252881
  ],
  "kf_rotation_matrix": [
    [
      0.6076441807623048,
      -0.18570905739537016,
      -0.7721921364447004
    ],
    [
      -0.5617409659502,
      0.5868244431175572,
      -0.5831673517379942
    ],
    [
      0.5614406796439353,
      0.7881302043197508,
      0.2522600727024875
    ]
  ],
  "position_diff": 0.07730652279363089,
  "orientation_diff": 1.6623005235528705,
  "timestamp": 1741869951.2413967,
  "image_file": "webcam_000111"
}