{
  "frame": 69,
  "object_rotation_in_cam": [
    [
      0.6884410915630881,
      -0.11884787286531279,
      -0.7154886767537374
    ],
    [
      -0.526743018622807,
      0.5962118315776952,
      -0.6058656981699022
    ],
    [
      0.49858866390999784,
      0.7939815079724215,
      0.3478544368242021
    ]
  ],
  "object_translation_in_cam": [
    0.013874175927981212,
    -0.02158621928333055,
    0.7188653711967637
  ],
  "raw_rvec": [
    0.9215145461143841,
    -0.7992228899128525,
    -0.26851595549547547
  ],
  "refined_raw_rvec": [
    0.9215145461143841,
    -0.7992228899128525,
    -0.26851595549547547
  ],
  "num_inliers": 14,
  "total_matches": 29,
  "inlier_ratio": 0.4827586206896552,
  "reprojection_errors": [
    0.34625133872032166,
    0.7612605690956116,
    2.218801975250244,
    2.6647629737854004,
    0.5642180442810059,
    1.4324661493301392,
    3.0275657176971436,
    2.9810869693756104,
    2.635605812072754,
    1.9110515117645264,
    2.3216707706451416,
    3.249138593673706,
    1.8444886207580566,
    1.0787731409072876
  ],
  "mean_reprojection_error": 1.9312242269515991,
  "std_reprojection_error": 0.9274958968162537,
  "inliers": [
    3,
    6,
    10,
    11,
    14,
    15,
    16,
    17,
    18,
    19,
    20,
    21,
    22,
    23
  ],
  "mkpts0": [
    [
      727.625,
      143.875
    ],
    [
      663.875,
      165.125
    ],
    [
      656.375,
      171.375
    ],
    [
      745.125,
      201.375
    ],
    [
      805.125,
      212.625
    ],
    [
      793.875,
      220.125
    ],
    [
      705.125,
      223.875
    ],
    [
      835.125,
      225.125
    ],
    [
      425.125,
      242.625
    ],
    [
      413.875,
      248.875
    ],
    [
      436.375,
      260.125
    ],
    [
      478.875,
      281.375
    ],
    [
      590.125,
      283.875
    ],
    [
      522.625,
      286.375
    ],
    [
      386.375,
      288.875
    ],
    [
      511.375,
      292.625
    ],
    [
      597.625,
      297.625
    ],
    [
      430.125,
      311.375
    ],
    [
      575.125,
      312.625
    ],
    [
      540.125,
      313.875
    ],
    [
      518.875,
      327.625
    ],
    [
      586.375,
      330.125
    ],
    [
      602.625,
      347.625
    ],
    [
      611.375,
      352.625
    ],
    [
      636.375,
      357.625
    ],
    [
      617.625,
      368.875
    ],
    [
      650.125,
      376.375
    ],
    [
      595.125,
      388.875
    ],
    [
      702.625,
      391.375
    ]
  ],
  "mkpts1": [
    [
      930.125,
      20.125
    ],
    [
      857.625,
      31.375
    ],
    [
      841.375,
      37.625
    ],
    [
      932.625,
      113.875
    ],
    [
      1026.375,
      155.125
    ],
    [
      1012.625,
      166.375
    ],
    [
      862.625,
      142.625
    ],
    [
      1076.375,
      183.875
    ],
    [
      407.625,
      117.625
    ],
    [
      388.875,
      126.375
    ],
    [
      427.625,
      157.625
    ],
    [
      501.375,
      213.875
    ],
    [
      685.125,
      257.625
    ],
    [
      571.375,
      238.875
    ],
    [
      343.875,
      207.625
    ],
    [
      551.375,
      248.875
    ],
    [
      691.375,
      278.875
    ],
    [
      417.625,
      268.875
    ],
    [
      652.625,
      303.875
    ],
    [
      602.625,
      313.875
    ],
    [
      568.875,
      338.875
    ],
    [
      676.375,
      348.875
    ],
    [
      701.375,
      391.375
    ],
    [
      716.375,
      406.375
    ],
    [
      756.375,
      421.375
    ],
    [
      726.375,
      441.375
    ],
    [
      777.625,
      466.375
    ],
    [
      690.125,
      477.625
    ],
    [
      863.875,
      511.375
    ]
  ],
  "mpts3D": [
    [
      0.20600000023841858,
      -0.054999999701976776,
      -0.0020000000949949026
    ],
    [
      0.23000000417232513,
      -0.0,
      0.07000000029802322
    ],
    [
      0.21699999272823334,
      0.0,
      0.07000000029802322
    ],
    [
      0.21699999272823334,
      -0.0,
      -0.027000000700354576
    ],
    [
      0.23000000417232513,
      0.0,
      -0.07000000029802322
    ],
    [
      0.21699999272823334,
      -0.0,
      -0.07000000029802322
    ],
    [
      0.17000000178813934,
      -0.0,
      -0.014999999664723873
    ],
    [
      0.23000000417232513,
      -0.0,
      -0.11299999803304672
    ],
    [
      -0.0,
      -0.0,
      0.15600000321865082
    ],
    [
      -0.014000000432133675,
      0.0,
      0.15600000321865082
    ],
    [
      -0.01899999938905239,
      -0.0,
      0.12800000607967377
    ],
    [
      -0.01899999938905239,
      -0.0,
      0.07400000095367432
    ],
    [
      0.02500000037252903,
      -0.014000000432133675,
      -0.010999999940395355
    ],
    [
      0.0,
      0.0,
      0.041999999433755875
    ],
    [
      -0.07400000095367432,
      -0.0,
      0.12800000607967377
    ],
    [
      -0.014000000432133675,
      0.0,
      0.041999999433755875
    ],
    [
      0.02500000037252903,
      0.0,
      -0.014999999664723873
    ],
    [
      -0.07400000095367432,
      -0.0,
      0.07400000095367432
    ],
    [
      0.0,
      -0.0,
      -0.014999999664723873
    ],
    [
      -0.03500000014901161,
      -0.017999999225139618,
      -0.009999999776482582
    ],
    [
      -0.05700000002980232,
      -0.017999999225139618,
      -0.009999999776482582
    ],
    [
      -0.014000000432133675,
      0.0,
      -0.041999999433755875
    ],
    [
      -0.023000000044703484,
      0.0,
      -0.06499999761581421
    ],
    [
      -0.023000000044703484,
      -0.0,
      -0.07500000298023224
    ],
    [
      -0.017000000923871994,
      -0.0,
      -0.09200000017881393
    ],
    [
      -0.03700000047683716,
      -0.0,
      -0.09700000286102295
    ],
    [
      -0.028999999165534973,
      -0.0,
      -0.12700000405311584
    ],
    [
      -0.052000001072883606,
      -0.0,
      -0.09700000286102295
    ],
    [
      -0.014000000432133675,
      0.0,
      -0.15600000321865082
    ]
  ],
  "mconf": [
    0.9260810613632202,
    0.21550428867340088,
    0.20113007724285126,
    0.9939457774162292,
    0.875920295715332,
    0.9984346628189087,
    0.24826717376708984,
    0.18833577632904053,
    0.8696067929267883,
    0.9915469884872437,
    0.996737003326416,
    0.9813179969787598,
    0.9639843702316284,
    0.8548223972320557,
    0.9952112436294556,
    0.9691464304924011,
    0.9234259724617004,
    0.9961751103401184,
    0.8674322962760925,
    0.9899411201477051,
    0.997982919216156,
    0.9973898530006409,
    0.9980817437171936,
    0.9954735040664673,
    0.9996567368507385,
    0.9996506571769714,
    0.9990352392196655,
    0.999319314956665,
    0.13037577271461487
  ],
  "coverage_score": 0.7742903032614272,
  "pose_estimation_failed": false,
  "tracking_method": "loosely_coupled",
  "kf_translation_vector": [
    -0.010634900259981145,
    -0.016093394034442477,
    0.6478098399322079
  ],
  "kf_quaternion": [
    0.456438040926834,
    -0.5166745779963281,
    -0.08235946256285483,
    0.7196725742819077
  ],
  "kf_rotation_matrix": [
    [
      0.45252859875734797,
      -0.3531161714765171,
      -0.8188570307132242
    ],
    [
      -0.5902035572328537,
      0.5697624674424631,
      -0.5718657987006759
    ],
    [
      0.6684890637373188,
      0.7420779609553454,
      0.04942339049438016
    ]
  ],
  "position_diff": 0.07811773690554769,
  "orientation_diff": 20.279521836644893,
  "timestamp": 1741869680.0591803,
  "image_file": "webcam_000069"
}