{
  "frame": 66,
  "object_rotation_in_cam": [
    [
      0.5237248150869707,
      -0.12755118068692237,
      -0.8422844023057121
    ],
    [
      -0.4236627084297663,
      0.8187878950405376,
      -0.3874226276574988
    ],
    [
      0.739068486371915,
      0.5597473351794167,
      0.3747808602523193
    ]
  ],
  "object_translation_in_cam": [
    -0.025134658749269637,
    -0.025226109395811554,
    0.6655314046474073
  ],
  "raw_rvec": [
    0.6108220831608042,
    -1.0198014121787955,
    -0.1909598776570946
  ],
  "refined_raw_rvec": [
    0.6108220831608042,
    -1.0198014121787955,
    -0.1909598776570946
  ],
  "num_inliers": 12,
  "total_matches": 33,
  "inlier_ratio": 0.36363636363636365,
  "reprojection_errors": [
    1.2582385540008545,
    2.0338587760925293,
    4.29187536239624,
    3.4652888774871826,
    2.5459301471710205,
    1.3464633226394653,
    3.626770496368408,
    2.4055371284484863,
    2.6989595890045166,
    4.456991672515869,
    1.8861995935440063,
    0.3854624927043915
  ],
  "mean_reprojection_error": 2.5334646701812744,
  "std_reprojection_error": 1.1978150606155396,
  "inliers": [
    0,
    1,
    10,
    11,
    16,
    17,
    18,
    20,
    21,
    24,
    29,
    32
  ],
  "mkpts0": [
    [
      727.625,
      126.375
    ],
    [
      727.625,
      143.875
    ],
    [
      636.375,
      157.625
    ],
    [
      663.875,
      165.125
    ],
    [
      656.375,
      171.375
    ],
    [
      356.375,
      195.125
    ],
    [
      745.125,
      201.375
    ],
    [
      705.125,
      223.875
    ],
    [
      425.125,
      242.625
    ],
    [
      413.875,
      248.875
    ],
    [
      436.375,
      260.125
    ],
    [
      478.875,
      281.375
    ],
    [
      590.125,
      283.875
    ],
    [
      522.625,
      286.375
    ],
    [
      386.375,
      288.875
    ],
    [
      350.125,
      290.125
    ],
    [
      511.375,
      292.625
    ],
    [
      597.625,
      297.625
    ],
    [
      430.125,
      311.375
    ],
    [
      575.125,
      312.625
    ],
    [
      540.125,
      313.875
    ],
    [
      518.875,
      327.625
    ],
    [
      586.375,
      330.125
    ],
    [
      602.625,
      347.625
    ],
    [
      611.375,
      352.625
    ],
    [
      636.375,
      357.625
    ],
    [
      617.625,
      368.875
    ],
    [
      650.125,
      376.375
    ],
    [
      496.375,
      377.625
    ],
    [
      715.125,
      383.875
    ],
    [
      516.375,
      388.875
    ],
    [
      595.125,
      388.875
    ],
    [
      702.625,
      391.375
    ]
  ],
  "mkpts1": [
    [
      778.875,
      10.125
    ],
    [
      776.375,
      37.625
    ],
    [
      596.375,
      57.625
    ],
    [
      642.625,
      75.125
    ],
    [
      633.875,
      82.625
    ],
    [
      136.375,
      77.625
    ],
    [
      791.375,
      136.375
    ],
    [
      741.375,
      163.875
    ],
    [
      272.625,
      166.375
    ],
    [
      255.125,
      172.625
    ],
    [
      302.625,
      192.625
    ],
    [
      392.625,
      226.375
    ],
    [
      597.625,
      241.375
    ],
    [
      471.375,
      242.625
    ],
    [
      222.625,
      231.375
    ],
    [
      153.875,
      227.625
    ],
    [
      453.875,
      250.125
    ],
    [
      605.125,
      265.125
    ],
    [
      315.125,
      273.875
    ],
    [
      572.625,
      286.375
    ],
    [
      528.875,
      281.375
    ],
    [
      497.625,
      302.625
    ],
    [
      608.875,
      317.625
    ],
    [
      646.375,
      346.375
    ],
    [
      667.625,
      356.375
    ],
    [
      711.375,
      366.375
    ],
    [
      686.375,
      382.625
    ],
    [
      747.625,
      398.875
    ],
    [
      461.375,
      391.375
    ],
    [
      860.125,
      415.125
    ],
    [
      486.375,
      403.875
    ],
    [
      658.875,
      413.875
    ],
    [
      846.375,
      428.875
    ]
  ],
  "mpts3D": [
    [
      0.20600000023841858,
      -0.07000000029802322,
      -0.0020000000949949026
    ],
    [
      0.20600000023841858,
      -0.054999999701976776,
      -0.0020000000949949026
    ],
    [
      0.23000000417232513,
      -0.0,
      0.11299999803304672
    ],
    [
      0.23000000417232513,
      -0.0,
      0.07000000029802322
    ],
    [
      0.21699999272823334,
      0.0,
      0.07000000029802322
    ],
    [
      -0.0,
      -0.02500000037252903,
      0.23999999463558197
    ],
    [
      0.21699999272823334,
      -0.0,
      -0.027000000700354576
    ],
    [
      0.17000000178813934,
      -0.0,
      -0.014999999664723873
    ],
    [
      -0.0,
      -0.0,
      0.15600000321865082
    ],
    [
      -0.014000000432133675,
      0.0,
      0.15600000321865082
    ],
    [
      -0.01899999938905239,
      -0.0,
      0.12800000607967377
    ],
    [
      -0.01899999938905239,
      -0.0,
      0.07400000095367432
    ],
    [
      0.02500000037252903,
      -0.014000000432133675,
      -0.010999999940395355
    ],
    [
      0.0,
      0.0,
      0.041999999433755875
    ],
    [
      -0.07400000095367432,
      -0.0,
      0.12800000607967377
    ],
    [
      -0.07999999821186066,
      -0.0,
      0.15600000321865082
    ],
    [
      -0.014000000432133675,
      0.0,
      0.041999999433755875
    ],
    [
      0.02500000037252903,
      0.0,
      -0.014999999664723873
    ],
    [
      -0.07400000095367432,
      -0.0,
      0.07400000095367432
    ],
    [
      0.0,
      -0.0,
      -0.014999999664723873
    ],
    [
      -0.03500000014901161,
      -0.017999999225139618,
      -0.009999999776482582
    ],
    [
      -0.05700000002980232,
      -0.017999999225139618,
      -0.009999999776482582
    ],
    [
      -0.014000000432133675,
      0.0,
      -0.041999999433755875
    ],
    [
      -0.023000000044703484,
      0.0,
      -0.06499999761581421
    ],
    [
      -0.023000000044703484,
      -0.0,
      -0.07500000298023224
    ],
    [
      -0.017000000923871994,
      -0.0,
      -0.09200000017881393
    ],
    [
      -0.03700000047683716,
      -0.0,
      -0.09700000286102295
    ],
    [
      -0.028999999165534973,
      -0.0,
      -0.12700000405311584
    ],
    [
      -0.09000000357627869,
      -0.0,
      -0.014999999664723873
    ],
    [
      0.0,
      0.0,
      -0.15600000321865082
    ],
    [
      -0.09000000357627869,
      -0.0,
      -0.041999999433755875
    ],
    [
      -0.052000001072883606,
      -0.0,
      -0.09700000286102295
    ],
    [
      -0.014000000432133675,
      0.0,
      -0.15600000321865082
    ]
  ],
  "mconf": [
    0.6054466962814331,
    0.7660952806472778,
    0.8556678295135498,
    0.9217052459716797,
    0.9896575212478638,
    0.9646642804145813,
    0.9275264739990234,
    0.9715555906295776,
    0.8367388844490051,
    0.9983735680580139,
    0.9968158006668091,
    0.9989795088768005,
    0.9838841557502747,
    0.9225639700889587,
    0.9953595995903015,
    0.23845039308071136,
    0.9975973963737488,
    0.9003046154975891,
    0.9992370009422302,
    0.9143723249435425,
    0.9882319569587708,
    0.9946770071983337,
    0.9935067296028137,
    0.9979902505874634,
    0.9998310208320618,
    0.9998339414596558,
    0.999777615070343,
    0.9996448755264282,
    0.8685383796691895,
    0.9931304454803467,
    0.21900726854801178,
    0.9997339844703674,
    0.9994888305664062
  ],
  "coverage_score": 0.7863118319475819,
  "pose_estimation_failed": false,
  "tracking_method": "loosely_coupled",
  "kf_translation_vector": [
    -0.03445256335979728,
    -0.02060253436248847,
    0.7256211642977866
  ],
  "kf_quaternion": [
    0.45456955259320037,
    -0.46804047805188415,
    -0.1161163823827155,
    0.7488802430980085
  ],