{
  "frame": 126,
  "object_rotation_in_cam": [
    [
      0.612426205396329,
      -0.18822998973078578,
      -0.767791386972921
    ],
    [
      -0.5347234326414135,
      0.6167027342142481,
      -0.5777097785193307
    ],
    [
      0.5822413533304184,
      0.7643606534736195,
      0.27703392913746905
    ]
  ],
  "object_translation_in_cam": [
    -5.633310203091196e-06,
    -0.033522500948974576,
    0.6793774421054665
  ],
  "raw_rvec": [
    0.9120579217839191,
    -0.9174690285314184,
    -0.2354735503587059
  ],
  "refined_raw_rvec": [
    0.9120579217839191,
    -0.9174690285314184,
    -0.2354735503587059
  ],
  "num_inliers": 13,
  "total_matches": 24,
  "inlier_ratio": 0.5416666666666666,
  "reprojection_errors": [
    1.3533599376678467,
    1.2518465518951416,
    4.015832901000977,
    1.8650004863739014,
    1.0299862623214722,
    2.3140761852264404,
    2.393749475479126,
    1.647362232208252,
    0.7795853018760681,
    3.4642412662506104,
    1.527191162109375,
    1.6606085300445557,
    1.955603837966919
  ],
  "mean_reprojection_error": 1.9429571628570557,
  "std_reprojection_error": 0.8905687928199768,
  "inliers": [
    0,
    1,
    7,
    8,
    10,
    12,
    14,
    15,
    16,
    17,
    18,
    19,
    20
  ],
  "mkpts0": [
    [
      745.125,
      201.375
    ],
    [
      705.125,
      223.875
    ],
    [
      835.125,
      225.125
    ],
    [
      425.125,
      242.625
    ],
    [
      413.875,
      248.875
    ],
    [
      436.375,
      260.125
    ],
    [
      478.875,
      281.375
    ],
    [
      590.125,
      283.875
    ],
    [
      522.625,
      286.375
    ],
    [
      386.375,
      288.875
    ],
    [
      350.125,
      290.125
    ],
    [
      511.375,
      292.625
    ],
    [
      597.625,
      297.625
    ],
    [
      430.125,
      311.375
    ],
    [
      575.125,
      312.625
    ],
    [
      540.125,
      313.875
    ],
    [
      518.875,
      327.625
    ],
    [
      586.375,
      330.125
    ],
    [
      602.625,
      347.625
    ],
    [
      611.375,
      352.625
    ],
    [
      636.375,
      357.625
    ],
    [
      617.625,
      368.875
    ],
    [
      650.125,
      376.375
    ],
    [
      595.125,
      388.875
    ]
  ],
  "mkpts1": [
    [
      887.625,
      82.625
    ],
    [
      821.375,
      111.375
    ],
    [
      982.625,
      126.375
    ],
    [
      355.125,
      75.125
    ],
    [
      337.625,
      83.875
    ],
    [
      380.125,
      117.625
    ],
    [
      463.875,
      178.875
    ],
    [
      658.875,
      226.375
    ],
    [
      537.625,
      205.125
    ],
    [
      295.125,
      168.875
    ],
    [
      230.125,
      151.375
    ],
    [
      518.875,
      215.125
    ],
    [
      663.875,
      247.625
    ],
    [
      381.375,
      236.375
    ],
    [
      627.625,
      273.875
    ],
    [
      582.625,
      283.875
    ],
    [
      550.125,
      308.875
    ],
    [
      656.375,
      321.375
    ],
    [
      685.125,
      363.875
    ],
    [
      702.625,
      380.125
    ],
    [
      742.625,
      395.125
    ],
    [
      715.125,
      415.125
    ],
    [
      768.875,
      440.125
    ],
    [
      682.625,
      453.875
    ]
  ],
  "mpts3D": [
    [
      0.21699999272823334,
      -0.0,
      -0.027000000700354576
    ],
    [
      0.17000000178813934,
      -0.0,
      -0.014999999664723873
    ],
    [
      0.23000000417232513,
      -0.0,
      -0.11299999803304672
    ],
    [
      -0.0,
      -0.0,
      0.15600000321865082
    ],
    [
      -0.014000000432133675,
      0.0,
      0.15600000321865082
    ],
    [
      -0.01899999938905239,
      -0.0,
      0.12800000607967377
    ],
    [
      -0.01899999938905239,
      -0.0,
      0.07400000095367432
    ],
    [
      0.02500000037252903,
      -0.014000000432133675,
      -0.010999999940395355
    ],
    [
      0.0,
      0.0,
      0.041999999433755875
    ],
    [
      -0.07400000095367432,
      -0.0,
      0.12800000607967377
    ],
    [
      -0.07999999821186066,
      -0.0,
      0.15600000321865082
    ],
    [
      -0.014000000432133675,
      0.0,
      0.041999999433755875
    ],
    [
      0.02500000037252903,
      0.0,
      -0.014999999664723873
    ],
    [
      -0.07400000095367432,
      -0.0,
      0.07400000095367432
    ],
    [
      0.0,
      -0.0,
      -0.014999999664723873
    ],
    [
      -0.03500000014901161,
      -0.017999999225139618,
      -0.009999999776482582
    ],
    [
      -0.05700000002980232,
      -0.017999999225139618,
      -0.009999999776482582
    ],
    [
      -0.014000000432133675,
      0.0,
      -0.041999999433755875
    ],
    [
      -0.023000000044703484,
      0.0,
      -0.06499999761581421
    ],
    [
      -0.023000000044703484,
      -0.0,
      -0.07500000298023224
    ],
    [
      -0.017000000923871994,
      -0.0,
      -0.09200000017881393
    ],
    [
      -0.03700000047683716,
      -0.0,
      -0.09700000286102295
    ],
    [
      -0.028999999165534973,
      -0.0,
      -0.12700000405311584
    ],
    [
      -0.052000001072883606,
      -0.0,
      -0.09700000286102295
    ]
  ],
  "mconf": [
    0.9627644419670105,
    0.8897942304611206,
    0.16746972501277924,
    0.9220172166824341,
    0.9938764572143555,
    0.9920732975006104,
    0.9967377185821533,
    0.954772412776947,
    0.6714706420898438,
    0.9926959872245789,
    0.4883158802986145,
    0.9775665402412415,
    0.9669426679611206,
    0.9986810684204102,
    0.9803520441055298,
    0.9934099912643433,
    0.9978476762771606,
    0.9981051683425903,
    0.9948539733886719,
    0.9880657196044922,
    0.9996180534362793,
    0.999630331993103,
    0.9995359182357788,
    0.9992029666900635
  ],
  "coverage_score": 0.6610896727583333,
  "pose_estimation_failed": false,
  "tracking_method": "loosely_coupled",
  "kf_translation_vector": [
    0.0028949310488301156,
    -0.045306296581452125,
    0.7917538176225838
  ],
  "kf_quaternion": [
    0.4214976113300991,
    -0.4299328003727618,
    -0.12105785766379402,
    0.7892037416944425
  ],
  "kf_rotation_matrix": [
    [
      0.601005564522975,
      -0.17135266831959994,
      -0.7806603451387635
    ],
    [
      -0.5535099252387179,
      0.6153695174817466,
      -0.5612014964489238
    ],
    [
      0.5765579537866503,
      0.7693884714590125,
      0.2749951016133112
    ]
  ],
  "position_diff": 0.11377117396025944,
  "orientation_diff": 1.4156065833691953,
  "timestamp": 1741869953.2518287,
  "image_file": "webcam_000126"
}