{
  "frame": 89,
  "object_rotation_in_cam": [
    [
      0.5805136876608981,
      -0.20221097990216744,
      -0.7887424028447759
    ],
    [
      -0.5739772048385527,
      0.5854480801829499,
      -0.5725388316401085
    ],
    [
      0.5775413636823493,
      0.7850867882069497,
      0.2237961309290865
    ]
  ],
  "object_translation_in_cam": [
    -0.03488062768546826,
    -0.05769667513884969,
    0.6852834582848367
  ],
  "raw_rvec": [
    0.951378875638197,
    -0.9574462168353385,
    -0.26052140436188875
  ],
  "refined_raw_rvec": [
    0.951378875638197,
    -0.9574462168353385,
    -0.26052140436188875
  ],
  "num_inliers": 12,
  "total_matches": 25,
  "inlier_ratio": 0.48,
  "reprojection_errors": [
    1.2395282983779907,
    2.1718060970306396,
    0.8909469246864319,
    1.8749516010284424,
    0.5906093716621399,
    3.769625186920166,
    2.22598934173584,
    2.68011474609375,
    0.8651284575462341,
    1.3704001903533936,
    2.680373430252075,
    1.7015743255615234
  ],
  "mean_reprojection_error": 1.8384205102920532,
  "std_reprojection_error": 0.8854402303695679,
  "inliers": [
    0,
    3,
    4,
    6,
    10,
    12,
    13,
    15,
    16,
    17,
    18,
    19
  ],
  "mkpts0": [
    [
      745.125,
      201.375
    ],
    [
      805.125,
      212.625
    ],
    [
      793.875,
      220.125
    ],
    [
      705.125,
      223.875
    ],
    [
      835.125,
      225.125
    ],
    [
      425.125,
      242.625
    ],
    [
      413.875,
      248.875
    ],
    [
      436.375,
      260.125
    ],
    [
      478.875,
      281.375
    ],
    [
      590.125,
      283.875
    ],
    [
      522.625,
      286.375
    ],
    [
      386.375,
      288.875
    ],
    [
      511.375,
      292.625
    ],
    [
      597.625,
      297.625
    ],
    [
      430.125,
      311.375
    ],
    [
      575.125,
      312.625
    ],
    [
      540.125,
      313.875
    ],
    [
      518.875,
      327.625
    ],
    [
      586.375,
      330.125
    ],
    [
      602.625,
      347.625
    ],
    [
      611.375,
      352.625
    ],
    [
      617.625,
      368.875
    ],
    [
      650.125,
      376.375
    ],
    [
      595.125,
      388.875
    ],
    [
      702.625,
      391.375
    ]
  ],
  "mkpts1": [
    [
      810.125,
      25.125
    ],
    [
      905.125,
      67.625
    ],
    [
      891.375,
      77.625
    ],
    [
      743.875,
      53.875
    ],
    [
      955.125,
      96.375
    ],
    [
      268.875,
      25.125
    ],
    [
      250.125,
      35.125
    ],
    [
      296.375,
      68.875
    ],
    [
      383.875,
      130.125
    ],
    [
      583.875,
      175.125
    ],
    [
      460.125,
      156.375
    ],
    [
      210.125,
      123.875
    ],
    [
      441.375,
      167.625
    ],
    [
      588.875,
      196.375
    ],
    [
      301.375,
      191.375
    ],
    [
      552.625,
      223.875
    ],
    [
      506.375,
      233.875
    ],
    [
      475.125,
      261.375
    ],
    [
      582.625,
      270.125
    ],
    [
      612.625,
      313.875
    ],
    [
      630.125,
      328.875
    ],
    [
      643.875,
      365.125
    ],
    [
      695.125,
      387.625
    ],
    [
      611.375,
      403.875
    ],
    [
      785.125,
      430.125
    ]
  ],
  "mpts3D": [
    [
      0.21699999272823334,
      -0.0,
      -0.027000000700354576
    ],
    [
      0.23000000417232513,
      0.0,
      -0.07000000029802322
    ],
    [
      0.21699999272823334,
      -0.0,
      -0.07000000029802322
    ],
    [
      0.17000000178813934,
      -0.0,
      -0.014999999664723873
    ],
    [
      0.23000000417232513,
      -0.0,
      -0.11299999803304672
    ],
    [
      -0.0,
      -0.0,
      0.15600000321865082
    ],
    [
      -0.014000000432133675,
      0.0,
      0.15600000321865082
    ],
    [
      -0.01899999938905239,
      -0.0,
      0.12800000607967377
    ],
    [
      -0.01899999938905239,
      -0.0,
      0.07400000095367432
    ],
    [
      0.02500000037252903,
      -0.014000000432133675,
      -0.010999999940395355
    ],
    [
      0.0,
      0.0,
      0.041999999433755875
    ],
    [
      -0.07400000095367432,
      -0.0,
      0.12800000607967377
    ],
    [
      -0.014000000432133675,
      0.0,
      0.041999999433755875
    ],
    [
      0.02500000037252903,
      0.0,
      -0.014999999664723873
    ],
    [
      -0.07400000095367432,
      -0.0,
      0.07400000095367432
    ],
    [
      0.0,
      -0.0,
      -0.014999999664723873
    ],
    [
      -0.03500000014901161,
      -0.017999999225139618,
      -0.009999999776482582
    ],
    [
      -0.05700000002980232,
      -0.017999999225139618,
      -0.009999999776482582
    ],
    [
      -0.014000000432133675,
      0.0,
      -0.041999999433755875
    ],
    [
      -0.023000000044703484,
      0.0,
      -0.06499999761581421
    ],
    [
      -0.023000000044703484,
      -0.0,
      -0.07500000298023224
    ],
    [
      -0.03700000047683716,
      -0.0,
      -0.09700000286102295
    ],
    [
      -0.028999999165534973,
      -0.0,
      -0.12700000405311584
    ],
    [
      -0.052000001072883606,
      -0.0,
      -0.09700000286102295
    ],
    [
      -0.014000000432133675,
      0.0,
      -0.15600000321865082
    ]
  ],
  "mconf": [
    0.96315598487854,
    0.6081072688102722,
    0.9590911865234375,
    0.24027156829833984,
    0.2440352886915207,
    0.9397361874580383,
    0.992677628993988,
    0.9972284436225891,
    0.9978060722351074,
    0.8283941745758057,
    0.8604200482368469,
    0.9964331984519958,
    0.9944513440132141,
    0.9828343987464905,
    0.997491717338562,
    0.9853544235229492,
    0.9933468699455261,
    0.9966228008270264,
    0.9990893006324768,
    0.9960812330245972,
    0.9941280484199524,
    0.9995782375335693,
    0.998978316783905,
    0.9989726543426514,
    0.13113786280155182
  ],
  "coverage_score": 0.7609640474436813,
  "pose_estimation_failed": false,
  "tracking_method": "loosely_coupled",
  "kf_translation_vector": [
    0.010094542592597441,
    -0.036512020662562344,
    0.7689159645953857
  ],
  "kf_quaternion": [
    0.44690721807146827,
    -0.4195401260764862,
    -0.11198221222480634,
    0.7821253129726626
  ],
  "kf_rotation_matrix": [
    [
      0.622892133513929,
      -0.1998227756609955,
      -0.7563572227020782
    ],
    [
      -0.5501592667957866,
      0.5754678451617191,
      -0.6051128327375401
    ],
    [
      0.5561745869465703,
      0.7930369584780164,
      0.24852004209469425
    ]
  ],
  "position_diff": 0.10154630740405031,
  "orientation_diff": 3.1314699297670865,
  "timestamp": 1741869948.283897,
  "image_file": "webcam_000089"
}