{
  "frame": 84,
  "object_rotation_in_cam": [
    [
      0.5895613361705332,
      -0.20506297859259376,
      -0.7812596275909496
    ],
    [
      -0.5815226883693794,
      0.5635245803394164,
      -0.5867464616552319
    ],
    [
      0.5605789808800055,
      0.8002432268779401,
      0.21298352995364767
    ]
  ],
  "object_translation_in_cam": [
    -0.03465485904046032,
    -0.05886603584634552,
    0.691164472075844
  ],
  "raw_rvec": [
    0.9782113281185403,
    -0.9463673293067268,
    -0.2655082123020861
  ],
  "refined_raw_rvec": [
    0.9782113281185403,
    -0.9463673293067268,
    -0.2655082123020861
  ],
  "num_inliers": 13,
  "total_matches": 25,
  "inlier_ratio": 0.52,
  "reprojection_errors": [
    1.2303495407104492,
    2.149916172027588,
    1.9227931499481201,
    1.9608333110809326,
    3.647362470626831,
    1.9626611471176147,
    3.0273666381835938,
    2.6273648738861084,
    2.091792345046997,
    1.1208312511444092,
    0.9858981370925903,
    3.4168701171875,
    2.1337409019470215
  ],
  "mean_reprojection_error": 2.1752140522003174,
  "std_reprojection_error": 0.7953070998191833,
  "inliers": [
    0,
    3,
    4,
    7,
    9,
    10,
    12,
    13,
    15,
    16,
    17,
    18,
    19
  ],
  "mkpts0": [
    [
      745.125,
      201.375
    ],
    [
      805.125,
      212.625
    ],
    [
      793.875,
      220.125
    ],
    [
      705.125,
      223.875
    ],
    [
      835.125,
      225.125
    ],
    [
      425.125,
      242.625
    ],
    [
      413.875,
      248.875
    ],
    [
      436.375,
      260.125
    ],
    [
      478.875,
      281.375
    ],
    [
      590.125,
      283.875
    ],
    [
      522.625,
      286.375
    ],
    [
      386.375,
      288.875
    ],
    [
      511.375,
      292.625
    ],
    [
      597.625,
      297.625
    ],
    [
      430.125,
      311.375
    ],
    [
      575.125,
      312.625
    ],
    [
      540.125,
      313.875
    ],
    [
      518.875,
      327.625
    ],
    [
      586.375,
      330.125
    ],
    [
      602.625,
      347.625
    ],
    [
      611.375,
      352.625
    ],
    [
      636.375,
      357.625
    ],
    [
      617.625,
      368.875
    ],
    [
      650.125,
      376.375
    ],
    [
      595.125,
      388.875
    ]
  ],
  "mkpts1": [
    [
      812.625,
      22.625
    ],
    [
      907.625,
      63.875
    ],
    [
      895.125,
      75.125
    ],
    [
      746.375,
      51.375
    ],
    [
      957.625,
      92.625
    ],
    [
      271.375,
      26.375
    ],
    [
      252.625,
      35.125
    ],
    [
      298.875,
      70.125
    ],
    [
      366.375,
      130.125
    ],
    [
      585.125,
      173.875
    ],
    [
      461.375,
      155.125
    ],
    [
      211.375,
      125.125
    ],
    [
      442.625,
      166.375
    ],
    [
      590.125,
      195.125
    ],
    [
      302.625,
      191.375
    ],
    [
      553.875,
      222.625
    ],
    [
      507.625,
      233.875
    ],
    [
      475.125,
      261.375
    ],
    [
      582.625,
      268.875
    ],
    [
      612.625,
      312.625
    ],
    [
      630.125,
      327.625
    ],
    [
      671.375,
      341.375
    ],
    [
      643.875,
      362.625
    ],
    [
      696.375,
      386.375
    ],
    [
      611.375,
      402.625
    ]
  ],
  "mpts3D": [
    [
      0.21699999272823334,
      -0.0,
      -0.027000000700354576
    ],
    [
      0.23000000417232513,
      0.0,
      -0.07000000029802322
    ],
    [
      0.21699999272823334,
      -0.0,
      -0.07000000029802322
    ],
    [
      0.17000000178813934,
      -0.0,
      -0.014999999664723873
    ],
    [
      0.23000000417232513,
      -0.0,
      -0.11299999803304672
    ],
    [
      -0.0,
      -0.0,
      0.15600000321865082
    ],
    [
      -0.014000000432133675,
      0.0,
      0.15600000321865082
    ],
    [
      -0.01899999938905239,
      -0.0,
      0.12800000607967377
    ],
    [
      -0.01899999938905239,
      -0.0,
      0.07400000095367432
    ],
    [
      0.02500000037252903,
      -0.014000000432133675,
      -0.010999999940395355
    ],
    [
      0.0,
      0.0,
      0.041999999433755875
    ],
    [
      -0.07400000095367432,
      -0.0,
      0.12800000607967377
    ],
    [
      -0.014000000432133675,
      0.0,
      0.041999999433755875
    ],
    [
      0.02500000037252903,
      0.0,
      -0.014999999664723873
    ],
    [
      -0.07400000095367432,
      -0.0,
      0.07400000095367432
    ],
    [
      0.0,
      -0.0,
      -0.014999999664723873
    ],
    [
      -0.03500000014901161,
      -0.017999999225139618,
      -0.009999999776482582
    ],
    [
      -0.05700000002980232,
      -0.017999999225139618,
      -0.009999999776482582
    ],
    [
      -0.014000000432133675,
      0.0,
      -0.041999999433755875
    ],
    [
      -0.023000000044703484,
      0.0,
      -0.06499999761581421
    ],
    [
      -0.023000000044703484,
      -0.0,
      -0.07500000298023224
    ],
    [
      -0.017000000923871994,
      -0.0,
      -0.09200000017881393
    ],
    [
      -0.03700000047683716,
      -0.0,
      -0.09700000286102295
    ],
    [
      -0.028999999165534973,
      -0.0,
      -0.12700000405311584
    ],
    [
      -0.052000001072883606,
      -0.0,
      -0.09700000286102295
    ]
  ],
  "mconf": [
    0.9936788082122803,
    0.8586068749427795,
    0.9986950159072876,
    0.5217174291610718,
    0.7213255763053894,
    0.9299258589744568,
    0.988303005695343,
    0.9966318011283875,
    0.35174572467803955,
    0.9649045467376709,
    0.1958886682987213,
    0.9960909485816956,
    0.7703686952590942,
    0.9461479783058167,
    0.9972910284996033,
    0.9864468574523926,
    0.9921501278877258,
    0.9977061152458191,
    0.9987755417823792,
    0.9987843632698059,
    0.9981452226638794,
    0.999772846698761,
    0.9997932314872742,
    0.9995080232620239,
    0.9997568130493164
  ],
  "coverage_score": 0.7474594241169754,
  "pose_estimation_failed": false,
  "tracking_method": "loosely_coupled",
  "kf_translation_vector": [
    0.01817832980484453,
    -0.03085882116134557,
    0.7700464302415184
  ],
  "kf_quaternion": [
    0.44957381480234265,
    -0.4172361665553045,
    -0.11070131362674088,
    0.7820118832368324
  ],
  "kf_rotation_matrix": [
    [
      0.6273184009590963,
      -0.20201742465147,
      -0.7521041044664695
    ],
    [
      -0.5482963956356254,
      0.5712572084107657,
      -0.6107669476745781
    ],
    [
      0.5530304569832517,
      0.7955213145956095,
      0.2475947327246062
    ]
  ],
  "position_diff": 0.10319335845034991,
  "orientation_diff": 2.9981300947451057,
  "timestamp": 1741869947.6119173,
  "image_file": "webcam_000084"
}