{
  "frame": 7,
  "object_rotation_in_cam": [
    [
      0.46238224355673185,
      -0.3067999292384427,
      -0.8319113319715807
    ],
    [
      -0.6213736947559839,
      0.5571891880006697,
      -0.5508492899518447
    ],
    [
      0.6325325227280731,
      0.7716307486061198,
      0.0669969812515378
    ]
  ],
  "object_translation_in_cam": [
    -0.006057182580431538,
    -0.07151003011464414,
    0.6883280732323528
  ],
  "raw_rvec": [
    1.0109907002234906,
    -1.1195171760136162,
    -0.24048087093949724
  ],
  "refined_raw_rvec": [
    1.0109907002234906,
    -1.1195171760136162,
    -0.24048087093949724
  ],
  "num_inliers": 11,
  "total_matches": 24,
  "inlier_ratio": 0.4583333333333333,
  "reprojection_errors": [
    0.765659511089325,
    1.3474725484848022,
    2.139326810836792,
    2.4557316303253174,
    2.8531477451324463,
    1.8134772777557373,
    3.3396377563476562,
    3.301079750061035,
    3.135890007019043,
    2.614362955093384,
    3.8730850219726562
  ],
  "mean_reprojection_error": 2.512624740600586,
  "std_reprojection_error": 0.8899485468864441,
  "inliers": [
    2,
    4,
    7,
    8,
    9,
    10,
    12,
    13,
    15,
    16,
    17
  ],
  "mkpts0": [
    [
      805.125,
      212.625
    ],
    [
      793.875,
      220.125
    ],
    [
      705.125,
      223.875
    ],
    [
      413.875,
      248.875
    ],
    [
      436.375,
      260.125
    ],
    [
      478.875,
      281.375
    ],
    [
      590.125,
      283.875
    ],
    [
      522.625,
      286.375
    ],
    [
      386.375,
      288.875
    ],
    [
      511.375,
      292.625
    ],
    [
      597.625,
      297.625
    ],
    [
      430.125,
      311.375
    ],
    [
      575.125,
      312.625
    ],
    [
      540.125,
      313.875
    ],
    [
      518.875,
      327.625
    ],
    [
      586.375,
      330.125
    ],
    [
      602.625,
      347.625
    ],
    [
      611.375,
      352.625
    ],
    [
      636.375,
      357.625
    ],
    [
      617.625,
      368.875
    ],
    [
      650.125,
      376.375
    ],
    [
      715.125,
      383.875
    ],
    [
      595.125,
      388.875
    ],
    [
      702.625,
      391.375
    ]
  ],
  "mkpts1": [
    [
      910.125,
      25.125
    ],
    [
      901.375,
      36.375
    ],
    [
      760.125,
      17.625
    ],
    [
      290.125,
      13.875
    ],
    [
      342.625,
      47.625
    ],
    [
      440.125,
      106.375
    ],
    [
      638.875,
      143.875
    ],
    [
      516.375,
      130.125
    ],
    [
      270.125,
      108.875
    ],
    [
      500.125,
      142.625
    ],
    [
      643.875,
      165.125
    ],
    [
      372.625,
      173.875
    ],
    [
      615.125,
      195.125
    ],
    [
      582.625,
      207.625
    ],
    [
      556.375,
      236.375
    ],
    [
      652.625,
      240.125
    ],
    [
      688.875,
      282.625
    ],
    [
      707.625,
      296.375
    ],
    [
      747.625,
      308.875
    ],
    [
      726.375,
      331.375
    ],
    [
      778.875,
      351.375
    ],
    [
      875.125,
      371.375
    ],
    [
      702.625,
      372.625
    ],
    [
      865.125,
      387.625
    ]
  ],
  "mpts3D": [
    [
      0.23000000417232513,
      0.0,
      -0.07000000029802322
    ],
    [
      0.21699999272823334,
      -0.0,
      -0.07000000029802322
    ],
    [
      0.17000000178813934,
      -0.0,
      -0.014999999664723873
    ],
    [
      -0.014000000432133675,
      0.0,
      0.15600000321865082
    ],
    [
      -0.01899999938905239,
      -0.0,
      0.12800000607967377
    ],
    [
      -0.01899999938905239,
      -0.0,
      0.07400000095367432
    ],
    [
      0.02500000037252903,
      -0.014000000432133675,
      -0.010999999940395355
    ],
    [
      0.0,
      0.0,
      0.041999999433755875
    ],
    [
      -0.07400000095367432,
      -0.0,
      0.12800000607967377
    ],
    [
      -0.014000000432133675,
      0.0,
      0.041999999433755875
    ],
    [
      0.02500000037252903,
      0.0,
      -0.014999999664723873
    ],
    [
      -0.07400000095367432,
      -0.0,
      0.07400000095367432
    ],
    [
      0.0,
      -0.0,
      -0.014999999664723873
    ],
    [
      -0.03500000014901161,
      -0.017999999225139618,
      -0.009999999776482582
    ],
    [
      -0.05700000002980232,
      -0.017999999225139618,
      -0.009999999776482582
    ],
    [
      -0.014000000432133675,
      0.0,
      -0.041999999433755875
    ],
    [
      -0.023000000044703484,
      0.0,
      -0.06499999761581421
    ],
    [
      -0.023000000044703484,
      -0.0,
      -0.07500000298023224
    ],
    [
      -0.017000000923871994,
      -0.0,
      -0.09200000017881393
    ],
    [
      -0.03700000047683716,
      -0.0,
      -0.09700000286102295
    ],
    [
      -0.028999999165534973,
      -0.0,
      -0.12700000405311584
    ],
    [
      0.0,
      0.0,
      -0.15600000321865082
    ],
    [
      -0.052000001072883606,
      -0.0,
      -0.09700000286102295
    ],
    [
      -0.014000000432133675,
      0.0,
      -0.15600000321865082
    ]
  ],
  "mconf": [
    0.43070828914642334,
    0.9833091497421265,
    0.9514099359512329,
    0.9945107698440552,
    0.9943929314613342,
    0.9952253699302673,
    0.9710492491722107,
    0.8553951978683472,
    0.997054398059845,
    0.9971649646759033,
    0.9889408946037292,
    0.9985425472259521,
    0.9956046938896179,
    0.9970117211341858,
    0.9994587898254395,
    0.9970301389694214,
    0.9989883303642273,
    0.9996097683906555,
    0.999923825263977,
    0.9997660517692566,
    0.999722957611084,
    0.984833300113678,
    0.999669075012207,
    0.9998754262924194
  ],
  "coverage_score": 0.7652465283787413,
  "pose_estimation_failed": false,
  "tracking_method": "loosely_coupled",
  "kf_translation_vector": [
    -0.009239378884330888,
    -0.09258020681602204,
    0.6743858297139794
  ],
  "kf_quaternion": [
    0.45299956060927243,
    -0.49063484188843404,
    -0.11703488599585903,
    0.7350997792632329
  ],
  "kf_rotation_matrix": [
    [
      0.4911605747700952,
      -0.27245009786681373,
      -0.827364631806239
    ],
    [
      -0.6165793733134282,
      0.5621884670954848,
      -0.5511569684484169
    ],
    [
      0.6152976240779172,
      0.7808425395924538,
      0.10813770002583489
    ]
  ],
  "position_diff": 0.025513879955455468,
  "orientation_diff": 2.607967581612971,
  "timestamp": 1741869608.0061352,
  "image_file": "webcam_000007"
}