{
  "frame": 142,
  "object_rotation_in_cam": [
    [
      0.6190662011678071,
      -0.16702788955583683,
      -0.7673713069187452
    ],
    [
      -0.5239313669004928,
      0.6400500247032328,
      -0.5619892246788831
    ],
    [
      0.5850238981011299,
      0.7499584321733532,
      0.30872218686489733
    ]
  ],
  "object_translation_in_cam": [
    0.022738424866644822,
    -0.015034077590935824,
    0.6873859364979412
  ],
  "raw_rvec": [
    0.8776781813509953,
    -0.9047371347554743,
    -0.2387643998429615
  ],
  "refined_raw_rvec": [
    0.8776781813509953,
    -0.9047371347554743,
    -0.2387643998429615
  ],
  "num_inliers": 15,
  "total_matches": 29,
  "inlier_ratio": 0.5172413793103449,
  "reprojection_errors": [
    2.698671817779541,
    2.2020576000213623,
    1.0189329385757446,
    1.9542144536972046,
    2.601571798324585,
    3.943664312362671,
    2.696800708770752,
    1.286803126335144,
    2.4994614124298096,
    1.798911452293396,
    1.4150257110595703,
    0.48089924454689026,
    2.4456748962402344,
    1.6146279573440552,
    1.6243655681610107
  ],
  "mean_reprojection_error": 2.0187790393829346,
  "std_reprojection_error": 0.8185421824455261,
  "inliers": [
    2,
    4,
    6,
    7,
    8,
    11,
    12,
    14,
    16,
    18,
    19,
    20,
    22,
    23,
    24
  ],
  "mkpts0": [
    [
      727.625,
      126.375
    ],
    [
      727.625,
      143.875
    ],
    [
      656.375,
      171.375
    ],
    [
      356.375,
      195.125
    ],
    [
      745.125,
      201.375
    ],
    [
      793.875,
      220.125
    ],
    [
      705.125,
      223.875
    ],
    [
      425.125,
      242.625
    ],
    [
      413.875,
      248.875
    ],
    [
      436.375,
      260.125
    ],
    [
      478.875,
      281.375
    ],
    [
      590.125,
      283.875
    ],
    [
      522.625,
      286.375
    ],
    [
      386.375,
      288.875
    ],
    [
      350.125,
      290.125
    ],
    [
      511.375,
      292.625
    ],
    [
      597.625,
      297.625
    ],
    [
      430.125,
      311.375
    ],
    [
      575.125,
      312.625
    ],
    [
      540.125,
      313.875
    ],
    [
      518.875,
      327.625
    ],
    [
      586.375,
      330.125
    ],
    [
      602.625,
      347.625
    ],
    [
      611.375,
      352.625
    ],
    [
      636.375,
      357.625
    ],
    [
      617.625,
      368.875
    ],
    [
      650.125,
      376.375
    ],
    [
      595.125,
      388.875
    ],
    [
      702.625,
      391.375
    ]
  ],
  "mkpts1": [
    [
      938.875,
      15.125
    ],
    [
      935.125,
      28.875
    ],
    [
      782.625,
      33.875
    ],
    [
      275.125,
      13.875
    ],
    [
      930.125,
      122.625
    ],
    [
      1013.875,
      173.875
    ],
    [
      865.125,
      151.375
    ],
    [
      408.875,
      125.125
    ],
    [
      391.375,
      133.875
    ],
    [
      433.875,
      165.125
    ],
    [
      515.125,
      222.625
    ],
    [
      706.375,
      266.375
    ],
    [
      587.625,
      247.625
    ],
    [
      352.625,
      216.375
    ],
    [
      290.125,
      200.125
    ],
    [
      568.875,
      257.625
    ],
    [
      711.375,
      287.625
    ],
    [
      435.125,
      280.125
    ],
    [
      676.375,
      313.875
    ],
    [
      632.625,
      322.625
    ],
    [
      600.125,
      348.875
    ],
    [
      705.125,
      358.875
    ],
    [
      733.875,
      401.375
    ],
    [
      751.375,
      416.375
    ],
    [
      792.625,
      431.375
    ],
    [
      765.125,
      452.625
    ],
    [
      818.875,
      476.375
    ],
    [
      732.625,
      490.125
    ],
    [
      907.625,
      520.125
    ]
  ],
  "mpts3D": [
    [
      0.20600000023841858,
      -0.07000000029802322,
      -0.0020000000949949026
    ],
    [
      0.20600000023841858,
      -0.054999999701976776,
      -0.0020000000949949026
    ],
    [
      0.21699999272823334,
      0.0,
      0.07000000029802322
    ],
    [
      -0.0,
      -0.02500000037252903,
      0.23999999463558197
    ],
    [
      0.21699999272823334,
      -0.0,
      -0.027000000700354576
    ],
    [
      0.21699999272823334,
      -0.0,
      -0.07000000029802322
    ],
    [
      0.17000000178813934,
      -0.0,
      -0.014999999664723873
    ],
    [
      -0.0,
      -0.0,
      0.15600000321865082
    ],
    [
      -0.014000000432133675,
      0.0,
      0.15600000321865082
    ],
    [
      -0.01899999938905239,
      -0.0,
      0.12800000607967377
    ],
    [
      -0.01899999938905239,
      -0.0,
      0.07400000095367432
    ],
    [
      0.02500000037252903,
      -0.014000000432133675,
      -0.010999999940395355
    ],
    [
      0.0,
      0.0,
      0.041999999433755875
    ],
    [
      -0.07400000095367432,
      -0.0,
      0.12800000607967377
    ],
    [
      -0.07999999821186066,
      -0.0,
      0.15600000321865082
    ],
    [
      -0.014000000432133675,
      0.0,
      0.041999999433755875
    ],
    [
      0.02500000037252903,
      0.0,
      -0.014999999664723873
    ],
    [
      -0.07400000095367432,
      -0.0,
      0.07400000095367432
    ],
    [
      0.0,
      -0.0,
      -0.014999999664723873
    ],
    [
      -0.03500000014901161,
      -0.017999999225139618,
      -0.009999999776482582
    ],
    [
      -0.05700000002980232,
      -0.017999999225139618,
      -0.009999999776482582
    ],
    [
      -0.014000000432133675,
      0.0,
      -0.041999999433755875
    ],
    [
      -0.023000000044703484,
      0.0,
      -0.06499999761581421
    ],
    [
      -0.023000000044703484,
      -0.0,
      -0.07500000298023224
    ],
    [
      -0.017000000923871994,
      -0.0,
      -0.09200000017881393
    ],
    [
      -0.03700000047683716,
      -0.0,
      -0.09700000286102295
    ],
    [
      -0.028999999165534973,
      -0.0,
      -0.12700000405311584
    ],
    [
      -0.052000001072883606,
      -0.0,
      -0.09700000286102295
    ],
    [
      -0.014000000432133675,
      0.0,
      -0.15600000321865082
    ]
  ],
  "mconf": [
    0.748394250869751,
    0.4307495951652527,
    0.19471687078475952,
    0.3368169069290161,
    0.9341135621070862,
    0.2369745522737503,
    0.8373441696166992,
    0.9116949439048767,
    0.994368314743042,
    0.9981956481933594,
    0.9976144433021545,
    0.7499806880950928,
    0.7213367223739624,
    0.9911285638809204,
    0.45682355761528015,
    0.9249191880226135,
    0.9752558469772339,
    0.9984269142150879,
    0.9768337607383728,
    0.9340905547142029,
    0.9887606501579285,
    0.9980041980743408,
    0.9954670071601868,
    0.9977291226387024,
    0.9982945322990417,
    0.9992288947105408,
    0.995727002620697,
    0.9993619918823242,
    0.4209030866622925
  ],
  "coverage_score": 0.8920795639257109,
  "pose_estimation_failed": false,
  "tracking_method": "loosely_coupled",
  "kf_translation_vector": [
    0.011978890705792049,
    -0.04328194258712332,
    0.8191667469196894
  ],
  "kf_quaternion": [
    0.4183664961190038,
    -0.43190248450025137,
    -0.12852102341182023,
    0.7886140154402507
  ],
  "kf_rotation_matrix": [
    [
      0.593885180847377,
      -0.15868009752835302,
      -0.7887464856455911
    ],
    [
      -0.5640940188934971,
      0.6169036429325718,
      -0.5488422662159911
    ],
    [
      0.5736709246758643,
      0.7708764635043115,
      0.27685943761523535
    ]
  ],
  "position_diff": 0.1380747691054457,
  "orientation_diff": 2.8301849858647117,
  "timestamp": 1741869955.4036407,
  "image_file": "webcam_000142"
}