{
  "frame": 108,
  "object_rotation_in_cam": [
    [
      0.8204494524456412,
      -0.15030406279242356,
      -0.55160799911689
    ],
    [
      -0.0982427256549466,
      0.913407617185295,
      -0.3950125209708784
    ],
    [
      0.5632149348495071,
      0.3782792798660442,
      0.7346384985736131
    ]
  ],
  "object_translation_in_cam": [
    -0.006876499956897331,
    0.010613768369897265,
    0.6254948712234277
  ],
  "raw_rvec": [
    0.4250078411879918,
    -0.6127162966930795,
    0.02861335977209656
  ],
  "refined_raw_rvec": [
    0.4250078411879918,
    -0.6127162966930795,
    0.02861335977209656
  ],
  "num_inliers": 10,
  "total_matches": 28,
  "inlier_ratio": 0.35714285714285715,
  "reprojection_errors": [
    1.183228850364685,
    0.2734209895133972,
    1.411278486251831,
    4.09010124206543,
    1.3462806940078735,
    3.203861713409424,
    1.1460520029067993,
    2.7551229000091553,
    1.8747329711914062,
    3.2286972999572754
  ],
  "mean_reprojection_error": 2.0512776374816895,
  "std_reprojection_error": 1.1418612003326416,
  "inliers": [
    0,
    8,
    12,
    13,
    14,
    15,
    18,
    20,
    21,
    22
  ],
  "mkpts0": [
    [
      751.375,
      76.375
    ],
    [
      727.625,
      126.375
    ],
    [
      727.625,
      143.875
    ],
    [
      636.375,
      157.625
    ],
    [
      656.375,
      171.375
    ],
    [
      356.375,
      195.125
    ],
    [
      745.125,
      201.375
    ],
    [
      413.875,
      248.875
    ],
    [
      436.375,
      260.125
    ],
    [
      478.875,
      281.375
    ],
    [
      590.125,
      283.875
    ],
    [
      522.625,
      286.375
    ],
    [
      386.375,
      288.875
    ],
    [
      597.625,
      297.625
    ],
    [
      430.125,
      311.375
    ],
    [
      575.125,
      312.625
    ],
    [
      540.125,
      313.875
    ],
    [
      518.875,
      327.625
    ],
    [
      586.375,
      330.125
    ],
    [
      470.125,
      338.875
    ],
    [
      602.625,
      347.625
    ],
    [
      611.375,
      352.625
    ],
    [
      636.375,
      357.625
    ],
    [
      617.625,
      368.875
    ],
    [
      650.125,
      376.375
    ],
    [
      715.125,
      383.875
    ],
    [
      595.125,
      388.875
    ],
    [
      702.625,
      391.375
    ]
  ],
  "mkpts1": [
    [
      1043.875,
      98.875
    ],
    [
      983.875,
      167.625
    ],
    [
      975.125,
      197.625
    ],
    [
      818.875,
      222.625
    ],
    [
      842.625,
      246.375
    ],
    [
      338.875,
      145.125
    ],
    [
      996.375,
      281.375
    ],
    [
      385.125,
      228.875
    ],
    [
      411.375,
      250.125
    ],
    [
      465.125,
      286.375
    ],
    [
      653.875,
      335.125
    ],
    [
      513.875,
      298.875
    ],
    [
      305.125,
      257.625
    ],
    [
      658.875,
      363.875
    ],
    [
      353.875,
      301.375
    ],
    [
      605.125,
      368.875
    ],
    [
      536.375,
      340.125
    ],
    [
      487.625,
      347.625
    ],
    [
      617.625,
      398.875
    ],
    [
      381.375,
      328.875
    ],
    [
      628.875,
      426.375
    ],
    [
      643.875,
      440.125
    ],
    [
      687.625,
      458.875
    ],
    [
      642.625,
      463.875
    ],
    [
      701.375,
      493.875
    ],
    [
      826.375,
      545.125
    ],
    [
      583.875,
      480.125
    ],
    [
      800.125,
      548.875
    ]
  ],
  "mpts3D": [
    [
      0.24300000071525574,
      -0.10400000214576721,
      0.0
    ],
    [
      0.20600000023841858,
      -0.07000000029802322,
      -0.0020000000949949026
    ],
    [
      0.20600000023841858,
      -0.054999999701976776,
      -0.0020000000949949026
    ],
    [
      0.23000000417232513,
      -0.0,
      0.11299999803304672
    ],
    [
      0.21699999272823334,
      0.0,
      0.07000000029802322
    ],
    [
      -0.0,
      -0.02500000037252903,
      0.23999999463558197
    ],
    [
      0.21699999272823334,
      -0.0,
      -0.027000000700354576
    ],
    [
      -0.014000000432133675,
      0.0,
      0.15600000321865082
    ],
    [
      -0.01899999938905239,
      -0.0,
      0.12800000607967377
    ],
    [
      -0.01899999938905239,
      -0.0,
      0.07400000095367432
    ],
    [
      0.02500000037252903,
      -0.014000000432133675,
      -0.010999999940395355
    ],
    [
      0.0,
      0.0,
      0.041999999433755875
    ],
    [
      -0.07400000095367432,
      -0.0,
      0.12800000607967377
    ],
    [
      0.02500000037252903,
      0.0,
      -0.014999999664723873
    ],
    [
      -0.07400000095367432,
      -0.0,
      0.07400000095367432
    ],
    [
      0.0,
      -0.0,
      -0.014999999664723873
    ],
    [
      -0.03500000014901161,
      -0.017999999225139618,
      -0.009999999776482582
    ],
    [
      -0.05700000002980232,
      -0.017999999225139618,
      -0.009999999776482582
    ],
    [
      -0.014000000432133675,
      0.0,
      -0.041999999433755875
    ],
    [
      -0.10000000149011612,
      -0.029999999329447746,
      0.0
    ],
    [
      -0.023000000044703484,
      0.0,
      -0.06499999761581421
    ],
    [
      -0.023000000044703484,
      -0.0,
      -0.07500000298023224
    ],
    [
      -0.017000000923871994,
      -0.0,
      -0.09200000017881393
    ],
    [
      -0.03700000047683716,
      -0.0,
      -0.09700000286102295
    ],
    [
      -0.028999999165534973,
      -0.0,
      -0.12700000405311584
    ],
    [
      0.0,
      0.0,
      -0.15600000321865082
    ],
    [
      -0.052000001072883606,
      -0.0,
      -0.09700000286102295
    ],
    [
      -0.014000000432133675,
      0.0,
      -0.15600000321865082
    ]
  ],
  "mconf": [
    0.17612121999263763,
    0.9071772694587708,
    0.7974255084991455,
    0.1251377910375595,
    0.1472233682870865,
    0.9876284003257751,
    0.10196023434400558,
    0.9910597801208496,
    0.9914155006408691,
    0.9759246110916138,
    0.8708351850509644,
    0.3359030485153198,
    0.9920825362205505,
    0.3831375241279602,
    0.9760184288024902,
    0.8496712446212769,
    0.9349300861358643,
    0.9734718203544617,
    0.983971893787384,
    0.9489917755126953,
    0.9952276945114136,
    0.7865476608276367,
    0.9967082738876343,
    0.9959911108016968,
    0.9991412162780762,
    0.48232415318489075,
    0.9975079894065857,
    0.9914844036102295
  ],
  "coverage_score": 0.7028195311147832,
  "pose_estimation_failed": false,
  "tracking_method": "loosely_coupled",
  "kf_translation_vector": [
    -0.023237909669683494,
    -0.014267957795617795,
    0.6562703003072019
  ],
  "kf_quaternion": [
    0.4498264969648087,
    -0.47210435835880205,
    -0.12914773272674304,
    0.7470572003391271
  ],
  "kf_rotation_matrix": [
    [
      0.5208766759003312,
      -0.2317686121627442,
      -0.8215660648536898
    ],
    [
      -0.6176915867266903,
      0.5619539715198214,
      -0.5501498319368675
    ],
    [
      0.5891897760400169,
      0.7940346619066799,
      0.1495471948939855
    ]
  ],
  "position_diff": 0.0450841975689608,
  "orientation_diff": 43.575035528975356,
  "timestamp": 1741869621.5744677,
  "image_file": "webcam_000108"
}