{
  "frame": 43,
  "object_rotation_in_cam": [
    [
      0.6728948047741027,
      -0.13174753616726884,
      -0.7279115113953596
    ],
    [
      -0.525286687255341,
      0.6077457113663495,
      -0.5955829467908895
    ],
    [
      0.5208516851276686,
      0.783126897143537,
      0.33974370497479994
    ]
  ],
  "object_translation_in_cam": [
    -0.00413093345805109,
    -0.009298609951011477,
    0.7246857194326801
  ],
  "raw_rvec": [
    0.9103195286206456,
    -0.8245197707253913,
    -0.2598417470422454
  ],
  "refined_raw_rvec": [
    0.9103195286206456,
    -0.8245197707253913,
    -0.2598417470422454
  ],
  "num_inliers": 16,
  "total_matches": 31,
  "inlier_ratio": 0.5161290322580645,
  "reprojection_errors": [
    1.4348173141479492,
    2.084275245666504,
    1.4061390161514282,
    3.144653081893921,
    2.003828525543213,
    1.6642569303512573,
    2.1551496982574463,
    2.618056535720825,
    3.5101096630096436,
    1.560438632965088,
    1.9567912817001343,
    4.036087989807129,
    1.2190440893173218,
    0.5470196008682251,
    3.2689218521118164,
    3.0101256370544434
  ],
  "mean_reprojection_error": 2.2262320518493652,
  "std_reprojection_error": 0.9240559339523315,
  "inliers": [
    4,
    7,
    11,
    14,
    15,
    16,
    17,
    18,
    19,
    20,
    21,
    22,
    23,
    24,
    25,
    30
  ],
  "mkpts0": [
    [
      727.625,
      126.375
    ],
    [
      727.625,
      143.875
    ],
    [
      656.375,
      171.375
    ],
    [
      356.375,
      195.125
    ],
    [
      745.125,
      201.375
    ],
    [
      805.125,
      212.625
    ],
    [
      793.875,
      220.125
    ],
    [
      705.125,
      223.875
    ],
    [
      835.125,
      225.125
    ],
    [
      425.125,
      242.625
    ],
    [
      413.875,
      248.875
    ],
    [
      436.375,
      260.125
    ],
    [
      478.875,
      281.375
    ],
    [
      590.125,
      283.875
    ],
    [
      522.625,
      286.375
    ],
    [
      386.375,
      288.875
    ],
    [
      511.375,
      292.625
    ],
    [
      597.625,
      297.625
    ],
    [
      430.125,
      311.375
    ],
    [
      575.125,
      312.625
    ],
    [
      540.125,
      313.875
    ],
    [
      518.875,
      327.625
    ],
    [
      586.375,
      330.125
    ],
    [
      602.625,
      347.625
    ],
    [
      611.375,
      352.625
    ],
    [
      636.375,
      357.625
    ],
    [
      617.625,
      368.875
    ],
    [
      650.125,
      376.375
    ],
    [
      715.125,
      383.875
    ],
    [
      595.125,
      388.875
    ],
    [
      702.625,
      391.375
    ]
  ],
  "mkpts1": [
    [
      895.125,
      26.375
    ],
    [
      887.625,
      48.875
    ],
    [
      750.125,
      50.125
    ],
    [
      257.625,
      31.375
    ],
    [
      890.125,
      138.875
    ],
    [
      981.375,
      180.125
    ],
    [
      967.625,
      190.125
    ],
    [
      821.375,
      167.625
    ],
    [
      1046.375,
      220.125
    ],
    [
      372.625,
      145.125
    ],
    [
      353.875,
      152.625
    ],
    [
      391.375,
      183.875
    ],
    [
      447.625,
      238.875
    ],
    [
      647.625,
      282.625
    ],
    [
      535.125,
      263.875
    ],
    [
      308.875,
      233.875
    ],
    [
      515.125,
      273.875
    ],
    [
      653.875,
      302.625
    ],
    [
      382.625,
      296.375
    ],
    [
      615.125,
      327.625
    ],
    [
      566.375,
      338.875
    ],
    [
      532.625,
      363.875
    ],
    [
      638.875,
      372.625
    ],
    [
      663.875,
      415.125
    ],
    [
      678.875,
      428.875
    ],
    [
      717.625,
      443.875
    ],
    [
      688.875,
      463.875
    ],
    [
      740.125,
      488.875
    ],
    [
      840.125,
      516.375
    ],
    [
      653.875,
      501.375
    ],
    [
      825.125,
      531.375
    ]
  ],
  "mpts3D": [
    [
      0.20600000023841858,
      -0.07000000029802322,
      -0.0020000000949949026
    ],
    [
      0.20600000023841858,
      -0.054999999701976776,
      -0.0020000000949949026
    ],
    [
      0.21699999272823334,
      0.0,
      0.07000000029802322
    ],
    [
      -0.0,
      -0.02500000037252903,
      0.23999999463558197
    ],
    [
      0.21699999272823334,
      -0.0,
      -0.027000000700354576
    ],
    [
      0.23000000417232513,
      0.0,
      -0.07000000029802322
    ],
    [
      0.21699999272823334,
      -0.0,
      -0.07000000029802322
    ],
    [
      0.17000000178813934,
      -0.0,
      -0.014999999664723873
    ],
    [
      0.23000000417232513,
      -0.0,
      -0.11299999803304672
    ],
    [
      -0.0,
      -0.0,
      0.15600000321865082
    ],
    [
      -0.014000000432133675,
      0.0,
      0.15600000321865082
    ],
    [
      -0.01899999938905239,
      -0.0,
      0.12800000607967377
    ],
    [
      -0.01899999938905239,
      -0.0,
      0.07400000095367432
    ],
    [
      0.02500000037252903,
      -0.014000000432133675,
      -0.010999999940395355
    ],
    [
      0.0,
      0.0,
      0.041999999433755875
    ],
    [
      -0.07400000095367432,
      -0.0,
      0.12800000607967377
    ],
    [
      -0.014000000432133675,
      0.0,
      0.041999999433755875
    ],
    [
      0.02500000037252903,
      0.0,
      -0.014999999664723873
    ],
    [
      -0.07400000095367432,
      -0.0,
      0.07400000095367432
    ],
    [
      0.0,
      -0.0,
      -0.014999999664723873
    ],
    [
      -0.03500000014901161,
      -0.017999999225139618,
      -0.009999999776482582
    ],
    [
      -0.05700000002980232,
      -0.017999999225139618,
      -0.009999999776482582
    ],
    [
      -0.014000000432133675,
      0.0,
      -0.041999999433755875
    ],
    [
      -0.023000000044703484,
      0.0,
      -0.06499999761581421
    ],
    [
      -0.023000000044703484,
      -0.0,
      -0.07500000298023224
    ],
    [
      -0.017000000923871994,
      -0.0,
      -0.09200000017881393
    ],
    [
      -0.03700000047683716,
      -0.0,
      -0.09700000286102295
    ],
    [
      -0.028999999165534973,
      -0.0,
      -0.12700000405311584
    ],
    [
      0.0,
      0.0,
      -0.15600000321865082
    ],
    [
      -0.052000001072883606,
      -0.0,
      -0.09700000286102295
    ],
    [
      -0.014000000432133675,
      0.0,
      -0.15600000321865082
    ]
  ],
  "mconf": [
    0.9927993416786194,
    0.9742549061775208,
    0.11267850548028946,
    0.1407092660665512,
    0.9495232105255127,
    0.6544797420501709,
    0.9981679320335388,
    0.3285270631313324,
    0.2706890106201172,
    0.7972964644432068,
    0.9922027587890625,
    0.9955645203590393,
    0.4125303626060486,
    0.9760755300521851,
    0.4724293053150177,
    0.9944980144500732,
    0.9029290676116943,
    0.8470972180366516,
    0.9960138201713562,
    0.9422607421875,
    0.98590487241745,
    0.995624303817749,
    0.9977622628211975,
    0.9971114993095398,
    0.9931425452232361,
    0.9996472001075745,
    0.9995675683021545,
    0.999116837978363,
    0.5735982656478882,
    0.9993109107017517,
    0.9775601029396057
  ],
  "coverage_score": 0.746307034008563,
  "pose_estimation_failed": false,
  "tracking_method": "loosely_coupled",
  "kf_translation_vector": [
    -0.004208113619122628,
    -0.012991515436386908,
    0.7017650222486679
  ],
  "kf_quaternion": [
    0.43534144054725715,
    -0.525359739391224,
    -0.06642266001533075,
    0.7280542593828513
  ],
  "kf_rotation_matrix": [
    [
      0.43917034892654583,
      -0.36070313041681307,
      -0.8228138649362003
    ],
    [
      -0.5541403325916153,
      0.6121317207574535,
      -0.5641127974419416
    ],
    [
      0.7071477189519811,
      0.7036959628632459,
      0.06894994873804816
    ]
  ],
  "position_diff": 0.023538830270638047,