{
  "frame": 21,
  "object_rotation_in_cam": [
    [
      0.4903905880750953,
      -0.31389191359213675,
      -0.8130122617210817
    ],
    [
      -0.5171246615939412,
      0.6461019955947924,
      -0.5613682353498268
    ],
    [
      0.7014977943648247,
      0.6957183897741193,
      0.15452108798281453
    ]
  ],
  "object_translation_in_cam": [
    -0.021547310842945307,
    0.0035798252319212145,
    0.7429548159324341
  ],
  "raw_rvec": [
    0.9051637729047022,
    -1.0905212171306533,
    -0.14633750553265648
  ],
  "refined_raw_rvec": [
    0.9051637729047022,
    -1.0905212171306533,
    -0.14633750553265648
  ],
  "num_inliers": 14,
  "total_matches": 25,
  "inlier_ratio": 0.56,
  "reprojection_errors": [
    0.6222543716430664,
    2.3696165084838867,
    2.9350745677948,
    0.8839097023010254,
    2.6497950553894043,
    2.044945240020752,
    1.771614909172058,
    2.383284330368042,
    2.553499698638916,
    1.719071865081787,
    2.0780904293060303,
    2.693066120147705,
    2.7290194034576416,
    1.6341089010238647
  ],
  "mean_reprojection_error": 2.0762393474578857,
  "std_reprojection_error": 0.6672884225845337,
  "inliers": [
    0,
    5,
    6,
    8,
    9,
    10,
    11,
    12,
    13,
    14,
    15,
    17,
    22,
    24
  ],
  "mkpts0": [
    [
      636.375,
      157.625
    ],
    [
      656.375,
      171.375
    ],
    [
      745.125,
      201.375
    ],
    [
      705.125,
      223.875
    ],
    [
      413.875,
      248.875
    ],
    [
      436.375,
      260.125
    ],
    [
      478.875,
      281.375
    ],
    [
      590.125,
      283.875
    ],
    [
      522.625,
      286.375
    ],
    [
      386.375,
      288.875
    ],
    [
      511.375,
      292.625
    ],
    [
      597.625,
      297.625
    ],
    [
      430.125,
      311.375
    ],
    [
      575.125,
      312.625
    ],
    [
      540.125,
      313.875
    ],
    [
      518.875,
      327.625
    ],
    [
      586.375,
      330.125
    ],
    [
      602.625,
      347.625
    ],
    [
      611.375,
      352.625
    ],
    [
      636.375,
      357.625
    ],
    [
      617.625,
      368.875
    ],
    [
      650.125,
      376.375
    ],
    [
      715.125,
      383.875
    ],
    [
      595.125,
      388.875
    ],
    [
      702.625,
      391.375
    ]
  ],
  "mkpts1": [
    [
      602.625,
      45.125
    ],
    [
      636.375,
      81.375
    ],
    [
      782.625,
      156.375
    ],
    [
      722.625,
      195.125
    ],
    [
      292.625,
      185.125
    ],
    [
      340.125,
      216.375
    ],
    [
      423.875,
      270.125
    ],
    [
      607.625,
      305.125
    ],
    [
      495.125,
      290.125
    ],
    [
      270.125,
      267.625
    ],
    [
      478.875,
      302.625
    ],
    [
      610.125,
      325.125
    ],
    [
      358.875,
      327.625
    ],
    [
      583.875,
      352.625
    ],
    [
      551.375,
      361.375
    ],
    [
      527.625,
      387.625
    ],
    [
      615.125,
      392.625
    ],
    [
      647.625,
      432.625
    ],
    [
      665.125,
      443.875
    ],
    [
      701.375,
      457.625
    ],
    [
      680.125,
      476.375
    ],
    [
      730.125,
      496.375
    ],
    [
      818.875,
      516.375
    ],
    [
      658.875,
      513.875
    ],
    [
      808.875,
      531.375
    ]
  ],
  "mpts3D": [
    [
      0.23000000417232513,
      -0.0,
      0.11299999803304672
    ],
    [
      0.21699999272823334,
      0.0,
      0.07000000029802322
    ],
    [
      0.21699999272823334,
      -0.0,
      -0.027000000700354576
    ],
    [
      0.17000000178813934,
      -0.0,
      -0.014999999664723873
    ],
    [
      -0.014000000432133675,
      0.0,
      0.15600000321865082
    ],
    [
      -0.01899999938905239,
      -0.0,
      0.12800000607967377
    ],
    [
      -0.01899999938905239,
      -0.0,
      0.07400000095367432
    ],
    [
      0.02500000037252903,
      -0.014000000432133675,
      -0.010999999940395355
    ],
    [
      0.0,
      0.0,
      0.041999999433755875
    ],
    [
      -0.07400000095367432,
      -0.0,
      0.12800000607967377
    ],
    [
      -0.014000000432133675,
      0.0,
      0.041999999433755875
    ],
    [
      0.02500000037252903,
      0.0,
      -0.014999999664723873
    ],
    [
      -0.07400000095367432,
      -0.0,
      0.07400000095367432
    ],
    [
      0.0,
      -0.0,
      -0.014999999664723873
    ],
    [
      -0.03500000014901161,
      -0.017999999225139618,
      -0.009999999776482582
    ],
    [
      -0.05700000002980232,
      -0.017999999225139618,
      -0.009999999776482582
    ],
    [
      -0.014000000432133675,
      0.0,
      -0.041999999433755875
    ],
    [
      -0.023000000044703484,
      0.0,
      -0.06499999761581421
    ],
    [
      -0.023000000044703484,
      -0.0,
      -0.07500000298023224
    ],
    [
      -0.017000000923871994,
      -0.0,
      -0.09200000017881393
    ],
    [
      -0.03700000047683716,
      -0.0,
      -0.09700000286102295
    ],
    [
      -0.028999999165534973,
      -0.0,
      -0.12700000405311584
    ],
    [
      0.0,
      0.0,
      -0.15600000321865082
    ],
    [
      -0.052000001072883606,
      -0.0,
      -0.09700000286102295
    ],
    [
      -0.014000000432133675,
      0.0,
      -0.15600000321865082
    ]
  ],
  "mconf": [
    0.31863075494766235,
    0.6957794427871704,
    0.12627412378787994,
    0.8687392473220825,
    0.9837145209312439,
    0.9924302101135254,
    0.9985530972480774,
    0.8002196550369263,
    0.8666703701019287,
    0.9895889163017273,
    0.9737707376480103,
    0.9841069579124451,
    0.9960029125213623,
    0.9969700574874878,
    0.9983192682266235,
    0.9987770318984985,
    0.998806893825531,
    0.9972291588783264,
    0.9962494373321533,
    0.999699056148529,
    0.9993552565574646,
    0.9997274875640869,
    0.9852347373962402,
    0.9996047019958496,
    0.9995654225349426
  ],
  "coverage_score": 0.8383685150260664,
  "pose_estimation_failed": false,
  "tracking_method": "loosely_coupled",
  "kf_translation_vector": [
    -0.01149030214604555,
    -0.09092351908623114,
    0.6963991669410747
  ],
  "kf_quaternion": [
    0.45697234468478887,
    -0.4846189747510097,
    -0.11199123263732455,
    0.7374135131098016
  ],
  "kf_rotation_matrix": [
    [
      0.5052048262473059,
      -0.2777472417482416,
      -0.8170829537064602
    ],
    [
      -0.6080826349345879,
      0.5572684800113183,
      -0.5654090114924626
    ],
    [
      0.6123753690567889,
      0.7825013168596708,
      0.11264145100913359
    ]
  ],
  "position_diff": 0.10816052973448632,
  "orientation_diff": 7.586466227598766,
  "timestamp": 1741869609.8828804,
  "image_file": "webcam_000021"
}