{
  "frame": 9,
  "object_rotation_in_cam": [
    [
      0.6378610180143918,
      -0.22273229160154584,
      -0.737240563164811
    ],
    [
      -0.5246939895461437,
      0.5750562661983292,
      -0.6276993771226699
    ],
    [
      0.5637637262469047,
      0.7872106560406563,
      0.24993968069165118
    ]
  ],
  "object_translation_in_cam": [
    -0.004689121149664919,
    -0.029203578404650536,
    0.5983834265554755
  ],
  "raw_rvec": [
    0.9724446178981657,
    -0.894159055662595,
    -0.2075333562524255
  ],
  "refined_raw_rvec": [
    0.9724446178981657,
    -0.894159055662595,
    -0.2075333562524255
  ],
  "num_inliers": 14,
  "total_matches": 25,
  "inlier_ratio": 0.56,
  "reprojection_errors": [
    0.7520056962966919,
    0.9829613566398621,
    1.746108055114746,
    3.6955955028533936,
    2.7406911849975586,
    2.0041751861572266,
    3.3829104900360107,
    3.342005729675293,
    3.092499256134033,
    2.097085952758789,
    2.5672974586486816,
    3.6887242794036865,
    2.0790042877197266,
    3.35489821434021
  ],
  "mean_reprojection_error": 2.5375688076019287,
  "std_reprojection_error": 0.9245187640190125,
  "inliers": [
    0,
    3,
    6,
    7,
    10,
    11,
    12,
    13,
    14,
    15,
    16,
    17,
    18,
    19
  ],
  "mkpts0": [
    [
      745.125,
      201.375
    ],
    [
      805.125,
      212.625
    ],
    [
      793.875,
      220.125
    ],
    [
      705.125,
      223.875
    ],
    [
      425.125,
      242.625
    ],
    [
      413.875,
      248.875
    ],
    [
      436.375,
      260.125
    ],
    [
      478.875,
      281.375
    ],
    [
      590.125,
      283.875
    ],
    [
      522.625,
      286.375
    ],
    [
      386.375,
      288.875
    ],
    [
      511.375,
      292.625
    ],
    [
      597.625,
      297.625
    ],
    [
      430.125,
      311.375
    ],
    [
      575.125,
      312.625
    ],
    [
      540.125,
      313.875
    ],
    [
      518.875,
      327.625
    ],
    [
      586.375,
      330.125
    ],
    [
      602.625,
      347.625
    ],
    [
      611.375,
      352.625
    ],
    [
      636.375,
      357.625
    ],
    [
      617.625,
      368.875
    ],
    [
      650.125,
      376.375
    ],
    [
      595.125,
      388.875
    ],
    [
      702.625,
      391.375
    ]
  ],
  "mkpts1": [
    [
      921.375,
      67.625
    ],
    [
      1028.875,
      120.125
    ],
    [
      1013.875,
      131.375
    ],
    [
      846.375,
      98.875
    ],
    [
      312.625,
      43.875
    ],
    [
      290.125,
      52.625
    ],
    [
      338.875,
      93.875
    ],
    [
      432.625,
      166.375
    ],
    [
      655.125,
      227.625
    ],
    [
      516.375,
      198.875
    ],
    [
      235.125,
      151.375
    ],
    [
      493.875,
      211.375
    ],
    [
      661.375,
      251.375
    ],
    [
      331.375,
      231.375
    ],
    [
      617.625,
      281.375
    ],
    [
      562.625,
      291.375
    ],
    [
      523.875,
      321.375
    ],
    [
      647.625,
      336.375
    ],
    [
      680.125,
      388.875
    ],
    [
      700.125,
      407.625
    ],
    [
      746.375,
      427.625
    ],
    [
      713.875,
      451.375
    ],
    [
      775.125,
      482.625
    ],
    [
      673.875,
      496.375
    ],
    [
      878.875,
      536.375
    ]
  ],
  "mpts3D": [
    [
      0.21699999272823334,
      -0.0,
      -0.027000000700354576
    ],
    [
      0.23000000417232513,
      0.0,
      -0.07000000029802322
    ],
    [
      0.21699999272823334,
      -0.0,
      -0.07000000029802322
    ],
    [
      0.17000000178813934,
      -0.0,
      -0.014999999664723873
    ],
    [
      -0.0,
      -0.0,
      0.15600000321865082
    ],
    [
      -0.014000000432133675,
      0.0,
      0.15600000321865082
    ],
    [
      -0.01899999938905239,
      -0.0,
      0.12800000607967377
    ],
    [
      -0.01899999938905239,
      -0.0,
      0.07400000095367432
    ],
    [
      0.02500000037252903,
      -0.014000000432133675,
      -0.010999999940395355
    ],
    [
      0.0,
      0.0,
      0.041999999433755875
    ],
    [
      -0.07400000095367432,
      -0.0,
      0.12800000607967377
    ],
    [
      -0.014000000432133675,
      0.0,
      0.041999999433755875
    ],
    [
      0.02500000037252903,
      0.0,
      -0.014999999664723873
    ],
    [
      -0.07400000095367432,
      -0.0,
      0.07400000095367432
    ],
    [
      0.0,
      -0.0,
      -0.014999999664723873
    ],
    [
      -0.03500000014901161,
      -0.017999999225139618,
      -0.009999999776482582
    ],
    [
      -0.05700000002980232,
      -0.017999999225139618,
      -0.009999999776482582
    ],
    [
      -0.014000000432133675,
      0.0,
      -0.041999999433755875
    ],
    [
      -0.023000000044703484,
      0.0,
      -0.06499999761581421
    ],
    [
      -0.023000000044703484,
      -0.0,
      -0.07500000298023224
    ],
    [
      -0.017000000923871994,
      -0.0,
      -0.09200000017881393
    ],
    [
      -0.03700000047683716,
      -0.0,
      -0.09700000286102295
    ],
    [
      -0.028999999165534973,
      -0.0,
      -0.12700000405311584
    ],
    [
      -0.052000001072883606,
      -0.0,
      -0.09700000286102295
    ],
    [
      -0.014000000432133675,
      0.0,
      -0.15600000321865082
    ]
  ],
  "mconf": [
    0.9891458749771118,
    0.8254851698875427,
    0.9979555606842041,
    0.7461050152778625,
    0.5440405607223511,
    0.9882162809371948,
    0.9915977120399475,
    0.9960880875587463,
    0.6331343650817871,
    0.9657933712005615,
    0.9829239249229431,
    0.9970996379852295,
    0.9872087836265564,
    0.9945940971374512,
    0.9918683171272278,
    0.9935175180435181,
    0.9986772537231445,
    0.9994112253189087,
    0.99791020154953,
    0.9947377443313599,
    0.9989224076271057,
    0.9993414282798767,
    0.9985226392745972,
    0.9992691278457642,
    0.6793801188468933
  ],
  "coverage_score": 0.7742903032614272,
  "pose_estimation_failed": false,
  "tracking_method": "loosely_coupled",
  "kf_translation_vector": [
    0.0012561930111553146,
    -0.03205235589398171,
    0.6028729388287194
  ],
  "kf_quaternion": [
    0.46037673601525175,
    -0.4120472889969534,
    -0.1002666737595601,
    0.7798826108456314
  ],
  "kf_rotation_matrix": [
    [
      0.6403272515269102,
      -0.22300150135987537,
      -0.7350179190626815
    ],
    [
      -0.5357864426095269,
      0.5559997101382743,
      -0.6354503995135917
    ],
    [
      0.5503761430765521,
      0.8007088439110664,
      0.23654058513240872
    ]
  ],
  "position_diff": 0.007976722306135815,
  "orientation_diff": 1.3428243086247862,
  "timestamp": 1741869937.5440001,
  "image_file": "webcam_000009"
}