{
  "frame": 193,
  "object_rotation_in_cam": [
    [
      0.613594386307521,
      -0.18442797808027603,
      -0.7677813816400592
    ],
    [
      -0.5458560062269788,
      0.6035219433533677,
      -0.5812077807091944
    ],
    [
      0.5705638873586634,
      0.7757239101588889,
      0.2696465569036158
    ]
  ],
  "object_translation_in_cam": [
    0.02556718055863517,
    -0.03284426434067394,
    0.6961766831761287
  ],
  "raw_rvec": [
    0.926798646840138,
    -0.914103924803612,
    -0.24685915265356445
  ],
  "refined_raw_rvec": [
    0.926798646840138,
    -0.914103924803612,
    -0.24685915265356445
  ],
  "num_inliers": 12,
  "total_matches": 23,
  "inlier_ratio": 0.5217391304347826,
  "reprojection_errors": [
    1.0312398672103882,
    2.4600422382354736,
    2.7950222492218018,
    0.9101464152336121,
    1.4559967517852783,
    2.7404167652130127,
    2.72674822807312,
    1.8188585042953491,
    2.7025413513183594,
    3.1892359256744385,
    0.9399577379226685,
    2.501624345779419
  ],
  "mean_reprojection_error": 2.1059858798980713,
  "std_reprojection_error": 0.7918056845664978,
  "inliers": [
    0,
    5,
    6,
    9,
    10,
    11,
    12,
    14,
    15,
    16,
    17,
    18
  ],
  "mkpts0": [
    [
      745.125,
      201.375
    ],
    [
      793.875,
      220.125
    ],
    [
      705.125,
      223.875
    ],
    [
      425.125,
      242.625
    ],
    [
      413.875,
      248.875
    ],
    [
      436.375,
      260.125
    ],
    [
      478.875,
      281.375
    ],
    [
      590.125,
      283.875
    ],
    [
      522.625,
      286.375
    ],
    [
      386.375,
      288.875
    ],
    [
      511.375,
      292.625
    ],
    [
      597.625,
      297.625
    ],
    [
      430.125,
      311.375
    ],
    [
      575.125,
      312.625
    ],
    [
      540.125,
      313.875
    ],
    [
      518.875,
      327.625
    ],
    [
      586.375,
      330.125
    ],
    [
      602.625,
      347.625
    ],
    [
      611.375,
      352.625
    ],
    [
      636.375,
      357.625
    ],
    [
      617.625,
      368.875
    ],
    [
      650.125,
      376.375
    ],
    [
      595.125,
      388.875
    ]
  ],
  "mkpts1": [
    [
      928.875,
      82.625
    ],
    [
      1013.875,
      133.875
    ],
    [
      835.125,
      145.125
    ],
    [
      406.375,
      93.875
    ],
    [
      387.625,
      102.625
    ],
    [
      432.625,
      133.875
    ],
    [
      515.125,
      190.125
    ],
    [
      710.125,
      231.375
    ],
    [
      588.875,
      215.125
    ],
    [
      352.625,
      186.375
    ],
    [
      571.375,
      225.125
    ],
    [
      715.125,
      252.625
    ],
    [
      437.625,
      248.875
    ],
    [
      678.875,
      280.125
    ],
    [
      637.625,
      288.875
    ],
    [
      606.375,
      315.125
    ],
    [
      710.125,
      323.875
    ],
    [
      740.125,
      366.375
    ],
    [
      758.875,
      381.375
    ],
    [
      800.125,
      395.125
    ],
    [
      773.875,
      415.125
    ],
    [
      826.375,
      438.875
    ],
    [
      741.375,
      453.875
    ]
  ],
  "mpts3D": [
    [
      0.21699999272823334,
      -0.0,
      -0.027000000700354576
    ],
    [
      0.21699999272823334,
      -0.0,
      -0.07000000029802322
    ],
    [
      0.17000000178813934,
      -0.0,
      -0.014999999664723873
    ],
    [
      -0.0,
      -0.0,
      0.15600000321865082
    ],
    [
      -0.014000000432133675,
      0.0,
      0.15600000321865082
    ],
    [
      -0.01899999938905239,
      -0.0,
      0.12800000607967377
    ],
    [
      -0.01899999938905239,
      -0.0,
      0.07400000095367432
    ],
    [
      0.02500000037252903,
      -0.014000000432133675,
      -0.010999999940395355
    ],
    [
      0.0,
      0.0,
      0.041999999433755875
    ],
    [
      -0.07400000095367432,
      -0.0,
      0.12800000607967377
    ],
    [
      -0.014000000432133675,
      0.0,
      0.041999999433755875
    ],
    [
      0.02500000037252903,
      0.0,
      -0.014999999664723873
    ],
    [
      -0.07400000095367432,
      -0.0,
      0.07400000095367432
    ],
    [
      0.0,
      -0.0,
      -0.014999999664723873
    ],
    [
      -0.03500000014901161,
      -0.017999999225139618,
      -0.009999999776482582
    ],
    [
      -0.05700000002980232,
      -0.017999999225139618,
      -0.009999999776482582
    ],
    [
      -0.014000000432133675,
      0.0,
      -0.041999999433755875
    ],
    [
      -0.023000000044703484,
      0.0,
      -0.06499999761581421
    ],
    [
      -0.023000000044703484,
      -0.0,
      -0.07500000298023224
    ],
    [
      -0.017000000923871994,
      -0.0,
      -0.09200000017881393
    ],
    [
      -0.03700000047683716,
      -0.0,
      -0.09700000286102295
    ],
    [
      -0.028999999165534973,
      -0.0,
      -0.12700000405311584
    ],
    [
      -0.052000001072883606,
      -0.0,
      -0.09700000286102295
    ]
  ],
  "mconf": [
    0.8986567854881287,
    0.7751704454421997,
    0.7259808778762817,
    0.8982657790184021,
    0.995551586151123,
    0.9972097873687744,
    0.995887279510498,
    0.8512041568756104,
    0.7535461187362671,
    0.9920564293861389,
    0.9810353517532349,
    0.889933705329895,
    0.9959011077880859,
    0.9686779975891113,
    0.9838340878486633,
    0.9967211484909058,
    0.9956227540969849,
    0.9931646585464478,
    0.9899046421051025,
    0.9981640577316284,
    0.9966834783554077,
    0.9984449148178101,
    0.998366117477417
  ],
  "coverage_score": 0.7416778774908438,
  "pose_estimation_failed": false,
  "tracking_method": "loosely_coupled",
  "kf_translation_vector": [
    0.02635021763555124,
    -0.028467107116547527,
    0.7793570639211242
  ],
  "kf_quaternion": [
    0.39800205516234555,
    -0.44556600568683724,
    -0.16254284347473488,
    0.7852675484813915
  ],
  "kf_rotation_matrix": [
    [
      0.5501015172228503,
      -0.09939313151047796,
      -0.8291618214544487
    ],
    [
      -0.6099516123848763,
      0.6303483762433941,
      -0.48022906525574444
    ],
    [
      0.5703922784349449,
      0.7699233273358181,
      0.28613059732565316
    ]
  ],
  "position_diff": 0.08712264383571387,
  "orientation_diff": 6.990450936510207,
  "timestamp": 1741869962.3838177,
  "image_file": "webcam_000193"
}