{
  "frame": 195,
  "object_rotation_in_cam": [
    [
      0.5525523229622512,
      -0.12245990670926385,
      -0.8244328363413107
    ],
    [
      -0.41895349406662596,
      0.8142962259214057,
      -0.4017457233867221
    ],
    [
      0.7205302909651929,
      0.5673845501059342,
      0.3986362654133477
    ]
  ],
  "object_translation_in_cam": [
    -0.06806949073319449,
    0.05711653612848088,
    0.7092452201362882
  ],
  "raw_rvec": [
    0.6178825221362622,
    -0.9850127891138499,
    -0.18903362175795582
  ],
  "refined_raw_rvec": [
    0.6178825221362622,
    -0.9850127891138499,
    -0.18903362175795582
  ],
  "num_inliers": 15,
  "total_matches": 38,
  "inlier_ratio": 0.39473684210526316,
  "reprojection_errors": [
    4.429441928863525,
    3.22461199760437,
    1.8451505899429321,
    3.26328182220459,
    2.410698413848877,
    2.2590975761413574,
    4.395511627197266,
    2.6582937240600586,
    3.554720640182495,
    3.1966500282287598,
    2.552004337310791,
    2.4978950023651123,
    1.2694017887115479,
    4.07412052154541,
    1.9096778631210327
  ],
  "mean_reprojection_error": 2.9027037620544434,
  "std_reprojection_error": 0.9111122488975525,
  "inliers": [
    0,
    11,
    14,
    15,
    20,
    21,
    22,
    24,
    25,
    26,
    27,
    28,
    29,
    30,
    37
  ],
  "mkpts0": [
    [
      751.375,
      76.375
    ],
    [
      727.625,
      126.375
    ],
    [
      727.625,
      143.875
    ],
    [
      636.375,
      157.625
    ],
    [
      663.875,
      165.125
    ],
    [
      656.375,
      171.375
    ],
    [
      356.375,
      195.125
    ],
    [
      745.125,
      201.375
    ],
    [
      805.125,
      212.625
    ],
    [
      793.875,
      220.125
    ],
    [
      705.125,
      223.875
    ],
    [
      835.125,
      225.125
    ],
    [
      425.125,
      242.625
    ],
    [
      413.875,
      248.875
    ],
    [
      436.375,
      260.125
    ],
    [
      478.875,
      281.375
    ],
    [
      590.125,
      283.875
    ],
    [
      522.625,
      286.375
    ],
    [
      386.375,
      288.875
    ],
    [
      350.125,
      290.125
    ],
    [
      511.375,
      292.625
    ],
    [
      597.625,
      297.625
    ],
    [
      430.125,
      311.375
    ],
    [
      575.125,
      312.625
    ],
    [
      540.125,
      313.875
    ],
    [
      518.875,
      327.625
    ],
    [
      586.375,
      330.125
    ],
    [
      470.125,
      338.875
    ],
    [
      602.625,
      347.625
    ],
    [
      611.375,
      352.625
    ],
    [
      636.375,
      357.625
    ],
    [
      617.625,
      368.875
    ],
    [
      650.125,
      376.375
    ],
    [
      496.375,
      377.625
    ],
    [
      715.125,
      383.875
    ],
    [
      516.375,
      388.875
    ],
    [
      595.125,
      388.875
    ],
    [
      702.625,
      391.375
    ]
  ],
  "mkpts1": [
    [
      746.375,
      103.875
    ],
    [
      713.875,
      176.375
    ],
    [
      710.125,
      200.125
    ],
    [
      547.625,
      203.875
    ],
    [
      592.625,
      222.625
    ],
    [
      581.375,
      230.125
    ],
    [
      93.875,
      237.625
    ],
    [
      726.375,
      290.125
    ],
    [
      820.125,
      316.375
    ],
    [
      807.625,
      325.125
    ],
    [
      670.125,
      320.125
    ],
    [
      871.375,
      336.375
    ],
    [
      213.875,
      327.625
    ],
    [
      196.375,
      335.125
    ],
    [
      238.875,
      357.625
    ],
    [
      318.875,
      397.625
    ],
    [
      511.375,
      417.625
    ],
    [
      393.875,
      413.875
    ],
    [
      153.875,
      405.125
    ],
    [
      88.875,
      407.625
    ],
    [
      375.125,
      423.875
    ],
    [
      520.125,
      437.625
    ],
    [
      237.625,
      451.375
    ],
    [
      483.875,
      461.375
    ],
    [
      435.125,
      465.125
    ],
    [
      403.875,
      490.125
    ],
    [
      513.875,
      497.625
    ],
    [
      317.625,
      507.625
    ],
    [
      545.125,
      530.125
    ],
    [
      562.625,
      541.375
    ],
    [
      603.875,
      550.125
    ],
    [
      576.375,
      570.125
    ],
    [
      632.625,
      587.625
    ],
    [
      363.875,
      576.375
    ],
    [
      740.125,
      605.125
    ],
    [
      383.875,
      590.125
    ],
    [
      546.375,
      606.375
    ],
    [
      726.375,
      618.875
    ]
  ],
  "mpts3D": [
    [
      0.24300000071525574,
      -0.10400000214576721,
      0.0
    ],
    [
      0.20600000023841858,
      -0.07000000029802322,
      -0.0020000000949949026
    ],
    [
      0.20600000023841858,
      -0.054999999701976776,
      -0.0020000000949949026
    ],
    [
      0.23000000417232513,
      -0.0,
      0.11299999803304672
    ],
    [
      0.23000000417232513,
      -0.0,
      0.07000000029802322
    ],
    [
      0.21699999272823334,
      0.0,
      0.07000000029802322
    ],
    [
      -0.0,
      -0.02500000037252903,
      0.23999999463558197
    ],
    [
      0.21699999272823334,
      -0.0,
      -0.027000000700354576
    ],
    [
      0.23000000417232513,
      0.0,
      -0.07000000029802322
    ],
    [
      0.21699999272823334,
      -0.0,
      -0.07000000029802322
    ],
    [
      0.17000000178813934,
      -0.0,
      -0.014999999664723873
    ],
    [
      0.23000000417232513,
      -0.0,
      -0.11299999803304672
    ],
    [
      -0.0,
      -0.0,
      0.15600000321865082
    ],
    [
      -0.014000000432133675,
      0.0,
      0.15600000321865082
    ],
    [
      -0.01899999938905239,
      -0.0,
      0.12800000607967377
    ],
    [
      -0.01899999938905239,
      -0.0,
      0.07400000095367432
    ],
    [
      0.02500000037252903,
      -0.014000000432133675,
      -0.010999999940395355
    ],
    [
      0.0,
      0.0,
      0.041999999433755875
    ],
    [
      -0.07400000095367432,
      -0.0,
      0.12800000607967377
    ],
    [
      -0.07999999821186066,
      -0.0,
      0.15600000321865082
    ],
    [
      -0.014000000432133675,
      0.0,
      0.041999999433755875
    ],
    [
      0.02500000037252903,
      0.0,
      -0.014999999664723873
    ],
    [
      -0.07400000095367432,
      -0.0,
      0.07400000095367432
    ],
    [
      0.0,
      -0.0,
      -0.014999999664723873
    ],
    [
      -0.03500000014901161,
      -0.017999999225139618,
      -0.009999999776482582
    ],
    [
      -0.05700000002980232,
      -0.017999999225139618,
      -0.009999999776482582
    ],
    [
      -0.014000000432133675,
      0.0,
      -0.041999999433755875
    ],
    [
      -0.10000000149011612,
      -0.029999999329447746,
      0.0
    ],
    [
      -0.023000000044703484,
      0.0,
      -0.06499999761581421
    ],
    [
      -0.023000000044703484,
      -0.0,
      -0.07500000298023224
    ],
    [
      -0.017000000923871994,
      -0.0,
      -0.09200000017881393
    ],
    [
      -0.03700000047683716,
      -0.0,
      -0.09700000286102295
    ],
    [
      -0.028999999165534973,
      -0.0,
      -0.12700000405311584
    ],
    [
      -0.09000000357627869,
      -0.0,
      -0.014999999664723873
    ],
    [
      0.0,
      0.0,
      -0.15600000321865082
    ],
    [
      -0.09000000357627869,
      -0.0,
      -0.041999999433755875
    ],
    [
      -0.052000001072883606,
      -0.0,
      -0.09700000286102295
    ],
    [
      -0.014000000432133675,
      0.0,
      -0.15600000321865082
    ]
  ],