{
  "frame": 181,
  "object_rotation_in_cam": [
    [
      0.5876209234001334,
      -0.14249587890263424,
      -0.7964901599380498
    ],
    [
      -0.4593286718435239,
      0.7516379012297527,
      -0.47334726856441944
    ],
    [
      0.6661222272262342,
      0.6439995263435355,
      0.37622571478364303
    ]
  ],
  "object_translation_in_cam": [
    -0.02467499952429962,
    -0.007616770325507218,
    0.7222943549135484
  ],
  "raw_rvec": [
    0.7208795444328469,
    -0.9436348286367837,
    -0.20441127184280336
  ],
  "refined_raw_rvec": [
    0.7208795444328469,
    -0.9436348286367837,
    -0.20441127184280336
  ],
  "num_inliers": 14,
  "total_matches": 31,
  "inlier_ratio": 0.45161290322580644,
  "reprojection_errors": [
    0.6514267325401306,
    0.341333270072937,
    1.9843298196792603,
    3.710710287094116,
    2.752830982208252,
    1.1815881729125977,
    1.058877944946289,
    4.169436931610107,
    1.9717140197753906,
    2.834068775177002,
    2.7436301708221436,
    2.734809637069702,
    1.348456859588623,
    1.4609986543655396
  ],
  "mean_reprojection_error": 2.067443609237671,
  "std_reprojection_error": 1.0943384170532227,
  "inliers": [
    2,
    3,
    11,
    12,
    14,
    15,
    16,
    17,
    18,
    19,
    20,
    22,
    23,
    24
  ],
  "mkpts0": [
    [
      727.625,
      126.375
    ],
    [
      727.625,
      143.875
    ],
    [
      663.875,
      165.125
    ],
    [
      656.375,
      171.375
    ],
    [
      356.375,
      195.125
    ],
    [
      745.125,
      201.375
    ],
    [
      805.125,
      212.625
    ],
    [
      793.875,
      220.125
    ],
    [
      705.125,
      223.875
    ],
    [
      425.125,
      242.625
    ],
    [
      413.875,
      248.875
    ],
    [
      436.375,
      260.125
    ],
    [
      478.875,
      281.375
    ],
    [
      590.125,
      283.875
    ],
    [
      522.625,
      286.375
    ],
    [
      386.375,
      288.875
    ],
    [
      511.375,
      292.625
    ],
    [
      597.625,
      297.625
    ],
    [
      430.125,
      311.375
    ],
    [
      575.125,
      312.625
    ],
    [
      540.125,
      313.875
    ],
    [
      518.875,
      327.625
    ],
    [
      586.375,
      330.125
    ],
    [
      602.625,
      347.625
    ],
    [
      611.375,
      352.625
    ],
    [
      636.375,
      357.625
    ],
    [
      617.625,
      368.875
    ],
    [
      650.125,
      376.375
    ],
    [
      496.375,
      377.625
    ],
    [
      595.125,
      388.875
    ],
    [
      702.625,
      391.375
    ]
  ],
  "mkpts1": [
    [
      821.375,
      43.875
    ],
    [
      816.375,
      70.125
    ],
    [
      692.625,
      91.375
    ],
    [
      681.375,
      98.875
    ],
    [
      198.875,
      87.625
    ],
    [
      826.375,
      165.125
    ],
    [
      920.125,
      193.875
    ],
    [
      908.875,
      203.875
    ],
    [
      767.625,
      192.625
    ],
    [
      313.875,
      183.875
    ],
    [
      296.375,
      191.375
    ],
    [
      337.625,
      215.125
    ],
    [
      416.375,
      257.625
    ],
    [
      605.125,
      285.125
    ],
    [
      487.625,
      276.375
    ],
    [
      256.375,
      258.875
    ],
    [
      470.125,
      286.375
    ],
    [
      612.625,
      306.375
    ],
    [
      336.375,
      308.875
    ],
    [
      576.375,
      328.875
    ],
    [
      528.875,
      330.125
    ],
    [
      496.375,
      353.875
    ],
    [
      605.125,
      365.125
    ],
    [
      635.125,
      400.125
    ],
    [
      652.625,
      411.375
    ],
    [
      693.875,
      422.625
    ],
    [
      666.375,
      441.375
    ],
    [
      720.125,
      460.125
    ],
    [
      456.375,
      438.875
    ],
    [
      633.875,
      473.875
    ],
    [
      812.625,
      495.125
    ]
  ],
  "mpts3D": [
    [
      0.20600000023841858,
      -0.07000000029802322,
      -0.0020000000949949026
    ],
    [
      0.20600000023841858,
      -0.054999999701976776,
      -0.0020000000949949026
    ],
    [
      0.23000000417232513,
      -0.0,
      0.07000000029802322
    ],
    [
      0.21699999272823334,
      0.0,
      0.07000000029802322
    ],
    [
      -0.0,
      -0.02500000037252903,
      0.23999999463558197
    ],
    [
      0.21699999272823334,
      -0.0,
      -0.027000000700354576
    ],
    [
      0.23000000417232513,
      0.0,
      -0.07000000029802322
    ],
    [
      0.21699999272823334,
      -0.0,
      -0.07000000029802322
    ],
    [
      0.17000000178813934,
      -0.0,
      -0.014999999664723873
    ],
    [
      -0.0,
      -0.0,
      0.15600000321865082
    ],
    [
      -0.014000000432133675,
      0.0,
      0.15600000321865082
    ],
    [
      -0.01899999938905239,
      -0.0,
      0.12800000607967377
    ],
    [
      -0.01899999938905239,
      -0.0,
      0.07400000095367432
    ],
    [
      0.02500000037252903,
      -0.014000000432133675,
      -0.010999999940395355
    ],
    [
      0.0,
      0.0,
      0.041999999433755875
    ],
    [
      -0.07400000095367432,
      -0.0,
      0.12800000607967377
    ],
    [
      -0.014000000432133675,
      0.0,
      0.041999999433755875
    ],
    [
      0.02500000037252903,
      0.0,
      -0.014999999664723873
    ],
    [
      -0.07400000095367432,
      -0.0,
      0.07400000095367432
    ],
    [
      0.0,
      -0.0,
      -0.014999999664723873
    ],
    [
      -0.03500000014901161,
      -0.017999999225139618,
      -0.009999999776482582
    ],
    [
      -0.05700000002980232,
      -0.017999999225139618,
      -0.009999999776482582
    ],
    [
      -0.014000000432133675,
      0.0,
      -0.041999999433755875
    ],
    [
      -0.023000000044703484,
      0.0,
      -0.06499999761581421
    ],
    [
      -0.023000000044703484,
      -0.0,
      -0.07500000298023224
    ],
    [
      -0.017000000923871994,
      -0.0,
      -0.09200000017881393
    ],
    [
      -0.03700000047683716,
      -0.0,
      -0.09700000286102295
    ],
    [
      -0.028999999165534973,
      -0.0,
      -0.12700000405311584
    ],
    [
      -0.09000000357627869,
      -0.0,
      -0.014999999664723873
    ],
    [
      -0.052000001072883606,
      -0.0,
      -0.09700000286102295
    ],
    [
      -0.014000000432133675,
      0.0,
      -0.15600000321865082
    ]
  ],
  "mconf": [
    0.9776740670204163,
    0.9720052480697632,
    0.9169773459434509,
    0.9943976402282715,
    0.9611865878105164,
    0.9976359009742737,
    0.26402410864830017,
    0.9980394840240479,
    0.9417852163314819,
    0.9874095916748047,
    0.9987304210662842,
    0.9995622038841248,
    0.990574300289154,
    0.9798760414123535,
    0.9976651668548584,
    0.9990518093109131,
    0.9992730617523193,
    0.9671145081520081,
    0.9997437596321106,
    0.9545950889587402,
    0.9973210692405701,
    0.9996430277824402,
    0.9985733032226562,
    0.9993449449539185,
    0.9994331002235413,
    0.9998155236244202,
    0.9998335838317871,
    0.9994890689849854,
    0.9810570478439331,
    0.999777615070343,
    0.7387762665748596
  ],
  "coverage_score": 0.8920795639257109,
  "pose_estimation_failed": false,
  "tracking_method": "loosely_coupled",
  "kf_translation_vector": [
    -0.012794398948559481,
    -0.01413754774813817,
    0.690426318003233
  ],
  "kf_quaternion": [
    0.4518623989377994,
    -0.4697242838964987,
    -0.13234254208214846,
    0.7467696573236846
  ],
  "kf_rotation_matrix": [
    [
      0.5236890973463125,
      -0.226842693921561,
      -0.8211529221375354
    ],
    [
      -0.6221602731216863,
      0.5566116479628236,
      -0.5505452460073182
    ],
    [
      0.5819504479504704,
      0.7992032692416359,
      0.15035893908819709
    ]
  ],
  "position_diff": 0.036258701656527816,
  "orientation_diff": 16.500390771272134,
  "timestamp": 1741869631.3821745,