{
  "frame": 210,
  "object_rotation_in_cam": [
    [
      0.5432036659248749,
      -0.1463008438280134,
      -0.8267562158345034
    ],
    [
      -0.48511915819147494,
      0.749003339999165,
      -0.45127973478286143
    ],
    [
      0.6852657730263285,
      0.6462120857468594,
      0.3358880178769736
    ]
  ],
  "object_translation_in_cam": [
    -0.06031071032339885,
    -0.018831708980595534,
    0.7149375896309286
  ],
  "raw_rvec": [
    0.7232611579553894,
    -0.9964418449967674,
    -0.2232856061421317
  ],
  "refined_raw_rvec": [
    0.7232611579553894,
    -0.9964418449967674,
    -0.2232856061421317
  ],
  "num_inliers": 13,
  "total_matches": 30,
  "inlier_ratio": 0.43333333333333335,
  "reprojection_errors": [
    0.6430760025978088,
    0.7940809726715088,
    4.379434108734131,
    2.4370481967926025,
    0.5370831489562988,
    3.4073598384857178,
    2.4897425174713135,
    2.073928117752075,
    2.6056809425354004,
    3.200016975402832,
    2.669811248779297,
    1.3950185775756836,
    1.653566837310791
  ],
  "mean_reprojection_error": 2.1758344173431396,
  "std_reprojection_error": 1.1043245792388916,
  "inliers": [
    2,
    3,
    11,
    12,
    14,
    15,
    16,
    17,
    18,
    20,
    21,
    22,
    29
  ],
  "mkpts0": [
    [
      727.625,
      126.375
    ],
    [
      727.625,
      143.875
    ],
    [
      663.875,
      165.125
    ],
    [
      656.375,
      171.375
    ],
    [
      356.375,
      195.125
    ],
    [
      745.125,
      201.375
    ],
    [
      805.125,
      212.625
    ],
    [
      793.875,
      220.125
    ],
    [
      425.125,
      242.625
    ],
    [
      413.875,
      248.875
    ],
    [
      436.375,
      260.125
    ],
    [
      590.125,
      283.875
    ],
    [
      522.625,
      286.375
    ],
    [
      386.375,
      288.875
    ],
    [
      511.375,
      292.625
    ],
    [
      597.625,
      297.625
    ],
    [
      430.125,
      311.375
    ],
    [
      575.125,
      312.625
    ],
    [
      540.125,
      313.875
    ],
    [
      518.875,
      327.625
    ],
    [
      586.375,
      330.125
    ],
    [
      602.625,
      347.625
    ],
    [
      611.375,
      352.625
    ],
    [
      636.375,
      357.625
    ],
    [
      617.625,
      368.875
    ],
    [
      650.125,
      376.375
    ],
    [
      496.375,
      377.625
    ],
    [
      516.375,
      388.875
    ],
    [
      595.125,
      388.875
    ],
    [
      702.625,
      391.375
    ]
  ],
  "mkpts1": [
    [
      740.125,
      13.875
    ],
    [
      737.625,
      38.875
    ],
    [
      615.125,
      63.875
    ],
    [
      603.875,
      71.375
    ],
    [
      110.125,
      72.625
    ],
    [
      750.125,
      133.875
    ],
    [
      843.875,
      160.125
    ],
    [
      831.375,
      168.875
    ],
    [
      232.625,
      166.375
    ],
    [
      215.125,
      175.125
    ],
    [
      257.625,
      197.625
    ],
    [
      531.375,
      258.875
    ],
    [
      412.625,
      255.125
    ],
    [
      173.875,
      243.875
    ],
    [
      395.125,
      265.125
    ],
    [
      538.875,
      281.375
    ],
    [
      257.625,
      291.375
    ],
    [
      503.875,
      303.875
    ],
    [
      455.125,
      307.625
    ],
    [
      422.625,
      331.375
    ],
    [
      533.875,
      340.125
    ],
    [
      563.875,
      372.625
    ],
    [
      581.375,
      383.875
    ],
    [
      622.625,
      393.875
    ],
    [
      595.125,
      412.625
    ],
    [
      650.125,
      428.875
    ],
    [
      383.875,
      417.625
    ],
    [
      403.875,
      431.375
    ],
    [
      563.875,
      446.375
    ],
    [
      742.625,
      460.125
    ]
  ],
  "mpts3D": [
    [
      0.20600000023841858,
      -0.07000000029802322,
      -0.0020000000949949026
    ],
    [
      0.20600000023841858,
      -0.054999999701976776,
      -0.0020000000949949026
    ],
    [
      0.23000000417232513,
      -0.0,
      0.07000000029802322
    ],
    [
      0.21699999272823334,
      0.0,
      0.07000000029802322
    ],
    [
      -0.0,
      -0.02500000037252903,
      0.23999999463558197
    ],
    [
      0.21699999272823334,
      -0.0,
      -0.027000000700354576
    ],
    [
      0.23000000417232513,
      0.0,
      -0.07000000029802322
    ],
    [
      0.21699999272823334,
      -0.0,
      -0.07000000029802322
    ],
    [
      -0.0,
      -0.0,
      0.15600000321865082
    ],
    [
      -0.014000000432133675,
      0.0,
      0.15600000321865082
    ],
    [
      -0.01899999938905239,
      -0.0,
      0.12800000607967377
    ],
    [
      0.02500000037252903,
      -0.014000000432133675,
      -0.010999999940395355
    ],
    [
      0.0,
      0.0,
      0.041999999433755875
    ],
    [
      -0.07400000095367432,
      -0.0,
      0.12800000607967377
    ],
    [
      -0.014000000432133675,
      0.0,
      0.041999999433755875
    ],
    [
      0.02500000037252903,
      0.0,
      -0.014999999664723873
    ],
    [
      -0.07400000095367432,
      -0.0,
      0.07400000095367432
    ],
    [
      0.0,
      -0.0,
      -0.014999999664723873
    ],
    [
      -0.03500000014901161,
      -0.017999999225139618,
      -0.009999999776482582
    ],
    [
      -0.05700000002980232,
      -0.017999999225139618,
      -0.009999999776482582
    ],
    [
      -0.014000000432133675,
      0.0,
      -0.041999999433755875
    ],
    [
      -0.023000000044703484,
      0.0,
      -0.06499999761581421
    ],
    [
      -0.023000000044703484,
      -0.0,
      -0.07500000298023224
    ],
    [
      -0.017000000923871994,
      -0.0,
      -0.09200000017881393
    ],
    [
      -0.03700000047683716,
      -0.0,
      -0.09700000286102295
    ],
    [
      -0.028999999165534973,
      -0.0,
      -0.12700000405311584
    ],
    [
      -0.09000000357627869,
      -0.0,
      -0.014999999664723873
    ],
    [
      -0.09000000357627869,
      -0.0,
      -0.041999999433755875
    ],
    [
      -0.052000001072883606,
      -0.0,
      -0.09700000286102295
    ],
    [
      -0.014000000432133675,
      0.0,
      -0.15600000321865082
    ]
  ],
  "mconf": [
    0.9576433300971985,
    0.8451013565063477,
    0.8376064896583557,
    0.9884013533592224,
    0.9453529715538025,
    0.9901031255722046,
    0.2832631766796112,
    0.9939106702804565,
    0.9927566051483154,
    0.9978618621826172,
    0.9994288086891174,
    0.9743706583976746,
    0.9797093868255615,
    0.9987701177597046,
    0.9933881163597107,
    0.9785428047180176,
    0.9997059106826782,
    0.9716553688049316,
    0.995949923992157,
    0.9997063279151917,
    0.9968022108078003,
    0.9987263083457947,
    0.9993518590927124,
    0.999799370765686,
    0.9998113512992859,
    0.9994486570358276,
    0.9550788998603821,
    0.49588853120803833,
    0.9997382760047913,
    0.9735397100448608
  ],
  "coverage_score": 0.9292776059351572,
  "pose_estimation_failed": false,
  "tracking_method": "loosely_coupled",
  "kf_translation_vector": [
    -0.040140414711767734,
    -0.02046728104970629,
    0.7082077507767611
  ],
  "kf_quaternion": [
    0.4482403247773575,
    -0.4711400039909397,
    -0.13021273618051774,
    0.7484332643725087
  ],
  "kf_rotation_matrix": [
    [
      0.5221434799516005,
      -0.2274568104040863,
      -0.8219669006382387
    ],
    [
      -0.6172789832139309,
      0.564250509159744,
      -0.5482590809055017
    ],
    [
      0.5885005040154242,
      0.7936527970805429,
      0.15421541576581288
    ]
  ],
  "position_diff": 0.021512611491659707,
  "orientation_diff": 14.771793399653534,
  "timestamp": 1741869635.4123247,
  "image_file": "webcam_000210"
}