{
  "frame": 66,
  "object_rotation_in_cam": [
    [
      0.6888671940920614,
      -0.11320063546089137,
      -0.7159941375702596
    ],
    [
      -0.5301715242858074,
      0.5949193979531551,
      -0.6041432485557698
    ],
    [
      0.49434820090720794,
      0.7957741677576029,
      0.3498047029265058
    ]
  ],
  "object_translation_in_cam": [
    0.009847835297934628,
    -0.020379756844426566,
    0.719362842275303
  ],
  "raw_rvec": [
    0.9213148407383703,
    -0.7965515292679646,
    -0.27441723601234863
  ],
  "refined_raw_rvec": [
    0.9213148407383703,
    -0.7965515292679646,
    -0.27441723601234863
  ],
  "num_inliers": 15,
  "total_matches": 29,
  "inlier_ratio": 0.5172413793103449,
  "reprojection_errors": [
    1.1407990455627441,
    1.159606695175171,
    1.7245681285858154,
    2.4940595626831055,
    1.0115822553634644,
    0.8708220720291138,
    3.179201364517212,
    2.684988021850586,
    3.0763280391693115,
    0.33985111117362976,
    1.7333893775939941,
    3.2362873554229736,
    0.9015182256698608,
    0.7724795937538147,
    2.6290502548217773
  ],
  "mean_reprojection_error": 1.7969688177108765,
  "std_reprojection_error": 0.961980402469635,
  "inliers": [
    3,
    6,
    10,
    13,
    14,
    15,
    16,
    17,
    18,
    19,
    20,
    21,
    22,
    23,
    28
  ],
  "mkpts0": [
    [
      727.625,
      143.875
    ],
    [
      663.875,
      165.125
    ],
    [
      656.375,
      171.375
    ],
    [
      745.125,
      201.375
    ],
    [
      805.125,
      212.625
    ],
    [
      793.875,
      220.125
    ],
    [
      705.125,
      223.875
    ],
    [
      835.125,
      225.125
    ],
    [
      425.125,
      242.625
    ],
    [
      413.875,
      248.875
    ],
    [
      436.375,
      260.125
    ],
    [
      478.875,
      281.375
    ],
    [
      590.125,
      283.875
    ],
    [
      522.625,
      286.375
    ],
    [
      386.375,
      288.875
    ],
    [
      511.375,
      292.625
    ],
    [
      597.625,
      297.625
    ],
    [
      430.125,
      311.375
    ],
    [
      575.125,
      312.625
    ],
    [
      540.125,
      313.875
    ],
    [
      518.875,
      327.625
    ],
    [
      586.375,
      330.125
    ],
    [
      602.625,
      347.625
    ],
    [
      611.375,
      352.625
    ],
    [
      636.375,
      357.625
    ],
    [
      617.625,
      368.875
    ],
    [
      650.125,
      376.375
    ],
    [
      595.125,
      388.875
    ],
    [
      702.625,
      391.375
    ]
  ],
  "mkpts1": [
    [
      923.875,
      20.125
    ],
    [
      850.125,
      31.375
    ],
    [
      782.625,
      23.875
    ],
    [
      925.125,
      113.875
    ],
    [
      1018.875,
      156.375
    ],
    [
      1003.875,
      166.375
    ],
    [
      855.125,
      143.875
    ],
    [
      1068.875,
      185.125
    ],
    [
      401.375,
      120.125
    ],
    [
      382.625,
      128.875
    ],
    [
      420.125,
      160.125
    ],
    [
      492.625,
      215.125
    ],
    [
      676.375,
      260.125
    ],
    [
      563.875,
      240.125
    ],
    [
      336.375,
      210.125
    ],
    [
      543.875,
      251.375
    ],
    [
      683.875,
      280.125
    ],
    [
      410.125,
      272.625
    ],
    [
      643.875,
      305.125
    ],
    [
      593.875,
      315.125
    ],
    [
      560.125,
      341.375
    ],
    [
      667.625,
      351.375
    ],
    [
      691.375,
      393.875
    ],
    [
      707.625,
      407.625
    ],
    [
      746.375,
      422.625
    ],
    [
      715.125,
      442.625
    ],
    [
      767.625,
      467.625
    ],
    [
      680.125,
      480.125
    ],
    [
      853.875,
      511.375
    ]
  ],
  "mpts3D": [
    [
      0.20600000023841858,
      -0.054999999701976776,
      -0.0020000000949949026
    ],
    [
      0.23000000417232513,
      -0.0,
      0.07000000029802322
    ],
    [
      0.21699999272823334,
      0.0,
      0.07000000029802322
    ],
    [
      0.21699999272823334,
      -0.0,
      -0.027000000700354576
    ],
    [
      0.23000000417232513,
      0.0,
      -0.07000000029802322
    ],
    [
      0.21699999272823334,
      -0.0,
      -0.07000000029802322
    ],
    [
      0.17000000178813934,
      -0.0,
      -0.014999999664723873
    ],
    [
      0.23000000417232513,
      -0.0,
      -0.11299999803304672
    ],
    [
      -0.0,
      -0.0,
      0.15600000321865082
    ],
    [
      -0.014000000432133675,
      0.0,
      0.15600000321865082
    ],
    [
      -0.01899999938905239,
      -0.0,
      0.12800000607967377
    ],
    [
      -0.01899999938905239,
      -0.0,
      0.07400000095367432
    ],
    [
      0.02500000037252903,
      -0.014000000432133675,
      -0.010999999940395355
    ],
    [
      0.0,
      0.0,
      0.041999999433755875
    ],
    [
      -0.07400000095367432,
      -0.0,
      0.12800000607967377
    ],
    [
      -0.014000000432133675,
      0.0,
      0.041999999433755875
    ],
    [
      0.02500000037252903,
      0.0,
      -0.014999999664723873
    ],
    [
      -0.07400000095367432,
      -0.0,
      0.07400000095367432
    ],
    [
      0.0,
      -0.0,
      -0.014999999664723873
    ],
    [
      -0.03500000014901161,
      -0.017999999225139618,
      -0.009999999776482582
    ],
    [
      -0.05700000002980232,
      -0.017999999225139618,
      -0.009999999776482582
    ],
    [
      -0.014000000432133675,
      0.0,
      -0.041999999433755875
    ],
    [
      -0.023000000044703484,
      0.0,
      -0.06499999761581421
    ],
    [
      -0.023000000044703484,
      -0.0,
      -0.07500000298023224
    ],
    [
      -0.017000000923871994,
      -0.0,
      -0.09200000017881393
    ],
    [
      -0.03700000047683716,
      -0.0,
      -0.09700000286102295
    ],
    [
      -0.028999999165534973,
      -0.0,
      -0.12700000405311584
    ],
    [
      -0.052000001072883606,
      -0.0,
      -0.09700000286102295
    ],
    [
      -0.014000000432133675,
      0.0,
      -0.15600000321865082
    ]
  ],
  "mconf": [
    0.7422202229499817,
    0.1139349415898323,
    0.10573536157608032,
    0.9844724535942078,
    0.9033415913581848,
    0.9976068735122681,
    0.5015110373497009,
    0.28684189915657043,
    0.9289848208427429,
    0.9926791191101074,
    0.996229887008667,
    0.9896823763847351,
    0.8415728807449341,
    0.8837642669677734,
    0.9942428469657898,
    0.9939128756523132,
    0.9300816655158997,
    0.9985291361808777,
    0.9233165383338928,
    0.9769765734672546,
    0.996037483215332,
    0.9975627660751343,
    0.9976372122764587,
    0.9961877465248108,
    0.9997082352638245,
    0.9996371865272522,
    0.9994277358055115,
    0.9997198581695557,
    0.49650633335113525
  ],
  "coverage_score": 0.7631174549747612,
  "pose_estimation_failed": false,
  "tracking_method": "loosely_coupled",
  "kf_translation_vector": [
    -0.010609800056704017,
    -0.01580901600220664,
    0.6472867513377707
  ],
  "kf_quaternion": [
    0.45525014138046266,
    -0.5175455487653348,
    -0.08355374212984462,
    0.7196615078648829
  ],
  "kf_rotation_matrix": [
    [
      0.4503307542585758,
      -0.3509645443946604,
      -0.8209909258613951
    ],
    [
      -0.5914861925903308,
      0.5715321618983364,
      -0.5687662717591544
    ],
    [
      0.6688395141914812,
      0.7417377410471051,
      0.04978782745251453
    ]
  ],
  "position_diff": 0.07761339574713576,
  "orientation_diff": 20.513408873981117,
  "timestamp": 1741869679.657175,
  "image_file": "webcam_000066"
}