{
  "frame": 147,
  "object_rotation_in_cam": [
    [
      0.7256501303323522,
      -0.16878476862161979,
      -0.6670409209561182
    ],
    [
      -0.32767642466346164,
      0.7676831837050817,
      -0.5507183401487555
    ],
    [
      0.6050289654788529,
      0.6182024193884846,
      0.5017626127899656
    ]
  ],
  "object_translation_in_cam": [
    0.013648043833655935,
    -0.012743237595783342,
    0.6418786817868669
  ],
  "raw_rvec": [
    0.7074857653898511,
    -0.7699164634479695,
    -0.09616869575772309
  ],
  "refined_raw_rvec": [
    0.7074857653898511,
    -0.7699164634479695,
    -0.09616869575772309
  ],
  "num_inliers": 14,
  "total_matches": 37,
  "inlier_ratio": 0.3783783783783784,
  "reprojection_errors": [
    0.5486066341400146,
    1.6159868240356445,
    0.43939149379730225,
    2.3914477825164795,
    3.0152335166931152,
    2.7556824684143066,
    2.876333236694336,
    2.974003791809082,
    2.5326156616210938,
    2.344902753829956,
    2.482313394546509,
    3.960040807723999,
    1.9027878046035767,
    3.1652910709381104
  ],
  "mean_reprojection_error": 2.3574740886688232,
  "std_reprojection_error": 0.9341339468955994,
  "inliers": [
    6,
    9,
    13,
    16,
    17,
    19,
    20,
    22,
    23,
    24,
    26,
    28,
    33,
    36
  ],
  "mkpts0": [
    [
      727.625,
      126.375
    ],
    [
      727.625,
      143.875
    ],
    [
      636.375,
      157.625
    ],
    [
      663.875,
      165.125
    ],
    [
      656.375,
      171.375
    ],
    [
      356.375,
      195.125
    ],
    [
      745.125,
      201.375
    ],
    [
      805.125,
      212.625
    ],
    [
      793.875,
      220.125
    ],
    [
      705.125,
      223.875
    ],
    [
      835.125,
      225.125
    ],
    [
      425.125,
      242.625
    ],
    [
      413.875,
      248.875
    ],
    [
      436.375,
      260.125
    ],
    [
      478.875,
      281.375
    ],
    [
      590.125,
      283.875
    ],
    [
      522.625,
      286.375
    ],
    [
      386.375,
      288.875
    ],
    [
      350.125,
      290.125
    ],
    [
      511.375,
      292.625
    ],
    [
      597.625,
      297.625
    ],
    [
      430.125,
      311.375
    ],
    [
      575.125,
      312.625
    ],
    [
      540.125,
      313.875
    ],
    [
      518.875,
      327.625
    ],
    [
      586.375,
      330.125
    ],
    [
      470.125,
      338.875
    ],
    [
      602.625,
      347.625
    ],
    [
      611.375,
      352.625
    ],
    [
      636.375,
      357.625
    ],
    [
      617.625,
      368.875
    ],
    [
      650.125,
      376.375
    ],
    [
      496.375,
      377.625
    ],
    [
      715.125,
      383.875
    ],
    [
      516.375,
      388.875
    ],
    [
      595.125,
      388.875
    ],
    [
      702.625,
      391.375
    ]
  ],
  "mkpts1": [
    [
      986.375,
      60.125
    ],
    [
      975.125,
      87.625
    ],
    [
      793.875,
      75.125
    ],
    [
      836.375,
      101.375
    ],
    [
      822.625,
      106.375
    ],
    [
      311.375,
      22.625
    ],
    [
      970.125,
      195.125
    ],
    [
      1070.125,
      241.375
    ],
    [
      1055.125,
      247.625
    ],
    [
      895.125,
      211.375
    ],
    [
      1125.125,
      276.375
    ],
    [
      406.375,
      132.625
    ],
    [
      387.625,
      137.625
    ],
    [
      423.875,
      166.375
    ],
    [
      496.375,
      218.875
    ],
    [
      696.375,
      275.125
    ],
    [
      571.375,
      251.375
    ],
    [
      326.375,
      195.125
    ],
    [
      266.375,
      191.375
    ],
    [
      548.875,
      256.375
    ],
    [
      701.375,
      301.375
    ],
    [
      397.625,
      255.125
    ],
    [
      656.375,
      317.625
    ],
    [
      601.375,
      307.625
    ],
    [
      560.125,
      325.125
    ],
    [
      680.125,
      358.875
    ],
    [
      462.625,
      322.625
    ],
    [
      705.125,
      398.875
    ],
    [
      721.375,
      413.875
    ],
    [
      766.375,
      432.625
    ],
    [
      731.375,
      447.625
    ],
    [
      790.125,
      476.375
    ],
    [
      497.625,
      407.625
    ],
    [
      908.875,
      520.125
    ],
    [
      522.625,
      430.125
    ],
    [
      687.625,
      476.375
    ],
    [
      890.125,
      531.375
    ]
  ],
  "mpts3D": [
    [
      0.20600000023841858,
      -0.07000000029802322,
      -0.0020000000949949026
    ],
    [
      0.20600000023841858,
      -0.054999999701976776,
      -0.0020000000949949026
    ],
    [
      0.23000000417232513,
      -0.0,
      0.11299999803304672
    ],
    [
      0.23000000417232513,
      -0.0,
      0.07000000029802322
    ],
    [
      0.21699999272823334,
      0.0,
      0.07000000029802322
    ],
    [
      -0.0,
      -0.02500000037252903,
      0.23999999463558197
    ],
    [
      0.21699999272823334,
      -0.0,
      -0.027000000700354576
    ],
    [
      0.23000000417232513,
      0.0,
      -0.07000000029802322
    ],
    [
      0.21699999272823334,
      -0.0,
      -0.07000000029802322
    ],
    [
      0.17000000178813934,
      -0.0,
      -0.014999999664723873
    ],
    [
      0.23000000417232513,
      -0.0,
      -0.11299999803304672
    ],
    [
      -0.0,
      -0.0,
      0.15600000321865082
    ],
    [
      -0.014000000432133675,
      0.0,
      0.15600000321865082
    ],
    [
      -0.01899999938905239,
      -0.0,
      0.12800000607967377
    ],
    [
      -0.01899999938905239,
      -0.0,
      0.07400000095367432
    ],
    [
      0.02500000037252903,
      -0.014000000432133675,
      -0.010999999940395355
    ],
    [
      0.0,
      0.0,
      0.041999999433755875
    ],
    [
      -0.07400000095367432,
      -0.0,
      0.12800000607967377
    ],
    [
      -0.07999999821186066,
      -0.0,
      0.15600000321865082
    ],
    [
      -0.014000000432133675,
      0.0,
      0.041999999433755875
    ],
    [
      0.02500000037252903,
      0.0,
      -0.014999999664723873
    ],
    [
      -0.07400000095367432,
      -0.0,
      0.07400000095367432
    ],
    [
      0.0,
      -0.0,
      -0.014999999664723873
    ],
    [
      -0.03500000014901161,
      -0.017999999225139618,
      -0.009999999776482582
    ],
    [
      -0.05700000002980232,
      -0.017999999225139618,
      -0.009999999776482582
    ],
    [
      -0.014000000432133675,
      0.0,
      -0.041999999433755875
    ],
    [
      -0.10000000149011612,
      -0.029999999329447746,
      0.0
    ],
    [
      -0.023000000044703484,
      0.0,
      -0.06499999761581421
    ],
    [
      -0.023000000044703484,
      -0.0,
      -0.07500000298023224
    ],
    [
      -0.017000000923871994,
      -0.0,
      -0.09200000017881393
    ],
    [
      -0.03700000047683716,
      -0.0,
      -0.09700000286102295
    ],
    [
      -0.028999999165534973,
      -0.0,
      -0.12700000405311584
    ],
    [
      -0.09000000357627869,
      -0.0,
      -0.014999999664723873
    ],
    [
      0.0,
      0.0,
      -0.15600000321865082
    ],
    [
      -0.09000000357627869,
      -0.0,
      -0.041999999433755875
    ],
    [
      -0.052000001072883606,
      -0.0,
      -0.09700000286102295
    ],
    [
      -0.014000000432133675,
      0.0,
      -0.15600000321865082
    ]
  ],