{
  "frame": 84,
  "object_rotation_in_cam": [
    [
      0.7093659093435517,
      -0.1960879934211197,
      -0.677015144215604
    ],
    [
      -0.3333246133186377,
      0.7530008902095265,
      -0.5673485361747587
    ],
    [
      0.6210432423085988,
      0.6281235214348685,
      0.46879220663646237
    ]
  ],
  "object_translation_in_cam": [
    -0.03133549210818348,
    -0.01657384312334945,
    0.6497782159429458
  ],
  "raw_rvec": [
    0.7338304503379894,
    -0.7968022040203215,
    -0.08424154286268122
  ],
  "refined_raw_rvec": [
    0.7338304503379894,
    -0.7968022040203215,
    -0.08424154286268122
  ],
  "num_inliers": 14,
  "total_matches": 36,
  "inlier_ratio": 0.3888888888888889,
  "reprojection_errors": [
    0.6959068775177002,
    1.0618433952331543,
    2.151420831680298,
    4.756536483764648,
    2.505251407623291,
    2.0679712295532227,
    3.295492172241211,
    2.0049641132354736,
    2.6525654792785645,
    1.4685760736465454,
    3.446552038192749,
    2.9303436279296875,
    3.454514980316162,
    2.4225385189056396
  ],
  "mean_reprojection_error": 2.4938912391662598,
  "std_reprojection_error": 1.0242035388946533,
  "inliers": [
    5,
    8,
    11,
    12,
    14,
    17,
    18,
    21,
    22,
    24,
    25,
    26,
    27,
    34
  ],
  "mkpts0": [
    [
      727.625,
      126.375
    ],
    [
      727.625,
      143.875
    ],
    [
      636.375,
      157.625
    ],
    [
      663.875,
      165.125
    ],
    [
      656.375,
      171.375
    ],
    [
      745.125,
      201.375
    ],
    [
      793.875,
      220.125
    ],
    [
      705.125,
      223.875
    ],
    [
      835.125,
      225.125
    ],
    [
      425.125,
      242.625
    ],
    [
      413.875,
      248.875
    ],
    [
      436.375,
      260.125
    ],
    [
      478.875,
      281.375
    ],
    [
      590.125,
      283.875
    ],
    [
      522.625,
      286.375
    ],
    [
      386.375,
      288.875
    ],
    [
      350.125,
      290.125
    ],
    [
      511.375,
      292.625
    ],
    [
      597.625,
      297.625
    ],
    [
      430.125,
      311.375
    ],
    [
      575.125,
      312.625
    ],
    [
      540.125,
      313.875
    ],
    [
      518.875,
      327.625
    ],
    [
      586.375,
      330.125
    ],
    [
      470.125,
      338.875
    ],
    [
      602.625,
      347.625
    ],
    [
      611.375,
      352.625
    ],
    [
      636.375,
      357.625
    ],
    [
      617.625,
      368.875
    ],
    [
      650.125,
      376.375
    ],
    [
      496.375,
      377.625
    ],
    [
      715.125,
      383.875
    ],
    [
      516.375,
      388.875
    ],
    [
      595.125,
      388.875
    ],
    [
      702.625,
      391.375
    ],
    [
      640.125,
      450.125
    ]
  ],
  "mkpts1": [
    [
      882.625,
      57.625
    ],
    [
      872.625,
      83.875
    ],
    [
      701.375,
      67.625
    ],
    [
      742.625,
      95.125
    ],
    [
      728.875,
      100.125
    ],
    [
      871.375,
      190.125
    ],
    [
      952.625,
      243.875
    ],
    [
      802.625,
      211.375
    ],
    [
      1020.125,
      271.375
    ],
    [
      311.375,
      122.625
    ],
    [
      290.125,
      126.375
    ],
    [
      326.375,
      156.375
    ],
    [
      396.375,
      210.125
    ],
    [
      595.125,
      268.875
    ],
    [
      472.625,
      242.625
    ],
    [
      225.125,
      183.875
    ],
    [
      163.875,
      166.375
    ],
    [
      448.875,
      247.625
    ],
    [
      600.125,
      293.875
    ],
    [
      295.125,
      245.125
    ],
    [
      552.625,
      308.875
    ],
    [
      495.125,
      300.125
    ],
    [
      452.625,
      317.625
    ],
    [
      573.875,
      351.375
    ],
    [
      355.125,
      315.125
    ],
    [
      596.375,
      392.625
    ],
    [
      611.375,
      407.625
    ],
    [
      653.875,
      427.625
    ],
    [
      617.625,
      441.375
    ],
    [
      673.875,
      472.625
    ],
    [
      388.875,
      400.125
    ],
    [
      790.125,
      516.375
    ],
    [
      412.625,
      423.875
    ],
    [
      571.375,
      470.125
    ],
    [
      768.875,
      527.625
    ],
    [
      633.875,
      620.125
    ]
  ],
  "mpts3D": [
    [
      0.20600000023841858,
      -0.07000000029802322,
      -0.0020000000949949026
    ],
    [
      0.20600000023841858,
      -0.054999999701976776,
      -0.0020000000949949026
    ],
    [
      0.23000000417232513,
      -0.0,
      0.11299999803304672
    ],
    [
      0.23000000417232513,
      -0.0,
      0.07000000029802322
    ],
    [
      0.21699999272823334,
      0.0,
      0.07000000029802322
    ],
    [
      0.21699999272823334,
      -0.0,
      -0.027000000700354576
    ],
    [
      0.21699999272823334,
      -0.0,
      -0.07000000029802322
    ],
    [
      0.17000000178813934,
      -0.0,
      -0.014999999664723873
    ],
    [
      0.23000000417232513,
      -0.0,
      -0.11299999803304672
    ],
    [
      -0.0,
      -0.0,
      0.15600000321865082
    ],
    [
      -0.014000000432133675,
      0.0,
      0.15600000321865082
    ],
    [
      -0.01899999938905239,
      -0.0,
      0.12800000607967377
    ],
    [
      -0.01899999938905239,
      -0.0,
      0.07400000095367432
    ],
    [
      0.02500000037252903,
      -0.014000000432133675,
      -0.010999999940395355
    ],
    [
      0.0,
      0.0,
      0.041999999433755875
    ],
    [
      -0.07400000095367432,
      -0.0,
      0.12800000607967377
    ],
    [
      -0.07999999821186066,
      -0.0,
      0.15600000321865082
    ],
    [
      -0.014000000432133675,
      0.0,
      0.041999999433755875
    ],
    [
      0.02500000037252903,
      0.0,
      -0.014999999664723873
    ],
    [
      -0.07400000095367432,
      -0.0,
      0.07400000095367432
    ],
    [
      0.0,
      -0.0,
      -0.014999999664723873
    ],
    [
      -0.03500000014901161,
      -0.017999999225139618,
      -0.009999999776482582
    ],
    [
      -0.05700000002980232,
      -0.017999999225139618,
      -0.009999999776482582
    ],
    [
      -0.014000000432133675,
      0.0,
      -0.041999999433755875
    ],
    [
      -0.10000000149011612,
      -0.029999999329447746,
      0.0
    ],
    [
      -0.023000000044703484,
      0.0,
      -0.06499999761581421
    ],
    [
      -0.023000000044703484,
      -0.0,
      -0.07500000298023224
    ],
    [
      -0.017000000923871994,
      -0.0,
      -0.09200000017881393
    ],
    [
      -0.03700000047683716,
      -0.0,
      -0.09700000286102295
    ],
    [
      -0.028999999165534973,
      -0.0,
      -0.12700000405311584
    ],
    [
      -0.09000000357627869,
      -0.0,
      -0.014999999664723873
    ],
    [
      0.0,
      0.0,
      -0.15600000321865082
    ],
    [
      -0.09000000357627869,
      -0.0,
      -0.041999999433755875
    ],
    [
      -0.052000001072883606,
      -0.0,
      -0.09700000286102295
    ],
    [
      -0.014000000432133675,
      0.0,
      -0.15600000321865082
    ],
    [
      -0.07999999821186066,
      -0.0,
      -0.15600000321865082
    ]
  ],