{
  "frame": 3,
  "kf_translation_vector": [
    -0.008567185630931031,
    -0.09162076425051742,
    0.6721632767255508
  ],
  "kf_quaternion": [
    0.45287229630201825,
    -0.49075953403103956,
    -0.1172041723066325,
    0.7350679866472837
  ],
  "kf_rotation_matrix": [
    [
      0.49083652350310825,
      -0.27219672428929537,
      -0.8276402905136748
    ],
    [
      -0.6168088641456861,
      0.5623397304721083,
      -0.55074572412672
    ],
    [
      0.6153261999189465,
      0.7808219840775066,
      0.10812352599954789
    ]
  ],
  "pose_estimation_failed": false,
  "num_correspondences": 8,
  "tracking_method": "tracking",
  "avg_reprojection_error": 2.356940984725952,
  "timestamp": 1741869607.467051,
  "image_file": "webcam_000003"
}