{
  "frame": 143,
  "object_rotation_in_cam": [
    [
      0.630985167543078,
      -0.18257628243427984,
      -0.7540050526575482
    ],
    [
      -0.5224349036240683,
      0.6184970127382942,
      -0.5869610010120919
    ],
    [
      0.573515030156965,
      0.7642822425820742,
      0.2948782186899721
    ]
  ],
  "object_translation_in_cam": [
    0.02341045721761683,
    -0.0158821343246888,
    0.6978502539360456
  ],
  "raw_rvec": [
    0.9093549397351622,
    -0.8933898101825233,
    -0.22871686312263734
  ],
  "refined_raw_rvec": [
    0.9093549397351622,
    -0.8933898101825233,
    -0.22871686312263734
  ],
  "num_inliers": 15,
  "total_matches": 28,
  "inlier_ratio": 0.5357142857142857,
  "reprojection_errors": [
    1.2455544471740723,
    1.8144276142120361,
    3.0693812370300293,
    3.727731466293335,
    1.4506385326385498,
    1.7793066501617432,
    2.949033498764038,
    2.7207870483398438,
    2.7767128944396973,
    1.556720495223999,
    2.9447391033172607,
    3.1734111309051514,
    1.3846917152404785,
    1.286921739578247,
    2.330156087875366
  ],
  "mean_reprojection_error": 2.2806808948516846,
  "std_reprojection_error": 0.7910553216934204,
  "inliers": [
    3,
    9,
    10,
    12,
    13,
    14,
    15,
    16,
    17,
    18,
    19,
    20,
    21,
    22,
    27
  ],
  "mkpts0": [
    [
      727.625,
      126.375
    ],
    [
      727.625,
      143.875
    ],
    [
      656.375,
      171.375
    ],
    [
      745.125,
      201.375
    ],
    [
      793.875,
      220.125
    ],
    [
      705.125,
      223.875
    ],
    [
      835.125,
      225.125
    ],
    [
      425.125,
      242.625
    ],
    [
      413.875,
      248.875
    ],
    [
      436.375,
      260.125
    ],
    [
      478.875,
      281.375
    ],
    [
      590.125,
      283.875
    ],
    [
      522.625,
      286.375
    ],
    [
      386.375,
      288.875
    ],
    [
      511.375,
      292.625
    ],
    [
      597.625,
      297.625
    ],
    [
      430.125,
      311.375
    ],
    [
      575.125,
      312.625
    ],
    [
      540.125,
      313.875
    ],
    [
      518.875,
      327.625
    ],
    [
      586.375,
      330.125
    ],
    [
      602.625,
      347.625
    ],
    [
      611.375,
      352.625
    ],
    [
      636.375,
      357.625
    ],
    [
      617.625,
      368.875
    ],
    [
      650.125,
      376.375
    ],
    [
      595.125,
      388.875
    ],
    [
      702.625,
      391.375
    ]
  ],
  "mkpts1": [
    [
      936.375,
      17.625
    ],
    [
      932.625,
      30.125
    ],
    [
      781.375,
      35.125
    ],
    [
      928.875,
      123.875
    ],
    [
      1011.375,
      175.125
    ],
    [
      835.125,
      183.875
    ],
    [
      1025.125,
      165.125
    ],
    [
      407.625,
      126.375
    ],
    [
      390.125,
      135.125
    ],
    [
      432.625,
      166.375
    ],
    [
      513.875,
      223.875
    ],
    [
      705.125,
      267.625
    ],
    [
      586.375,
      248.875
    ],
    [
      351.375,
      217.625
    ],
    [
      567.625,
      258.875
    ],
    [
      711.375,
      288.875
    ],
    [
      433.875,
      281.375
    ],
    [
      675.125,
      313.875
    ],
    [
      631.375,
      323.875
    ],
    [
      598.875,
      350.125
    ],
    [
      703.875,
      360.125
    ],
    [
      732.625,
      402.625
    ],
    [
      750.125,
      416.375
    ],
    [
      791.375,
      432.625
    ],
    [
      763.875,
      452.625
    ],
    [
      816.375,
      476.375
    ],
    [
      730.125,
      490.125
    ],
    [
      906.375,
      518.875
    ]
  ],
  "mpts3D": [
    [
      0.20600000023841858,
      -0.07000000029802322,
      -0.0020000000949949026
    ],
    [
      0.20600000023841858,
      -0.054999999701976776,
      -0.0020000000949949026
    ],
    [
      0.21699999272823334,
      0.0,
      0.07000000029802322
    ],
    [
      0.21699999272823334,
      -0.0,
      -0.027000000700354576
    ],
    [
      0.21699999272823334,
      -0.0,
      -0.07000000029802322
    ],
    [
      0.17000000178813934,
      -0.0,
      -0.014999999664723873
    ],
    [
      0.23000000417232513,
      -0.0,
      -0.11299999803304672
    ],
    [
      -0.0,
      -0.0,
      0.15600000321865082
    ],
    [
      -0.014000000432133675,
      0.0,
      0.15600000321865082
    ],
    [
      -0.01899999938905239,
      -0.0,
      0.12800000607967377
    ],
    [
      -0.01899999938905239,
      -0.0,
      0.07400000095367432
    ],
    [
      0.02500000037252903,
      -0.014000000432133675,
      -0.010999999940395355
    ],
    [
      0.0,
      0.0,
      0.041999999433755875
    ],
    [
      -0.07400000095367432,
      -0.0,
      0.12800000607967377
    ],
    [
      -0.014000000432133675,
      0.0,
      0.041999999433755875
    ],
    [
      0.02500000037252903,
      0.0,
      -0.014999999664723873
    ],
    [
      -0.07400000095367432,
      -0.0,
      0.07400000095367432
    ],
    [
      0.0,
      -0.0,
      -0.014999999664723873
    ],
    [
      -0.03500000014901161,
      -0.017999999225139618,
      -0.009999999776482582
    ],
    [
      -0.05700000002980232,
      -0.017999999225139618,
      -0.009999999776482582
    ],
    [
      -0.014000000432133675,
      0.0,
      -0.041999999433755875
    ],
    [
      -0.023000000044703484,
      0.0,
      -0.06499999761581421
    ],
    [
      -0.023000000044703484,
      -0.0,
      -0.07500000298023224
    ],
    [
      -0.017000000923871994,
      -0.0,
      -0.09200000017881393
    ],
    [
      -0.03700000047683716,
      -0.0,
      -0.09700000286102295
    ],
    [
      -0.028999999165534973,
      -0.0,
      -0.12700000405311584
    ],
    [
      -0.052000001072883606,
      -0.0,
      -0.09700000286102295
    ],
    [
      -0.014000000432133675,
      0.0,
      -0.15600000321865082
    ]
  ],
  "mconf": [
    0.5190907120704651,
    0.5447127223014832,
    0.13778896629810333,
    0.9751688241958618,
    0.6123667359352112,
    0.4920625388622284,
    0.11385558545589447,
    0.9127270579338074,
    0.9900456666946411,
    0.996918797492981,
    0.9952539801597595,
    0.7818565964698792,
    0.8516359329223633,
    0.9910842180252075,
    0.9661546945571899,
    0.9059272408485413,
    0.990121603012085,
    0.9637314677238464,
    0.9653319716453552,
    0.99137282371521,
    0.9962487816810608,
    0.9905616044998169,
    0.9935040473937988,
    0.9990661144256592,
    0.9992902278900146,
    0.9987087249755859,
    0.9993088245391846,
    0.21048644185066223
  ],
  "coverage_score": 0.7302423406565558,
  "pose_estimation_failed": false,
  "tracking_method": "loosely_coupled",
  "kf_translation_vector": [
    0.012620672330214654,
    -0.04292224275989662,
    0.8198094092278134
  ],
  "kf_quaternion": [
    0.41807421619825047,
    -0.432078668151504,
    -0.12919721211004473,
    0.7885620170041373
  ],
  "kf_rotation_matrix": [
    [
      0.5932322098228292,
      -0.15752187270123152,
      -0.7894696984998346
    ],
    [
      -0.5650419293924644,
      0.6170440602664213,
      -0.5477081756906415
    ],
    [
      0.5734136057482104,
      0.7710016130402233,
      0.277043948557282
    ]
  ],
  "position_diff": 0.12813990036435555,
  "orientation_diff": 3.320073120782998,
  "timestamp": 1741869955.5357969,
  "image_file": "webcam_000143"
}