{
  "frame": 133,
  "object_rotation_in_cam": [
    [
      0.825913844606095,
      -0.2271019631413613,
      -0.5160339326297441
    ],
    [
      -0.159899970388325,
      0.7833478064205271,
      -0.600664809728322
    ],
    [
      0.5406462066433022,
      0.578611192869174,
      0.6106642012830944
    ]
  ],
  "object_translation_in_cam": [
    0.0009361784341700841,
    -0.0034109290088693844,
    0.6253225605871648
  ],
  "raw_rvec": [
    0.6806791394227446,
    -0.6099166999593199,
    0.03878904895365958
  ],
  "refined_raw_rvec": [
    0.6806791394227446,
    -0.6099166999593199,
    0.03878904895365958
  ],
  "num_inliers": 12,
  "total_matches": 26,
  "inlier_ratio": 0.46153846153846156,
  "reprojection_errors": [
    3.5877811908721924,
    3.4829273223876953,
    3.217893123626709,
    1.1980713605880737,
    3.4227890968322754,
    3.6037371158599854,
    1.7487452030181885,
    1.572104573249817,
    0.9125232100486755,
    2.324526786804199,
    1.402753233909607,
    3.217743158340454
  ],
  "mean_reprojection_error": 2.474299669265747,
  "std_reprojection_error": 1.0048633813858032,
  "inliers": [
    5,
    6,
    8,
    9,
    11,
    12,
    13,
    14,
    15,
    16,
    17,
    18
  ],
  "mkpts0": [
    [
      727.625,
      126.375
    ],
    [
      727.625,
      143.875
    ],
    [
      356.375,
      195.125
    ],
    [
      425.125,
      242.625
    ],
    [
      413.875,
      248.875
    ],
    [
      436.375,
      260.125
    ],
    [
      478.875,
      281.375
    ],
    [
      590.125,
      283.875
    ],
    [
      386.375,
      288.875
    ],
    [
      511.375,
      292.625
    ],
    [
      430.125,
      311.375
    ],
    [
      575.125,
      312.625
    ],
    [
      540.125,
      313.875
    ],
    [
      518.875,
      327.625
    ],
    [
      586.375,
      330.125
    ],
    [
      470.125,
      338.875
    ],
    [
      602.625,
      347.625
    ],
    [
      611.375,
      352.625
    ],
    [
      636.375,
      357.625
    ],
    [
      617.625,
      368.875
    ],
    [
      650.125,
      376.375
    ],
    [
      496.375,
      377.625
    ],
    [
      516.375,
      388.875
    ],
    [
      595.125,
      388.875
    ],
    [
      702.625,
      391.375
    ],
    [
      815.125,
      415.125
    ]
  ],
  "mkpts1": [
    [
      1030.125,
      157.625
    ],
    [
      1016.375,
      185.125
    ],
    [
      365.125,
      27.625
    ],
    [
      430.125,
      138.875
    ],
    [
      407.625,
      138.875
    ],
    [
      433.875,
      168.875
    ],
    [
      488.875,
      226.375
    ],
    [
      675.125,
      312.625
    ],
    [
      323.875,
      173.875
    ],
    [
      530.125,
      268.875
    ],
    [
      373.875,
      237.625
    ],
    [
      622.625,
      343.875
    ],
    [
      558.875,
      317.625
    ],
    [
      510.125,
      323.875
    ],
    [
      632.625,
      386.375
    ],
    [
      405.125,
      300.125
    ],
    [
      643.875,
      426.375
    ],
    [
      657.625,
      443.875
    ],
    [
      697.625,
      471.375
    ],
    [
      655.125,
      476.375
    ],
    [
      710.125,
      518.875
    ],
    [
      425.125,
      393.875
    ],
    [
      390.125,
      450.125
    ],
    [
      596.375,
      493.875
    ],
    [
      1082.625,
      366.375
    ],
    [
      1151.375,
      405.125
    ]
  ],
  "mpts3D": [
    [
      0.20600000023841858,
      -0.07000000029802322,
      -0.0020000000949949026
    ],
    [
      0.20600000023841858,
      -0.054999999701976776,
      -0.0020000000949949026
    ],
    [
      -0.0,
      -0.02500000037252903,
      0.23999999463558197
    ],
    [
      -0.0,
      -0.0,
      0.15600000321865082
    ],
    [
      -0.014000000432133675,
      0.0,
      0.15600000321865082
    ],
    [
      -0.01899999938905239,
      -0.0,
      0.12800000607967377
    ],
    [
      -0.01899999938905239,
      -0.0,
      0.07400000095367432
    ],
    [
      0.02500000037252903,
      -0.014000000432133675,
      -0.010999999940395355
    ],
    [
      -0.07400000095367432,
      -0.0,
      0.12800000607967377
    ],
    [
      -0.014000000432133675,
      0.0,
      0.041999999433755875
    ],
    [
      -0.07400000095367432,
      -0.0,
      0.07400000095367432
    ],
    [
      0.0,
      -0.0,
      -0.014999999664723873
    ],
    [
      -0.03500000014901161,
      -0.017999999225139618,
      -0.009999999776482582
    ],
    [
      -0.05700000002980232,
      -0.017999999225139618,
      -0.009999999776482582
    ],
    [
      -0.014000000432133675,
      0.0,
      -0.041999999433755875
    ],
    [
      -0.10000000149011612,
      -0.029999999329447746,
      0.0
    ],
    [
      -0.023000000044703484,
      0.0,
      -0.06499999761581421
    ],
    [
      -0.023000000044703484,
      -0.0,
      -0.07500000298023224
    ],
    [
      -0.017000000923871994,
      -0.0,
      -0.09200000017881393
    ],
    [
      -0.03700000047683716,
      -0.0,
      -0.09700000286102295
    ],
    [
      -0.028999999165534973,
      -0.0,
      -0.12700000405311584
    ],
    [
      -0.09000000357627869,
      -0.0,
      -0.014999999664723873
    ],
    [
      -0.09000000357627869,
      -0.0,
      -0.041999999433755875
    ],
    [
      -0.052000001072883606,
      -0.0,
      -0.09700000286102295
    ],
    [
      -0.014000000432133675,
      0.0,
      -0.15600000321865082
    ],
    [
      -0.0,
      -0.02500000037252903,
      -0.23999999463558197
    ]
  ],
  "mconf": [
    0.2139962762594223,
    0.3842543959617615,
    0.991317093372345,
    0.9345095753669739,
    0.9988186359405518,
    0.997384786605835,
    0.987845242023468,
    0.6742509007453918,
    0.9965553879737854,
    0.10449221730232239,
    0.9977781176567078,
    0.5835665464401245,
    0.34981468319892883,
    0.49761804938316345,
    0.9695361256599426,
    0.9677973985671997,
    0.9481989145278931,
    0.6264023184776306,
    0.6446442008018494,
    0.40865659713745117,
    0.6424169540405273,
    0.6402450799942017,
    0.14584936201572418,
    0.7515374422073364,
    0.25801488757133484,
    0.1728038638830185
  ],
  "coverage_score": 0.4854752972273344,
  "pose_estimation_failed": false,
  "tracking_method": "loosely_coupled",
  "kf_translation_vector": [
    -0.012485643262133401,
    -0.004866732859979765,
    0.645803221235732
  ],
  "kf_quaternion": [
    0.4495381725510597,
    -0.47164052952701485,
    -0.13401920736312412,
    0.7466655840365826
  ],
  "kf_rotation_matrix": [
    [
      0.5191881259304739,
      -0.2239057840133629,
      -0.8248090019987439
    ],
    [
      -0.6241759029649906,
      0.5599085669544273,
      -0.5448915844540807
    ],
    [
      0.5838220037397025,
      0.7977271441642193,
      0.15094128465386136
    ]
  ],
  "position_diff": 0.025944147563887486,
  "orientation_diff": 34.876595051330455,
  "timestamp": 1741869624.9303558,
  "image_file": "webcam_000133"
}