{
  "frame": 196,
  "object_rotation_in_cam": [
    [
      0.613306577011404,
      -0.1845012819969775,
      -0.7679936975887409
    ],
    [
      -0.5433588933430896,
      0.607141918092184,
      -0.5797756499891287
    ],
    [
      0.5732505173303619,
      0.7728764249456801,
      0.2721137191389966
    ]
  ],
  "object_translation_in_cam": [
    0.026167350678962194,
    -0.031467230587307396,
    0.6960698661243815
  ],
  "raw_rvec": [
    0.9224866376369364,
    -0.9147066633009427,
    -0.24473503380169065
  ],
  "refined_raw_rvec": [
    0.9224866376369364,
    -0.9147066633009427,
    -0.24473503380169065
  ],
  "num_inliers": 14,
  "total_matches": 25,
  "inlier_ratio": 0.56,
  "reprojection_errors": [
    0.4605490267276764,
    1.0295871496200562,
    1.8536088466644287,
    3.3897476196289062,
    2.939427137374878,
    0.880340576171875,
    1.5278794765472412,
    3.5642330646514893,
    3.0377535820007324,
    3.0023441314697266,
    1.7123271226882935,
    2.761460542678833,
    2.7264552116394043,
    1.8241220712661743
  ],
  "mean_reprojection_error": 2.1935598850250244,
  "std_reprojection_error": 0.9579994082450867,
  "inliers": [
    0,
    3,
    6,
    7,
    9,
    10,
    12,
    13,
    14,
    15,
    16,
    17,
    19,
    20
  ],
  "mkpts0": [
    [
      745.125,
      201.375
    ],
    [
      805.125,
      212.625
    ],
    [
      793.875,
      220.125
    ],
    [
      705.125,
      223.875
    ],
    [
      425.125,
      242.625
    ],
    [
      413.875,
      248.875
    ],
    [
      436.375,
      260.125
    ],
    [
      478.875,
      281.375
    ],
    [
      590.125,
      283.875
    ],
    [
      522.625,
      286.375
    ],
    [
      386.375,
      288.875
    ],
    [
      350.125,
      290.125
    ],
    [
      511.375,
      292.625
    ],
    [
      597.625,
      297.625
    ],
    [
      430.125,
      311.375
    ],
    [
      575.125,
      312.625
    ],
    [
      540.125,
      313.875
    ],
    [
      518.875,
      327.625
    ],
    [
      586.375,
      330.125
    ],
    [
      602.625,
      347.625
    ],
    [
      611.375,
      352.625
    ],
    [
      636.375,
      357.625
    ],
    [
      617.625,
      368.875
    ],
    [
      650.125,
      376.375
    ],
    [
      595.125,
      388.875
    ]
  ],
  "mkpts1": [
    [
      930.125,
      86.375
    ],
    [
      1028.875,
      125.125
    ],
    [
      1016.375,
      136.375
    ],
    [
      866.375,
      115.125
    ],
    [
      407.625,
      96.375
    ],
    [
      390.125,
      106.375
    ],
    [
      433.875,
      136.375
    ],
    [
      517.625,
      192.625
    ],
    [
      711.375,
      233.875
    ],
    [
      591.375,
      216.375
    ],
    [
      353.875,
      188.875
    ],
    [
      291.375,
      173.875
    ],
    [
      572.625,
      227.625
    ],
    [
      717.625,
      255.125
    ],
    [
      438.875,
      251.375
    ],
    [
      681.375,
      281.375
    ],
    [
      638.875,
      291.375
    ],
    [
      607.625,
      317.625
    ],
    [
      711.375,
      326.375
    ],
    [
      742.625,
      367.625
    ],
    [
      760.125,
      382.625
    ],
    [
      801.375,
      397.625
    ],
    [
      775.125,
      416.375
    ],
    [
      827.625,
      440.125
    ],
    [
      742.625,
      455.125
    ]
  ],
  "mpts3D": [
    [
      0.21699999272823334,
      -0.0,
      -0.027000000700354576
    ],
    [
      0.23000000417232513,
      0.0,
      -0.07000000029802322
    ],
    [
      0.21699999272823334,
      -0.0,
      -0.07000000029802322
    ],
    [
      0.17000000178813934,
      -0.0,
      -0.014999999664723873
    ],
    [
      -0.0,
      -0.0,
      0.15600000321865082
    ],
    [
      -0.014000000432133675,
      0.0,
      0.15600000321865082
    ],
    [
      -0.01899999938905239,
      -0.0,
      0.12800000607967377
    ],
    [
      -0.01899999938905239,
      -0.0,
      0.07400000095367432
    ],
    [
      0.02500000037252903,
      -0.014000000432133675,
      -0.010999999940395355
    ],
    [
      0.0,
      0.0,
      0.041999999433755875
    ],
    [
      -0.07400000095367432,
      -0.0,
      0.12800000607967377
    ],
    [
      -0.07999999821186066,
      -0.0,
      0.15600000321865082
    ],
    [
      -0.014000000432133675,
      0.0,
      0.041999999433755875
    ],
    [
      0.02500000037252903,
      0.0,
      -0.014999999664723873
    ],
    [
      -0.07400000095367432,
      -0.0,
      0.07400000095367432
    ],
    [
      0.0,
      -0.0,
      -0.014999999664723873
    ],
    [
      -0.03500000014901161,
      -0.017999999225139618,
      -0.009999999776482582
    ],
    [
      -0.05700000002980232,
      -0.017999999225139618,
      -0.009999999776482582
    ],
    [
      -0.014000000432133675,
      0.0,
      -0.041999999433755875
    ],
    [
      -0.023000000044703484,
      0.0,
      -0.06499999761581421
    ],
    [
      -0.023000000044703484,
      -0.0,
      -0.07500000298023224
    ],
    [
      -0.017000000923871994,
      -0.0,
      -0.09200000017881393
    ],
    [
      -0.03700000047683716,
      -0.0,
      -0.09700000286102295
    ],
    [
      -0.028999999165534973,
      -0.0,
      -0.12700000405311584
    ],
    [
      -0.052000001072883606,
      -0.0,
      -0.09700000286102295
    ]
  ],
  "mconf": [
    0.9147476553916931,
    0.7566607594490051,
    0.9690319299697876,
    0.5505412817001343,
    0.9415264129638672,
    0.9944906234741211,
    0.997546374797821,
    0.995206892490387,
    0.9085693359375,
    0.8259221911430359,
    0.995111346244812,
    0.36221083998680115,
    0.9910829067230225,
    0.8998209238052368,
    0.9965064525604248,
    0.9409379959106445,
    0.981247067451477,
    0.9974184632301331,
    0.9962207674980164,
    0.9961982369422913,
    0.994817852973938,
    0.9992426037788391,
    0.9989880919456482,
    0.9991388320922852,
    0.9995800256729126
  ],
  "coverage_score": 0.7772925846688998,
  "pose_estimation_failed": false,
  "tracking_method": "loosely_coupled",
  "kf_translation_vector": [
    0.027499343417009974,
    -0.029152070930942877,
    0.778353130173973
  ],
  "kf_quaternion": [
    0.39713883349700774,
    -0.446344075639716,
    -0.16397586465131864,
    0.7849647309795618
  ],
  "kf_rotation_matrix": [
    [
      0.5477777639063599,
      -0.09709059010938725,
      -0.8309710817362775
    ],
    [
      -0.6119516720420407,
      0.6307853254809768,
      -0.4771006437249993
    ],
    [
      0.5704863472991258,
      0.7698592666650633,
      0.2861154261399269
    ]
  ],
  "position_diff": 0.08610838256117012,
  "orientation_diff": 7.17055356410628,
  "timestamp": 1741869962.789263,
  "image_file": "webcam_000196"
}