{
  "frame": 179,
  "object_rotation_in_cam": [
    [
      0.6333802858135611,
      -0.10541806482881086,
      -0.7666266660836161
    ],
    [
      -0.43471585969335447,
      0.7711141533689996,
      -0.46519359819872724
    ],
    [
      0.6401964814600276,
      0.6279092243961382,
      0.44258159817647286
    ]
  ],
  "object_translation_in_cam": [
    -0.023987489090427323,
    -0.002920749117628599,
    0.6976541912366208
  ],
  "raw_rvec": [
    0.683853553727801,
    -0.8801194078252034,
    -0.20601123938027635
  ],
  "refined_raw_rvec": [
    0.683853553727801,
    -0.8801194078252034,
    -0.20601123938027635
  ],
  "num_inliers": 14,
  "total_matches": 31,
  "inlier_ratio": 0.45161290322580644,
  "reprojection_errors": [
    1.6478397846221924,
    2.8788652420043945,
    1.7753793001174927,
    2.2131643295288086,
    2.986311912536621,
    3.097716808319092,
    2.4117016792297363,
    3.465197801589966,
    2.401226282119751,
    3.3646886348724365,
    2.61409592628479,
    1.4554191827774048,
    1.5047023296356201,
    0.6344818472862244
  ],
  "mean_reprojection_error": 2.31791353225708,
  "std_reprojection_error": 0.7963507175445557,
  "inliers": [
    0,
    1,
    6,
    7,
    10,
    11,
    14,
    15,
    16,
    17,
    21,
    22,
    23,
    30
  ],
  "mkpts0": [
    [
      727.625,
      126.375
    ],
    [
      727.625,
      143.875
    ],
    [
      636.375,
      157.625
    ],
    [
      663.875,
      165.125
    ],
    [
      656.375,
      171.375
    ],
    [
      745.125,
      201.375
    ],
    [
      805.125,
      212.625
    ],
    [
      793.875,
      220.125
    ],
    [
      425.125,
      242.625
    ],
    [
      413.875,
      248.875
    ],
    [
      436.375,
      260.125
    ],
    [
      478.875,
      281.375
    ],
    [
      590.125,
      283.875
    ],
    [
      522.625,
      286.375
    ],
    [
      386.375,
      288.875
    ],
    [
      511.375,
      292.625
    ],
    [
      597.625,
      297.625
    ],
    [
      430.125,
      311.375
    ],
    [
      575.125,
      312.625
    ],
    [
      540.125,
      313.875
    ],
    [
      518.875,
      327.625
    ],
    [
      586.375,
      330.125
    ],
    [
      602.625,
      347.625
    ],
    [
      611.375,
      352.625
    ],
    [
      636.375,
      357.625
    ],
    [
      617.625,
      368.875
    ],
    [
      650.125,
      376.375
    ],
    [
      496.375,
      377.625
    ],
    [
      715.125,
      383.875
    ],
    [
      595.125,
      388.875
    ],
    [
      702.625,
      391.375
    ]
  ],
  "mkpts1": [
    [
      820.125,
      56.375
    ],
    [
      815.125,
      80.125
    ],
    [
      647.625,
      78.875
    ],
    [
      691.375,
      100.125
    ],
    [
      680.125,
      108.875
    ],
    [
      825.125,
      175.125
    ],
    [
      917.625,
      203.875
    ],
    [
      907.625,
      213.875
    ],
    [
      312.625,
      191.375
    ],
    [
      295.125,
      198.875
    ],
    [
      336.375,
      223.875
    ],
    [
      413.875,
      266.375
    ],
    [
      602.625,
      295.125
    ],
    [
      485.125,
      286.375
    ],
    [
      252.625,
      266.375
    ],
    [
      466.375,
      295.125
    ],
    [
      610.125,
      316.375
    ],
    [
      332.625,
      317.625
    ],
    [
      573.875,
      338.875
    ],
    [
      526.375,
      340.125
    ],
    [
      493.875,
      363.875
    ],
    [
      601.375,
      376.375
    ],
    [
      631.375,
      411.375
    ],
    [
      648.875,
      422.625
    ],
    [
      690.125,
      435.125
    ],
    [
      661.375,
      452.625
    ],
    [
      716.375,
      471.375
    ],
    [
      451.375,
      448.875
    ],
    [
      822.625,
      493.875
    ],
    [
      628.875,
      485.125
    ],
    [
      808.875,
      507.625
    ]
  ],
  "mpts3D": [
    [
      0.20600000023841858,
      -0.07000000029802322,
      -0.0020000000949949026
    ],
    [
      0.20600000023841858,
      -0.054999999701976776,
      -0.0020000000949949026
    ],
    [
      0.23000000417232513,
      -0.0,
      0.11299999803304672
    ],
    [
      0.23000000417232513,
      -0.0,
      0.07000000029802322
    ],
    [
      0.21699999272823334,
      0.0,
      0.07000000029802322
    ],
    [
      0.21699999272823334,
      -0.0,
      -0.027000000700354576
    ],
    [
      0.23000000417232513,
      0.0,
      -0.07000000029802322
    ],
    [
      0.21699999272823334,
      -0.0,
      -0.07000000029802322
    ],
    [
      -0.0,
      -0.0,
      0.15600000321865082
    ],
    [
      -0.014000000432133675,
      0.0,
      0.15600000321865082
    ],
    [
      -0.01899999938905239,
      -0.0,
      0.12800000607967377
    ],
    [
      -0.01899999938905239,
      -0.0,
      0.07400000095367432
    ],
    [
      0.02500000037252903,
      -0.014000000432133675,
      -0.010999999940395355
    ],
    [
      0.0,
      0.0,
      0.041999999433755875
    ],
    [
      -0.07400000095367432,
      -0.0,
      0.12800000607967377
    ],
    [
      -0.014000000432133675,
      0.0,
      0.041999999433755875
    ],
    [
      0.02500000037252903,
      0.0,
      -0.014999999664723873
    ],
    [
      -0.07400000095367432,
      -0.0,
      0.07400000095367432
    ],
    [
      0.0,
      -0.0,
      -0.014999999664723873
    ],
    [
      -0.03500000014901161,
      -0.017999999225139618,
      -0.009999999776482582
    ],
    [
      -0.05700000002980232,
      -0.017999999225139618,
      -0.009999999776482582
    ],
    [
      -0.014000000432133675,
      0.0,
      -0.041999999433755875
    ],
    [
      -0.023000000044703484,
      0.0,
      -0.06499999761581421
    ],
    [
      -0.023000000044703484,
      -0.0,
      -0.07500000298023224
    ],
    [
      -0.017000000923871994,
      -0.0,
      -0.09200000017881393
    ],
    [
      -0.03700000047683716,
      -0.0,
      -0.09700000286102295
    ],
    [
      -0.028999999165534973,
      -0.0,
      -0.12700000405311584
    ],
    [
      -0.09000000357627869,
      -0.0,
      -0.014999999664723873
    ],
    [
      0.0,
      0.0,
      -0.15600000321865082
    ],
    [
      -0.052000001072883606,
      -0.0,
      -0.09700000286102295
    ],
    [
      -0.014000000432133675,
      0.0,
      -0.15600000321865082
    ]
  ],
  "mconf": [
    0.9917526841163635,
    0.989436686038971,
    0.7051005959510803,
    0.8186426758766174,
    0.9915874004364014,
    0.9860740303993225,
    0.36068326234817505,
    0.9914113283157349,
    0.9881604313850403,
    0.9981897473335266,
    0.9987049698829651,
    0.993004560470581,
    0.9639948010444641,
    0.9941295385360718,
    0.9979491829872131,
    0.9991564154624939,
    0.9842528104782104,
    0.9996496438980103,
    0.9799189567565918,
    0.9977971315383911,
    0.9995362758636475,
    0.9991787672042847,
    0.9992155432701111,
    0.9995369911193848,
    0.9998342990875244,
    0.999753475189209,
    0.9997878670692444,
    0.9333255290985107,
    0.9695643186569214,
    0.9997820258140564,
    0.9991722106933594
  ],
  "coverage_score": 0.7887031414261727,
  "pose_estimation_failed": false,
  "tracking_method": "loosely_coupled",
  "kf_translation_vector": [
    -0.011256423326573926,
    -0.014420058338391904,
    0.6870536948557581
  ],
  "kf_quaternion": [
    0.45184692638076834,
    -0.46996496479865446,
    -0.13266334223762408,
    0.7465706427448074
  ],
  "kf_rotation_matrix": [
    [
      0.523066738976285,
      -0.22661933633580128,
      -0.8216111385414854
    ],
    [
      -0.6227895630678708,
      0.5564695854931911,
      -0.5499770545711581
    ],
    [
      0.5818370448076037,
      0.7993655464302655,
      0.14993457396410403
    ]
  ],
  "position_diff": 0.02111762321486624,
  "orientation_diff": 19.83546966330575,
  "timestamp": 1741869631.1141398,