{
  "frame": 197,
  "object_rotation_in_cam": [
    [
      0.5408209928537823,
      -0.12310667576995243,
      -0.8320801644490278
    ],
    [
      -0.4355523398575531,
      0.8052949392239012,
      -0.40223652258961284
    ],
    [
      0.719587946628666,
      0.5799524180837988,
      0.3819010078875085
    ]
  ],
  "object_translation_in_cam": [
    -0.06488036899148471,
    0.026872152456085503,
    0.717608359933769
  ],
  "raw_rvec": [
    0.631786614712536,
    -0.9981003679221222,
    -0.2009786307104762
  ],
  "refined_raw_rvec": [
    0.631786614712536,
    -0.9981003679221222,
    -0.2009786307104762
  ],
  "num_inliers": 13,
  "total_matches": 36,
  "inlier_ratio": 0.3611111111111111,
  "reprojection_errors": [
    0.6307250261306763,
    0.5896916389465332,
    2.8890769481658936,
    3.5163445472717285,
    0.71531742811203,
    2.418154001235962,
    3.2993593215942383,
    3.1725099086761475,
    3.126953363418579,
    3.118563413619995,
    2.4255499839782715,
    3.075263023376465,
    1.9582290649414062
  ],
  "mean_reprojection_error": 2.379672050476074,
  "std_reprojection_error": 1.0313655138015747,
  "inliers": [
    4,
    5,
    13,
    14,
    17,
    20,
    21,
    23,
    24,
    25,
    28,
    29,
    35
  ],
  "mkpts0": [
    [
      751.375,
      76.375
    ],
    [
      727.625,
      126.375
    ],
    [
      727.625,
      143.875
    ],
    [
      636.375,
      157.625
    ],
    [
      663.875,
      165.125
    ],
    [
      656.375,
      171.375
    ],
    [
      356.375,
      195.125
    ],
    [
      745.125,
      201.375
    ],
    [
      805.125,
      212.625
    ],
    [
      793.875,
      220.125
    ],
    [
      705.125,
      223.875
    ],
    [
      835.125,
      225.125
    ],
    [
      425.125,
      242.625
    ],
    [
      413.875,
      248.875
    ],
    [
      436.375,
      260.125
    ],
    [
      478.875,
      281.375
    ],
    [
      590.125,
      283.875
    ],
    [
      522.625,
      286.375
    ],
    [
      386.375,
      288.875
    ],
    [
      350.125,
      290.125
    ],
    [
      511.375,
      292.625
    ],
    [
      597.625,
      297.625
    ],
    [
      430.125,
      311.375
    ],
    [
      575.125,
      312.625
    ],
    [
      540.125,
      313.875
    ],
    [
      518.875,
      327.625
    ],
    [
      586.375,
      330.125
    ],
    [
      470.125,
      338.875
    ],
    [
      602.625,
      347.625
    ],
    [
      611.375,
      352.625
    ],
    [
      636.375,
      357.625
    ],
    [
      617.625,
      368.875
    ],
    [
      650.125,
      376.375
    ],
    [
      496.375,
      377.625
    ],
    [
      595.125,
      388.875
    ],
    [
      702.625,
      391.375
    ]
  ],
  "mkpts1": [
    [
      763.875,
      50.125
    ],
    [
      728.875,
      121.375
    ],
    [
      725.125,
      143.875
    ],
    [
      562.625,
      147.625
    ],
    [
      606.375,
      166.375
    ],
    [
      595.125,
      173.875
    ],
    [
      106.375,
      176.375
    ],
    [
      740.125,
      232.625
    ],
    [
      833.875,
      256.375
    ],
    [
      822.625,
      266.375
    ],
    [
      682.625,
      261.375
    ],
    [
      885.125,
      276.375
    ],
    [
      226.375,
      263.875
    ],
    [
      208.875,
      272.625
    ],
    [
      250.125,
      295.125
    ],
    [
      330.125,
      332.625
    ],
    [
      522.625,
      352.625
    ],
    [
      403.875,
      348.875
    ],
    [
      166.375,
      338.875
    ],
    [
      101.375,
      342.625
    ],
    [
      386.375,
      358.875
    ],
    [
      530.125,
      372.625
    ],
    [
      248.875,
      383.875
    ],
    [
      493.875,
      395.125
    ],
    [
      446.375,
      400.125
    ],
    [
      413.875,
      422.625
    ],
    [
      523.875,
      430.125
    ],
    [
      328.875,
      437.625
    ],
    [
      555.125,
      462.625
    ],
    [
      572.625,
      471.375
    ],
    [
      613.875,
      481.375
    ],
    [
      586.375,
      500.125
    ],
    [
      642.625,
      516.375
    ],
    [
      375.125,
      503.875
    ],
    [
      553.875,
      533.875
    ],
    [
      733.875,
      546.375
    ]
  ],
  "mpts3D": [
    [
      0.24300000071525574,
      -0.10400000214576721,
      0.0
    ],
    [
      0.20600000023841858,
      -0.07000000029802322,
      -0.0020000000949949026
    ],
    [
      0.20600000023841858,
      -0.054999999701976776,
      -0.0020000000949949026
    ],
    [
      0.23000000417232513,
      -0.0,
      0.11299999803304672
    ],
    [
      0.23000000417232513,
      -0.0,
      0.07000000029802322
    ],
    [
      0.21699999272823334,
      0.0,
      0.07000000029802322
    ],
    [
      -0.0,
      -0.02500000037252903,
      0.23999999463558197
    ],
    [
      0.21699999272823334,
      -0.0,
      -0.027000000700354576
    ],
    [
      0.23000000417232513,
      0.0,
      -0.07000000029802322
    ],
    [
      0.21699999272823334,
      -0.0,
      -0.07000000029802322
    ],
    [
      0.17000000178813934,
      -0.0,
      -0.014999999664723873
    ],
    [
      0.23000000417232513,
      -0.0,
      -0.11299999803304672
    ],
    [
      -0.0,
      -0.0,
      0.15600000321865082
    ],
    [
      -0.014000000432133675,
      0.0,
      0.15600000321865082
    ],
    [
      -0.01899999938905239,
      -0.0,
      0.12800000607967377
    ],
    [
      -0.01899999938905239,
      -0.0,
      0.07400000095367432
    ],
    [
      0.02500000037252903,
      -0.014000000432133675,
      -0.010999999940395355
    ],
    [
      0.0,
      0.0,
      0.041999999433755875
    ],
    [
      -0.07400000095367432,
      -0.0,
      0.12800000607967377
    ],
    [
      -0.07999999821186066,
      -0.0,
      0.15600000321865082
    ],
    [
      -0.014000000432133675,
      0.0,
      0.041999999433755875
    ],
    [
      0.02500000037252903,
      0.0,
      -0.014999999664723873
    ],
    [
      -0.07400000095367432,
      -0.0,
      0.07400000095367432
    ],
    [
      0.0,
      -0.0,
      -0.014999999664723873
    ],
    [
      -0.03500000014901161,
      -0.017999999225139618,
      -0.009999999776482582
    ],
    [
      -0.05700000002980232,
      -0.017999999225139618,
      -0.009999999776482582
    ],
    [
      -0.014000000432133675,
      0.0,
      -0.041999999433755875
    ],
    [
      -0.10000000149011612,
      -0.029999999329447746,
      0.0
    ],
    [
      -0.023000000044703484,
      0.0,
      -0.06499999761581421
    ],
    [
      -0.023000000044703484,
      -0.0,
      -0.07500000298023224
    ],
    [
      -0.017000000923871994,
      -0.0,
      -0.09200000017881393
    ],
    [
      -0.03700000047683716,
      -0.0,
      -0.09700000286102295
    ],
    [
      -0.028999999165534973,
      -0.0,
      -0.12700000405311584
    ],
    [
      -0.09000000357627869,
      -0.0,
      -0.014999999664723873
    ],
    [
      -0.052000001072883606,
      -0.0,
      -0.09700000286102295
    ],
    [
      -0.014000000432133675,
      0.0,
      -0.15600000321865082
    ]
  ],