{
  "frame": 29,
  "object_rotation_in_cam": [
    [
      0.6650160468658193,
      -0.14301970162857106,
      -0.7330068365008834
    ],
    [
      -0.509761247914262,
      0.6303700354287061,
      -0.5854716804069229
    ],
    [
      0.545799530538322,
      0.7630065421604759,
      0.3463002874449588
    ]
  ],
  "object_translation_in_cam": [
    0.03556585219341816,
    -0.03362526171590386,
    0.6799878651298985
  ],
  "raw_rvec": [
    0.8856973640363619,
    -0.8399360178343034,
    -0.24088043499094833
  ],
  "refined_raw_rvec": [
    0.8856973640363619,
    -0.8399360178343034,
    -0.24088043499094833
  ],
  "num_inliers": 13,
  "total_matches": 29,
  "inlier_ratio": 0.4482758620689655,
  "reprojection_errors": [
    0.18763388693332672,
    1.8602931499481201,
    3.678049087524414,
    2.6606264114379883,
    0.822639524936676,
    1.2444372177124023,
    2.2297070026397705,
    2.8963489532470703,
    2.1085615158081055,
    3.0934972763061523,
    3.0833778381347656,
    2.0681984424591064,
    3.191697597503662
  ],
  "mean_reprojection_error": 2.2403900623321533,
  "std_reprojection_error": 0.9776153564453125,
  "inliers": [
    3,
    7,
    8,
    10,
    11,
    13,
    15,
    16,
    17,
    18,
    19,
    20,
    21
  ],
  "mkpts0": [
    [
      745.125,
      201.375
    ],
    [
      805.125,
      212.625
    ],
    [
      793.875,
      220.125
    ],
    [
      705.125,
      223.875
    ],
    [
      835.125,
      225.125
    ],
    [
      425.125,
      242.625
    ],
    [
      413.875,
      248.875
    ],
    [
      436.375,
      260.125
    ],
    [
      478.875,
      281.375
    ],
    [
      590.125,
      283.875
    ],
    [
      522.625,
      286.375
    ],
    [
      386.375,
      288.875
    ],
    [
      350.125,
      290.125
    ],
    [
      511.375,
      292.625
    ],
    [
      597.625,
      297.625
    ],
    [
      430.125,
      311.375
    ],
    [
      575.125,
      312.625
    ],
    [
      540.125,
      313.875
    ],
    [
      518.875,
      327.625
    ],
    [
      586.375,
      330.125
    ],
    [
      602.625,
      347.625
    ],
    [
      611.375,
      352.625
    ],
    [
      636.375,
      357.625
    ],
    [
      617.625,
      368.875
    ],
    [
      650.125,
      376.375
    ],
    [
      496.375,
      377.625
    ],
    [
      715.125,
      383.875
    ],
    [
      595.125,
      388.875
    ],
    [
      702.625,
      391.375
    ]
  ],
  "mkpts1": [
    [
      978.875,
      87.625
    ],
    [
      1081.375,
      128.875
    ],
    [
      1066.375,
      138.875
    ],
    [
      908.875,
      116.375
    ],
    [
      1135.125,
      157.625
    ],
    [
      436.375,
      88.875
    ],
    [
      417.625,
      96.375
    ],
    [
      458.875,
      127.625
    ],
    [
      540.125,
      183.875
    ],
    [
      736.375,
      227.625
    ],
    [
      613.875,
      208.875
    ],
    [
      373.875,
      176.375
    ],
    [
      311.375,
      161.375
    ],
    [
      593.875,
      220.125
    ],
    [
      742.625,
      250.125
    ],
    [
      455.125,
      240.125
    ],
    [
      702.625,
      275.125
    ],
    [
      655.125,
      282.625
    ],
    [
      620.125,
      307.625
    ],
    [
      731.375,
      321.375
    ],
    [
      760.125,
      363.875
    ],
    [
      778.875,
      380.125
    ],
    [
      822.625,
      396.375
    ],
    [
      792.625,
      415.125
    ],
    [
      847.625,
      441.375
    ],
    [
      575.125,
      396.375
    ],
    [
      957.625,
      472.625
    ],
    [
      756.375,
      453.875
    ],
    [
      942.625,
      487.625
    ]
  ],
  "mpts3D": [
    [
      0.21699999272823334,
      -0.0,
      -0.027000000700354576
    ],
    [
      0.23000000417232513,
      0.0,
      -0.07000000029802322
    ],
    [
      0.21699999272823334,
      -0.0,
      -0.07000000029802322
    ],
    [
      0.17000000178813934,
      -0.0,
      -0.014999999664723873
    ],
    [
      0.23000000417232513,
      -0.0,
      -0.11299999803304672
    ],
    [
      -0.0,
      -0.0,
      0.15600000321865082
    ],
    [
      -0.014000000432133675,
      0.0,
      0.15600000321865082
    ],
    [
      -0.01899999938905239,
      -0.0,
      0.12800000607967377
    ],
    [
      -0.01899999938905239,
      -0.0,
      0.07400000095367432
    ],
    [
      0.02500000037252903,
      -0.014000000432133675,
      -0.010999999940395355
    ],
    [
      0.0,
      0.0,
      0.041999999433755875
    ],
    [
      -0.07400000095367432,
      -0.0,
      0.12800000607967377
    ],
    [
      -0.07999999821186066,
      -0.0,
      0.15600000321865082
    ],
    [
      -0.014000000432133675,
      0.0,
      0.041999999433755875
    ],
    [
      0.02500000037252903,
      0.0,
      -0.014999999664723873
    ],
    [
      -0.07400000095367432,
      -0.0,
      0.07400000095367432
    ],
    [
      0.0,
      -0.0,
      -0.014999999664723873
    ],
    [
      -0.03500000014901161,
      -0.017999999225139618,
      -0.009999999776482582
    ],
    [
      -0.05700000002980232,
      -0.017999999225139618,
      -0.009999999776482582
    ],
    [
      -0.014000000432133675,
      0.0,
      -0.041999999433755875
    ],
    [
      -0.023000000044703484,
      0.0,
      -0.06499999761581421
    ],
    [
      -0.023000000044703484,
      -0.0,
      -0.07500000298023224
    ],
    [
      -0.017000000923871994,
      -0.0,
      -0.09200000017881393
    ],
    [
      -0.03700000047683716,
      -0.0,
      -0.09700000286102295
    ],
    [
      -0.028999999165534973,
      -0.0,
      -0.12700000405311584
    ],
    [
      -0.09000000357627869,
      -0.0,
      -0.014999999664723873
    ],
    [
      0.0,
      0.0,
      -0.15600000321865082
    ],
    [
      -0.052000001072883606,
      -0.0,
      -0.09700000286102295
    ],
    [
      -0.014000000432133675,
      0.0,
      -0.15600000321865082
    ]
  ],
  "mconf": [
    0.9892300367355347,
    0.4175332486629486,
    0.9983304738998413,
    0.7972673177719116,
    0.6235756278038025,
    0.7536383867263794,
    0.9869282841682434,
    0.9959015846252441,
    0.994213342666626,
    0.9785040020942688,
    0.8690682649612427,
    0.9932335019111633,
    0.15395453572273254,
    0.9688340425491333,
    0.9188162088394165,
    0.997673511505127,
    0.9216673970222473,
    0.9940776228904724,
    0.9991088509559631,
    0.993901789188385,
    0.992007851600647,
    0.9917124509811401,
    0.9982659220695496,
    0.9986556768417358,
    0.9992196559906006,
    0.7461592555046082,
    0.39136287569999695,
    0.9994504451751709,
    0.9936346411705017
  ],
  "coverage_score": 0.6742939480062112,
  "pose_estimation_failed": false,
  "tracking_method": "loosely_coupled",
  "kf_translation_vector": [
    0.03215955628300941,
    -0.036815371232751616,
    0.7620758573448108
  ],
  "kf_quaternion": [
    0.3968946667566432,
    -0.43425890317129046,
    -0.2121485915500882,
    0.780311991206027
  ],
  "kf_rotation_matrix": [
    [
      0.5328243602395633,
      -0.013625905512542558,
      -0.8461161479573969
    ],
    [
      -0.6757942651285562,
      0.5949351972068939,
      -0.43514850608010675
    ],
    [
      0.5093135697727429,
      0.8036581647836083,
      0.3077876570332019
    ]
  ],
  "position_diff": 0.09105443271750718,
  "orientation_diff": 12.743848941667125,
  "timestamp": 1741869978.4033995,
  "image_file": "webcam_000029"
}