{
  "frame": 80,
  "object_rotation_in_cam": [
    [
      0.6388612400991215,
      -0.19047505062916562,
      -0.7453694191384761
    ],
    [
      -0.35429076819287153,
      0.7871679181204104,
      -0.5048214736471535
    ],
    [
      0.6828867896454855,
      0.5865883767769315,
      0.435407520327666
    ]
  ],
  "object_translation_in_cam": [
    -0.020742642894722663,
    -0.000976507514796469,
    0.6535845304483715
  ],
  "raw_rvec": [
    0.6805588606026428,
    -0.8906025703551897,
    -0.10214882892127117
  ],
  "refined_raw_rvec": [
    0.6805588606026428,
    -0.8906025703551897,
    -0.10214882892127117
  ],
  "num_inliers": 13,
  "total_matches": 35,
  "inlier_ratio": 0.37142857142857144,
  "reprojection_errors": [
    0.8992801308631897,
    0.20504191517829895,
    2.0728225708007812,
    1.9231268167495728,
    2.672825813293457,
    2.081087112426758,
    3.0127148628234863,
    1.8817545175552368,
    3.5737977027893066,
    1.3429991006851196,
    1.8900372982025146,
    0.5390046238899231,
    2.497588634490967
  ],
  "mean_reprojection_error": 1.8916985988616943,
  "std_reprojection_error": 0.9237764477729797,
  "inliers": [
    4,
    5,
    10,
    11,
    15,
    21,
    22,
    23,
    24,
    25,
    26,
    27,
    28
  ],
  "mkpts0": [
    [
      751.375,
      76.375
    ],
    [
      727.625,
      126.375
    ],
    [
      727.625,
      143.875
    ],
    [
      636.375,
      157.625
    ],
    [
      663.875,
      165.125
    ],
    [
      656.375,
      171.375
    ],
    [
      356.375,
      195.125
    ],
    [
      745.125,
      201.375
    ],
    [
      805.125,
      212.625
    ],
    [
      793.875,
      220.125
    ],
    [
      425.125,
      242.625
    ],
    [
      413.875,
      248.875
    ],
    [
      436.375,
      260.125
    ],
    [
      478.875,
      281.375
    ],
    [
      590.125,
      283.875
    ],
    [
      522.625,
      286.375
    ],
    [
      386.375,
      288.875
    ],
    [
      350.125,
      290.125
    ],
    [
      511.375,
      292.625
    ],
    [
      597.625,
      297.625
    ],
    [
      430.125,
      311.375
    ],
    [
      575.125,
      312.625
    ],
    [
      540.125,
      313.875
    ],
    [
      518.875,
      327.625
    ],
    [
      586.375,
      330.125
    ],
    [
      470.125,
      338.875
    ],
    [
      602.625,
      347.625
    ],
    [
      611.375,
      352.625
    ],
    [
      636.375,
      357.625
    ],
    [
      617.625,
      368.875
    ],
    [
      650.125,
      376.375
    ],
    [
      496.375,
      377.625
    ],
    [
      516.375,
      388.875
    ],
    [
      595.125,
      388.875
    ],
    [
      702.625,
      391.375
    ]
  ],
  "mkpts1": [
    [
      923.875,
      10.125
    ],
    [
      875.125,
      83.875
    ],
    [
      866.375,
      108.875
    ],
    [
      690.125,
      98.875
    ],
    [
      732.625,
      125.125
    ],
    [
      720.125,
      130.125
    ],
    [
      213.875,
      60.125
    ],
    [
      866.375,
      212.625
    ],
    [
      963.875,
      255.125
    ],
    [
      950.125,
      262.625
    ],
    [
      322.625,
      167.625
    ],
    [
      302.625,
      172.625
    ],
    [
      341.375,
      200.125
    ],
    [
      420.125,
      251.375
    ],
    [
      618.875,
      301.375
    ],
    [
      493.875,
      280.125
    ],
    [
      247.625,
      232.625
    ],
    [
      183.875,
      216.375
    ],
    [
      472.625,
      286.375
    ],
    [
      623.875,
      326.375
    ],
    [
      325.125,
      291.375
    ],
    [
      581.375,
      342.625
    ],
    [
      530.125,
      336.375
    ],
    [
      491.375,
      355.125
    ],
    [
      607.625,
      383.875
    ],
    [
      398.875,
      356.375
    ],
    [
      635.125,
      422.625
    ],
    [
      653.875,
      437.625
    ],
    [
      696.375,
      455.125
    ],
    [
      663.875,
      470.125
    ],
    [
      722.625,
      497.625
    ],
    [
      435.125,
      441.375
    ],
    [
      458.875,
      461.375
    ],
    [
      623.875,
      501.375
    ],
    [
      818.875,
      546.375
    ]
  ],
  "mpts3D": [
    [
      0.24300000071525574,
      -0.10400000214576721,
      0.0
    ],
    [
      0.20600000023841858,
      -0.07000000029802322,
      -0.0020000000949949026
    ],
    [
      0.20600000023841858,
      -0.054999999701976776,
      -0.0020000000949949026
    ],
    [
      0.23000000417232513,
      -0.0,
      0.11299999803304672
    ],
    [
      0.23000000417232513,
      -0.0,
      0.07000000029802322
    ],
    [
      0.21699999272823334,
      0.0,
      0.07000000029802322
    ],
    [
      -0.0,
      -0.02500000037252903,
      0.23999999463558197
    ],
    [
      0.21699999272823334,
      -0.0,
      -0.027000000700354576
    ],
    [
      0.23000000417232513,
      0.0,
      -0.07000000029802322
    ],
    [
      0.21699999272823334,
      -0.0,
      -0.07000000029802322
    ],
    [
      -0.0,
      -0.0,
      0.15600000321865082
    ],
    [
      -0.014000000432133675,
      0.0,
      0.15600000321865082
    ],
    [
      -0.01899999938905239,
      -0.0,
      0.12800000607967377
    ],
    [
      -0.01899999938905239,
      -0.0,
      0.07400000095367432
    ],
    [
      0.02500000037252903,
      -0.014000000432133675,
      -0.010999999940395355
    ],
    [
      0.0,
      0.0,
      0.041999999433755875
    ],
    [
      -0.07400000095367432,
      -0.0,
      0.12800000607967377
    ],
    [
      -0.07999999821186066,
      -0.0,
      0.15600000321865082
    ],
    [
      -0.014000000432133675,
      0.0,
      0.041999999433755875
    ],
    [
      0.02500000037252903,
      0.0,
      -0.014999999664723873
    ],
    [
      -0.07400000095367432,
      -0.0,
      0.07400000095367432
    ],
    [
      0.0,
      -0.0,
      -0.014999999664723873
    ],
    [
      -0.03500000014901161,
      -0.017999999225139618,
      -0.009999999776482582
    ],
    [
      -0.05700000002980232,
      -0.017999999225139618,
      -0.009999999776482582
    ],
    [
      -0.014000000432133675,
      0.0,
      -0.041999999433755875
    ],
    [
      -0.10000000149011612,
      -0.029999999329447746,
      0.0
    ],
    [
      -0.023000000044703484,
      0.0,
      -0.06499999761581421
    ],
    [
      -0.023000000044703484,
      -0.0,
      -0.07500000298023224
    ],
    [
      -0.017000000923871994,
      -0.0,
      -0.09200000017881393
    ],
    [
      -0.03700000047683716,
      -0.0,
      -0.09700000286102295
    ],
    [
      -0.028999999165534973,
      -0.0,
      -0.12700000405311584
    ],
    [
      -0.09000000357627869,
      -0.0,
      -0.014999999664723873
    ],
    [
      -0.09000000357627869,
      -0.0,
      -0.041999999433755875
    ],
    [
      -0.052000001072883606,
      -0.0,
      -0.09700000286102295
    ],
    [
      -0.014000000432133675,
      0.0,
      -0.15600000321865082
    ]
  ],
  "mconf": [
    0.45605364441871643,
    0.9972079396247864,
    0.9801076650619507,
    0.720947802066803,
    0.5925610661506653,
    0.9702833294868469,
    0.970253586769104,
    0.9072440266609192,
    0.3765690326690674,
    0.9097223281860352,
    0.8832404017448425,
    0.9975028038024902,
    0.9965102076530457,
    0.997888445854187,
    0.9962825775146484,
    0.9746529459953308,
    0.9985449314117432,
    0.24604782462120056,
    0.9993944764137268,
    0.9771664142608643,
    0.9994611740112305,
    0.838055431842804,
    0.9989623427391052,
    0.9995949268341064,
    0.9986787438392639,
    0.9984906315803528,
    0.996569037437439,
    0.9946529269218445,
    0.9996878504753113,
    0.9997705817222595,
    0.9989170432090759,
    0.6616413593292236,
    0.1388963758945465,
    0.9993722438812256,
    0.9524542093276978
  ],
  "coverage_score": 0.6121972227029931,