{
  "frame": 91,
  "object_rotation_in_cam": [
    [
      0.7930212582952034,
      -0.22274630487080238,
      -0.5670109060311765
    ],
    [
      -0.26404314417365277,
      0.7131072931995768,
      -0.6494299087664999
    ],
    [
      0.5489977248648521,
      0.6647270658337723,
      0.5066946082614653
    ]
  ],
  "object_translation_in_cam": [
    -0.022805226960009018,
    -0.01817298965586952,
    0.6291158002934124
  ],
  "raw_rvec": [
    0.7923254873545015,
    -0.6728587980408399,
    -0.024898500680852136
  ],
  "refined_raw_rvec": [
    0.7923254873545015,
    -0.6728587980408399,
    -0.024898500680852136
  ],
  "num_inliers": 12,
  "total_matches": 31,
  "inlier_ratio": 0.3870967741935484,
  "reprojection_errors": [
    0.9602236151695251,
    1.3354383707046509,
    3.1113102436065674,
    2.7421157360076904,
    2.700813055038452,
    3.3857486248016357,
    3.8106231689453125,
    2.0959548950195312,
    2.966670274734497,
    3.536195993423462,
    0.3631573021411896,
    1.5112452507019043
  ],
  "mean_reprojection_error": 2.376624822616577,
  "std_reprojection_error": 1.061361312866211,
  "inliers": [
    5,
    10,
    13,
    14,
    15,
    16,
    18,
    19,
    20,
    21,
    22,
    23
  ],
  "mkpts0": [
    [
      727.625,
      126.375
    ],
    [
      727.625,
      143.875
    ],
    [
      636.375,
      157.625
    ],
    [
      663.875,
      165.125
    ],
    [
      656.375,
      171.375
    ],
    [
      745.125,
      201.375
    ],
    [
      793.875,
      220.125
    ],
    [
      705.125,
      223.875
    ],
    [
      425.125,
      242.625
    ],
    [
      413.875,
      248.875
    ],
    [
      436.375,
      260.125
    ],
    [
      478.875,
      281.375
    ],
    [
      590.125,
      283.875
    ],
    [
      522.625,
      286.375
    ],
    [
      386.375,
      288.875
    ],
    [
      511.375,
      292.625
    ],
    [
      597.625,
      297.625
    ],
    [
      430.125,
      311.375
    ],
    [
      575.125,
      312.625
    ],
    [
      540.125,
      313.875
    ],
    [
      518.875,
      327.625
    ],
    [
      586.375,
      330.125
    ],
    [
      470.125,
      338.875
    ],
    [
      602.625,
      347.625
    ],
    [
      636.375,
      357.625
    ],
    [
      617.625,
      368.875
    ],
    [
      650.125,
      376.375
    ],
    [
      715.125,
      383.875
    ],
    [
      516.375,
      388.875
    ],
    [
      595.125,
      388.875
    ],
    [
      702.625,
      391.375
    ]
  ],
  "mkpts1": [
    [
      955.125,
      75.125
    ],
    [
      942.625,
      101.375
    ],
    [
      775.125,
      65.125
    ],
    [
      813.875,
      98.875
    ],
    [
      798.875,
      102.625
    ],
    [
      932.625,
      213.875
    ],
    [
      1010.125,
      281.375
    ],
    [
      853.875,
      231.375
    ],
    [
      357.625,
      85.125
    ],
    [
      333.875,
      86.375
    ],
    [
      365.125,
      122.625
    ],
    [
      426.375,
      186.375
    ],
    [
      617.625,
      270.125
    ],
    [
      497.625,
      228.875
    ],
    [
      255.125,
      141.375
    ],
    [
      471.375,
      231.375
    ],
    [
      620.125,
      296.375
    ],
    [
      313.875,
      213.875
    ],
    [
      567.625,
      307.625
    ],
    [
      505.125,
      292.625
    ],
    [
      456.375,
      307.625
    ],
    [
      581.375,
      356.375
    ],
    [
      351.375,
      293.875
    ],
    [
      595.125,
      402.625
    ],
    [
      651.375,
      447.625
    ],
    [
      607.625,
      456.375
    ],
    [
      662.625,
      496.375
    ],
    [
      780.125,
      557.625
    ],
    [
      402.625,
      416.375
    ],
    [
      553.875,
      483.875
    ],
    [
      753.875,
      568.875
    ]
  ],
  "mpts3D": [
    [
      0.20600000023841858,
      -0.07000000029802322,
      -0.0020000000949949026
    ],
    [
      0.20600000023841858,
      -0.054999999701976776,
      -0.0020000000949949026
    ],
    [
      0.23000000417232513,
      -0.0,
      0.11299999803304672
    ],
    [
      0.23000000417232513,
      -0.0,
      0.07000000029802322
    ],
    [
      0.21699999272823334,
      0.0,
      0.07000000029802322
    ],
    [
      0.21699999272823334,
      -0.0,
      -0.027000000700354576
    ],
    [
      0.21699999272823334,
      -0.0,
      -0.07000000029802322
    ],
    [
      0.17000000178813934,
      -0.0,
      -0.014999999664723873
    ],
    [
      -0.0,
      -0.0,
      0.15600000321865082
    ],
    [
      -0.014000000432133675,
      0.0,
      0.15600000321865082
    ],
    [
      -0.01899999938905239,
      -0.0,
      0.12800000607967377
    ],
    [
      -0.01899999938905239,
      -0.0,
      0.07400000095367432
    ],
    [
      0.02500000037252903,
      -0.014000000432133675,
      -0.010999999940395355
    ],
    [
      0.0,
      0.0,
      0.041999999433755875
    ],
    [
      -0.07400000095367432,
      -0.0,
      0.12800000607967377
    ],
    [
      -0.014000000432133675,
      0.0,
      0.041999999433755875
    ],
    [
      0.02500000037252903,
      0.0,
      -0.014999999664723873
    ],
    [
      -0.07400000095367432,
      -0.0,
      0.07400000095367432
    ],
    [
      0.0,
      -0.0,
      -0.014999999664723873
    ],
    [
      -0.03500000014901161,
      -0.017999999225139618,
      -0.009999999776482582
    ],
    [
      -0.05700000002980232,
      -0.017999999225139618,
      -0.009999999776482582
    ],
    [
      -0.014000000432133675,
      0.0,
      -0.041999999433755875
    ],
    [
      -0.10000000149011612,
      -0.029999999329447746,
      0.0
    ],
    [
      -0.023000000044703484,
      0.0,
      -0.06499999761581421
    ],
    [
      -0.017000000923871994,
      -0.0,
      -0.09200000017881393
    ],
    [
      -0.03700000047683716,
      -0.0,
      -0.09700000286102295
    ],
    [
      -0.028999999165534973,
      -0.0,
      -0.12700000405311584
    ],
    [
      0.0,
      0.0,
      -0.15600000321865082
    ],
    [
      -0.09000000357627869,
      -0.0,
      -0.041999999433755875
    ],
    [
      -0.052000001072883606,
      -0.0,
      -0.09700000286102295
    ],
    [
      -0.014000000432133675,
      0.0,
      -0.15600000321865082
    ]
  ],
  "mconf": [
    0.9987364411354065,
    0.9955530762672424,
    0.7752271294593811,
    0.9759515523910522,
    0.9955141544342041,
    0.9806369543075562,
    0.8304661512374878,
    0.9591395854949951,
    0.47406280040740967,
    0.9979050159454346,
    0.99253910779953,
    0.9987077713012695,
    0.8751317858695984,
    0.2664162814617157,
    0.9983304738998413,
    0.7190056443214417,
    0.6262387633323669,
    0.9985203146934509,
    0.9158127307891846,
    0.9133792519569397,
    0.9676799774169922,
    0.9915637969970703,
    0.8362581133842468,
    0.9324153661727905,
    0.9179356098175049,
    0.9093832969665527,
    0.7399763464927673,
    0.13161620497703552,
    0.7508569955825806,
    0.9170066118240356,
    0.608321487903595
  ],
  "coverage_score": 0.7652465283787413,
  "pose_estimation_failed": false,
  "tracking_method": "loosely_coupled",
  "kf_translation_vector": [
    -0.030525538382775542,
    -0.018864626970440914,
    0.6780238390800106
  ],
  "kf_quaternion": [
    0.45106640953912674,
    -0.47117355176752396,
    -0.12418568137818031,
    0.7477382528939484
  ],
  "kf_rotation_matrix": [
    [
      0.525146801310827,
      -0.23934435567481963,
      -0.8166609556478209
    ],
    [
      -0.61077789338748,
      0.5622340214522358,
      -0.5575332008686111
    ],
    [
      0.5925969979861178,
      0.7915852351631203,
      0.14906915660051445
    ]
  ],
  "position_diff": 0.051886111785709,
  "orientation_diff": 26.837057671445134,
  "timestamp": 1741869619.2921045,
  "image_file": "webcam_000091"
}