{
  "frame": 65,
  "object_rotation_in_cam": [
    [
      0.6853409384529534,
      -0.11433505517105741,
      -0.71919072104655
    ],
    [
      -0.5309336013385937,
      0.5974872335866586,
      -0.6009313743436876
    ],
    [
      0.4984147961789023,
      0.7936853916130705,
      0.34877813877872316
    ]
  ],
  "object_translation_in_cam": [
    0.011147049913760646,
    -0.02183203682892137,
    0.717251181312993
  ],
  "raw_rvec": [
    0.9182751440799349,
    -0.8017233902932973,
    -0.2743062462346357
  ],
  "refined_raw_rvec": [
    0.9182751440799349,
    -0.8017233902932973,
    -0.2743062462346357
  ],
  "num_inliers": 14,
  "total_matches": 28,
  "inlier_ratio": 0.5,
  "reprojection_errors": [
    1.4931519031524658,
    1.6578854322433472,
    1.7649563550949097,
    2.8316049575805664,
    2.719259738922119,
    1.3494806289672852,
    2.184401035308838,
    1.1481010913848877,
    2.240522623062134,
    2.4718716144561768,
    3.931948661804199,
    0.2817467451095581,
    1.7888879776000977,
    3.8296642303466797
  ],
  "mean_reprojection_error": 2.1209630966186523,
  "std_reprojection_error": 0.9626496434211731,
  "inliers": [
    2,
    5,
    9,
    12,
    13,
    14,
    17,
    18,
    19,
    20,
    21,
    22,
    23,
    24
  ],
  "mkpts0": [
    [
      727.625,
      143.875
    ],
    [
      656.375,
      171.375
    ],
    [
      745.125,
      201.375
    ],
    [
      805.125,
      212.625
    ],
    [
      793.875,
      220.125
    ],
    [
      705.125,
      223.875
    ],
    [
      835.125,
      225.125
    ],
    [
      425.125,
      242.625
    ],
    [
      413.875,
      248.875
    ],
    [
      436.375,
      260.125
    ],
    [
      478.875,
      281.375
    ],
    [
      590.125,
      283.875
    ],
    [
      522.625,
      286.375
    ],
    [
      386.375,
      288.875
    ],
    [
      511.375,
      292.625
    ],
    [
      597.625,
      297.625
    ],
    [
      430.125,
      311.375
    ],
    [
      575.125,
      312.625
    ],
    [
      540.125,
      313.875
    ],
    [
      518.875,
      327.625
    ],
    [
      586.375,
      330.125
    ],
    [
      470.125,
      338.875
    ],
    [
      602.625,
      347.625
    ],
    [
      611.375,
      352.625
    ],
    [
      636.375,
      357.625
    ],
    [
      617.625,
      368.875
    ],
    [
      595.125,
      388.875
    ],
    [
      702.625,
      391.375
    ]
  ],
  "mkpts1": [
    [
      925.125,
      17.625
    ],
    [
      836.375,
      35.125
    ],
    [
      926.375,
      110.125
    ],
    [
      1021.375,
      152.625
    ],
    [
      1006.375,
      162.625
    ],
    [
      856.375,
      140.125
    ],
    [
      1071.375,
      181.375
    ],
    [
      402.625,
      116.375
    ],
    [
      385.125,
      125.125
    ],
    [
      422.625,
      156.375
    ],
    [
      478.875,
      212.625
    ],
    [
      680.125,
      257.625
    ],
    [
      566.375,
      237.625
    ],
    [
      338.875,
      206.375
    ],
    [
      546.375,
      247.625
    ],
    [
      687.625,
      277.625
    ],
    [
      413.875,
      268.875
    ],
    [
      647.625,
      302.625
    ],
    [
      597.625,
      312.625
    ],
    [
      563.875,
      338.875
    ],
    [
      671.375,
      348.875
    ],
    [
      478.875,
      356.375
    ],
    [
      695.125,
      391.375
    ],
    [
      711.375,
      406.375
    ],
    [
      750.125,
      421.375
    ],
    [
      720.125,
      441.375
    ],
    [
      683.875,
      478.875
    ],
    [
      857.625,
      511.375
    ]
  ],
  "mpts3D": [
    [
      0.20600000023841858,
      -0.054999999701976776,
      -0.0020000000949949026
    ],
    [
      0.21699999272823334,
      0.0,
      0.07000000029802322
    ],
    [
      0.21699999272823334,
      -0.0,
      -0.027000000700354576
    ],
    [
      0.23000000417232513,
      0.0,
      -0.07000000029802322
    ],
    [
      0.21699999272823334,
      -0.0,
      -0.07000000029802322
    ],
    [
      0.17000000178813934,
      -0.0,
      -0.014999999664723873
    ],
    [
      0.23000000417232513,
      -0.0,
      -0.11299999803304672
    ],
    [
      -0.0,
      -0.0,
      0.15600000321865082
    ],
    [
      -0.014000000432133675,
      0.0,
      0.15600000321865082
    ],
    [
      -0.01899999938905239,
      -0.0,
      0.12800000607967377
    ],
    [
      -0.01899999938905239,
      -0.0,
      0.07400000095367432
    ],
    [
      0.02500000037252903,
      -0.014000000432133675,
      -0.010999999940395355
    ],
    [
      0.0,
      0.0,
      0.041999999433755875
    ],
    [
      -0.07400000095367432,
      -0.0,
      0.12800000607967377
    ],
    [
      -0.014000000432133675,
      0.0,
      0.041999999433755875
    ],
    [
      0.02500000037252903,
      0.0,
      -0.014999999664723873
    ],
    [
      -0.07400000095367432,
      -0.0,
      0.07400000095367432
    ],
    [
      0.0,
      -0.0,
      -0.014999999664723873
    ],
    [
      -0.03500000014901161,
      -0.017999999225139618,
      -0.009999999776482582
    ],
    [
      -0.05700000002980232,
      -0.017999999225139618,
      -0.009999999776482582
    ],
    [
      -0.014000000432133675,
      0.0,
      -0.041999999433755875
    ],
    [
      -0.10000000149011612,
      -0.029999999329447746,
      0.0
    ],
    [
      -0.023000000044703484,
      0.0,
      -0.06499999761581421
    ],
    [
      -0.023000000044703484,
      -0.0,
      -0.07500000298023224
    ],
    [
      -0.017000000923871994,
      -0.0,
      -0.09200000017881393
    ],
    [
      -0.03700000047683716,
      -0.0,
      -0.09700000286102295
    ],
    [
      -0.052000001072883606,
      -0.0,
      -0.09700000286102295
    ],
    [
      -0.014000000432133675,
      0.0,
      -0.15600000321865082
    ]
  ],
  "mconf": [
    0.797938346862793,
    0.11569809168577194,
    0.7692275643348694,
    0.860259473323822,
    0.9927148818969727,
    0.34803882241249084,
    0.26533642411231995,
    0.8929318189620972,
    0.9911754727363586,
    0.9930611848831177,
    0.13282223045825958,
    0.9323226809501648,
    0.7115480303764343,
    0.9924697279930115,
    0.9866422414779663,
    0.943051815032959,
    0.9917551875114441,
    0.9320082664489746,
    0.9914993047714233,
    0.997796356678009,
    0.9967331886291504,
    0.9793089032173157,
    0.9972858428955078,
    0.9885724782943726,
    0.9996797442436218,
    0.9997718930244446,
    0.9992427825927734,
    0.28432559967041016
  ],
  "coverage_score": 0.7176856953872667,
  "pose_estimation_failed": false,
  "tracking_method": "loosely_coupled",
  "kf_translation_vector": [
    -0.010557465773616586,
    -0.015719888398937478,
    0.64723224849239
  ],
  "kf_quaternion": [
    0.45486313543406287,
    -0.5178354061862815,
    -0.08395588778337347,
    0.7196509077528408
  ],
  "kf_rotation_matrix": [
    [
      0.4495958020127888,
      -0.35025061128432633,
      -0.8216983169676282
    ],
    [
      -0.5919263347023278,
      0.572101873859198,
      -0.5677346741327873
    ],
    [
      0.6689445635464459,
      0.7416359991409196,
      0.049892040245964386
    ]
  ],
  "position_diff": 0.07596270071807658,
  "orientation_diff": 20.304318313760586,
  "timestamp": 1741869679.5247965,
  "image_file": "webcam_000065"
}