{
  "frame": 73,
  "object_rotation_in_cam": [
    [
      0.6578050744169778,
      -0.1528887938906209,
      -0.7375076276039085
    ],
    [
      -0.5192414194804089,
      0.6172556927649209,
      -0.5910869293473402
    ],
    [
      0.5456013493084895,
      0.7717644889809123,
      0.3266477325511183
    ]
  ],
  "object_translation_in_cam": [
    0.026863288231821648,
    -0.02195407776187061,
    0.69464747452484
  ],
  "raw_rvec": [
    0.9040288287267669,
    -0.8511327720154516,
    -0.243014998230087
  ],
  "refined_raw_rvec": [
    0.9040288287267669,
    -0.8511327720154516,
    -0.243014998230087
  ],
  "num_inliers": 16,
  "total_matches": 27,
  "inlier_ratio": 0.5925925925925926,
  "reprojection_errors": [
    0.5605261325836182,
    0.9125529527664185,
    2.656420946121216,
    3.5320348739624023,
    3.0156424045562744,
    0.24841047823429108,
    1.876632571220398,
    3.0233254432678223,
    3.4561855792999268,
    2.468918800354004,
    2.6472136974334717,
    2.4749526977539062,
    3.2684645652770996,
    1.5621459484100342,
    1.7192577123641968,
    0.9513745903968811
  ],
  "mean_reprojection_error": 2.148378610610962,
  "std_reprojection_error": 1.0248894691467285,
  "inliers": [
    1,
    3,
    7,
    8,
    10,
    11,
    13,
    14,
    15,
    16,
    17,
    18,
    19,
    20,
    21,
    26
  ],
  "mkpts0": [
    [
      727.625,
      143.875
    ],
    [
      745.125,
      201.375
    ],
    [
      793.875,
      220.125
    ],
    [
      705.125,
      223.875
    ],
    [
      835.125,
      225.125
    ],
    [
      425.125,
      242.625
    ],
    [
      413.875,
      248.875
    ],
    [
      436.375,
      260.125
    ],
    [
      478.875,
      281.375
    ],
    [
      590.125,
      283.875
    ],
    [
      522.625,
      286.375
    ],
    [
      386.375,
      288.875
    ],
    [
      350.125,
      290.125
    ],
    [
      511.375,
      292.625
    ],
    [
      597.625,
      297.625
    ],
    [
      430.125,
      311.375
    ],
    [
      575.125,
      312.625
    ],
    [
      540.125,
      313.875
    ],
    [
      518.875,
      327.625
    ],
    [
      586.375,
      330.125
    ],
    [
      602.625,
      347.625
    ],
    [
      611.375,
      352.625
    ],
    [
      636.375,
      357.625
    ],
    [
      617.625,
      368.875
    ],
    [
      650.125,
      376.375
    ],
    [
      595.125,
      388.875
    ],
    [
      702.625,
      391.375
    ]
  ],
  "mkpts1": [
    [
      957.625,
      16.375
    ],
    [
      951.375,
      111.375
    ],
    [
      1035.125,
      162.625
    ],
    [
      883.875,
      138.875
    ],
    [
      1048.875,
      152.625
    ],
    [
      420.125,
      112.625
    ],
    [
      402.625,
      121.375
    ],
    [
      443.875,
      153.875
    ],
    [
      522.625,
      210.125
    ],
    [
      715.125,
      255.125
    ],
    [
      595.125,
      235.125
    ],
    [
      358.875,
      203.875
    ],
    [
      297.625,
      186.375
    ],
    [
      575.125,
      246.375
    ],
    [
      720.125,
      276.375
    ],
    [
      438.875,
      266.375
    ],
    [
      682.625,
      301.375
    ],
    [
      636.375,
      311.375
    ],
    [
      602.625,
      336.375
    ],
    [
      708.875,
      347.625
    ],
    [
      737.625,
      390.125
    ],
    [
      755.125,
      403.875
    ],
    [
      795.125,
      420.125
    ],
    [
      767.625,
      438.875
    ],
    [
      820.125,
      465.125
    ],
    [
      732.625,
      477.625
    ],
    [
      910.125,
      507.625
    ]
  ],
  "mpts3D": [
    [
      0.20600000023841858,
      -0.054999999701976776,
      -0.0020000000949949026
    ],
    [
      0.21699999272823334,
      -0.0,
      -0.027000000700354576
    ],
    [
      0.21699999272823334,
      -0.0,
      -0.07000000029802322
    ],
    [
      0.17000000178813934,
      -0.0,
      -0.014999999664723873
    ],
    [
      0.23000000417232513,
      -0.0,
      -0.11299999803304672
    ],
    [
      -0.0,
      -0.0,
      0.15600000321865082
    ],
    [
      -0.014000000432133675,
      0.0,
      0.15600000321865082
    ],
    [
      -0.01899999938905239,
      -0.0,
      0.12800000607967377
    ],
    [
      -0.01899999938905239,
      -0.0,
      0.07400000095367432
    ],
    [
      0.02500000037252903,
      -0.014000000432133675,
      -0.010999999940395355
    ],
    [
      0.0,
      0.0,
      0.041999999433755875
    ],
    [
      -0.07400000095367432,
      -0.0,
      0.12800000607967377
    ],
    [
      -0.07999999821186066,
      -0.0,
      0.15600000321865082
    ],
    [
      -0.014000000432133675,
      0.0,
      0.041999999433755875
    ],
    [
      0.02500000037252903,
      0.0,
      -0.014999999664723873
    ],
    [
      -0.07400000095367432,
      -0.0,
      0.07400000095367432
    ],
    [
      0.0,
      -0.0,
      -0.014999999664723873
    ],
    [
      -0.03500000014901161,
      -0.017999999225139618,
      -0.009999999776482582
    ],
    [
      -0.05700000002980232,
      -0.017999999225139618,
      -0.009999999776482582
    ],
    [
      -0.014000000432133675,
      0.0,
      -0.041999999433755875
    ],
    [
      -0.023000000044703484,
      0.0,
      -0.06499999761581421
    ],
    [
      -0.023000000044703484,
      -0.0,
      -0.07500000298023224
    ],
    [
      -0.017000000923871994,
      -0.0,
      -0.09200000017881393
    ],
    [
      -0.03700000047683716,
      -0.0,
      -0.09700000286102295
    ],
    [
      -0.028999999165534973,
      -0.0,
      -0.12700000405311584
    ],
    [
      -0.052000001072883606,
      -0.0,
      -0.09700000286102295
    ],
    [
      -0.014000000432133675,
      0.0,
      -0.15600000321865082
    ]
  ],
  "mconf": [
    0.4791625738143921,
    0.9753533601760864,
    0.4020364284515381,
    0.6572708487510681,
    0.2168056070804596,
    0.9061383008956909,
    0.9946518540382385,
    0.9977409243583679,
    0.9837573170661926,
    0.9160218238830566,
    0.7059518694877625,
    0.9942682385444641,
    0.5902430415153503,
    0.952109158039093,
    0.8926107883453369,
    0.9892532229423523,
    0.8832871913909912,
    0.9837795495986938,
    0.9977539777755737,
    0.9979856014251709,
    0.9975136518478394,
    0.9971146583557129,
    0.9994334578514099,
    0.9988870024681091,
    0.997663140296936,
    0.9991114735603333,
    0.11399471014738083
  ],
  "coverage_score": 0.7653094974242585,
  "pose_estimation_failed": false,
  "tracking_method": "loosely_coupled",
  "kf_translation_vector": [
    0.027624750162787728,
    -0.01668893721649696,
    0.7715337182677888
  ],
  "kf_quaternion": [
    0.4544178371227655,
    -0.4118329305490632,
    -0.1073602864756355,
    0.7825419065506382
  ],
  "kf_rotation_matrix": [
    [
      0.6377348124064799,
      -0.20626061257913783,
      -0.7421259116506785
    ],
    [
      -0.5423163056450038,
      0.5639563963850744,
      -0.6227729984576367
    ],
    [
      0.5469801949581233,
      0.7996310040730283,
      0.24779613324007643
    ]
  ],
  "position_diff": 0.08001873118741056,
  "orientation_diff": 4.9165900144956804,
  "timestamp": 1741869946.1379259,
  "image_file": "webcam_000073"
}