{
  "frame": 2,
  "kf_translation_vector": [
    0.038577902378001204,
    -0.05126297401197837,
    0.6738717920824532
  ],
  "kf_quaternion": [
    0.4305840504021408,
    -0.39690719948568687,
    -0.12172326174320185,
    0.8014022074378833
  ],
  "kf_rotation_matrix": [
    [
      0.6552962450940503,
      -0.14670523786155268,
      -0.7409888017707311
    ],
    [
      -0.5369024004917176,
      0.5995616461797653,
      -0.5935163390981258
    ],
    [
      0.5313404214925399,
      0.7867676948211558,
      0.3141241010714316
    ]
  ],
  "pose_estimation_failed": false,
  "num_correspondences": 3,
  "tracking_method": "tracking",
  "avg_reprojection_error": 3.3535298506418862,
  "timestamp": 1741869974.7801387,
  "image_file": "webcam_000002"
}