{
  "frame": 9,
  "object_rotation_in_cam": [
    [
      0.6397615195289138,
      -0.13883522844863874,
      -0.7559298760279751
    ],
    [
      -0.4397328675879927,
      0.7405422239404356,
      -0.5081655436215596
    ],
    [
      0.6303492708752001,
      0.6575119724407826,
      0.4127200053355001
    ]
  ],
  "object_translation_in_cam": [
    -0.04795210914974726,
    0.09131269844083505,
    0.7060818322289739
  ],
  "raw_rvec": [
    0.7384177864697851,
    -0.8781615541006266,
    -0.19060860794314477
  ],
  "refined_raw_rvec": [
    0.7384177864697851,
    -0.8781615541006266,
    -0.19060860794314477
  ],
  "num_inliers": 10,
  "total_matches": 25,
  "inlier_ratio": 0.4,
  "reprojection_errors": [
    1.8274736404418945,
    3.097428798675537,
    3.9364168643951416,
    0.8651024103164673,
    2.9938905239105225,
    2.316498041152954,
    1.6686939001083374,
    2.7707314491271973,
    3.595082998275757,
    2.3268954753875732
  ],
  "mean_reprojection_error": 2.539821147918701,
  "std_reprojection_error": 0.8832144141197205,
  "inliers": [
    1,
    8,
    12,
    13,
    15,
    16,
    17,
    18,
    19,
    20
  ],
  "mkpts0": [
    [
      727.625,
      143.875
    ],
    [
      636.375,
      157.625
    ],
    [
      663.875,
      165.125
    ],
    [
      656.375,
      171.375
    ],
    [
      745.125,
      201.375
    ],
    [
      793.875,
      220.125
    ],
    [
      705.125,
      223.875
    ],
    [
      425.125,
      242.625
    ],
    [
      436.375,
      260.125
    ],
    [
      478.875,
      281.375
    ],
    [
      590.125,
      283.875
    ],
    [
      386.375,
      288.875
    ],
    [
      350.125,
      290.125
    ],
    [
      597.625,
      297.625
    ],
    [
      430.125,
      311.375
    ],
    [
      540.125,
      313.875
    ],
    [
      518.875,
      327.625
    ],
    [
      470.125,
      338.875
    ],
    [
      602.625,
      347.625
    ],
    [
      611.375,
      352.625
    ],
    [
      636.375,
      357.625
    ],
    [
      617.625,
      368.875
    ],
    [
      650.125,
      376.375
    ],
    [
      496.375,
      377.625
    ],
    [
      595.125,
      388.875
    ]
  ],
  "mkpts1": [
    [
      788.875,
      265.125
    ],
    [
      628.875,
      220.125
    ],
    [
      650.125,
      232.625
    ],
    [
      660.125,
      255.125
    ],
    [
      797.625,
      343.875
    ],
    [
      881.375,
      391.375
    ],
    [
      723.875,
      377.625
    ],
    [
      266.375,
      351.375
    ],
    [
      293.875,
      393.875
    ],
    [
      360.125,
      445.125
    ],
    [
      557.625,
      490.125
    ],
    [
      210.125,
      441.375
    ],
    [
      140.125,
      431.375
    ],
    [
      562.625,
      507.625
    ],
    [
      281.375,
      497.625
    ],
    [
      472.625,
      547.625
    ],
    [
      438.875,
      572.625
    ],
    [
      348.875,
      595.125
    ],
    [
      575.125,
      627.625
    ],
    [
      588.875,
      635.125
    ],
    [
      626.375,
      651.375
    ],
    [
      597.625,
      672.625
    ],
    [
      647.625,
      696.375
    ],
    [
      388.875,
      655.125
    ],
    [
      562.625,
      705.125
    ]
  ],
  "mpts3D": [
    [
      0.20600000023841858,
      -0.054999999701976776,
      -0.0020000000949949026
    ],
    [
      0.23000000417232513,
      -0.0,
      0.11299999803304672
    ],
    [
      0.23000000417232513,
      -0.0,
      0.07000000029802322
    ],
    [
      0.21699999272823334,
      0.0,
      0.07000000029802322
    ],
    [
      0.21699999272823334,
      -0.0,
      -0.027000000700354576
    ],
    [
      0.21699999272823334,
      -0.0,
      -0.07000000029802322
    ],
    [
      0.17000000178813934,
      -0.0,
      -0.014999999664723873
    ],
    [
      -0.0,
      -0.0,
      0.15600000321865082
    ],
    [
      -0.01899999938905239,
      -0.0,
      0.12800000607967377
    ],
    [
      -0.01899999938905239,
      -0.0,
      0.07400000095367432
    ],
    [
      0.02500000037252903,
      -0.014000000432133675,
      -0.010999999940395355
    ],
    [
      -0.07400000095367432,
      -0.0,
      0.12800000607967377
    ],
    [
      -0.07999999821186066,
      -0.0,
      0.15600000321865082
    ],
    [
      0.02500000037252903,
      0.0,
      -0.014999999664723873
    ],
    [
      -0.07400000095367432,
      -0.0,
      0.07400000095367432
    ],
    [
      -0.03500000014901161,
      -0.017999999225139618,
      -0.009999999776482582
    ],
    [
      -0.05700000002980232,
      -0.017999999225139618,
      -0.009999999776482582
    ],
    [
      -0.10000000149011612,
      -0.029999999329447746,
      0.0
    ],
    [
      -0.023000000044703484,
      0.0,
      -0.06499999761581421
    ],
    [
      -0.023000000044703484,
      -0.0,
      -0.07500000298023224
    ],
    [
      -0.017000000923871994,
      -0.0,
      -0.09200000017881393
    ],
    [
      -0.03700000047683716,
      -0.0,
      -0.09700000286102295
    ],
    [
      -0.028999999165534973,
      -0.0,
      -0.12700000405311584
    ],
    [
      -0.09000000357627869,
      -0.0,
      -0.014999999664723873
    ],
    [
      -0.052000001072883606,
      -0.0,
      -0.09700000286102295
    ]
  ],
  "mconf": [
    0.7063291668891907,
    0.397266685962677,
    0.36202675104141235,
    0.7952293753623962,
    0.26210302114486694,
    0.26788613200187683,
    0.9071973562240601,
    0.2121627777814865,
    0.9769577980041504,
    0.7391380071640015,
    0.2647150456905365,
    0.9216442108154297,
    0.446644127368927,
    0.9109621047973633,
    0.9914862513542175,
    0.9802343845367432,
    0.9900423288345337,
    0.9540979266166687,
    0.985140860080719,
    0.9956269264221191,
    0.9988861680030823,
    0.9984169602394104,
    0.9936884641647339,
    0.2553345859050751,
    0.9878849983215332
  ],
  "coverage_score": 0.8288713632524446,
  "pose_estimation_failed": false,
  "tracking_method": "pnp",
  "timestamp": 1741869672.0014193,
  "image_file": "webcam_000009"
}