{
  "frame": 38,
  "object_rotation_in_cam": [
    [
      0.450558046135391,
      -0.22868013132725168,
      -0.8629616704111543
    ],
    [
      -0.45358031666690796,
      0.773939895089572,
      -0.4419071566755736
    ],
    [
      0.7689358512873531,
      0.5905272528214878,
      0.2449800405749421
    ]
  ],
  "object_translation_in_cam": [
    -0.02459228524884923,
    0.03094658152321126,
    0.7308981479182111
  ],
  "raw_rvec": [
    0.7083467116136998,
    -1.1196345574619035,
    -0.15430259323133355
  ],
  "refined_raw_rvec": [
    0.7083467116136998,
    -1.1196345574619035,
    -0.15430259323133355
  ],
  "num_inliers": 13,
  "total_matches": 23,
  "inlier_ratio": 0.5652173913043478,
  "reprojection_errors": [
    0.8487244248390198,
    1.0504686832427979,
    1.9672391414642334,
    1.6513910293579102,
    2.494396686553955,
    1.0162862539291382,
    2.5806825160980225,
    2.8729617595672607,
    2.6251983642578125,
    2.693969488143921,
    3.836930274963379,
    2.2114551067352295,
    1.404971718788147
  ],
  "mean_reprojection_error": 2.096513509750366,
  "std_reprojection_error": 0.840580403804779,
  "inliers": [
    0,
    4,
    6,
    7,
    8,
    9,
    10,
    11,
    12,
    13,
    16,
    20,
    22
  ],
  "mkpts0": [
    [
      636.375,
      157.625
    ],
    [
      356.375,
      195.125
    ],
    [
      425.125,
      242.625
    ],
    [
      413.875,
      248.875
    ],
    [
      436.375,
      260.125
    ],
    [
      590.125,
      283.875
    ],
    [
      522.625,
      286.375
    ],
    [
      386.375,
      288.875
    ],
    [
      511.375,
      292.625
    ],
    [
      597.625,
      297.625
    ],
    [
      430.125,
      311.375
    ],
    [
      575.125,
      312.625
    ],
    [
      540.125,
      313.875
    ],
    [
      518.875,
      327.625
    ],
    [
      586.375,
      330.125
    ],
    [
      602.625,
      347.625
    ],
    [
      611.375,
      352.625
    ],
    [
      636.375,
      357.625
    ],
    [
      617.625,
      368.875
    ],
    [
      650.125,
      376.375
    ],
    [
      715.125,
      383.875
    ],
    [
      595.125,
      388.875
    ],
    [
      702.625,
      391.375
    ]
  ],
  "mkpts1": [
    [
      576.375,
      136.375
    ],
    [
      152.625,
      165.125
    ],
    [
      280.125,
      258.875
    ],
    [
      272.625,
      271.375
    ],
    [
      321.375,
      296.375
    ],
    [
      598.875,
      357.625
    ],
    [
      482.625,
      353.875
    ],
    [
      252.625,
      345.125
    ],
    [
      467.625,
      365.125
    ],
    [
      603.875,
      378.875
    ],
    [
      346.375,
      393.875
    ],
    [
      578.875,
      402.625
    ],
    [
      546.375,
      410.125
    ],
    [
      522.625,
      433.875
    ],
    [
      613.875,
      438.875
    ],
    [
      650.125,
      471.375
    ],
    [
      670.125,
      482.625
    ],
    [
      708.875,
      492.625
    ],
    [
      690.125,
      511.375
    ],
    [
      742.625,
      526.375
    ],
    [
      836.375,
      541.375
    ],
    [
      668.875,
      546.375
    ],
    [
      827.625,
      555.125
    ]
  ],
  "mpts3D": [
    [
      0.23000000417232513,
      -0.0,
      0.11299999803304672
    ],
    [
      -0.0,
      -0.02500000037252903,
      0.23999999463558197
    ],
    [
      -0.0,
      -0.0,
      0.15600000321865082
    ],
    [
      -0.014000000432133675,
      0.0,
      0.15600000321865082
    ],
    [
      -0.01899999938905239,
      -0.0,
      0.12800000607967377
    ],
    [
      0.02500000037252903,
      -0.014000000432133675,
      -0.010999999940395355
    ],
    [
      0.0,
      0.0,
      0.041999999433755875
    ],
    [
      -0.07400000095367432,
      -0.0,
      0.12800000607967377
    ],
    [
      -0.014000000432133675,
      0.0,
      0.041999999433755875
    ],
    [
      0.02500000037252903,
      0.0,
      -0.014999999664723873
    ],
    [
      -0.07400000095367432,
      -0.0,
      0.07400000095367432
    ],
    [
      0.0,
      -0.0,
      -0.014999999664723873
    ],
    [
      -0.03500000014901161,
      -0.017999999225139618,
      -0.009999999776482582
    ],
    [
      -0.05700000002980232,
      -0.017999999225139618,
      -0.009999999776482582
    ],
    [
      -0.014000000432133675,
      0.0,
      -0.041999999433755875
    ],
    [
      -0.023000000044703484,
      0.0,
      -0.06499999761581421
    ],
    [
      -0.023000000044703484,
      -0.0,
      -0.07500000298023224
    ],
    [
      -0.017000000923871994,
      -0.0,
      -0.09200000017881393
    ],
    [
      -0.03700000047683716,
      -0.0,
      -0.09700000286102295
    ],
    [
      -0.028999999165534973,
      -0.0,
      -0.12700000405311584
    ],
    [
      0.0,
      0.0,
      -0.15600000321865082
    ],
    [
      -0.052000001072883606,
      -0.0,
      -0.09700000286102295
    ],
    [
      -0.014000000432133675,
      0.0,
      -0.15600000321865082
    ]
  ],
  "mconf": [
    0.21447831392288208,
    0.958042323589325,
    0.1399296075105667,
    0.9870673418045044,
    0.9953827857971191,
    0.5401651263237,
    0.8005245327949524,
    0.9882851243019104,
    0.9525245428085327,
    0.973659098148346,
    0.9975337982177734,
    0.9814489483833313,
    0.9942342042922974,
    0.9980259537696838,
    0.9974378943443298,
    0.9864205121994019,
    0.9982140064239502,
    0.9997057318687439,
    0.9992614388465881,
    0.9996532201766968,
    0.9947344064712524,
    0.9996405243873596,
    0.999403715133667
  ],
  "coverage_score": 0.860964047443681,
  "pose_estimation_failed": false,
  "tracking_method": "loosely_coupled",
  "kf_translation_vector": [
    -0.016493350278427063,
    -0.05707417768090787,
    0.7247517544439293
  ],
  "kf_quaternion": [
    0.4584281687769236,
    -0.47309388040616335,
    -0.11181709881583198,
    0.7439910824777981
  ],
  "kf_rotation_matrix": [
    [
      0.5273582334692986,
      -0.2673772737332972,
      -0.8064754720901871
    ],
    [
      -0.6001409712833682,
      0.5546811009684938,
      -0.5763329687042336
    ],
    [
      0.6014350406978265,
      0.787932909402399,
      0.1320515887881506
    ]
  ],
  "position_diff": 0.09224467017891946,
  "orientation_diff": 17.15140065043332,
  "timestamp": 1741869612.1668591,
  "image_file": "webcam_000038"
}