{
  "frame": 175,
  "object_rotation_in_cam": [
    [
      0.6222344680691401,
      -0.13435717034363182,
      -0.771214897109727
    ],
    [
      -0.4997582430094527,
      0.6901074182045007,
      -0.5234438364172639
    ],
    [
      0.6025495542200818,
      0.7111257990794392,
      0.3622625188903899
    ]
  ],
  "object_translation_in_cam": [
    0.02669206422008152,
    0.0025492958457639958,
    0.7018364780992379
  ],
  "raw_rvec": [
    0.8043923492558414,
    -0.8950856902330625,
    -0.23807958563958137
  ],
  "refined_raw_rvec": [
    0.8043923492558414,
    -0.8950856902330625,
    -0.23807958563958137
  ],
  "num_inliers": 13,
  "total_matches": 30,
  "inlier_ratio": 0.43333333333333335,
  "reprojection_errors": [
    0.649077296257019,
    1.6225581169128418,
    1.9883445501327515,
    2.299489974975586,
    1.899761438369751,
    2.1067728996276855,
    2.8508288860321045,
    1.4927153587341309,
    2.623629093170166,
    3.9298505783081055,
    2.307628631591797,
    2.676246404647827,
    1.362426996231079
  ],
  "mean_reprojection_error": 2.139179229736328,
  "std_reprojection_error": 0.778550922870636,
  "inliers": [
    6,
    7,
    10,
    13,
    14,
    15,
    17,
    18,
    21,
    22,
    23,
    24,
    29
  ],
  "mkpts0": [
    [
      727.625,
      126.375
    ],
    [
      727.625,
      143.875
    ],
    [
      636.375,
      157.625
    ],
    [
      663.875,
      165.125
    ],
    [
      656.375,
      171.375
    ],
    [
      356.375,
      195.125
    ],
    [
      745.125,
      201.375
    ],
    [
      705.125,
      223.875
    ],
    [
      425.125,
      242.625
    ],
    [
      413.875,
      248.875
    ],
    [
      436.375,
      260.125
    ],
    [
      478.875,
      281.375
    ],
    [
      590.125,
      283.875
    ],
    [
      522.625,
      286.375
    ],
    [
      386.375,
      288.875
    ],
    [
      511.375,
      292.625
    ],
    [
      597.625,
      297.625
    ],
    [
      430.125,
      311.375
    ],
    [
      575.125,
      312.625
    ],
    [
      540.125,
      313.875
    ],
    [
      518.875,
      327.625
    ],
    [
      586.375,
      330.125
    ],
    [
      470.125,
      338.875
    ],
    [
      602.625,
      347.625
    ],
    [
      611.375,
      352.625
    ],
    [
      636.375,
      357.625
    ],
    [
      617.625,
      368.875
    ],
    [
      650.125,
      376.375
    ],
    [
      595.125,
      388.875
    ],
    [
      702.625,
      391.375
    ]
  ],
  "mkpts1": [
    [
      938.875,
      53.875
    ],
    [
      930.125,
      77.625
    ],
    [
      746.375,
      53.875
    ],
    [
      786.375,
      75.125
    ],
    [
      780.125,
      87.625
    ],
    [
      290.125,
      80.125
    ],
    [
      928.875,
      165.125
    ],
    [
      866.375,
      193.875
    ],
    [
      411.375,
      182.625
    ],
    [
      395.125,
      192.625
    ],
    [
      437.625,
      221.375
    ],
    [
      515.125,
      268.875
    ],
    [
      712.625,
      305.125
    ],
    [
      592.625,
      291.375
    ],
    [
      358.875,
      270.125
    ],
    [
      573.875,
      301.375
    ],
    [
      718.875,
      325.125
    ],
    [
      441.375,
      327.625
    ],
    [
      683.875,
      351.375
    ],
    [
      638.875,
      361.375
    ],
    [
      608.875,
      386.375
    ],
    [
      713.875,
      393.875
    ],
    [
      527.625,
      406.375
    ],
    [
      743.875,
      432.625
    ],
    [
      762.625,
      446.375
    ],
    [
      803.875,
      460.125
    ],
    [
      776.375,
      478.875
    ],
    [
      831.375,
      501.375
    ],
    [
      746.375,
      517.625
    ],
    [
      922.625,
      540.125
    ]
  ],
  "mpts3D": [
    [
      0.20600000023841858,
      -0.07000000029802322,
      -0.0020000000949949026
    ],
    [
      0.20600000023841858,
      -0.054999999701976776,
      -0.0020000000949949026
    ],
    [
      0.23000000417232513,
      -0.0,
      0.11299999803304672
    ],
    [
      0.23000000417232513,
      -0.0,
      0.07000000029802322
    ],
    [
      0.21699999272823334,
      0.0,
      0.07000000029802322
    ],
    [
      -0.0,
      -0.02500000037252903,
      0.23999999463558197
    ],
    [
      0.21699999272823334,
      -0.0,
      -0.027000000700354576
    ],
    [
      0.17000000178813934,
      -0.0,
      -0.014999999664723873
    ],
    [
      -0.0,
      -0.0,
      0.15600000321865082
    ],
    [
      -0.014000000432133675,
      0.0,
      0.15600000321865082
    ],
    [
      -0.01899999938905239,
      -0.0,
      0.12800000607967377
    ],
    [
      -0.01899999938905239,
      -0.0,
      0.07400000095367432
    ],
    [
      0.02500000037252903,
      -0.014000000432133675,
      -0.010999999940395355
    ],
    [
      0.0,
      0.0,
      0.041999999433755875
    ],
    [
      -0.07400000095367432,
      -0.0,
      0.12800000607967377
    ],
    [
      -0.014000000432133675,
      0.0,
      0.041999999433755875
    ],
    [
      0.02500000037252903,
      0.0,
      -0.014999999664723873
    ],
    [
      -0.07400000095367432,
      -0.0,
      0.07400000095367432
    ],
    [
      0.0,
      -0.0,
      -0.014999999664723873
    ],
    [
      -0.03500000014901161,
      -0.017999999225139618,
      -0.009999999776482582
    ],
    [
      -0.05700000002980232,
      -0.017999999225139618,
      -0.009999999776482582
    ],
    [
      -0.014000000432133675,
      0.0,
      -0.041999999433755875
    ],
    [
      -0.10000000149011612,
      -0.029999999329447746,
      0.0
    ],
    [
      -0.023000000044703484,
      0.0,
      -0.06499999761581421
    ],
    [
      -0.023000000044703484,
      -0.0,
      -0.07500000298023224
    ],
    [
      -0.017000000923871994,
      -0.0,
      -0.09200000017881393
    ],
    [
      -0.03700000047683716,
      -0.0,
      -0.09700000286102295
    ],
    [
      -0.028999999165534973,
      -0.0,
      -0.12700000405311584
    ],
    [
      -0.052000001072883606,
      -0.0,
      -0.09700000286102295
    ],
    [
      -0.014000000432133675,
      0.0,
      -0.15600000321865082
    ]
  ],
  "mconf": [
    0.8884192705154419,
    0.7363206148147583,
    0.2829335331916809,
    0.12736399471759796,
    0.6633490324020386,
    0.6748183369636536,
    0.9709927439689636,
    0.7658602595329285,
    0.9307946562767029,
    0.9944750070571899,
    0.9968432188034058,
    0.9887620806694031,
    0.9098383188247681,
    0.8090426325798035,
    0.9913551807403564,
    0.9780416488647461,
    0.9179070591926575,
    0.9919049143791199,
    0.9421185851097107,
    0.9927577972412109,
    0.9988360404968262,
    0.9968453645706177,
    0.9952316880226135,
    0.991159200668335,
    0.9874477386474609,
    0.9969448447227478,
    0.9968328475952148,
    0.9956204295158386,
    0.9984627962112427,
    0.49308568239212036
  ],
  "coverage_score": 0.7609640474436813,
  "pose_estimation_failed": false,
  "tracking_method": "loosely_coupled",
  "kf_translation_vector": [
    0.014254976982407188,
    -0.028562484177277633,
    0.7934824652740605
  ],
  "kf_quaternion": [
    0.4033197570922836,
    -0.4408844455139288,
    -0.15191597713120034,
    0.7873217989711511
  ],
  "kf_rotation_matrix": [
    [
      0.5650848831922963,
      -0.11642129412609403,
      -0.816777299550835
    ],
    [
      -0.5948483357556816,
      0.6285094188625879,
      -0.5011300907446169
    ],
    [
      0.5716944395708644,
      0.7690396561134006,
      0.28590815848579376
    ]
  ],
  "position_diff": 0.10191927932005858,
  "orientation_diff": 6.872739048369148,
  "timestamp": 1741869959.9677565,
  "image_file": "webcam_000175"
}