{
  "frame": 42,
  "object_rotation_in_cam": [
    [
      0.6282875747993408,
      -0.22236156045461306,
      -0.7455266995788629
    ],
    [
      -0.48136179835259996,
      0.6417201765235176,
      -0.5970645142104629
    ],
    [
      0.6111837223286575,
      0.7339962884611984,
      0.2961484527828429
    ]
  ],
  "object_translation_in_cam": [
    -0.004609568040464813,
    0.0016533985081780076,
    0.7361648207316802
  ],
  "raw_rvec": [
    0.8908424241842907,
    -0.9080090096127049,
    -0.17334174316473017
  ],
  "refined_raw_rvec": [
    0.8908424241842907,
    -0.9080090096127049,
    -0.17334174316473017
  ],
  "num_inliers": 13,
  "total_matches": 31,
  "inlier_ratio": 0.41935483870967744,
  "reprojection_errors": [
    1.1791796684265137,
    0.1587398648262024,
    2.2084474563598633,
    2.9899024963378906,
    2.2539896965026855,
    0.9748767614364624,
    0.6119930744171143,
    3.10579514503479,
    0.4955081343650818,
    0.9387186169624329,
    3.1576220989227295,
    3.222684621810913,
    3.019369602203369
  ],
  "mean_reprojection_error": 1.8705251216888428,
  "std_reprojection_error": 1.1231180429458618,
  "inliers": [
    3,
    4,
    11,
    13,
    14,
    15,
    17,
    19,
    20,
    21,
    22,
    23,
    24
  ],
  "mkpts0": [
    [
      727.625,
      126.375
    ],
    [
      727.625,
      143.875
    ],
    [
      636.375,
      157.625
    ],
    [
      663.875,
      165.125
    ],
    [
      656.375,
      171.375
    ],
    [
      356.375,
      195.125
    ],
    [
      745.125,
      201.375
    ],
    [
      793.875,
      220.125
    ],
    [
      705.125,
      223.875
    ],
    [
      425.125,
      242.625
    ],
    [
      413.875,
      248.875
    ],
    [
      436.375,
      260.125
    ],
    [
      478.875,
      281.375
    ],
    [
      590.125,
      283.875
    ],
    [
      522.625,
      286.375
    ],
    [
      386.375,
      288.875
    ],
    [
      350.125,
      290.125
    ],
    [
      511.375,
      292.625
    ],
    [
      597.625,
      297.625
    ],
    [
      430.125,
      311.375
    ],
    [
      575.125,
      312.625
    ],
    [
      540.125,
      313.875
    ],
    [
      518.875,
      327.625
    ],
    [
      586.375,
      330.125
    ],
    [
      602.625,
      347.625
    ],
    [
      611.375,
      352.625
    ],
    [
      636.375,
      357.625
    ],
    [
      617.625,
      368.875
    ],
    [
      650.125,
      376.375
    ],
    [
      595.125,
      388.875
    ],
    [
      702.625,
      391.375
    ]
  ],
  "mkpts1": [
    [
      880.125,
      76.375
    ],
    [
      876.375,
      88.875
    ],
    [
      705.125,
      56.375
    ],
    [
      746.375,
      82.625
    ],
    [
      735.125,
      91.375
    ],
    [
      255.125,
      51.375
    ],
    [
      873.875,
      178.875
    ],
    [
      951.375,
      230.125
    ],
    [
      810.125,
      203.875
    ],
    [
      368.875,
      165.125
    ],
    [
      350.125,
      172.625
    ],
    [
      390.125,
      203.875
    ],
    [
      447.625,
      258.875
    ],
    [
      648.875,
      306.375
    ],
    [
      533.875,
      285.125
    ],
    [
      307.625,
      248.875
    ],
    [
      247.625,
      231.375
    ],
    [
      516.375,
      295.125
    ],
    [
      653.875,
      327.625
    ],
    [
      385.125,
      311.375
    ],
    [
      617.625,
      350.125
    ],
    [
      572.625,
      356.375
    ],
    [
      540.125,
      380.125
    ],
    [
      642.625,
      393.875
    ],
    [
      668.875,
      435.125
    ],
    [
      685.125,
      450.125
    ],
    [
      723.875,
      465.125
    ],
    [
      695.125,
      483.875
    ],
    [
      746.375,
      508.875
    ],
    [
      662.625,
      518.875
    ],
    [
      831.375,
      552.625
    ]
  ],
  "mpts3D": [
    [
      0.20600000023841858,
      -0.07000000029802322,
      -0.0020000000949949026
    ],
    [
      0.20600000023841858,
      -0.054999999701976776,
      -0.0020000000949949026
    ],
    [
      0.23000000417232513,
      -0.0,
      0.11299999803304672
    ],
    [
      0.23000000417232513,
      -0.0,
      0.07000000029802322
    ],
    [
      0.21699999272823334,
      0.0,
      0.07000000029802322
    ],
    [
      -0.0,
      -0.02500000037252903,
      0.23999999463558197
    ],
    [
      0.21699999272823334,
      -0.0,
      -0.027000000700354576
    ],
    [
      0.21699999272823334,
      -0.0,
      -0.07000000029802322
    ],
    [
      0.17000000178813934,
      -0.0,
      -0.014999999664723873
    ],
    [
      -0.0,
      -0.0,
      0.15600000321865082
    ],
    [
      -0.014000000432133675,
      0.0,
      0.15600000321865082
    ],
    [
      -0.01899999938905239,
      -0.0,
      0.12800000607967377
    ],
    [
      -0.01899999938905239,
      -0.0,
      0.07400000095367432
    ],
    [
      0.02500000037252903,
      -0.014000000432133675,
      -0.010999999940395355
    ],
    [
      0.0,
      0.0,
      0.041999999433755875
    ],
    [
      -0.07400000095367432,
      -0.0,
      0.12800000607967377
    ],
    [
      -0.07999999821186066,
      -0.0,
      0.15600000321865082
    ],
    [
      -0.014000000432133675,
      0.0,
      0.041999999433755875
    ],
    [
      0.02500000037252903,
      0.0,
      -0.014999999664723873
    ],
    [
      -0.07400000095367432,
      -0.0,
      0.07400000095367432
    ],
    [
      0.0,
      -0.0,
      -0.014999999664723873
    ],
    [
      -0.03500000014901161,
      -0.017999999225139618,
      -0.009999999776482582
    ],
    [
      -0.05700000002980232,
      -0.017999999225139618,
      -0.009999999776482582
    ],
    [
      -0.014000000432133675,
      0.0,
      -0.041999999433755875
    ],
    [
      -0.023000000044703484,
      0.0,
      -0.06499999761581421
    ],
    [
      -0.023000000044703484,
      -0.0,
      -0.07500000298023224
    ],
    [
      -0.017000000923871994,
      -0.0,
      -0.09200000017881393
    ],
    [
      -0.03700000047683716,
      -0.0,
      -0.09700000286102295
    ],
    [
      -0.028999999165534973,
      -0.0,
      -0.12700000405311584
    ],
    [
      -0.052000001072883606,
      -0.0,
      -0.09700000286102295
    ],
    [
      -0.014000000432133675,
      0.0,
      -0.15600000321865082
    ]
  ],
  "mconf": [
    0.8778277635574341,
    0.5518786907196045,
    0.8521643280982971,
    0.875271737575531,
    0.9745572805404663,
    0.8082455992698669,
    0.9793381690979004,
    0.48961183428764343,
    0.5943908095359802,
    0.7818714380264282,
    0.990864098072052,
    0.9891764521598816,
    0.32503166794776917,
    0.9287211894989014,
    0.1552746593952179,
    0.9889418482780457,
    0.1552453339099884,
    0.282870888710022,
    0.9072584509849548,
    0.989359438419342,
    0.9337840676307678,
    0.9896986484527588,
    0.9976814389228821,
    0.9964054226875305,
    0.9929928779602051,
    0.9837724566459656,
    0.9985138177871704,
    0.9989719986915588,
    0.9981228709220886,
    0.9978299736976624,
    0.4043349623680115
  ],
  "coverage_score": 0.9115339911368306,
  "pose_estimation_failed": false,
  "tracking_method": "loosely_coupled",
  "kf_translation_vector": [
    0.015258999358707398,
    -0.033339205887633054,
    0.7110619087006936
  ],
  "kf_quaternion": [
    0.45939423157595105,
    -0.4116378458462179,
    -0.09757712993007184,
    0.7810185193556148
  ],
  "kf_rotation_matrix": [
    [
      0.6420659751633906,
      -0.22578901267829582,
      -0.73264630299432
    ],
    [
      -0.5306271948421164,
      0.5588712874187027,
      -0.6372579259553769
    ],
    [
      0.5533408204998718,
      0.7979236842284619,
      0.23902244772365366
    ]
  ],
  "position_diff": 0.047790262614828966,
  "orientation_diff": 6.011738614904299,
  "timestamp": 1741869941.9729836,