{
  "frame": 40,
  "object_rotation_in_cam": [
    [
      0.6646942504737073,
      -0.15555928938145075,
      -0.7307413091336321
    ],
    [
      -0.5098552515871131,
      0.620482297858302,
      -0.5958601685576266
    ],
    [
      0.5461036310227556,
      0.7686371221399728,
      0.33311829528283554
    ]
  ],
  "object_translation_in_cam": [
    0.03393808183785201,
    -0.02389934359837084,
    0.6792460711688577
  ],
  "raw_rvec": [
    0.9014012960651079,
    -0.8434972291830054,
    -0.2340516479586003
  ],
  "refined_raw_rvec": [
    0.9014012960651079,
    -0.8434972291830054,
    -0.2340516479586003
  ],
  "num_inliers": 14,
  "total_matches": 30,
  "inlier_ratio": 0.4666666666666667,
  "reprojection_errors": [
    2.1027605533599854,
    1.0034171342849731,
    3.309854030609131,
    3.4732792377471924,
    2.8370630741119385,
    0.6110393404960632,
    2.216325044631958,
    1.87715744972229,
    0.8186984062194824,
    2.746561288833618,
    2.972888469696045,
    1.385209321975708,
    3.7044689655303955,
    1.5905771255493164
  ],
  "mean_reprojection_error": 2.1892359256744385,
  "std_reprojection_error": 0.9794526696205139,
  "inliers": [
    2,
    5,
    10,
    12,
    13,
    14,
    16,
    17,
    18,
    19,
    21,
    22,
    27,
    29
  ],
  "mkpts0": [
    [
      663.875,
      165.125
    ],
    [
      656.375,
      171.375
    ],
    [
      745.125,
      201.375
    ],
    [
      805.125,
      212.625
    ],
    [
      793.875,
      220.125
    ],
    [
      705.125,
      223.875
    ],
    [
      835.125,
      225.125
    ],
    [
      425.125,
      242.625
    ],
    [
      413.875,
      248.875
    ],
    [
      436.375,
      260.125
    ],
    [
      478.875,
      281.375
    ],
    [
      590.125,
      283.875
    ],
    [
      522.625,
      286.375
    ],
    [
      386.375,
      288.875
    ],
    [
      511.375,
      292.625
    ],
    [
      597.625,
      297.625
    ],
    [
      430.125,
      311.375
    ],
    [
      575.125,
      312.625
    ],
    [
      540.125,
      313.875
    ],
    [
      518.875,
      327.625
    ],
    [
      586.375,
      330.125
    ],
    [
      602.625,
      347.625
    ],
    [
      611.375,
      352.625
    ],
    [
      636.375,
      357.625
    ],
    [
      617.625,
      368.875
    ],
    [
      650.125,
      376.375
    ],
    [
      496.375,
      377.625
    ],
    [
      715.125,
      383.875
    ],
    [
      595.125,
      388.875
    ],
    [
      702.625,
      391.375
    ]
  ],
  "mkpts1": [
    [
      845.125,
      11.375
    ],
    [
      823.875,
      15.125
    ],
    [
      975.125,
      105.125
    ],
    [
      1076.375,
      147.625
    ],
    [
      1062.625,
      157.625
    ],
    [
      906.375,
      135.125
    ],
    [
      1130.125,
      177.625
    ],
    [
      433.875,
      106.375
    ],
    [
      416.375,
      115.125
    ],
    [
      457.625,
      146.375
    ],
    [
      536.375,
      202.625
    ],
    [
      732.625,
      248.875
    ],
    [
      610.125,
      228.875
    ],
    [
      371.375,
      196.375
    ],
    [
      591.375,
      240.125
    ],
    [
      738.875,
      270.125
    ],
    [
      452.625,
      260.125
    ],
    [
      700.125,
      296.375
    ],
    [
      651.375,
      302.625
    ],
    [
      616.375,
      328.875
    ],
    [
      727.625,
      342.625
    ],
    [
      756.375,
      386.375
    ],
    [
      772.625,
      401.375
    ],
    [
      815.125,
      417.625
    ],
    [
      786.375,
      436.375
    ],
    [
      840.125,
      462.625
    ],
    [
      568.875,
      417.625
    ],
    [
      950.125,
      493.875
    ],
    [
      748.875,
      475.125
    ],
    [
      933.875,
      508.875
    ]
  ],
  "mpts3D": [
    [
      0.23000000417232513,
      -0.0,
      0.07000000029802322
    ],
    [
      0.21699999272823334,
      0.0,
      0.07000000029802322
    ],
    [
      0.21699999272823334,
      -0.0,
      -0.027000000700354576
    ],
    [
      0.23000000417232513,
      0.0,
      -0.07000000029802322
    ],
    [
      0.21699999272823334,
      -0.0,
      -0.07000000029802322
    ],
    [
      0.17000000178813934,
      -0.0,
      -0.014999999664723873
    ],
    [
      0.23000000417232513,
      -0.0,
      -0.11299999803304672
    ],
    [
      -0.0,
      -0.0,
      0.15600000321865082
    ],
    [
      -0.014000000432133675,
      0.0,
      0.15600000321865082
    ],
    [
      -0.01899999938905239,
      -0.0,
      0.12800000607967377
    ],
    [
      -0.01899999938905239,
      -0.0,
      0.07400000095367432
    ],
    [
      0.02500000037252903,
      -0.014000000432133675,
      -0.010999999940395355
    ],
    [
      0.0,
      0.0,
      0.041999999433755875
    ],
    [
      -0.07400000095367432,
      -0.0,
      0.12800000607967377
    ],
    [
      -0.014000000432133675,
      0.0,
      0.041999999433755875
    ],
    [
      0.02500000037252903,
      0.0,
      -0.014999999664723873
    ],
    [
      -0.07400000095367432,
      -0.0,
      0.07400000095367432
    ],
    [
      0.0,
      -0.0,
      -0.014999999664723873
    ],
    [
      -0.03500000014901161,
      -0.017999999225139618,
      -0.009999999776482582
    ],
    [
      -0.05700000002980232,
      -0.017999999225139618,
      -0.009999999776482582
    ],
    [
      -0.014000000432133675,
      0.0,
      -0.041999999433755875
    ],
    [
      -0.023000000044703484,
      0.0,
      -0.06499999761581421
    ],
    [
      -0.023000000044703484,
      -0.0,
      -0.07500000298023224
    ],
    [
      -0.017000000923871994,
      -0.0,
      -0.09200000017881393
    ],
    [
      -0.03700000047683716,
      -0.0,
      -0.09700000286102295
    ],
    [
      -0.028999999165534973,
      -0.0,
      -0.12700000405311584
    ],
    [
      -0.09000000357627869,
      -0.0,
      -0.014999999664723873
    ],
    [
      0.0,
      0.0,
      -0.15600000321865082
    ],
    [
      -0.052000001072883606,
      -0.0,
      -0.09700000286102295
    ],
    [
      -0.014000000432133675,
      0.0,
      -0.15600000321865082
    ]
  ],
  "mconf": [
    0.36063694953918457,
    0.9374809265136719,
    0.9771642088890076,
    0.6944084763526917,
    0.9983023405075073,
    0.5935804843902588,
    0.5621467232704163,
    0.7653400897979736,
    0.9887744784355164,
    0.9944457411766052,
    0.99393230676651,
    0.9262832999229431,
    0.9233258366584778,
    0.9942386150360107,
    0.9881014227867126,
    0.9473080635070801,
    0.9983342289924622,
    0.9732096195220947,
    0.9972591996192932,
    0.9991747140884399,
    0.998216986656189,
    0.9946387410163879,
    0.9919846057891846,
    0.9989584684371948,
    0.9985877275466919,
    0.999398410320282,
    0.8662223815917969,
    0.888043224811554,
    0.9994558095932007,
    0.9978120923042297
  ],
  "coverage_score": 0.7474594241169754,
  "pose_estimation_failed": false,
  "tracking_method": "loosely_coupled",
  "kf_translation_vector": [
    0.031207301938322485,
    -0.03167243273386237,
    0.7811356247394848
  ],
  "kf_quaternion": [
    0.3867017518155634,
    -0.442472484593003,
    -0.2311498375737883,
    0.7754028682629955
  ],
  "kf_rotation_matrix": [
    [
      0.501575705935412,
      0.016258724261883684,
      -0.864960961605071
    ],
    [
      -0.7006782639510802,
      0.5940630154647715,
      -0.39514440915113946
    ],
    [
      0.5074167731184035,
      0.8042541809293121,
      0.3093597110417383
    ]
  ],
  "position_diff": 0.11056312604396511,
  "orientation_diff": 15.798669372414361,
  "timestamp": 1741869979.8793247,
  "image_file": "webcam_000040"
}