{
  "frame": 13,
  "object_rotation_in_cam": [
    [
      0.6375815955074906,
      -0.22058131447755325,
      -0.7381284392119554
    ],
    [
      -0.5241436041494518,
      0.5779813527291912,
      -0.6254686547913946
    ],
    [
      0.5645911718220054,
      0.7856726033155852,
      0.25289398786836703
    ]
  ],
  "object_translation_in_cam": [
    -0.005371654871992942,
    -0.04107004961247995,
    0.6196480622651308
  ],
  "raw_rvec": [
    0.9684335910729687,
    -0.8940263236064755,
    -0.20832777485059023
  ],
  "refined_raw_rvec": [
    0.9684335910729687,
    -0.8940263236064755,
    -0.20832777485059023
  ],
  "num_inliers": 15,
  "total_matches": 26,
  "inlier_ratio": 0.5769230769230769,
  "reprojection_errors": [
    0.49284929037094116,
    1.0124245882034302,
    1.9804790019989014,
    4.172530651092529,
    2.9443845748901367,
    2.5029690265655518,
    1.930983543395996,
    4.1522979736328125,
    2.830148220062256,
    3.2137601375579834,
    1.70369553565979,
    2.6808717250823975,
    2.9626080989837646,
    2.4607601165771484,
    1.5758723020553589
  ],
  "mean_reprojection_error": 2.4411089420318604,
  "std_reprojection_error": 0.995421290397644,
  "inliers": [
    0,
    2,
    5,
    6,
    8,
    9,
    10,
    11,
    12,
    13,
    14,
    15,
    16,
    18,
    19
  ],
  "mkpts0": [
    [
      745.125,
      201.375
    ],
    [
      793.875,
      220.125
    ],
    [
      705.125,
      223.875
    ],
    [
      425.125,
      242.625
    ],
    [
      413.875,
      248.875
    ],
    [
      436.375,
      260.125
    ],
    [
      478.875,
      281.375
    ],
    [
      590.125,
      283.875
    ],
    [
      522.625,
      286.375
    ],
    [
      386.375,
      288.875
    ],
    [
      511.375,
      292.625
    ],
    [
      597.625,
      297.625
    ],
    [
      430.125,
      311.375
    ],
    [
      575.125,
      312.625
    ],
    [
      540.125,
      313.875
    ],
    [
      518.875,
      327.625
    ],
    [
      586.375,
      330.125
    ],
    [
      470.125,
      338.875
    ],
    [
      602.625,
      347.625
    ],
    [
      611.375,
      352.625
    ],
    [
      636.375,
      357.625
    ],
    [
      617.625,
      368.875
    ],
    [
      650.125,
      376.375
    ],
    [
      496.375,
      377.625
    ],
    [
      595.125,
      388.875
    ],
    [
      702.625,
      391.375
    ]
  ],
  "mkpts1": [
    [
      911.375,
      51.375
    ],
    [
      1001.375,
      111.375
    ],
    [
      837.625,
      81.375
    ],
    [
      320.125,
      28.875
    ],
    [
      298.875,
      36.375
    ],
    [
      345.125,
      75.125
    ],
    [
      436.375,
      143.875
    ],
    [
      652.625,
      201.375
    ],
    [
      518.875,
      175.125
    ],
    [
      246.375,
      128.875
    ],
    [
      496.375,
      186.375
    ],
    [
      658.875,
      226.375
    ],
    [
      340.125,
      206.375
    ],
    [
      615.125,
      253.875
    ],
    [
      562.625,
      262.625
    ],
    [
      525.125,
      291.375
    ],
    [
      645.125,
      307.625
    ],
    [
      426.375,
      306.375
    ],
    [
      676.375,
      357.625
    ],
    [
      693.875,
      373.875
    ],
    [
      737.625,
      392.625
    ],
    [
      707.625,
      413.875
    ],
    [
      766.375,
      445.125
    ],
    [
      470.125,
      387.625
    ],
    [
      668.875,
      456.375
    ],
    [
      863.875,
      496.375
    ]
  ],
  "mpts3D": [
    [
      0.21699999272823334,
      -0.0,
      -0.027000000700354576
    ],
    [
      0.21699999272823334,
      -0.0,
      -0.07000000029802322
    ],
    [
      0.17000000178813934,
      -0.0,
      -0.014999999664723873
    ],
    [
      -0.0,
      -0.0,
      0.15600000321865082
    ],
    [
      -0.014000000432133675,
      0.0,
      0.15600000321865082
    ],
    [
      -0.01899999938905239,
      -0.0,
      0.12800000607967377
    ],
    [
      -0.01899999938905239,
      -0.0,
      0.07400000095367432
    ],
    [
      0.02500000037252903,
      -0.014000000432133675,
      -0.010999999940395355
    ],
    [
      0.0,
      0.0,
      0.041999999433755875
    ],
    [
      -0.07400000095367432,
      -0.0,
      0.12800000607967377
    ],
    [
      -0.014000000432133675,
      0.0,
      0.041999999433755875
    ],
    [
      0.02500000037252903,
      0.0,
      -0.014999999664723873
    ],
    [
      -0.07400000095367432,
      -0.0,
      0.07400000095367432
    ],
    [
      0.0,
      -0.0,
      -0.014999999664723873
    ],
    [
      -0.03500000014901161,
      -0.017999999225139618,
      -0.009999999776482582
    ],
    [
      -0.05700000002980232,
      -0.017999999225139618,
      -0.009999999776482582
    ],
    [
      -0.014000000432133675,
      0.0,
      -0.041999999433755875
    ],
    [
      -0.10000000149011612,
      -0.029999999329447746,
      0.0
    ],
    [
      -0.023000000044703484,
      0.0,
      -0.06499999761581421
    ],
    [
      -0.023000000044703484,
      -0.0,
      -0.07500000298023224
    ],
    [
      -0.017000000923871994,
      -0.0,
      -0.09200000017881393
    ],
    [
      -0.03700000047683716,
      -0.0,
      -0.09700000286102295
    ],
    [
      -0.028999999165534973,
      -0.0,
      -0.12700000405311584
    ],
    [
      -0.09000000357627869,
      -0.0,
      -0.014999999664723873
    ],
    [
      -0.052000001072883606,
      -0.0,
      -0.09700000286102295
    ],
    [
      -0.014000000432133675,
      0.0,
      -0.15600000321865082
    ]
  ],
  "mconf": [
    0.6160292029380798,
    0.3649846315383911,
    0.1540375053882599,
    0.36679473519325256,
    0.9904187917709351,
    0.9835702180862427,
    0.9952221512794495,
    0.8589658141136169,
    0.5254772901535034,
    0.9874290227890015,
    0.9743316769599915,
    0.9708158373832703,
    0.9812957048416138,
    0.8918003439903259,
    0.9931825399398804,
    0.9980370402336121,
    0.9987922310829163,
    0.9757447242736816,
    0.9972412586212158,
    0.9970027804374695,
    0.9992130398750305,
    0.9992550015449524,
    0.9971400499343872,
    0.6100237965583801,
    0.9988078474998474,
    0.6719220280647278
  ],
  "coverage_score": 0.7742903032614272,
  "pose_estimation_failed": false,
  "tracking_method": "loosely_coupled",
  "kf_translation_vector": [
    0.003681906777252381,
    -0.03322746926578073,
    0.6205590229360081
  ],
  "kf_quaternion": [
    0.4603666900048987,
    -0.41205293856083264,
    -0.10026031175082942,
    0.779886374060313
  ],
  "kf_rotation_matrix": [
    [
      0.6403204914220184,
      -0.22300759287706295,
      -0.7350219600693866
    ],
    [
      -0.5357741968511067,
      0.55602076124312,
      -0.6354423050562283
    ],
    [
      0.5503959286310323,
      0.800692529368046,
      0.23654977311463232
    ]
  ],
  "position_diff": 0.012018725588845779,
  "orientation_diff": 1.534913933376304,
  "timestamp": 1741869938.0800107,
  "image_file": "webcam_000013"
}