{
  "frame": 67,
  "object_rotation_in_cam": [
    [
      0.5607265208585779,
      -0.13906989617574622,
      -0.8162385268924166
    ],
    [
      -0.37618914523303665,
      0.8353875863125511,
      -0.4007609108230587
    ],
    [
      0.7376093110954283,
      0.5317773449598596,
      0.41610738947148057
    ]
  ],
  "object_translation_in_cam": [
    -0.015249548279557606,
    -0.020760746051590166,
    0.6490516899850001
  ],
  "raw_rvec": [
    0.588103355687247,
    -0.9799309809342024,
    -0.149538772488809
  ],
  "refined_raw_rvec": [
    0.588103355687247,
    -0.9799309809342024,
    -0.149538772488809
  ],
  "num_inliers": 11,
  "total_matches": 32,
  "inlier_ratio": 0.34375,
  "reprojection_errors": [
    1.2386915683746338,
    2.4111034870147705,
    1.9550256729125977,
    0.6073855757713318,
    3.6495280265808105,
    1.0296493768692017,
    2.892927646636963,
    3.659876823425293,
    2.332867383956909,
    1.5105907917022705,
    1.3502463102340698
  ],
  "mean_reprojection_error": 2.057990074157715,
  "std_reprojection_error": 0.9835251569747925,
  "inliers": [
    0,
    6,
    8,
    12,
    15,
    16,
    18,
    19,
    22,
    23,
    24
  ],
  "mkpts0": [
    [
      636.375,
      157.625
    ],
    [
      656.375,
      171.375
    ],
    [
      356.375,
      195.125
    ],
    [
      745.125,
      201.375
    ],
    [
      805.125,
      212.625
    ],
    [
      793.875,
      220.125
    ],
    [
      705.125,
      223.875
    ],
    [
      425.125,
      242.625
    ],
    [
      413.875,
      248.875
    ],
    [
      436.375,
      260.125
    ],
    [
      478.875,
      281.375
    ],
    [
      590.125,
      283.875
    ],
    [
      522.625,
      286.375
    ],
    [
      386.375,
      288.875
    ],
    [
      350.125,
      290.125
    ],
    [
      511.375,
      292.625
    ],
    [
      597.625,
      297.625
    ],
    [
      430.125,
      311.375
    ],
    [
      575.125,
      312.625
    ],
    [
      540.125,
      313.875
    ],
    [
      518.875,
      327.625
    ],
    [
      586.375,
      330.125
    ],
    [
      602.625,
      347.625
    ],
    [
      611.375,
      352.625
    ],
    [
      636.375,
      357.625
    ],
    [
      617.625,
      368.875
    ],
    [
      650.125,
      376.375
    ],
    [
      496.375,
      377.625
    ],
    [
      715.125,
      383.875
    ],
    [
      516.375,
      388.875
    ],
    [
      595.125,
      388.875
    ],
    [
      702.625,
      391.375
    ]
  ],
  "mkpts1": [
    [
      640.125,
      70.125
    ],
    [
      676.375,
      95.125
    ],
    [
      175.125,
      70.125
    ],
    [
      833.875,
      155.125
    ],
    [
      936.375,
      185.125
    ],
    [
      923.875,
      190.125
    ],
    [
      781.375,
      181.375
    ],
    [
      303.875,
      161.375
    ],
    [
      286.375,
      166.375
    ],
    [
      331.375,
      188.875
    ],
    [
      417.625,
      226.375
    ],
    [
      622.625,
      251.375
    ],
    [
      496.375,
      246.375
    ],
    [
      246.375,
      223.875
    ],
    [
      172.625,
      222.625
    ],
    [
      478.875,
      253.875
    ],
    [
      630.125,
      275.125
    ],
    [
      336.375,
      270.125
    ],
    [
      595.125,
      295.125
    ],
    [
      547.625,
      287.625
    ],
    [
      513.875,
      307.625
    ],
    [
      628.875,
      327.625
    ],
    [
      663.875,
      360.125
    ],
    [
      683.875,
      371.375
    ],
    [
      728.875,
      383.875
    ],
    [
      701.375,
      398.875
    ],
    [
      762.625,
      420.125
    ],
    [
      470.125,
      396.375
    ],
    [
      877.625,
      441.375
    ],
    [
      497.625,
      412.625
    ],
    [
      667.625,
      431.375
    ],
    [
      862.625,
      456.375
    ]
  ],
  "mpts3D": [
    [
      0.23000000417232513,
      -0.0,
      0.11299999803304672
    ],
    [
      0.21699999272823334,
      0.0,
      0.07000000029802322
    ],
    [
      -0.0,
      -0.02500000037252903,
      0.23999999463558197
    ],
    [
      0.21699999272823334,
      -0.0,
      -0.027000000700354576
    ],
    [
      0.23000000417232513,
      0.0,
      -0.07000000029802322
    ],
    [
      0.21699999272823334,
      -0.0,
      -0.07000000029802322
    ],
    [
      0.17000000178813934,
      -0.0,
      -0.014999999664723873
    ],
    [
      -0.0,
      -0.0,
      0.15600000321865082
    ],
    [
      -0.014000000432133675,
      0.0,
      0.15600000321865082
    ],
    [
      -0.01899999938905239,
      -0.0,
      0.12800000607967377
    ],
    [
      -0.01899999938905239,
      -0.0,
      0.07400000095367432
    ],
    [
      0.02500000037252903,
      -0.014000000432133675,
      -0.010999999940395355
    ],
    [
      0.0,
      0.0,
      0.041999999433755875
    ],
    [
      -0.07400000095367432,
      -0.0,
      0.12800000607967377
    ],
    [
      -0.07999999821186066,
      -0.0,
      0.15600000321865082
    ],
    [
      -0.014000000432133675,
      0.0,
      0.041999999433755875
    ],
    [
      0.02500000037252903,
      0.0,
      -0.014999999664723873
    ],
    [
      -0.07400000095367432,
      -0.0,
      0.07400000095367432
    ],
    [
      0.0,
      -0.0,
      -0.014999999664723873
    ],
    [
      -0.03500000014901161,
      -0.017999999225139618,
      -0.009999999776482582
    ],
    [
      -0.05700000002980232,
      -0.017999999225139618,
      -0.009999999776482582
    ],
    [
      -0.014000000432133675,
      0.0,
      -0.041999999433755875
    ],
    [
      -0.023000000044703484,
      0.0,
      -0.06499999761581421
    ],
    [
      -0.023000000044703484,
      -0.0,
      -0.07500000298023224
    ],
    [
      -0.017000000923871994,
      -0.0,
      -0.09200000017881393
    ],
    [
      -0.03700000047683716,
      -0.0,
      -0.09700000286102295
    ],
    [
      -0.028999999165534973,
      -0.0,
      -0.12700000405311584
    ],
    [
      -0.09000000357627869,
      -0.0,
      -0.014999999664723873
    ],
    [
      0.0,
      0.0,
      -0.15600000321865082
    ],
    [
      -0.09000000357627869,
      -0.0,
      -0.041999999433755875
    ],
    [
      -0.052000001072883606,
      -0.0,
      -0.09700000286102295
    ],
    [
      -0.014000000432133675,
      0.0,
      -0.15600000321865082
    ]
  ],
  "mconf": [
    0.8480705618858337,
    0.9977333545684814,
    0.9586617946624756,
    0.9552493691444397,
    0.20833328366279602,
    0.9462592601776123,
    0.9756340980529785,
    0.8584263324737549,
    0.9986823201179504,
    0.9961796998977661,
    0.9995561838150024,
    0.9872969388961792,
    0.7670126557350159,
    0.998208224773407,
    0.8523916006088257,
    0.9860920906066895,
    0.9833804965019226,
    0.9993992447853088,
    0.9874734282493591,
    0.99197918176651,
    0.9965729117393494,
    0.9938579797744751,
    0.9988523125648499,
    0.9998214244842529,
    0.999915361404419,
    0.999832808971405,
    0.9998075366020203,
    0.9663655161857605,
    0.9276959896087646,
    0.5073310136795044,
    0.9999201893806458,
    0.9993042349815369
  ],
  "coverage_score": 0.9182958340544894,
  "pose_estimation_failed": false,
  "tracking_method": "loosely_coupled",
  "kf_translation_vector": [
    -0.033638406210500675,
    -0.020801470925255656,
    0.7218344872148108
  ],
  "kf_quaternion": [
    0.45437689583938057,
    -0.46832363031296975,
    -0.11669540769522961,
    0.748730122033763
  ],
  "kf_rotation_matrix": [
    [
      0.53411031822665,
      -0.25084414109081565,
      -0.8073434119655882
    ],
    [
      -0.6003376084685317,
      0.5598476367004257,
      -0.5711089033969197
    ],
    [
      0.5952486235365106,
      0.7897137712876476,
      0.1484292276356991
    ]
  ],
  "position_diff": 0.07949148450195534,
  "orientation_diff": 23.321154155356442,