{
  "frame": 93,
  "object_rotation_in_cam": [
    [
      0.8083984334220453,
      -0.2226838055703132,
      -0.5448888836978655
    ],
    [
      -0.20788784253637677,
      0.7580232022196873,
      -0.6182098913978826
    ],
    [
      0.5507037477322573,
      0.613035682186065,
      0.566491513264155
    ]
  ],
  "object_translation_in_cam": [
    -0.017767266078554934,
    -0.014399169739958884,
    0.6084787252621784
  ],
  "raw_rvec": [
    0.723572692913634,
    -0.6438528005040406,
    0.008695222989149714
  ],
  "refined_raw_rvec": [
    0.723572692913634,
    -0.6438528005040406,
    0.008695222989149714
  ],
  "num_inliers": 13,
  "total_matches": 34,
  "inlier_ratio": 0.38235294117647056,
  "reprojection_errors": [
    0.654554545879364,
    2.7257285118103027,
    2.0112481117248535,
    0.40776315331459045,
    2.797964096069336,
    0.8222312927246094,
    2.5611729621887207,
    2.828289031982422,
    2.767261505126953,
    1.7133846282958984,
    2.2210280895233154,
    3.4160470962524414,
    1.297181487083435
  ],
  "mean_reprojection_error": 2.0172197818756104,
  "std_reprojection_error": 0.9245412349700928,
  "inliers": [
    6,
    7,
    8,
    12,
    15,
    17,
    18,
    20,
    23,
    25,
    26,
    30,
    33
  ],
  "mkpts0": [
    [
      727.625,
      126.375
    ],
    [
      727.625,
      143.875
    ],
    [
      636.375,
      157.625
    ],
    [
      663.875,
      165.125
    ],
    [
      656.375,
      171.375
    ],
    [
      745.125,
      201.375
    ],
    [
      805.125,
      212.625
    ],
    [
      793.875,
      220.125
    ],
    [
      705.125,
      223.875
    ],
    [
      835.125,
      225.125
    ],
    [
      425.125,
      242.625
    ],
    [
      413.875,
      248.875
    ],
    [
      436.375,
      260.125
    ],
    [
      478.875,
      281.375
    ],
    [
      590.125,
      283.875
    ],
    [
      522.625,
      286.375
    ],
    [
      386.375,
      288.875
    ],
    [
      511.375,
      292.625
    ],
    [
      597.625,
      297.625
    ],
    [
      430.125,
      311.375
    ],
    [
      575.125,
      312.625
    ],
    [
      540.125,
      313.875
    ],
    [
      518.875,
      327.625
    ],
    [
      586.375,
      330.125
    ],
    [
      470.125,
      338.875
    ],
    [
      602.625,
      347.625
    ],
    [
      611.375,
      352.625
    ],
    [
      636.375,
      357.625
    ],
    [
      650.125,
      376.375
    ],
    [
      496.375,
      377.625
    ],
    [
      715.125,
      383.875
    ],
    [
      516.375,
      388.875
    ],
    [
      595.125,
      388.875
    ],
    [
      702.625,
      391.375
    ]
  ],
  "mkpts1": [
    [
      972.625,
      83.875
    ],
    [
      958.875,
      111.375
    ],
    [
      792.625,
      77.625
    ],
    [
      830.125,
      110.125
    ],
    [
      815.125,
      115.125
    ],
    [
      950.125,
      226.375
    ],
    [
      1046.375,
      288.875
    ],
    [
      1027.625,
      292.625
    ],
    [
      871.375,
      243.875
    ],
    [
      1097.625,
      332.625
    ],
    [
      371.375,
      95.125
    ],
    [
      348.875,
      97.625
    ],
    [
      378.875,
      132.625
    ],
    [
      438.875,
      195.125
    ],
    [
      628.875,
      277.625
    ],
    [
      508.875,
      237.625
    ],
    [
      267.625,
      150.125
    ],
    [
      482.625,
      240.125
    ],
    [
      631.375,
      306.375
    ],
    [
      323.875,
      220.125
    ],
    [
      578.875,
      315.125
    ],
    [
      513.875,
      297.625
    ],
    [
      465.125,
      312.625
    ],
    [
      590.125,
      362.625
    ],
    [
      358.875,
      298.875
    ],
    [
      603.875,
      407.625
    ],
    [
      618.875,
      425.125
    ],
    [
      661.375,
      451.375
    ],
    [
      671.375,
      500.125
    ],
    [
      387.625,
      388.875
    ],
    [
      790.125,
      560.125
    ],
    [
      417.625,
      426.375
    ],
    [
      561.375,
      486.375
    ],
    [
      765.125,
      571.375
    ]
  ],
  "mpts3D": [
    [
      0.20600000023841858,
      -0.07000000029802322,
      -0.0020000000949949026
    ],
    [
      0.20600000023841858,
      -0.054999999701976776,
      -0.0020000000949949026
    ],
    [
      0.23000000417232513,
      -0.0,
      0.11299999803304672
    ],
    [
      0.23000000417232513,
      -0.0,
      0.07000000029802322
    ],
    [
      0.21699999272823334,
      0.0,
      0.07000000029802322
    ],
    [
      0.21699999272823334,
      -0.0,
      -0.027000000700354576
    ],
    [
      0.23000000417232513,
      0.0,
      -0.07000000029802322
    ],
    [
      0.21699999272823334,
      -0.0,
      -0.07000000029802322
    ],
    [
      0.17000000178813934,
      -0.0,
      -0.014999999664723873
    ],
    [
      0.23000000417232513,
      -0.0,
      -0.11299999803304672
    ],
    [
      -0.0,
      -0.0,
      0.15600000321865082
    ],
    [
      -0.014000000432133675,
      0.0,
      0.15600000321865082
    ],
    [
      -0.01899999938905239,
      -0.0,
      0.12800000607967377
    ],
    [
      -0.01899999938905239,
      -0.0,
      0.07400000095367432
    ],
    [
      0.02500000037252903,
      -0.014000000432133675,
      -0.010999999940395355
    ],
    [
      0.0,
      0.0,
      0.041999999433755875
    ],
    [
      -0.07400000095367432,
      -0.0,
      0.12800000607967377
    ],
    [
      -0.014000000432133675,
      0.0,
      0.041999999433755875
    ],
    [
      0.02500000037252903,
      0.0,
      -0.014999999664723873
    ],
    [
      -0.07400000095367432,
      -0.0,
      0.07400000095367432
    ],
    [
      0.0,
      -0.0,
      -0.014999999664723873
    ],
    [
      -0.03500000014901161,
      -0.017999999225139618,
      -0.009999999776482582
    ],
    [
      -0.05700000002980232,
      -0.017999999225139618,
      -0.009999999776482582
    ],
    [
      -0.014000000432133675,
      0.0,
      -0.041999999433755875
    ],
    [
      -0.10000000149011612,
      -0.029999999329447746,
      0.0
    ],
    [
      -0.023000000044703484,
      0.0,
      -0.06499999761581421
    ],
    [
      -0.023000000044703484,
      -0.0,
      -0.07500000298023224
    ],
    [
      -0.017000000923871994,
      -0.0,
      -0.09200000017881393
    ],
    [
      -0.028999999165534973,
      -0.0,
      -0.12700000405311584
    ],
    [
      -0.09000000357627869,
      -0.0,
      -0.014999999664723873
    ],
    [
      0.0,
      0.0,
      -0.15600000321865082
    ],
    [
      -0.09000000357627869,
      -0.0,
      -0.041999999433755875
    ],
    [
      -0.052000001072883606,
      -0.0,
      -0.09700000286102295
    ],
    [
      -0.014000000432133675,
      0.0,
      -0.15600000321865082
    ]
  ],
  "mconf": [
    0.9983762502670288,
    0.9856869578361511,
    0.830967903137207,
    0.9807453751564026,
    0.9912437200546265,
    0.9698522090911865,
    0.5233059525489807,
    0.9828804731369019,
    0.9899011254310608,
    0.426933228969574,
    0.9127323031425476,
    0.9982879161834717,
    0.9993066787719727,
    0.9935216307640076,
    0.9992139339447021,
    0.8814954161643982,
    0.9988963007926941,
    0.9899463057518005,
    0.9971076250076294,
    0.9986535906791687,
    0.9827519059181213,
    0.9992871284484863,
    0.9994814991950989,
    0.9983527660369873,
    0.9578163623809814,
    0.997969388961792,
    0.9967234134674072,
    0.9995296001434326,
    0.9981217980384827,
    0.9908007979393005,
    0.9894349575042725,
    0.9978687167167664,
    0.9995723366737366,
    0.9980766177177429
  ],
  "coverage_score": 0.7609640474436813,
  "pose_estimation_failed": false,
  "tracking_method": "loosely_coupled",
  "kf_translation_vector": [
    -0.029837025988052775,
    -0.019023622061414426,
    0.6734340431721068
  ],