{
  "frame": 168,
  "object_rotation_in_cam": [
    [
      0.5595550680853996,
      -0.15945487204514988,
      -0.8133094549807035
    ],
    [
      -0.6037609259724369,
      0.5938415905253795,
      -0.5318128520741043
    ],
    [
      0.5677771306145128,
      0.7886230462923034,
      0.23601445042157454
    ]
  ],
  "object_translation_in_cam": [
    -0.06458479305174372,
    -0.05388164381717047,
    0.71128591164575
  ],
  "raw_rvec": [
    0.9254040616866781,
    -0.9679100192837604,
    -0.3113840114805771
  ],
  "refined_raw_rvec": [
    0.9254040616866781,
    -0.9679100192837604,
    -0.3113840114805771
  ],
  "num_inliers": 13,
  "total_matches": 26,
  "inlier_ratio": 0.5,
  "reprojection_errors": [
    0.5396898984909058,
    1.306304693222046,
    0.804010272026062,
    2.4024569988250732,
    0.8175920248031616,
    2.912048578262329,
    2.477543830871582,
    3.7642831802368164,
    3.5354669094085693,
    1.4365825653076172,
    3.585388422012329,
    1.8651747703552246,
    3.027212381362915
  ],
  "mean_reprojection_error": 2.190288782119751,
  "std_reprojection_error": 1.0943180322647095,
  "inliers": [
    0,
    3,
    4,
    5,
    9,
    10,
    13,
    15,
    16,
    17,
    18,
    19,
    20
  ],
  "mkpts0": [
    [
      745.125,
      201.375
    ],
    [
      805.125,
      212.625
    ],
    [
      793.875,
      220.125
    ],
    [
      705.125,
      223.875
    ],
    [
      835.125,
      225.125
    ],
    [
      425.125,
      242.625
    ],
    [
      413.875,
      248.875
    ],
    [
      436.375,
      260.125
    ],
    [
      478.875,
      281.375
    ],
    [
      590.125,
      283.875
    ],
    [
      522.625,
      286.375
    ],
    [
      386.375,
      288.875
    ],
    [
      511.375,
      292.625
    ],
    [
      597.625,
      297.625
    ],
    [
      430.125,
      311.375
    ],
    [
      575.125,
      312.625
    ],
    [
      540.125,
      313.875
    ],
    [
      518.875,
      327.625
    ],
    [
      586.375,
      330.125
    ],
    [
      602.625,
      347.625
    ],
    [
      611.375,
      352.625
    ],
    [
      636.375,
      357.625
    ],
    [
      617.625,
      368.875
    ],
    [
      650.125,
      376.375
    ],
    [
      595.125,
      388.875
    ],
    [
      702.625,
      391.375
    ]
  ],
  "mkpts1": [
    [
      743.875,
      27.625
    ],
    [
      836.375,
      63.875
    ],
    [
      823.875,
      75.125
    ],
    [
      681.375,
      60.125
    ],
    [
      885.125,
      90.125
    ],
    [
      211.375,
      51.375
    ],
    [
      192.625,
      61.375
    ],
    [
      240.125,
      93.875
    ],
    [
      307.625,
      148.875
    ],
    [
      523.875,
      182.625
    ],
    [
      401.375,
      171.375
    ],
    [
      152.625,
      151.375
    ],
    [
      382.625,
      182.625
    ],
    [
      528.875,
      203.875
    ],
    [
      242.625,
      212.625
    ],
    [
      492.625,
      232.625
    ],
    [
      448.875,
      245.125
    ],
    [
      416.375,
      273.875
    ],
    [
      521.375,
      277.625
    ],
    [
      552.625,
      318.875
    ],
    [
      568.875,
      331.375
    ],
    [
      610.125,
      343.875
    ],
    [
      582.625,
      365.125
    ],
    [
      635.125,
      386.375
    ],
    [
      551.375,
      406.375
    ],
    [
      721.375,
      421.375
    ]
  ],
  "mpts3D": [
    [
      0.21699999272823334,
      -0.0,
      -0.027000000700354576
    ],
    [
      0.23000000417232513,
      0.0,
      -0.07000000029802322
    ],
    [
      0.21699999272823334,
      -0.0,
      -0.07000000029802322
    ],
    [
      0.17000000178813934,
      -0.0,
      -0.014999999664723873
    ],
    [
      0.23000000417232513,
      -0.0,
      -0.11299999803304672
    ],
    [
      -0.0,
      -0.0,
      0.15600000321865082
    ],
    [
      -0.014000000432133675,
      0.0,
      0.15600000321865082
    ],
    [
      -0.01899999938905239,
      -0.0,
      0.12800000607967377
    ],
    [
      -0.01899999938905239,
      -0.0,
      0.07400000095367432
    ],
    [
      0.02500000037252903,
      -0.014000000432133675,
      -0.010999999940395355
    ],
    [
      0.0,
      0.0,
      0.041999999433755875
    ],
    [
      -0.07400000095367432,
      -0.0,
      0.12800000607967377
    ],
    [
      -0.014000000432133675,
      0.0,
      0.041999999433755875
    ],
    [
      0.02500000037252903,
      0.0,
      -0.014999999664723873
    ],
    [
      -0.07400000095367432,
      -0.0,
      0.07400000095367432
    ],
    [
      0.0,
      -0.0,
      -0.014999999664723873
    ],
    [
      -0.03500000014901161,
      -0.017999999225139618,
      -0.009999999776482582
    ],
    [
      -0.05700000002980232,
      -0.017999999225139618,
      -0.009999999776482582
    ],
    [
      -0.014000000432133675,
      0.0,
      -0.041999999433755875
    ],
    [
      -0.023000000044703484,
      0.0,
      -0.06499999761581421
    ],
    [
      -0.023000000044703484,
      -0.0,
      -0.07500000298023224
    ],
    [
      -0.017000000923871994,
      -0.0,
      -0.09200000017881393
    ],
    [
      -0.03700000047683716,
      -0.0,
      -0.09700000286102295
    ],
    [
      -0.028999999165534973,
      -0.0,
      -0.12700000405311584
    ],
    [
      -0.052000001072883606,
      -0.0,
      -0.09700000286102295
    ],
    [
      -0.014000000432133675,
      0.0,
      -0.15600000321865082
    ]
  ],
  "mconf": [
    0.9756477475166321,
    0.599880576133728,
    0.9982501268386841,
    0.4103493094444275,
    0.7422356009483337,
    0.9531177878379822,
    0.9914627075195312,
    0.9961006045341492,
    0.7615936994552612,
    0.9414108395576477,
    0.3103536367416382,
    0.992357611656189,
    0.4112120270729065,
    0.8734931945800781,
    0.9968865513801575,
    0.9828674793243408,
    0.9862358570098877,
    0.9970237612724304,
    0.9990963339805603,
    0.9981511831283569,
    0.9989866018295288,
    0.9995894432067871,
    0.9993428587913513,
    0.9989697337150574,
    0.9976849555969238,
    0.26252394914627075
  ],
  "coverage_score": 0.5,
  "pose_estimation_failed": false,
  "tracking_method": "loosely_coupled",
  "kf_translation_vector": [
    0.01697247801911972,
    -0.04253988381087446,
    0.8031691012140004
  ],
  "kf_quaternion": [
    0.40733495108124934,
    -0.4404203871905713,
    -0.14649447235686142,
    0.7865414736321463
  ],
  "kf_rotation_matrix": [
    [
      0.569138504231584,
      -0.1283492774098535,
      -0.812162438179336
    ],
    [
      -0.5892451900759715,
      0.625235214393042,
      -0.5117333608972735
    ],
    [
      0.5734731632547136,
      0.769809969844023,
      0.2802162403490869
    ]
  ],
  "position_diff": 0.12865042658838483,
  "orientation_diff": 2.793892915427461,
  "timestamp": 1741869959.0277998,
  "image_file": "webcam_000168"
}