{
  "frame": 113,
  "object_rotation_in_cam": [
    [
      0.6166482815112101,
      -0.21330493649254878,
      -0.7577901430984577
    ],
    [
      -0.5452557424102993,
      0.5785977823490577,
      -0.6065647382014105
    ],
    [
      0.5678389492434142,
      0.7872265305035535,
      0.24048558666471717
    ]
  ],
  "object_translation_in_cam": [
    -0.007293038077672781,
    -0.04202189943668614,
    0.6928680551574911
  ],
  "raw_rvec": [
    0.964799553133002,
    -0.9176168516968053,
    -0.2297804530725462
  ],
  "refined_raw_rvec": [
    0.964799553133002,
    -0.9176168516968053,
    -0.2297804530725462
  ],
  "num_inliers": 15,
  "total_matches": 27,
  "inlier_ratio": 0.5555555555555556,
  "reprojection_errors": [
    2.3593075275421143,
    1.8155312538146973,
    1.7007509469985962,
    1.8215082883834839,
    3.39727783203125,
    3.538396120071411,
    0.8033474087715149,
    1.2915233373641968,
    2.719788074493408,
    2.3395636081695557,
    2.2451531887054443,
    1.2116739749908447,
    3.065415143966675,
    1.7758805751800537,
    2.6213932037353516
  ],
  "mean_reprojection_error": 2.180433988571167,
  "std_reprojection_error": 0.7718196511268616,
  "inliers": [
    0,
    3,
    4,
    7,
    8,
    10,
    11,
    13,
    15,
    16,
    17,
    18,
    19,
    20,
    21
  ],
  "mkpts0": [
    [
      745.125,
      201.375
    ],
    [
      805.125,
      212.625
    ],
    [
      793.875,
      220.125
    ],
    [
      705.125,
      223.875
    ],
    [
      835.125,
      225.125
    ],
    [
      425.125,
      242.625
    ],
    [
      413.875,
      248.875
    ],
    [
      436.375,
      260.125
    ],
    [
      478.875,
      281.375
    ],
    [
      590.125,
      283.875
    ],
    [
      522.625,
      286.375
    ],
    [
      386.375,
      288.875
    ],
    [
      350.125,
      290.125
    ],
    [
      511.375,
      292.625
    ],
    [
      597.625,
      297.625
    ],
    [
      430.125,
      311.375
    ],
    [
      575.125,
      312.625
    ],
    [
      540.125,
      313.875
    ],
    [
      518.875,
      327.625
    ],
    [
      586.375,
      330.125
    ],
    [
      602.625,
      347.625
    ],
    [
      611.375,
      352.625
    ],
    [
      636.375,
      357.625
    ],
    [
      617.625,
      368.875
    ],
    [
      650.125,
      376.375
    ],
    [
      595.125,
      388.875
    ],
    [
      702.625,
      391.375
    ]
  ],
  "mkpts1": [
    [
      872.625,
      68.875
    ],
    [
      966.375,
      111.375
    ],
    [
      953.875,
      122.625
    ],
    [
      805.125,
      96.375
    ],
    [
      1017.625,
      141.375
    ],
    [
      338.875,
      61.375
    ],
    [
      321.375,
      71.375
    ],
    [
      365.125,
      105.125
    ],
    [
      447.625,
      165.125
    ],
    [
      642.625,
      212.625
    ],
    [
      521.375,
      191.375
    ],
    [
      278.875,
      156.375
    ],
    [
      213.875,
      137.625
    ],
    [
      502.625,
      202.625
    ],
    [
      648.875,
      233.875
    ],
    [
      365.125,
      223.875
    ],
    [
      611.375,
      260.125
    ],
    [
      565.125,
      270.125
    ],
    [
      533.875,
      295.125
    ],
    [
      638.875,
      306.375
    ],
    [
      667.625,
      350.125
    ],
    [
      685.125,
      365.125
    ],
    [
      725.125,
      380.125
    ],
    [
      697.625,
      401.375
    ],
    [
      750.125,
      425.125
    ],
    [
      663.875,
      438.875
    ],
    [
      838.875,
      468.875
    ]
  ],
  "mpts3D": [
    [
      0.21699999272823334,
      -0.0,
      -0.027000000700354576
    ],
    [
      0.23000000417232513,
      0.0,
      -0.07000000029802322
    ],
    [
      0.21699999272823334,
      -0.0,
      -0.07000000029802322
    ],
    [
      0.17000000178813934,
      -0.0,
      -0.014999999664723873
    ],
    [
      0.23000000417232513,
      -0.0,
      -0.11299999803304672
    ],
    [
      -0.0,
      -0.0,
      0.15600000321865082
    ],
    [
      -0.014000000432133675,
      0.0,
      0.15600000321865082
    ],
    [
      -0.01899999938905239,
      -0.0,
      0.12800000607967377
    ],
    [
      -0.01899999938905239,
      -0.0,
      0.07400000095367432
    ],
    [
      0.02500000037252903,
      -0.014000000432133675,
      -0.010999999940395355
    ],
    [
      0.0,
      0.0,
      0.041999999433755875
    ],
    [
      -0.07400000095367432,
      -0.0,
      0.12800000607967377
    ],
    [
      -0.07999999821186066,
      -0.0,
      0.15600000321865082
    ],
    [
      -0.014000000432133675,
      0.0,
      0.041999999433755875
    ],
    [
      0.02500000037252903,
      0.0,
      -0.014999999664723873
    ],
    [
      -0.07400000095367432,
      -0.0,
      0.07400000095367432
    ],
    [
      0.0,
      -0.0,
      -0.014999999664723873
    ],
    [
      -0.03500000014901161,
      -0.017999999225139618,
      -0.009999999776482582
    ],
    [
      -0.05700000002980232,
      -0.017999999225139618,
      -0.009999999776482582
    ],
    [
      -0.014000000432133675,
      0.0,
      -0.041999999433755875
    ],
    [
      -0.023000000044703484,
      0.0,
      -0.06499999761581421
    ],
    [
      -0.023000000044703484,
      -0.0,
      -0.07500000298023224
    ],
    [
      -0.017000000923871994,
      -0.0,
      -0.09200000017881393
    ],
    [
      -0.03700000047683716,
      -0.0,
      -0.09700000286102295
    ],
    [
      -0.028999999165534973,
      -0.0,
      -0.12700000405311584
    ],
    [
      -0.052000001072883606,
      -0.0,
      -0.09700000286102295
    ],
    [
      -0.014000000432133675,
      0.0,
      -0.15600000321865082
    ]
  ],
  "mconf": [
    0.9702746272087097,
    0.854112446308136,
    0.99625164270401,
    0.31716516613960266,
    0.4650070071220398,
    0.9159325957298279,
    0.9942207336425781,
    0.9973680377006531,
    0.9977032542228699,
    0.9057973027229309,
    0.9096116423606873,
    0.9959439039230347,
    0.15991437435150146,
    0.9860734939575195,
    0.9460411667823792,
    0.999313235282898,
    0.9850378632545471,
    0.9947094917297363,
    0.9982156157493591,
    0.9990025162696838,
    0.9980776906013489,
    0.9977669715881348,
    0.9997752904891968,
    0.9998338222503662,
    0.9995183944702148,
    0.999606192111969,
    0.11568457633256912
  ],
  "coverage_score": 0.7742903032614272,
  "pose_estimation_failed": false,
  "tracking_method": "loosely_coupled",
  "kf_translation_vector": [
    -0.0024888043061988873,
    -0.04354594634137062,
    0.764888383156989
  ],
  "kf_quaternion": [
    0.4378146975253046,
    -0.4267605273822517,
    -0.12102886440889112,
    0.7820139109243153
  ],
  "kf_rotation_matrix": [
    [
      0.6064549324966333,
      -0.18439155124094875,
      -0.7734417694186555
    ],
    [
      -0.5629765736054512,
      0.5873406092214406,
      -0.5814536837365923
    ],
    [
      0.5614889067666164,
      0.788055051751046,
      0.2523874857984969
    ]
  ],
  "position_diff": 0.07545001939389116,
  "orientation_diff": 1.9233686492799367,
  "timestamp": 1741869951.5093637,
  "image_file": "webcam_000113"
}