{
  "frame": 37,
  "object_rotation_in_cam": [
    [
      0.681854612022641,
      -0.12939171575805938,
      -0.7199528262022724
    ],
    [
      -0.513187612165728,
      0.6167489058560741,
      -0.5968745779851692
    ],
    [
      0.5212607435661084,
      0.7764525555489665,
      0.3541308602739766
    ]
  ],
  "object_translation_in_cam": [
    -0.004346766705206136,
    -0.010450693430572767,
    0.7171135663117547
  ],
  "raw_rvec": [
    0.899580233051214,
    -0.8130409463950313,
    -0.25140055381125864
  ],
  "refined_raw_rvec": [
    0.899580233051214,
    -0.8130409463950313,
    -0.25140055381125864
  ],
  "num_inliers": 15,
  "total_matches": 30,
  "inlier_ratio": 0.5,
  "reprojection_errors": [
    1.8645281791687012,
    2.322667360305786,
    4.0779900550842285,
    2.901205539703369,
    2.377075672149658,
    2.240908622741699,
    1.1005988121032715,
    2.8430051803588867,
    2.997205972671509,
    1.4320392608642578,
    2.189739227294922,
    1.9027044773101807,
    1.6901154518127441,
    3.2574286460876465,
    1.7089433670043945
  ],
  "mean_reprojection_error": 2.3270769119262695,
  "std_reprojection_error": 0.7524240016937256,
  "inliers": [
    8,
    11,
    12,
    14,
    15,
    16,
    17,
    18,
    19,
    20,
    21,
    23,
    24,
    27,
    29
  ],
  "mkpts0": [
    [
      727.625,
      126.375
    ],
    [
      727.625,
      143.875
    ],
    [
      663.875,
      165.125
    ],
    [
      656.375,
      171.375
    ],
    [
      745.125,
      201.375
    ],
    [
      805.125,
      212.625
    ],
    [
      793.875,
      220.125
    ],
    [
      705.125,
      223.875
    ],
    [
      835.125,
      225.125
    ],
    [
      425.125,
      242.625
    ],
    [
      413.875,
      248.875
    ],
    [
      436.375,
      260.125
    ],
    [
      478.875,
      281.375
    ],
    [
      590.125,
      283.875
    ],
    [
      522.625,
      286.375
    ],
    [
      386.375,
      288.875
    ],
    [
      511.375,
      292.625
    ],
    [
      597.625,
      297.625
    ],
    [
      430.125,
      311.375
    ],
    [
      575.125,
      312.625
    ],
    [
      540.125,
      313.875
    ],
    [
      518.875,
      327.625
    ],
    [
      586.375,
      330.125
    ],
    [
      602.625,
      347.625
    ],
    [
      611.375,
      352.625
    ],
    [
      636.375,
      357.625
    ],
    [
      617.625,
      368.875
    ],
    [
      715.125,
      383.875
    ],
    [
      595.125,
      388.875
    ],
    [
      702.625,
      391.375
    ]
  ],
  "mkpts1": [
    [
      891.375,
      20.125
    ],
    [
      885.125,
      42.625
    ],
    [
      812.625,
      51.375
    ],
    [
      796.375,
      57.625
    ],
    [
      887.625,
      132.625
    ],
    [
      980.125,
      173.875
    ],
    [
      966.375,
      183.875
    ],
    [
      818.875,
      162.625
    ],
    [
      1045.125,
      215.125
    ],
    [
      368.875,
      141.375
    ],
    [
      351.375,
      150.125
    ],
    [
      388.875,
      180.125
    ],
    [
      462.625,
      235.125
    ],
    [
      646.375,
      278.875
    ],
    [
      533.875,
      260.125
    ],
    [
      306.375,
      231.375
    ],
    [
      513.875,
      270.125
    ],
    [
      652.625,
      298.875
    ],
    [
      381.375,
      292.625
    ],
    [
      615.125,
      325.125
    ],
    [
      565.125,
      335.125
    ],
    [
      532.625,
      360.125
    ],
    [
      638.875,
      370.125
    ],
    [
      662.625,
      412.625
    ],
    [
      678.875,
      426.375
    ],
    [
      716.375,
      440.125
    ],
    [
      688.875,
      461.375
    ],
    [
      841.375,
      513.875
    ],
    [
      653.875,
      497.625
    ],
    [
      825.125,
      527.625
    ]
  ],
  "mpts3D": [
    [
      0.20600000023841858,
      -0.07000000029802322,
      -0.0020000000949949026
    ],
    [
      0.20600000023841858,
      -0.054999999701976776,
      -0.0020000000949949026
    ],
    [
      0.23000000417232513,
      -0.0,
      0.07000000029802322
    ],
    [
      0.21699999272823334,
      0.0,
      0.07000000029802322
    ],
    [
      0.21699999272823334,
      -0.0,
      -0.027000000700354576
    ],
    [
      0.23000000417232513,
      0.0,
      -0.07000000029802322
    ],
    [
      0.21699999272823334,
      -0.0,
      -0.07000000029802322
    ],
    [
      0.17000000178813934,
      -0.0,
      -0.014999999664723873
    ],
    [
      0.23000000417232513,
      -0.0,
      -0.11299999803304672
    ],
    [
      -0.0,
      -0.0,
      0.15600000321865082
    ],
    [
      -0.014000000432133675,
      0.0,
      0.15600000321865082
    ],
    [
      -0.01899999938905239,
      -0.0,
      0.12800000607967377
    ],
    [
      -0.01899999938905239,
      -0.0,
      0.07400000095367432
    ],
    [
      0.02500000037252903,
      -0.014000000432133675,
      -0.010999999940395355
    ],
    [
      0.0,
      0.0,
      0.041999999433755875
    ],
    [
      -0.07400000095367432,
      -0.0,
      0.12800000607967377
    ],
    [
      -0.014000000432133675,
      0.0,
      0.041999999433755875
    ],
    [
      0.02500000037252903,
      0.0,
      -0.014999999664723873
    ],
    [
      -0.07400000095367432,
      -0.0,
      0.07400000095367432
    ],
    [
      0.0,
      -0.0,
      -0.014999999664723873
    ],
    [
      -0.03500000014901161,
      -0.017999999225139618,
      -0.009999999776482582
    ],
    [
      -0.05700000002980232,
      -0.017999999225139618,
      -0.009999999776482582
    ],
    [
      -0.014000000432133675,
      0.0,
      -0.041999999433755875
    ],
    [
      -0.023000000044703484,
      0.0,
      -0.06499999761581421
    ],
    [
      -0.023000000044703484,
      -0.0,
      -0.07500000298023224
    ],
    [
      -0.017000000923871994,
      -0.0,
      -0.09200000017881393
    ],
    [
      -0.03700000047683716,
      -0.0,
      -0.09700000286102295
    ],
    [
      0.0,
      0.0,
      -0.15600000321865082
    ],
    [
      -0.052000001072883606,
      -0.0,
      -0.09700000286102295
    ],
    [
      -0.014000000432133675,
      0.0,
      -0.15600000321865082
    ]
  ],
  "mconf": [
    0.9620792269706726,
    0.9527567625045776,
    0.1677130162715912,
    0.2726309597492218,
    0.9864323139190674,
    0.7148217558860779,
    0.997740626335144,
    0.7046873569488525,
    0.30995702743530273,
    0.9461202621459961,
    0.996271550655365,
    0.9975799918174744,
    0.9906744360923767,
    0.9369174838066101,
    0.9343436360359192,
    0.9954814314842224,
    0.9957711100578308,
    0.9502308964729309,
    0.998985767364502,
    0.9789807796478271,
    0.9839180111885071,
    0.997063159942627,
    0.9983366131782532,
    0.9978954195976257,
    0.9964311718940735,
    0.999660074710846,
    0.9997973442077637,
    0.22615684568881989,
    0.9994921684265137,
    0.8968098759651184
  ],
  "coverage_score": 0.7416778774908438,
  "pose_estimation_failed": false,
  "tracking_method": "loosely_coupled",
  "kf_translation_vector": [
    -0.004257790954630317,
    -0.01420748493284874,
    0.7045006106583204
  ],
  "kf_quaternion": [
    0.4343984523054719,
    -0.5267827296348379,
    -0.06711753310755049,
    0.7275253790367983
  ],
  "kf_rotation_matrix": [
    [
      0.43599038501605236,
      -0.36000778748107976,
      -0.8248071151042117
    ],
    [
      -0.5553266223374219,
      0.6135864427683351,
      -0.5613590827395698
    ],
    [
      0.7081841050862868,
      0.7027845119265781,
      0.06759588078615986
    ]
  ],
  "position_diff": 0.012403538509551705,
  "orientation_diff": 20.379141720846263,
  "timestamp": 1741869675.7612057,
  "image_file": "webcam_000037"
}