{
  "frame": 145,
  "object_rotation_in_cam": [
    [
      0.6303922624667513,
      -0.182378382404601,
      -0.7545486870000714
    ],
    [
      -0.5215856330932097,
      0.6203929502800427,
      -0.5857141065345619
    ],
    [
      0.5749382773592363,
      0.7627913953855967,
      0.29596497149643963
    ]
  ],
  "object_translation_in_cam": [
    0.023604522648134008,
    -0.018713348222368937,
    0.6961869903865169
  ],
  "raw_rvec": [
    0.9069615541491498,
    -0.8941702957084003,
    -0.22813991846910228
  ],
  "refined_raw_rvec": [
    0.9069615541491498,
    -0.8941702957084003,
    -0.22813991846910228
  ],
  "num_inliers": 15,
  "total_matches": 28,
  "inlier_ratio": 0.5357142857142857,
  "reprojection_errors": [
    0.7755377888679504,
    2.6030735969543457,
    3.342334508895874,
    3.561270236968994,
    1.738303303718567,
    2.155341148376465,
    1.8085657358169556,
    2.782724142074585,
    3.5593740940093994,
    1.914197325706482,
    2.725949764251709,
    3.2151787281036377,
    1.6329270601272583,
    1.5588840246200562,
    2.322892665863037
  ],
  "mean_reprojection_error": 2.379770517349243,
  "std_reprojection_error": 0.7982158660888672,
  "inliers": [
    4,
    10,
    11,
    13,
    14,
    15,
    16,
    17,
    18,
    19,
    20,
    21,
    22,
    23,
    27
  ],
  "mkpts0": [
    [
      727.625,
      126.375
    ],
    [
      727.625,
      143.875
    ],
    [
      663.875,
      165.125
    ],
    [
      656.375,
      171.375
    ],
    [
      745.125,
      201.375
    ],
    [
      793.875,
      220.125
    ],
    [
      705.125,
      223.875
    ],
    [
      835.125,
      225.125
    ],
    [
      425.125,
      242.625
    ],
    [
      413.875,
      248.875
    ],
    [
      436.375,
      260.125
    ],
    [
      478.875,
      281.375
    ],
    [
      590.125,
      283.875
    ],
    [
      522.625,
      286.375
    ],
    [
      386.375,
      288.875
    ],
    [
      511.375,
      292.625
    ],
    [
      597.625,
      297.625
    ],
    [
      430.125,
      311.375
    ],
    [
      575.125,
      312.625
    ],
    [
      540.125,
      313.875
    ],
    [
      518.875,
      327.625
    ],
    [
      586.375,
      330.125
    ],
    [
      602.625,
      347.625
    ],
    [
      611.375,
      352.625
    ],
    [
      636.375,
      357.625
    ],
    [
      617.625,
      368.875
    ],
    [
      595.125,
      388.875
    ],
    [
      702.625,
      391.375
    ]
  ],
  "mkpts1": [
    [
      936.375,
      11.375
    ],
    [
      932.625,
      23.875
    ],
    [
      811.375,
      16.375
    ],
    [
      781.375,
      28.875
    ],
    [
      930.125,
      118.875
    ],
    [
      1013.875,
      168.875
    ],
    [
      836.375,
      177.625
    ],
    [
      1026.375,
      158.875
    ],
    [
      408.875,
      121.375
    ],
    [
      390.125,
      130.125
    ],
    [
      432.625,
      161.375
    ],
    [
      513.875,
      217.625
    ],
    [
      706.375,
      261.375
    ],
    [
      586.375,
      242.625
    ],
    [
      351.375,
      211.375
    ],
    [
      567.625,
      252.625
    ],
    [
      711.375,
      281.375
    ],
    [
      433.875,
      275.125
    ],
    [
      675.125,
      308.875
    ],
    [
      631.375,
      317.625
    ],
    [
      600.125,
      343.875
    ],
    [
      705.125,
      353.875
    ],
    [
      733.875,
      396.375
    ],
    [
      751.375,
      410.125
    ],
    [
      792.625,
      426.375
    ],
    [
      765.125,
      445.125
    ],
    [
      732.625,
      483.875
    ],
    [
      907.625,
      512.625
    ]
  ],
  "mpts3D": [
    [
      0.20600000023841858,
      -0.07000000029802322,
      -0.0020000000949949026
    ],
    [
      0.20600000023841858,
      -0.054999999701976776,
      -0.0020000000949949026
    ],
    [
      0.23000000417232513,
      -0.0,
      0.07000000029802322
    ],
    [
      0.21699999272823334,
      0.0,
      0.07000000029802322
    ],
    [
      0.21699999272823334,
      -0.0,
      -0.027000000700354576
    ],
    [
      0.21699999272823334,
      -0.0,
      -0.07000000029802322
    ],
    [
      0.17000000178813934,
      -0.0,
      -0.014999999664723873
    ],
    [
      0.23000000417232513,
      -0.0,
      -0.11299999803304672
    ],
    [
      -0.0,
      -0.0,
      0.15600000321865082
    ],
    [
      -0.014000000432133675,
      0.0,
      0.15600000321865082
    ],
    [
      -0.01899999938905239,
      -0.0,
      0.12800000607967377
    ],
    [
      -0.01899999938905239,
      -0.0,
      0.07400000095367432
    ],
    [
      0.02500000037252903,
      -0.014000000432133675,
      -0.010999999940395355
    ],
    [
      0.0,
      0.0,
      0.041999999433755875
    ],
    [
      -0.07400000095367432,
      -0.0,
      0.12800000607967377
    ],
    [
      -0.014000000432133675,
      0.0,
      0.041999999433755875
    ],
    [
      0.02500000037252903,
      0.0,
      -0.014999999664723873
    ],
    [
      -0.07400000095367432,
      -0.0,
      0.07400000095367432
    ],
    [
      0.0,
      -0.0,
      -0.014999999664723873
    ],
    [
      -0.03500000014901161,
      -0.017999999225139618,
      -0.009999999776482582
    ],
    [
      -0.05700000002980232,
      -0.017999999225139618,
      -0.009999999776482582
    ],
    [
      -0.014000000432133675,
      0.0,
      -0.041999999433755875
    ],
    [
      -0.023000000044703484,
      0.0,
      -0.06499999761581421
    ],
    [
      -0.023000000044703484,
      -0.0,
      -0.07500000298023224
    ],
    [
      -0.017000000923871994,
      -0.0,
      -0.09200000017881393
    ],
    [
      -0.03700000047683716,
      -0.0,
      -0.09700000286102295
    ],
    [
      -0.052000001072883606,
      -0.0,
      -0.09700000286102295
    ],
    [
      -0.014000000432133675,
      0.0,
      -0.15600000321865082
    ]
  ],
  "mconf": [
    0.28268542885780334,
    0.4930001199245453,
    0.12353919446468353,
    0.6280924081802368,
    0.9813652634620667,
    0.35043007135391235,
    0.34108462929725647,
    0.14129498600959778,
    0.8296463489532471,
    0.995751678943634,
    0.9981176853179932,
    0.9943601489067078,
    0.7204738259315491,
    0.7281992435455322,
    0.9936569929122925,
    0.9516130089759827,
    0.936934232711792,
    0.9951469898223877,
    0.9717208743095398,
    0.9880445003509521,
    0.9976264834403992,
    0.9976771473884583,
    0.9960455298423767,
    0.9954005479812622,
    0.9992304444313049,
    0.9994227886199951,
    0.9993184208869934,
    0.8092530965805054
  ],
  "coverage_score": 0.7302423406565558,
  "pose_estimation_failed": false,
  "tracking_method": "loosely_coupled",
  "kf_translation_vector": [
    0.013876138262317454,
    -0.042179804828241685,
    0.820394587827533
  ],
  "kf_quaternion": [
    0.4174218906905648,
    -0.43249299545289493,
    -0.13064401981713583,
    0.7884420803981206
  ],
  "kf_rotation_matrix": [
    [
      0.5917638979404041,
      -0.15505360219235473,
      -0.7910587017039596
    ],
    [
      -0.5670745732971382,
      0.617382210516668,
      -0.5452207208621307
    ],
    [
      0.572924006666022,
      0.7712312147370124,
      0.2774175481129928
    ]
  ],
  "position_diff": 0.12985688396595338,
  "orientation_diff": 3.472959405098806,
  "timestamp": 1741869955.803801,
  "image_file": "webcam_000145"
}