{"img_format": "PNG", "img_res_x": 1280, "img_res_y": 960, "cam_mat_intr": {"f_x": 1777.7777777777778, "f_y": 1777.7777777777778, "c_x": 639.5, "c_y": 479.5}, "is_stereo": false}